reactants,products
COc1cc(B2OC(C)(C)C(C)(C)O2)ccc1NC(=O)c1cc2ccccc2n1C.Nc1ncnc2c1c(I)nn2CCCN1CCOCC1,COc1cc(-c2nn(CCCN3CCOCC3)c3ncnc(N)c23)ccc1NC(=O)c1cc2ccccc2n1C
C[C@@H](O)c1cc(F)cc(F)c1.C[C@@H]1CNCCN1,C[C@@H]1CN([C@@H](C)c2cc(F)cc(F)c2)CCN1
C#Cc1ccc2c(c1)C(C)(C)CCC2=O.CCOC(=O)Cc1ccc(I)cc1F,CCOC(=O)Cc1ccc(C#Cc2ccc3c(c2)C(C)(C)CCC3=O)cc1F
CC(C)(C)OC(=O)N1CC=C(B2OC(C)(C)C(C)(C)O2)CC1.Nc1cc(N2CCOCC2)ncc1I,CC(C)(C)OC(=O)N1CC=C(c2cnc(N3CCOCC3)cc2N)CC1
C=[CH][Sn]([CH2]CCC)([CH2]CCC)[CH2]CCC.Cc1cc(OS(=O)(=O)C(F)(F)F)c2cccc(OCc3ccccc3)c2n1,C=Cc1cc(C)nc2c(OCc3ccccc3)cccc12
CC(=O)Cl.COC(=O)C(C)(C)CO,COC(=O)C(C)(C)COC(C)=O
COCCn1ccc(=O)c(OCc2ccccc2)c1C,COCCn1ccc(=O)c(O)c1C
NC(=O)c1ccc2cncc(Br)c2n1.OB(O)c1ccc(N2CCOCC2)cc1,NC(=O)c1ccc2cncc(-c3ccc(N4CCOCC4)cc3)c2n1
Cc1c(CO)c[nH]c1-c1ccccc1F,Cc1c(C=O)c[nH]c1-c1ccccc1F
CCCC(C)OC(=O)c1ccc(OC(C)=O)cc1,CCCC(C)OC(=O)c1ccc(O)cc1
COc1ccc(COCc2nc(C(C)C)c(Sc3cc(Cl)cc(Cl)c3)n2CC(C)=O)cc1,CC(=O)Cn1c(CO)nc(C(C)C)c1Sc1cc(Cl)cc(Cl)c1
Cc1cc(SC(C)(C)C)cc2c(Cl)c(C(N)=O)nnc12.Nc1cncc(F)c1,Cc1cc(SC(C)(C)C)cc2c(Nc3cncc(F)c3)c(C(N)=O)nnc12
COC(=O)C(C)(C)c1ccc2c(c1)NC(=O)c1ccc(-c3cccc4cnccc34)cc1N2,CC(C)(C(=O)O)c1ccc2c(c1)NC(=O)c1ccc(-c3cccc4cnccc34)cc1N2
COC(=O)c1cc(O)ns1.Cc1onc(-c2ccc(F)cn2)c1CO,COC(=O)c1cc(OCc2c(-c3ccc(F)cn3)noc2C)ns1
COc1cccc2c1[nH]c1ncc(C)cc12,Cc1cnc2[nH]c3c(O)cccc3c2c1
CC(C)(C)OO.OCC=Cc1ccccc1,OC[C@H]1O[C@@H]1c1ccccc1
CCCC(=O)Cl.O=C(Nc1ccc(Oc2ccnc3cc(-c4ccc(CN5CCN(C(=O)CO)CC5)cn4)sc23)c(F)c1)NC1CC1,CCCC(=O)OCC(=O)N1CCN(Cc2ccc(-c3cc4nccc(Oc5ccc(NC(=O)NC6CC6)cc5F)c4s3)nc2)CC1
CCCS.N#Cc1c(F)cccc1OC(F)F,CCCSc1cccc(OC(F)F)c1C#N
C[C@H](NC(=O)c1c(CN2CCN(CCCOC3CCCCO3)C(=O)C2)c(-c2ccccc2)nc2ccc(F)cc12)C1CCCCC1,C[C@H](NC(=O)c1c(CN2CCN(CCCO)C(=O)C2)c(-c2ccccc2)nc2ccc(F)cc12)C1CCCCC1
CC(=O)C1CC(C(=O)OC(C)(C)C)NC1c1ccccc1.Cc1cccc(NC(=O)NCC(=O)O)c1,CC(=O)C1CC(C(=O)OC(C)(C)C)N(C(=O)CNC(=O)Nc2cccc(C)c2)C1c1ccccc1
CC1(C)OB(c2ccc3c(c2)[nH]c2c(C(N)=O)cnc(NC(C4CC4)C4CC4)c23)OC1(C)C.Clc1cccnn1,NC(=O)c1cnc(NC(C2CC2)C2CC2)c2c1[nH]c1cc(-c3cccnn3)ccc12
C1=COCCC1.O=c1ccc2c([C@@H](O)CBr)ccc(OCc3ccccc3)c2[nH]1,O=c1ccc2c([C@H](CBr)OC3CCCCO3)ccc(OCc3ccccc3)c2[nH]1
CCCCCCCCCCCCCCCC(=O)OC(CCCCCCCCCCCCCCC)CC(=O)NCC(=O)O.N[C@@H](Cc1ccccc1)C(=O)O,CCCCCCCCCCCCCCCC(=O)OC(CCCCCCCCCCCCCCC)CC(=O)NCC(=O)N[C@@H](Cc1ccccc1)C(=O)O
CCOC(=O)/C(F)=C(/C)c1cc2c(c(Br)c1OC)C(C)(C)CC=C2C(C)C,COc1c(/C(C)=C(/F)CO)cc2c(c1Br)C(C)(C)CC=C2C(C)C
NC(=O)c1ccc(Oc2ccc(C=O)cc2)nc1.c1ccc(CCC2CCCNC2)cc1,NC(=O)c1ccc(Oc2ccc(CN3CCCC(CCc4ccccc4)C3)cc2)nc1
CCNCc1cc(C(F)(F)F)ccc1Br.O=C=NCc1ccccc1,CCN(Cc1cc(C(F)(F)F)ccc1Br)C(=O)NCc1ccccc1
Cc1ccc(C(=O)O)s1.Nc1cnc2ccccc2c1N,Cc1ccc(C(=O)Nc2cnc3ccccc3c2N)s1
O=C1CC(=O)C2C3C=CC(O3)C12,O=C1CC(=O)C2C3CCC(O3)C12
COc1ccc(S(=O)(=O)Cl)c(OC)c1.NC1(c2ccccc2)C(=O)Nc2ccc(Cl)cc21,COc1ccc(S(=O)(=O)N2C(=O)C(N)(c3ccccc3)c3cc(Cl)ccc32)c(OC)c1
C1CC(c2nn[nH]n2)CCN1.O=Cc1ccc2c(C(F)(F)F)c(OC3CCC(C(F)(F)F)CC3)ccc2c1,FC(F)(F)c1c(O[C@H]2CC[C@@H](C(F)(F)F)CC2)ccc2cc(CN3CCC(c4nn[nH]n4)CC3)ccc12
C=CC(=O)OCC.COCOCc1cccc(Br)c1,CCOC(=O)/C=C/c1cccc(COCOC)c1
CNC(=O)c1nc(Br)c(C)n(-c2cccc(C(F)(F)F)c2)c1=O.N#Cc1ccc(-n2nccc2B(O)O)cc1,CNC(=O)c1nc(-c2ccnn2-c2ccc(C#N)cc2)c(C)n(-c2cccc(C(F)(F)F)c2)c1=O
CN1CNCc2cc(C(=O)O)sc21.COc1ccc(CN)cc1,COc1ccc(CNC(=O)c2cc3c(s2)N(C)CNC3)cc1
O=C(Nc1ccc(N2CCN(Cc3ccccc3)CC2)cc1)c1ccccc1-c1ccc(C(F)(F)F)cc1,O=C(Nc1ccc(N2CCNCC2)cc1)c1ccccc1-c1ccc(C(F)(F)F)cc1
CCI.Cc1c(Sc2ccc(Cl)cc2)nn(-c2ccc(O)cc2)c(=O)c1C#N,CCOc1ccc(-n2nc(Sc3ccc(Cl)cc3)c(C)c(C#N)c2=O)cc1
COc1ccc(O)cc1.O=C1C(S(=O)(=O)c2ccc(F)cc2)CCCCN1OC(c1ccccc1)(c1ccccc1)c1ccccc1,COc1ccc(Oc2ccc(S(=O)(=O)C3CCCCN(OC(c4ccccc4)(c4ccccc4)c4ccccc4)C3=O)cc2)cc1
CC(C)I.COc1ccc(-c2n[nH]c3c(C(F)(F)F)cccc23)cc1,COc1ccc(-c2nn(C(C)C)c3c(C(F)(F)F)cccc23)cc1
C=CC(=O)OOC(C)(N)CC.CS(=O)(=O)Cl,C=CC(=O)OOC(C)(CC)NS(C)(=O)=O
CCOC(=O)Cc1cc(OC)cc2c1CCCC2,CCOC(=O)Cc1cc(O)cc2c1CCCC2
COc1ccc(CCc2cc3c(s2)-n2c(C)nnc2CN=C3c2ccccc2Cl)cc1,Cc1nnc2n1-c1sc(CCc3ccc(O)cc3)cc1C(c1ccccc1Cl)=NC2
COc1ccnc(CCc2nc3cc(I)cnc3[nH]2)c1.O=S(=O)(NCCO)c1ccc(Br)cc1,COc1ccnc(CCc2nc3cc(-c4ccc(S(=O)(=O)NCCO)cc4)cnc3[nH]2)c1
CCCCc1nc2c(N)nc3ccccc3c2n1CCCCl.Sc1ccccc1,CCCCc1nc2c(N)nc3ccccc3c2n1CCCSc1ccccc1
O=C(O)CCN1CCC(OCc2ccc(C(F)(F)F)cc2)CC1.O=[N+]([O-])c1ccc(NC2CCNCC2)cc1C(F)(F)F,O=C(CCN1CCC(OCc2ccc(C(F)(F)F)cc2)CC1)N1CCC(Nc2ccc([N+](=O)[O-])c(C(F)(F)F)c2)CC1
CS(=O)(=O)OCCn1ccc2c1nc(N)n1nc(-c3ccco3)nc21.O=C(c1ccc(F)cc1F)N1CCNCC1,Nc1nc2c(ccn2CCN2CCN(C(=O)c3ccc(F)cc3F)CC2)c2nc(-c3ccco3)nn12
CCC(=O)c1ccc(OS(=O)(=O)C(F)(F)F)c(OC)c1.O=C(c1ccc(O)cc1)c1ccc(O)cc1,CCC(=C(c1ccc(O)cc1)c1ccc(O)cc1)c1ccc(OS(=O)(=O)C(F)(F)F)c(OC)c1
COC(=O)N1c2ccc(-c3cnn(C4CCN(C(=O)OC(C)(C)C)CC4)c3)c(Oc3ccc(Cl)cc3C#N)c2CC[C@@H]1C,COC(=O)N1c2ccc(-c3cnn(C4CCNCC4)c3)c(Oc3ccc(Cl)cc3C#N)c2CC[C@@H]1C
NCc1cccc(Cl)c1.Oc1nc(Cl)nc2nc[nH]c12,Oc1nc(NCc2cccc(Cl)c2)nc2nc[nH]c12
COc1ccc(S(=O)(=O)N2C(=O)C(NCC(=O)O)(c3ccccc3OC)c3cc(Cl)ccc32)c(OC(F)(F)F)c1.c1cc(N2CCNCC2)ccn1,COc1ccc(S(=O)(=O)N2C(=O)C(NCC(=O)N3CCN(c4ccncc4)CC3)(c3ccccc3OC)c3cc(Cl)ccc32)c(OC(F)(F)F)c1
C1CNCCN1.CCOC(=O)c1c(CCl)nc2cc(OC)c(OC)cc2c1-c1ccc(OC)c(OC)c1,CCOC(=O)c1c(CN2CCNCC2)nc2cc(OC)c(OC)cc2c1-c1ccc(OC)c(OC)c1
CC(C)N(C)S(=O)(=O)NC(=O)c1ccc(F)c([N+](=O)[O-])c1Cl,CC(C)N(C)S(=O)(=O)NC(=O)c1ccc(F)c(N)c1Cl
COc1cc(-c2ccc(F)cc2)ccc1CCC(C)(C(=O)NO)S(C)(=O)=O,CC(CCc1ccc(-c2ccc(F)cc2)cc1O)(C(=O)NO)S(C)(=O)=O
CCN.Cc1onc(-c2ccccc2)c1COc1ccc(C(=O)O)cn1,CCNC(=O)c1ccc(OCc2c(-c3ccccc3)noc2C)nc1
Nc1cccc(B(O)O)c1.O=[N+]([O-])c1cc(Br)ccc1F,Nc1cccc(-c2ccc(F)c([N+](=O)[O-])c2)c1
O=C(COCc1ccc(F)cc1)NCCCOc1ccc([N+](=O)[O-])cc1,Nc1ccc(OCCCNC(=O)COCc2ccc(F)cc2)cc1
O=C(Cl)C=Cc1cccc([N+](=O)[O-])c1.O=[N+]([O-])c1cccc(O)c1,O=C(C=Cc1cccc([N+](=O)[O-])c1)Oc1cccc([N+](=O)[O-])c1
C[C@H](Oc1ccc(S(C)(=O)=O)cc1C(=O)N1Cc2cc(Br)cnc2C1)C(F)(F)F.OB(O)c1ccc(F)cc1,C[C@H](Oc1ccc(S(C)(=O)=O)cc1C(=O)N1Cc2cc(-c3ccc(F)cc3)cnc2C1)C(F)(F)F
CC(C)(C)[C@H]1CC[C@@H](O)CC1.Cc1nc2cc(O)ccc2s1,Cc1nc2cc(OC3CCC(C(C)(C)C)CC3)ccc2s1
CN(C)CCCl.COC(=O)c1ccc(O)cc1,COC(=O)c1ccc(OCCN(C)C)cc1
CN1CCC2C1CCN2c1ccc([N+](=O)[O-])cc1,CN1CCC2C1CCN2c1ccc(N)cc1
CC(C)CC(O)C(=O)O.NC(=O)C(N)COCc1ccccc1,CC(C)CC(O)C(=O)NC(COCc1ccccc1)C(N)=O
C#C/C=C(\CC)c1cccc(O[Si](C)(C)C(C)(C)C)c1,C#C/C=C(\CC)c1cccc(O)c1
Fc1cnc(Cl)nc1Cl.NC(c1cc(C(F)(F)F)cc(C(F)(F)F)c1)c1cc(C(F)(F)F)cc(C(F)(F)F)c1,Fc1cnc(Cl)nc1NC(c1cc(C(F)(F)F)cc(C(F)(F)F)c1)c1cc(C(F)(F)F)cc(C(F)(F)F)c1
CC(C)(C)NC(=O)[C@@H]1CCCCN1C[C@@H](O)[C@H](Cc1ccccc1)NC(=O)[C@H](CC(N)=O)NC(=O)c1cc2ccccc2cc1OCc1ccccc1,CC(C)(C)NC(=O)[C@@H]1CCCCN1C[C@@H](O)[C@H](Cc1ccccc1)NC(=O)[C@H](CC(N)=O)NC(=O)c1cc2ccccc2cc1O
CCOC(=O)c1ccc(CCl)o1.CCc1nc2c(N)nc3cc(O)ccc3c2s1,CCOC(=O)c1ccc(COc2ccc3c(c2)nc(N)c2nc(CC)sc23)o1
COCCNC(=O)C(Cc1ccccc1)NC(=O)[C@H](Cc1csc2ccccc12)NC(=O)OC(C)(C)C,COCCNC(=O)C(Cc1ccccc1)NC(=O)[C@@H](N)Cc1csc2ccccc12
CN(CCO)c1ccc(N)cn1.O=C(Cl)Oc1ccccc1,CN(CCO)c1ccc(NC(=O)Oc2ccccc2)cn1
CCOC(=O)C[C@H]1O[C@H](c2cccc(OC)c2OC)c2cc(Cl)ccc2NC1=NN.COCC(=O)Cl,CCOC(=O)C[C@H]1O[C@H](c2cccc(OC)c2OC)c2cc(Cl)ccc2NC1=NNC(=O)COC
COCn1c(=O)c2c(c3ccc(CC#N)cc31)NCCC2.[N-]=[N+]=[N-],COCn1c(=O)c2c(c3ccc(Cc4nnn[nH]4)cc31)NCCC2
C=CCN.O=C(NC(Cc1ccccc1)C(O)C(=O)O)c1cccnc1-n1ccc(-c2ccccc2)n1,C=CCNC(=O)C(O)C(Cc1ccccc1)NC(=O)c1cccnc1-n1ccc(-c2ccccc2)n1
COc1cccc(N)c1.O=Cc1ccc(O)nc1,COc1cccc(N=Cc2ccc(O)nc2)c1
CC(C)(C)OC(=O)[C@@H]1CC(CN)(CC(=O)O)CN1C(=O)OC(C)(C)C,CC(C)(C)OC(=O)[C@@H]1CC2(CNC(=O)C2)CN1C(=O)OC(C)(C)C
NC(=O)c1cc(-c2ccccc2)cc2c(C3CCNCC3)n[nH]c12.O=C(Cl)c1ccccc1,NC(=O)c1cc(-c2ccccc2)cc2c(C3CCN(C(=O)c4ccccc4)CC3)n[nH]c12
CC(C)(C)c1ccc(C(=O)O)s1,CC(C)(C)c1ccc(CO)s1
CC(C)(C)OC(=O)CBr.Cc1cccc(Cl)c1S(=O)(=O)N1CCn2cccc2C1CO,Cc1cccc(Cl)c1S(=O)(=O)N1CCn2cccc2C1COCC(=O)OC(C)(C)C
CN(Cc1c[nH]c(-c2cccnc2C#N)c1)C(=O)OC(C)(C)C.COc1ccc(S(=O)(=O)Cl)cn1,COc1ccc(S(=O)(=O)n2cc(CN(C)C(=O)OC(C)(C)C)cc2-c2cccnc2C#N)cn1
CC(C)(C)OC(=O)N1CCC[C@H](N)C1.COc1ccc(C2CC(C(F)(F)F)n3nc(-c4ccnc(C(=O)O)c4)cc3N2)cc1OC,COc1ccc(C2CC(C(F)(F)F)n3nc(-c4ccnc(C(=O)N[C@H]5CCCN(C(=O)OC(C)(C)C)C5)c4)cc3N2)cc1OC
COC(=O)c1ccc(CCC(=O)O)cc1.NC1CCN(Cc2ccc(Cl)c(Cl)c2)CC1,COC(=O)c1ccc(CCC(=O)NC2CCN(Cc3ccc(Cl)c(Cl)c3)CC2)cc1
Cc1nc(-c2ccccn2)ncc1C(=O)O.Nn1ccc2cc(F)cnc21,Cc1nc(-c2ccccn2)ncc1C(=O)Nn1ccc2cc(F)cnc21
CC(C)(C)OC(=O)N[C@@H](Cc1cc(F)cc(F)c1)c1nc(C#CC(C)(C)O[Si](C)(C)C(C)(C)C)ccc1Br.Cn1nc(N)c2c(Cl)ccc(B3OC(C)(C)C(C)(C)O3)c21,Cn1nc(N)c2c(Cl)ccc(-c3ccc(C#CC(C)(C)O[Si](C)(C)C(C)(C)C)nc3[C@H](Cc3cc(F)cc(F)c3)NC(=O)OC(C)(C)C)c21
CCOC(=O)C(=O)Cl.Cc1cc(C)cc(C(=O)NN)c1,CCOC(=O)C(=O)NNC(=O)c1cc(C)cc(C)c1
CC1CN(Cc2ccccc2)CCC1=O.[NH4+],CC1CN(Cc2ccccc2)CCC1N
COC(=O)c1nc2c(C(F)(F)F)cc(-c3ccco3)cn2c1Cl,O=C(O)c1nc2c(C(F)(F)F)cc(-c3ccco3)cn2c1Cl
Cc1cnc(N2CCNCC2)c(C)c1.O=C(O)c1ccc(Br)cc1[N+](=O)[O-],Cc1cnc(N2CCN(C(=O)c3ccc(Br)cc3[N+](=O)[O-])CC2)c(C)c1
COc1cc2c(cc1C#N)C(c1ccccc1Cl)=NCC(=O)N2,N#Cc1cc2c(cc1O)NC(=O)CN=C2c1ccccc1Cl
COC(=O)c1sccc1NS(=O)(=O)c1ccc(C2CCCC2)cc1F,O=C(O)c1sccc1NS(=O)(=O)c1ccc(C2CCCC2)cc1F
CC(C)c1c(Cl)nc2cc(F)ccc2c1Cl.CCC[CH2][Sn]([CH2]CCC)([CH2]CCC)[c]1cc(C)ccn1,Cc1ccnc(-c2nc3cc(F)ccc3c(Cl)c2C(C)C)c1
Fc1cc(-n2cnnn2)ccc1OCc1ccccc1,Oc1ccc(-n2cnnn2)cc1F
COC(=O)[C@H](Cc1ccc(N)cc1)NC(=O)[C@@H]1CCCN1S(=O)(=O)c1ccc(C)cc1.S=C=NCCCc1ccccc1,COC(=O)[C@H](Cc1ccc(NC(=S)NCCCc2ccccc2)cc1)NC(=O)[C@@H]1CCCN1S(=O)(=O)c1ccc(C)cc1
CC(=O)Cl.N[C@@H](CCO)C(=O)O,CC(=O)OCC[C@H](N)C(=O)O
O=C(Nc1ccn(Cc2cc(I)ccc2C(F)(F)F)n1)c1c(F)cccc1F.[Zn+][CH]1CC1,O=C(Nc1ccn(Cc2cc(C3CC3)ccc2C(F)(F)F)n1)c1c(F)cccc1F
C=CCO[C@@H]1O[C@H](COCc2ccccc2)[C@@H](OCc2ccccc2)[C@H](OCc2ccccc2)[C@@H]1O[C@@H]1O[C@H](COCc2ccccc2)[C@@H](OCc2ccccc2)[C@H](OCc2ccccc2)[C@H]1OC(C)=O,C=CCO[C@@H]1O[C@H](COCc2ccccc2)[C@@H](OCc2ccccc2)[C@H](OCc2ccccc2)[C@@H]1O[C@@H]1O[C@H](COCc2ccccc2)[C@@H](OCc2ccccc2)[C@H](OCc2ccccc2)[C@H]1O
COc1ccc(C(=O)c2c(CO[N+](=O)[O-])n(C(C)=O)c(=O)n2C(C)=O)cc1,COc1ccc(C(=O)c2c(CO[N+](=O)[O-])[nH]c(=O)n2C(C)=O)cc1
CCOC(=O)CBr.Cc1cccc(C)c1O,CCOC(=O)COc1c(C)cccc1C
CCOC(=O)CN(c1ccncc1F)n1ccc2ccccc21,OCCN(c1ccncc1F)n1ccc2ccccc21
COCCCN(C)c1n[nH]c2ccc(C3OCCCO3)cc12,COCCCN(C)c1n[nH]c2ccc(C=O)cc12
CC(C)(C)OC(=O)NC1CNC1.Clc1ccc(I)cn1,CC(C)(C)OC(=O)NC1CN(c2ccc(Cl)nc2)C1
ClCCCCOc1ccccc1/C=C/c1nc2ccccc2o1.c1c[nH]cn1,C(=C/c1ccccc1OCCCCn1ccnc1)\c1nc2ccccc2o1
N#Cc1ccccc1F.OCC1CCCNC1,N#Cc1ccccc1N1CCCC(CO)C1
CC(=O)c1nccc(C(C)C)c1F.CNN,Cc1nn(C)c2c(C(C)C)ccnc12
O=C(O)C1CN(C(=O)OCc2ccccc2)CCN1C(=O)N(c1ccccc1)c1ccccc1,O=C(O)C1CNCCN1C(=O)N(c1ccccc1)c1ccccc1
CN1CCCNCC1.O=c1c2c[nH]c3cc(F)c(F)cc3c-2nn1-c1ccccc1,CN1CCCN(c2cc3[nH]cc4c(=O)n(-c5ccccc5)nc-4c3cc2F)CC1
CCSc1ccc(S(C)(=O)=O)cc1C(=O)O.FC(F)(F)c1ccc(N2CCNCC2)cc1,CCSc1ccc(S(C)(=O)=O)cc1C(=O)N1CCN(c2ccc(C(F)(F)F)cc2)CC1
O=C(CC1CCNCC1)Nc1ccc2cc1CCc1cncc(c1)Nc1ncc(Cl)c(n1)N2.O=C(Cl)c1cccnc1,O=C(CC1CCN(C(=O)c2cccnc2)CC1)Nc1ccc2cc1CCc1cncc(c1)Nc1ncc(Cl)c(n1)N2
CCCCCCCCCCCCCCCCN=C=O.CNCCO,CCCCCCCCCCCCCCCCNC(=O)N(C)CCO
CC(=O)Cc1ccc(OCCCO)cc1.NCC(O)c1cccc(C(F)(F)F)c1,CC(Cc1ccc(OCCCO)cc1)NCC(O)c1cccc(C(F)(F)F)c1
COc1ccc(N)cc1OC1CCCC1.O=[N+]([O-])c1cccnc1Cl,COc1ccc(Nc2ncccc2[N+](=O)[O-])cc1OC1CCCC1
ClCc1coc(-c2cccs2)n1.Oc1cccc(CCCn2ccnc2)c1,c1cc(CCCn2ccnc2)cc(OCc2coc(-c3cccs3)n2)c1
COc1ccc2nc(C)ccc2c1,Cc1ccc2cc(O)ccc2n1
COc1ccccc1Oc1c(NS(=O)(=O)c2ccc(C(C)C)cn2)nc(-c2ncccn2)nc1OCCN.O=S(=O)(Cl)c1cccs1,COc1ccccc1Oc1c(NS(=O)(=O)c2ccc(C(C)C)cn2)nc(-c2ncccn2)nc1OCCNS(=O)(=O)c1cccs1
OB(O)C1=CCCC1.OC1CCCC(Nc2ccc3ncc(-c4ccnc(Cl)c4)n3c2)C1,OC1CCCC(Nc2ccc3ncc(-c4ccnc(C5=CCCC5)c4)n3c2)C1
COC(=O)Cl.COC(=O)c1sc(-c2cccc(N)c2)c(Br)c1OCC(=O)OC(C)(C)C,COC(=O)Nc1cccc(-c2sc(C(=O)OC)c(OCC(=O)OC(C)(C)C)c2Br)c1
CCCCCCCCC(N)CC.CCc1ncnc(Cl)c1Cl,CCCCCCCCC(CC)Nc1ncnc(CC)c1Cl
CCCC(=O)c1ccc(-n2cc(C(F)(F)F)cn2)nc1,CCCC(O)c1ccc(-n2cc(C(F)(F)F)cn2)nc1
COc1ccc(NC(=O)c2ccc(Cl)nc2)cc1.Cc1ccc(C(=O)Nc2nccs2)cc1B1OC(C)(C)C(C)(C)O1,COc1ccc(NC(=O)c2ccc(-c3cc(C(=O)Nc4nccs4)ccc3C)nc2)cc1
CN.COC(=O)c1[nH]c2cccc3c2c1CCNC3=O,CNC(=O)c1[nH]c2cccc3c2c1CCNC3=O
N#C[S-].Nc1cccc(F)c1,NC(=S)Nc1cccc(F)c1
CC(C)(C)OC(=O)N1CCC2(CC1)CC(N)c1ccccc12.COC(=O)CS(=O)(=O)Cl,COC(=O)CS(=O)(=O)NC1CC2(CCN(C(=O)OC(C)(C)C)CC2)c2ccccc21
CC(C)[C@H]1COC(=O)N1c1ccnc(F)n1.Cc1cc(-c2cnc(C(C)N)nc2)ccc1F,Cc1cc(-c2cnc(C(C)Nc3nccc(N4C(=O)OC[C@@H]4C(C)C)n3)nc2)ccc1F
CCOC(=O)C1=C(CBr)NC(c2cnccn2)=NC1c1ccc(F)cc1Cl.O=C(O)C1COCCN1,CCOC(=O)C1=C(CN2CCOCC2C(=O)O)NC(c2cnccn2)=NC1c1ccc(F)cc1Cl
CC(C)N1CCN(Cc2c(-c3ccccc3)nc3ccccc3c2C(=O)O)CC1.NN1CCCCCC1,CC(C)N1CCN(Cc2c(-c3ccccc3)nc3ccccc3c2C(=O)NN2CCCCCC2)CC1
CCn1cc(C(=O)O)c(=O)n(-c2ccc(F)cc2)c1=O.COc1cc(OC)c2nccc(Oc3ccc(N)cc3)c2c1,CCn1cc(C(=O)Nc2ccc(Oc3ccnc4c(OC)cc(OC)cc34)cc2)c(=O)n(-c2ccc(F)cc2)c1=O
C=O.CC1CN(C(=O)OC(C)(C)C)CC(C)N1,CC1CN(C(=O)OC(C)(C)C)CC(C)N1C
CC(C)(C)OC(=O)NCCOc1ccc([N+](=O)[O-])cc1,CC(C)(C)OC(=O)NCCOc1ccc(N)cc1
COc1ccc(Nc2cc(-c3ccccc3)nc(N)n2)cc1Cl.O=C(OC(=O)C(F)(F)F)C(F)(F)F,COc1ccc(Nc2cc(-c3ccccc3)nc(NC(=O)C(F)(F)F)n2)cc1Cl
COc1cc(N2CCN(C(=O)Cn3nc(C(C)=O)c(Cl)c3C)CC2)ccc1Cl,COc1cc(N2CCN(C(=O)Cn3nc(C(C)O)c(Cl)c3C)CC2)ccc1Cl
Cc1ccc(S(=O)(=O)OC[C@@H]2NC(=O)[C@@H]2N=[N+]=[N-])cc1,Cc1ccc(S(=O)(=O)OC[C@@H]2NC(=O)[C@@H]2N)cc1
CCOC(=O)c1nc2ccccc2n(Cc2ccccc2)c1=O,O=C(O)c1nc2ccccc2n(Cc2ccccc2)c1=O
COc1ccc(C)c(C=O)c1,Cc1ccc(O)cc1C=O
O=C(Cl)c1cccc(F)c1.O=c1cc(CNc2cccc(Cl)c2)c2cccc(F)c2[nH]1,O=C(c1cccc(F)c1)N(Cc1cc(=O)[nH]c2c(F)cccc12)c1cccc(Cl)c1
COc1ccc(Cc2ncc[nH]2)cc1,Oc1ccc(Cc2ncc[nH]2)cc1
CC(O)C(F)(F)F.O=C(O)c1ccc(Cl)nc1,CC(Oc1ccc(C(=O)O)cn1)C(F)(F)F
COc1cc(N2CCN(CCS(C)(=O)=O)CC2)ccc1N.COc1ccc(-c2nc3ccccn3c2-c2ccnc(Cl)n2)cc1C(=O)Nc1c(F)cccc1F,COc1cc(N2CCN(CCS(C)(=O)=O)CC2)ccc1Nc1nccc(-c2c(-c3ccc(OC)c(C(=O)Nc4c(F)cccc4F)c3)nc3ccccn23)n1
Nn1nc(-c2ccc(Cl)cc2)c2ccccc2c1=O.O=C(O)Cc1ccc(O)cc1,O=C(Cc1ccc(O)cc1)Nn1nc(-c2ccc(Cl)cc2)c2ccccc2c1=O
COc1ccc(-n2cc(C#N)cn2)cc1F,N#Cc1cnn(-c2ccc(O)c(F)c2)c1
CC(COc1ccc(C#N)cc1)NC(=O)[C@@H](N)C(C)C.COCC(C)OC(=O)Cl,COCC(C)OC(=O)N[C@H](C(=O)NC(C)COc1ccc(C#N)cc1)C(C)C
CCCc1cc([N+](=O)[O-])cnc1Cc1ccnn1-c1ncccc1Br,CCCc1cc(N)cnc1Cc1ccnn1-c1ncccc1Br
Cn1ccc(NC(=O)c2cc(O)cc(OC(CF)CF)c2)n1.O=C(c1ccc(Br)cn1)N1CCC1,Cn1ccc(NC(=O)c2cc(Oc3ccc(C(=O)N4CCC4)nc3)cc(OC(CF)CF)c2)n1
O=Cc1cc(Cl)ccc1C(F)(F)F.OB(O)c1ccc(Cl)cc1,O=Cc1cc(-c2ccc(Cl)cc2)ccc1C(F)(F)F
CSc1ccc(C=O)s1.O=C1Cc2ccccc2N1,CSc1ccc(C=C2C(=O)Nc3ccccc32)s1
C=CC(=O)OC(C)(C)C.Oc1ccc(C(=C2CCCCCC2)c2ccc(Br)c(F)c2)cc1,CC(C)(C)OC(=O)/C=C/c1ccc(C(=C2CCCCCC2)c2ccc(O)cc2)cc1F
CC1(C)C(=O)Nc2nc(-c3nn(CC4CCCC4)c4ncc(F)cc34)nc(I)c21,CC1(C)C(=O)Nc2nc(-c3nn(CC4CCCC4)c4ncc(F)cc34)ncc21
CC(=O)Cl.O=[N+]([O-])c1cccc2c1CCC2O,CC(=O)OC1CCc2c1cccc2[N+](=O)[O-]
CC(C)(COc1ccc(Cl)cc1)C1(C)CCC(CBr)O1.C[C@@H]1CNC[C@H](C)C1,C[C@@H]1C[C@H](C)CN(CC2CCC(C)(C(C)(C)COc3ccc(Cl)cc3)O2)C1
COc1cccc(C(=O)Cl)c1.Nc1cc(Cl)ccc1-c1nnn[nH]1,COc1cccc(C(=O)Nc2cc(Cl)ccc2-c2nnn[nH]2)c1
Cc1noc(C)c1-c1cnc2c(B(O)O)cn(CC3CCC(F)(F)CC3)c2c1.FC(F)c1ccc(Br)cc1,Cc1noc(C)c1-c1cnc2c(-c3ccc(C(F)F)cc3)cn(CC3CCC(F)(F)CC3)c2c1
Cn1ncc(Cl)c1-c1ncc(C(=O)O)o1.N[C@@H](Cc1cccc(F)c1)CN1C(=O)c2ccccc2C1=O,Cn1ncc(Cl)c1-c1ncc(C(=O)N[C@@H](Cc2cccc(F)c2)CN2C(=O)c3ccccc3C2=O)o1
CC(C)(C)OC(=O)Cc1ccc(Oc2ccc(C(=O)Nc3ccc(Cl)c(Cl)c3)cc2)c(CNS(C)(=O)=O)c1,CS(=O)(=O)NCc1cc(CC(=O)O)ccc1Oc1ccc(C(=O)Nc2ccc(Cl)c(Cl)c2)cc1
Nc1cccc2c3c([nH]c12)C(=O)CCC3.O=S(=O)(Cl)c1cccs1,O=C1CCCc2c1[nH]c1c(NS(=O)(=O)c3cccs3)cccc21
O=C(Cl)CCCCl.O=C1Nc2ccccc2Nc2ccccc21,O=C1Nc2ccccc2N(C(=O)CCCCl)c2ccccc21
COc1cc(C)cc(O)c1.C[C@H](NC(=O)c1cc(Cl)cnc1Cl)c1ccc(C(=O)OC(C)(C)C)cc1,COc1cc(C)cc(Oc2ncc(Cl)cc2C(=O)N[C@@H](C)c2ccc(C(=O)OC(C)(C)C)cc2)c1
CC(C)(C(=O)O)C(=O)NCC(F)(F)C(F)(F)F.C[C@H]1Oc2ccc(F)cc2N(CCN2CCOCC2)C(=O)[C@H]1N,C[C@H]1Oc2ccc(F)cc2N(CCN2CCOCC2)C(=O)[C@H]1NC(=O)C(C)(C)C(=O)NCC(F)(F)C(F)(F)F
CN1CCC(C(=O)c2cccc(N)c2)CC1.O=C(Cl)c1ccc(F)c(F)c1,CN1CCC(C(=O)c2cccc(NC(=O)c3ccc(F)c(F)c3)c2)CC1
ClC1CCCc2cccnc21.N#Cc1ccc(S)cc1,N#Cc1ccc(SC2CCCc3cccnc32)cc1
O=C1Cc2ccc(Nc3cccc(-c4nnc(-c5cccc(OC(F)(F)F)c5)[nH]4)c3)cc2N1.O=Cc1ccc[nH]1,O=C1Nc2cc(Nc3cccc(-c4nnc(-c5cccc(OC(F)(F)F)c5)[nH]4)c3)ccc2C1=Cc1ccc[nH]1
CN(C)C(=O)Cl.Fc1ccc(OC2CCN(c3nc4c(nc3NCC(F)F)CCNC4)CC2)c(F)c1,CN(C)C(=O)N1CCc2nc(NCC(F)F)c(N3CCC(Oc4ccc(F)cc4F)CC3)nc2C1
Cc1c(F)cccc1C1(C(F)F)N=C(NC(=O)c2ccccc2)OC2CC21,Cc1c(F)cccc1C1(C(F)F)N=C(N)OC2CC21
COc1ccc(C2=NN(C3CCN(C(=O)[C@@H](Cc4ccc(F)cc4)NC(=O)OC(C)(C)C)CC3)C(=O)C(C)(C)C2)cc1OC,COc1ccc(C2=NN(C3CCN(C(=O)[C@H](N)Cc4ccc(F)cc4)CC3)C(=O)C(C)(C)C2)cc1OC
COC(=O)c1cc(Cl)c2cc(Cl)ccc2n1.Cc1[nH]c(C(=O)NC2CCNCC2)c(Cl)c1Cl,COC(=O)c1cc(N2CCC(NC(=O)c3[nH]c(C)c(Cl)c3Cl)CC2)c2cc(Cl)ccc2n1
C=O.CC(C)(C)OC(=O)Nc1ncnc2c1c(I)nn2-c1ccc(N)cc1,CNc1ccc(-n2nc(I)c3c(NC(=O)OC(C)(C)C)ncnc32)cc1
COC(=O)[C@H]1CC[C@H](Oc2cc(C)nc(C)n2)CC1.NN,Cc1cc(O[C@@H]2CC[C@@H](C(=O)NN)CC2)nc(C)n1
COC(=O)C(Nc1ccc(C(=N)N)cc1)c1cc(OC)c(OC)cc1F,COc1cc(F)c(C(Nc2ccc(C(=N)N)cc2)C(=O)O)cc1OC
COc1cc2cnc(C(=O)O)cc2cc1OC.NN1CCNC1=O,COc1cc2cnc(C(=O)NN3CCNC3=O)cc2cc1OC
CC(=O)OC(C)=O.CC(OCc1ncc[nH]1)c1cccc(-n2cnc3cc(CN)ccc32)c1,CC(=O)NCc1ccc2c(c1)ncn2-c1cccc(C(C)OCc2ncc[nH]2)c1
C#C[Si](CC)(CC)CC.NC1=N[C@](CF)(c2cc(Br)ccc2F)C[C@@H](C(F)(F)F)O1,CC[Si](C#Cc1ccc(F)c([C@]2(CF)C[C@@H](C(F)(F)F)OC(N)=N2)c1)(CC)CC
CC(C)(C)OC(=O)N[C@@H]1CC[C@@H](c2cccc(F)c2F)CN(Cc2ccccn2)C1=O,N[C@@H]1CC[C@@H](c2cccc(F)c2F)CN(Cc2ccccn2)C1=O
CC(=O)N1CCc2c(sc(C)c2CCBr)C1.Fc1ccc(-n2nc(C3CCNCC3)c3ccc(F)cc32)cc1,CC(=O)N1CCc2c(sc(C)c2CCN2CCC(c3nn(-c4ccc(F)cc4)c4cc(F)ccc34)CC2)C1
CCOC(=O)Cc1ccc(N=C=O)c(Cl)c1.Clc1ccc(-n2nc3ccccc3c2NC2CCCCC2)cc1,CCOC(=O)Cc1ccc(NC(=O)N(c2c3ccccc3nn2-c2ccc(Cl)cc2)C2CCCCC2)c(Cl)c1
CO.Cc1n[nH]c2cc(C(=O)O)ccc12,COC(=O)c1ccc2c(C)n[nH]c2c1
CCS(=O)(=O)NCc1cncc(Br)c1.CN1C(=O)CCc2cc(B3OC(C)(C)C(C)(C)O3)cc(Cl)c21,CCS(=O)(=O)NCc1cncc(-c2cc(Cl)c3c(c2)CCC(=O)N3C)c1
BrCc1ccccc1.COc1c(O)c2ccc(OC(C)=O)cc2oc1=O,COc1c(OCc2ccccc2)c2ccc(OC(C)=O)cc2oc1=O
CC(C)(NC(=O)NOCc1ccccc1)c1ccccn1.CCI,CCN(OCc1ccccc1)C(=O)NC(C)(C)c1ccccn1
CC(C)(C)[Si](C)(C)O[C@@H](CN)c1ccc(O)c(NC=O)c1.CN(CCCn1c(=O)[nH]c2cc(C=O)ccc21)[C@H]1CC[C@H](OC(=O)C(O)(c2cccs2)c2cccs2)CC1,CN(CCCn1c(=O)[nH]c2cc(CNC[C@H](O[Si](C)(C)C(C)(C)C)c3ccc(O)c(NC=O)c3)ccc21)[C@@H]1CC[C@@H](OC(=O)C(O)(c2cccs2)c2cccs2)CC1
C=CC[C@H](NC(=O)OC(C)(C)C)/C(C)=C/COC(=O)c1ccccc1,C=CC[C@H](N)/C(C)=C/COC(=O)c1ccccc1
Cc1cc(-c2nc3ccc(Cl)nn3c2-c2ccnc(N)c2)ccc1F,Cc1cc(-c2nc3cccnn3c2-c2ccnc(N)c2)ccc1F
ClCCN1CCCCC1.O=C1C(Cc2ccc(-c3ccc(O)cc3)cc2Cl)CCN1C1CCCCC1,O=C1C(Cc2ccc(-c3ccc(OCCN4CCCCC4)cc3)cc2Cl)CCN1C1CCCCC1
C=[C](OCC)[Sn]([CH2]CCC)([CH2]CCC)[CH2]CCC.N#Cc1c(I)ccnc1Cl,C=C(OCC)c1ccnc(Cl)c1C#N
C1CCNC1.CC(C)(C)OC(=O)N1CCO[C@@H](c2ccc(OCCCBr)cc2)C1,CC(C)(C)OC(=O)N1CCO[C@@H](c2ccc(OCCCN3CCCC3)cc2)C1
CC1CCCN(c2nc(C(F)(F)F)c(C(=O)Nc3ccc(-c4ccc(C(=O)O)cc4)cc3)o2)C1.Nc1ccccc1Cl,CC1CCCN(c2nc(C(F)(F)F)c(C(=O)Nc3ccc(-c4ccc(C(=O)Nc5ccccc5Cl)cc4)cc3)o2)C1
CCOC(=O)CCCOc1cccc(CCCCCCOc2cc(Br)cc(C(=O)N3CCC(F)(F)C3)c2)c1CCC(=O)OCC.OB(O)c1ccccc1,CCOC(=O)CCCOc1cccc(CCCCCCOc2cc(C(=O)N3CCC(F)(F)C3)cc(-c3ccccc3)c2)c1CCC(=O)OCC
CC(=O)OCBr.CCn1c(C(=O)c2cc(C)cc(C#N)c2)c(C(C)C)c(=O)[nH]c1=O,CCn1c(C(=O)c2cc(C)cc(C#N)c2)c(C(C)C)c(=O)n(COC(C)=O)c1=O
COC(=O)c1ccc(CN(C(=O)[C@@H]2Cc3ccccc3CN2C(=O)[C@@H](NC(=O)[C@H](C)N(C)C(=O)OC(C)(C)C)C(C)(C)C)[C@H](C)c2ccc(F)cc2)cc1,C[C@H](c1ccc(F)cc1)N(Cc1ccc(C(=O)O)cc1)C(=O)[C@@H]1Cc2ccccc2CN1C(=O)[C@@H](NC(=O)[C@H](C)N(C)C(=O)OC(C)(C)C)C(C)(C)C
CS(=O)(=O)Cl.OC1CCN(Cc2ccccc2)C1,CS(=O)(=O)OC1CCN(Cc2ccccc2)C1
O=C(O)CNC(=O)c1ccc(OCc2ccccc2)cc1.Oc1c(F)c(F)c(F)c(F)c1F,O=C(CNC(=O)c1ccc(OCc2ccccc2)cc1)Oc1c(F)c(F)c(F)c(F)c1F
CCC(C)Cc1nc(SC)nc(Cl)c1-c1c(F)cc(F)cc1F.C[O-],CCC(C)Cc1nc(SC)nc(OC)c1-c1c(F)cc(F)cc1F
Cc1ccc(S(=O)(=O)Cl)cc1.Cn1nccc1CCO,Cc1ccc(S(=O)(=O)OCCc2ccnn2C)cc1
CCc1c(C)[nH]c2c(C(=O)NNC(=O)c3ccccn3)cnn2c1=O,CCc1c(C)[nH]c2c(-c3nnc(-c4ccccn4)o3)cnn2c1=O
Clc1cc(N2CCN(C3CCCC3)CC2)ccn1.N,Nc1cc(N2CCN(C3CCCC3)CC2)ccn1
C=C(C)C(=O)NC1=CC(C(=O)O)C(O)(C(C)=O)C=C1.Oc1ccccc1,C=C(C)C(=O)NC1=CC(C(=O)Oc2ccccc2)C(O)(C(C)=O)C=C1
Cc1cc(F)ccc1-c1cc(N2CCC[C@H]2CO)ncc1N(C)C(=O)C(C)(C)c1cc(C(F)(F)F)cc(C(F)(F)F)c1.O=C1NC(=O)c2ccccc21,Cc1cc(F)ccc1-c1cc(N2CCC[C@H]2CN2C(=O)c3ccccc3C2=O)ncc1N(C)C(=O)C(C)(C)c1cc(C(F)(F)F)cc(C(F)(F)F)c1
CS(=O)(=O)c1ccc(-c2cnc(N)c(C(=O)O)n2)cc1.Nc1ccccc1,CS(=O)(=O)c1ccc(-c2cnc(N)c(C(=O)Nc3ccccc3)n2)cc1
CCOC(=O)c1sc2nc(CN3CCN(C(=O)OC(C)(C)C)CC3)[nH]c(=O)c2c1C,Cc1c(C(=O)O)sc2nc(CN3CCN(C(=O)OC(C)(C)C)CC3)[nH]c(=O)c12
COC(=O)c1cc([N+](=O)[O-])ccc1O.OC(c1ccc(C(F)(F)F)cc1)c1ccccc1Cl,COC(=O)c1cc([N+](=O)[O-])ccc1OC(c1ccc(C(F)(F)F)cc1)c1ccccc1Cl
CC(C)(C)OC(=O)N(Cc1ccccc1)Cc1cccc2cc[nH]c12,CC(C)(C)OC(=O)N(Cc1ccccc1)Cc1cccc2c1NCC2
Clc1nc(-c2ccccc2)nc(-c2ccccc2)n1.c1ccc(-n2c3ccccc3c3cc(-c4ccc5[nH]c6ccccc6c5c4)ccc32)cc1,c1ccc(-c2nc(-c3ccccc3)nc(-n3c4ccccc4c4cc(-c5ccc6c(c5)c5ccccc5n6-c5ccccc5)ccc43)n2)cc1
CCN1C(=O)CCC(C)(C)c2cc(N)ccc21.CNC(=O)c1cccc(F)c1Nc1nc(Cl)ncc1Cl,CCN1C(=O)CCC(C)(C)c2cc(Nc3ncc(Cl)c(Nc4c(F)cccc4C(=O)NC)n3)ccc21
CC(C)(C)OC(=O)NC1C2CN(CCO)CC21.CS(=O)(=O)Cl,CC(C)(C)OC(=O)NC1C2CN(CCOS(C)(=O)=O)CC21
Cc1cc(=O)oc2cc(OCC(=O)NCCCCONC(=O)OC(C)(C)C)ccc12,Cc1cc(=O)oc2cc(OCC(=O)NCCCCON)ccc12
Cc1cc(C#N)ccc1-c1cnn(-c2ccc(C(=O)O)cn2)c1O.NCCC1CCCCO1,Cc1cc(C#N)ccc1-c1cnn(-c2ccc(C(=O)NCCC3CCCCO3)cn2)c1O
CCOC(=O)c1ccc(N)cc1.CS(=O)(=O)OCCCc1ccc(OCc2ccccc2)cc1,CCOC(=O)c1ccc(NCCCc2ccc(OCc3ccccc3)cc2)cc1
COc1ccc(Cn2c(=O)n(C3CCN(C(=O)OC(C)(C)C)CC3)c(=O)c3sc(-c4ccccc4)cc32)c(F)c1F,COc1ccc(Cn2c(=O)n(C3CCNCC3)c(=O)c3sc(-c4ccccc4)cc32)c(F)c1F
CC(C)(C)OC(=O)NCCNc1ccccn1,NCCNc1ccccn1
COc1ccc(Oc2c(C)cc(C=O)cc2C)cc1C(C)C.NNC(N)=O,COc1ccc(Oc2c(C)cc(C=NNC(N)=O)cc2C)cc1C(C)C
C[C@H](N)c1ccccc1.OCCBr,C[C@H](NCCO)c1ccccc1
COC(=O)c1ccc2c(C3CCCCC3)c(-c3ccccc3N)[nH]c2c1.O=C(Cl)CCl,COC(=O)c1ccc2c(C3CCCCC3)c(-c3ccccc3NC(=O)CCl)[nH]c2c1
CCOC(=O)CP(=O)(OCC)OCC.O=Cc1cc2ccccc2s1,CCOC(=O)/C=C/c1cc2ccccc2s1
COCCBr.OCc1cc(O)cc(O)c1,COCCOc1cc(O)cc(CO)c1
NC1CCOc2ccc(F)cc21.O=C(O)CN1CCCC(c2ccccc2)(c2ccccc2)C1=O,O=C(CN1CCCC(c2ccccc2)(c2ccccc2)C1=O)NC1CCOc2ccc(F)cc21
CCc1cccc(NC(=O)N2CCc3nc(-c4ccc5c(c4)OCO5)nc(O)c3C2)c1.Cc1ccc(S(=O)(=O)Cl)cc1,CCc1cccc(NC(=O)N2CCc3nc(-c4ccc5c(c4)OCO5)nc(OS(=O)(=O)c4ccc(C)cc4)c3C2)c1
NC(Cc1cccc(Oc2ccccc2)c1)C(O)c1ccc(F)cc1.O=C(Cl)CCc1ccccc1,O=C(CCc1ccccc1)NC(Cc1cccc(Oc2ccccc2)c1)C(O)c1ccc(F)cc1
CC(C)(C)OC(=O)N1CCN(CCCc2ccccc2)C(=O)C1,O=C1CNCCN1CCCc1ccccc1
CS(=O)(=O)Cl.OCCc1ccc(N2CCOCC2)cc1,CS(=O)(=O)OCCc1ccc(N2CCOCC2)cc1
CC(C)C(=O)Nc1cccc(C2CCN(CCCCC(=O)c3ccc(Br)cc3)CC2)c1.NNc1ccccc1,CC(C)C(=O)Nc1cccc(C2CCN(CCCc3c(-c4ccc(Br)cc4)[nH]c4ccccc34)CC2)c1
CC(C)(C)OC(=O)N1CC[C@H](OS(C)(=O)=O)[C@H](F)C1.CCc1nn(Cc2cn[nH]c2)c2cccc(NC(=O)c3cnc4ccccn34)c12,CCc1nn(Cc2cnn([C@@H]3CCN(C(=O)OC(C)(C)C)C[C@H]3F)c2)c2cccc(NC(=O)c3cnc4ccccn34)c12
Cc1ccc(S)c(C)c1.FC(F)(F)c1ccc(I)c(Br)c1,Cc1ccc(Sc2ccc(C(F)(F)F)cc2Br)c(C)c1
COC(=O)c1ccccc1OS(=O)(=O)C(F)(F)F.Nc1ccccc1,COC(=O)c1ccccc1Nc1ccccc1
CC(C)(C)OC(=O)CCl.CCSCCN,CCSCCNCC(=O)OC(C)(C)C
CI.COc1ccc(CN2CCc3n[nH]c4nc(SC)nc2c34)cc1,COc1ccc(CN2CCc3nn(C)c4nc(SC)nc2c34)cc1
Nc1c(Cl)ncnc1Nc1ccc(Cl)cc1.O=C(Cl)c1ccc(Cl)cc1Cl,O=C(Nc1c(Cl)ncnc1Nc1ccc(Cl)cc1)c1ccc(Cl)cc1Cl
COc1cccc(O)c1.O=C1N[C@@]2(CC[C@@H](c3ccc(CCCO)cc3)C2)CO1,COc1cccc(OCCCc2ccc([C@@H]3CC[C@]4(COC(=O)N4)C3)cc2)c1
CCOC(=O)Cc1ccc(CCN)cc1.O=C(Cl)c1ccc(Cl)cc1,CCOC(=O)Cc1ccc(CCNC(=O)c2ccc(Cl)cc2)cc1
Clc1ncc(Cl)c(Cl)n1.Nc1cccc(CCCc2cccc(N)c2)c1,Nc1cccc(CCCc2cccc(Nc3nc(Cl)ncc3Cl)c2)c1
CC(C)Cc1c[nH]c2cc(Cl)ccc12.CCOC(=O)c1ccc(Br)s1,CCOC(=O)c1ccc(-n2cc(CC(C)C)c3ccc(Cl)cc32)s1
CC(C)(C)OC(=O)N1CCC(=O)C(F)C1.Nc1nc2c(-c3cc(C(F)(F)F)cc(C(F)(F)F)c3)cccn2n1,CC(C)(C)OC(=O)N1CCC(Nc2nc3c(-c4cc(C(F)(F)F)cc(C(F)(F)F)c4)cccn3n2)C(F)C1
COC(=O)[C@H]1CC(=O)N(c2ccc(O)cc2)C1.OCc1cccc(F)c1,COC(=O)[C@H]1CC(=O)N(c2ccc(OCc3cccc(F)c3)cc2)C1
Cc1noc2nc(CC(C)C)[nH]c(=O)c12.Fc1cccc(CBr)c1,Cc1noc2nc(CC(C)C)n(Cc3cccc(F)c3)c(=O)c12
Clc1cncc(Cl)n1.OB(O)c1ccc(OC(F)(F)F)cc1,FC(F)(F)Oc1ccc(-c2cncc(Cl)n2)cc1
CNC.Cc1ccc(F)cc1C1NC(=O)CC(c2cc(Cl)ccc2OCC(C)(C)C(=O)O)C12C(=O)Nc1cc(Cl)ccc12,Cc1ccc(F)cc1C1NC(=O)CC(c2cc(Cl)ccc2OCC(C)(C)C(=O)N(C)C)C12C(=O)Nc1cc(Cl)ccc12
NCCCOc1cccc(CN2CCCCC2)c1.O=C[O-],O=CNCCCOc1cccc(CN2CCCCC2)c1
CC(C)(O)CN.O=[N+]([O-])c1cnc2ccccc2c1Cl,CC(C)(O)CNc1c([N+](=O)[O-])cnc2ccccc12
COC[C@H]1C[C@@](Cc2cscn2)(C(=O)OC(C)(C)C)N(C(=O)c2ccc(C(C)(C)C)c(OC)c2)[C@H]1c1ncc(C)s1,COC[C@H]1C[C@@](Cc2cscn2)(C(=O)O)N(C(=O)c2ccc(C(C)(C)C)c(OC)c2)[C@H]1c1ncc(C)s1
COC(=O)C(F)(C1CCCC(=O)C1)S(=O)(=O)c1ccccc1.NNc1ccc(Cl)cc1,COC(=O)C(F)(C1CCc2c([nH]c3ccc(Cl)cc23)C1)S(=O)(=O)c1ccccc1
O=C(CBr)c1ccccc1,O[C@@H](CBr)c1ccccc1
CC(C)(C)OC(=O)OC(=O)OC(C)(C)C.O=[N+]([O-])c1ccc(Oc2ccc(OC(F)(F)F)cc2)c(C2CCCN2)c1,CC(C)(C)OC(=O)N1CCCC1c1cc([N+](=O)[O-])ccc1Oc1ccc(OC(F)(F)F)cc1
CCCc1cc(C)c(NC(=O)Nc2cc(F)ccc2C(=O)N[C@H](C(=O)OC)C2CCCCC2)c(C)c1,CCCc1cc(C)c(NC(=O)Nc2cc(F)ccc2C(=O)N[C@H](C(=O)O)C2CCCCC2)c(C)c1
CC(C)(C)OC(=O)CN.CCOC(=O)C1=C(O)c2cc(F)c(F)cc2C2(CCOCC2)C1=O,CC(C)(C)OC(=O)CNC(=O)C1=C(O)c2cc(F)c(F)cc2C2(CCOCC2)C1=O
CCCCCCO.Cn1nnnc1C(=NOCc1cccc(Br)n1)c1ccccc1,CCCCCCOc1cccc(CON=C(c2ccccc2)c2nnnn2C)n1
C1CN2CCN1CC2.O=C1C(CCC(O)c2ccc(F)cc2)C(c2ccc(OCc3ccc(CBr)cc3)cc2)N1c1ccc(F)cc1,O=C1C(CCC(O)c2ccc(F)cc2)C(c2ccc(OCc3ccc(C[N+]45CCN(CC4)CC5)cc3)cc2)N1c1ccc(F)cc1
CNC(=O)c1cc(OC)cc(/C=C/C(=O)OC)n1,CNC(=O)c1cc(OC)cc(CCC(=O)OC)n1
COc1ccc2c(Cc3ccc(OCCN4CCCCC4)cc3)c(OS(=O)(=O)C(F)(F)F)ccc2c1.OB(O)c1ccc(F)cc1,COc1ccc2c(Cc3ccc(OCCN4CCCCC4)cc3)c(-c3ccc(F)cc3)ccc2c1
CCOC(=O)[C@@]12C[C@H]1C=CCCCCN(C)C(=O)N[C@@H](CCOc1cc(-c3nc(C(C)C)cs3)nc3c(C)c(OC)ccc13)C(=O)N2,COc1ccc2c(OCC[C@@H]3NC(=O)N(C)CCCCC=C[C@@H]4C[C@@]4(C(=O)O)NC3=O)cc(-c3nc(C(C)C)cs3)nc2c1C
BrCC1CC1.O=[N+]([O-])c1ccc(Oc2cccc3[nH]ccc23)c(Cl)c1,O=[N+]([O-])c1ccc(Oc2cccc3c2ccn3CC2CC2)c(Cl)c1
BrCC1CC1.CC1(C)CC(=O)c2c(C(F)(F)F)nn(-c3ccc(C#N)c(NC4CCC(N)CC4)c3)c2C1,CC1(C)CC(=O)c2c(C(F)(F)F)nn(-c3ccc(C#N)c(NC4CCC(NCC5CC5)CC4)c3)c2C1
CCCCOCCOc1ccc(-c2ccc3c(c2)C=C(C(=O)O)CCN3C(=O)CNC(C)=O)cc1.CN(Cc1ccc(N)cc1)C1CCOCC1,CCCCOCCOc1ccc(-c2ccc3c(c2)C=C(C(=O)Nc2ccc(CN(C)C4CCOCC4)cc2)CCN3C(=O)CNC(C)=O)cc1
Cc1nn(-c2ccc(C#N)c(Cl)c2)c(C)c1C(=O)Cl.N#Cc1ccc(CN)cn1,Cc1nn(-c2ccc(C#N)c(Cl)c2)c(C)c1C(=O)NCc1ccc(C#N)nc1
CCc1cc(C(=O)O)c(C)nc1OC.N,CCc1cc(C(N)=O)c(C)nc1OC
Fc1ccc(Br)cn1.c1ccc(CN2CCC3(CCNC3)C2)cc1,Fc1ccc(N2CCC3(CCN(Cc4ccccc4)C3)C2)cn1
CCOc1ccc(C(=O)CCC(=O)O)cc1OCC.Nc1ccc(CN2CCOCC2)c(-c2ccccc2)c1,CCOc1ccc(C(=O)CCC(=O)Nc2ccc(CN3CCOCC3)c(-c3ccccc3)c2)cc1OCC
C[C@@H]1Cc2ccccc2N1.Cn1c(CC(=O)[O-])nc(N2CCOCC2)c(F)c1=O,C[C@@H]1Cc2ccccc2N1C(=O)Cc1nc(N2CCOCC2)c(F)c(=O)n1C
COC(=O)C(=O)Cl.CSc1ccccc1Cl,COC(=O)C(=O)c1ccc(SC)c(Cl)c1
C=CCOc1ccc([C@H](C)N2C[C@@H]3C[C@H]2CN3C(=O)OC(C)(C)C)c(C)c1C,C=CCOc1ccc([C@H](C)N2C[C@@H]3C[C@H]2CN3)c(C)c1C
CC(C)(C)OC(=O)Nc1ccc(N/C(=C2\C(=O)Nc3ccccc32)c2ccccc2)cc1,Nc1ccc(N/C(=C2\C(=O)Nc3ccccc32)c2ccccc2)cc1
O=S(=O)(c1cccc(C(F)(F)F)c1)C1CCC2(CC1)OCCO2,O=C1CCC(S(=O)(=O)c2cccc(C(F)(F)F)c2)CC1
Cc1cc(C)c(Nc2nc(Cl)nc(Nc3ccc(C#N)cc3)n2)c(C)c1.N,Cc1cc(C)c(Nc2nc(N)nc(Nc3ccc(C#N)cc3)n2)c(C)c1
CC(C)(C)C(=O)Cl.COC(=O)c1ccc2ccn(CCCN)c(=O)c2c1,COC(=O)c1ccc2ccn(CCCNC(=O)C(C)(C)C)c(=O)c2c1
CC(C)N.CCOC(=O)c1nn(-c2ccccc2Cl)c(Br)c1C=O,CCOC(=O)c1nn(-c2ccccc2Cl)c(Br)c1CNC(C)C
Cc1ccc(C(=O)Cl)cc1.Nc1ccccc1N1CCN(Cc2ccc(Cl)c(Cl)c2)CC1,Cc1ccc(C(=O)Nc2ccccc2N2CCN(Cc3ccc(Cl)c(Cl)c3)CC2)cc1
CCOC(=O)c1cn(Cc2ccccc2)c2nc(N3CCNCC3)ncc2c1=O,O=C(O)c1cn(Cc2ccccc2)c2nc(N3CCNCC3)ncc2c1=O
Cc1cc(Cl)cc(Cl)c1S(=O)(=O)Cl.Nc1nc(-c2cc([N+](=O)[O-])ccc2Cl)cs1,Cc1cc(Cl)cc(Cl)c1S(=O)(=O)Nc1nc(-c2cc([N+](=O)[O-])ccc2Cl)cs1
CC(C)(C)OC(=O)N1CCCC(Nc2cccc([N+](=O)[O-])c2)C1,CC(C)(C)OC(=O)N1CCCC(Nc2cccc(N)c2)C1
COc1ccc(CNCCCNC2=CC(=O)c3sc(C)nc3C2=O)cc1.Cc1nc2c(s1)C(=O)C=C(NCCCBr)C2=O,COc1ccc(CN(CCCNC2=CC(=O)c3sc(C)nc3C2=O)CCCNC2=CC(=O)c3sc(C)nc3C2=O)cc1
Cc1cc(C(=O)Cl)nn1Cc1cc(Cl)cc2cc(C(C)C)oc12.NN1CCOCC1,Cc1cc(C(=O)NN2CCOCC2)nn1Cc1cc(Cl)cc2cc(C(C)C)oc12
Cc1cc(C)c(C=C2C(=O)Nc3ccccc32)[nH]1.O=C(O)CNC(=O)OCc1ccccc1,Cc1cc(C)c(/C=C2\C(=O)N(C(=O)CNC(=O)OCc3ccccc3)c3ccccc32)[nH]1
CCOC(=O)C1=CCC(C)(C)c2cc(O[Si](C)(C)C(C)(C)C)c(C)cc21,CCOC(=O)C1CCC(C)(C)c2cc(O[Si](C)(C)C(C)(C)C)c(C)cc21
CC(C)(C)OC(=O)NCCCCCC=O.O=C(O)[C@H]1CCCCN1,CC(C)(C)OC(=O)NCCCCCCN1CCCC[C@@H]1C(=O)O
Cc1ccc(CC(C#Cc2ccc(CNCCC(=O)OC(C)(C)C)cc2)c2cccc(Cl)c2)cc1C,Cc1ccc(CC(C#Cc2ccc(CNCCC(=O)O)cc2)c2cccc(Cl)c2)cc1C
CC(C)(C)OC(=O)NN.Ic1ccc(-n2cccn2)cc1,CC(C)(C)OC(=O)N(N)c1ccc(-n2cccn2)cc1
C#CC(O)c1ccccc1.COc1cc[nH]c1/C=C1\C(=O)Nc2cccc(Br)c21,COc1cc[nH]c1/C=C1\C(=O)Nc2cccc(C#CC(O)c3ccccc3)c21
CC(C)(C)OC(=O)OC(=O)OC(C)(C)C.NNc1ccc([N+](=O)[O-])cn1,CC(C)(C)OC(=O)NNc1ccc([N+](=O)[O-])cn1
CCCCOC(=O)/C=C/c1cc(CO[Si](C)(C)C(C)(C)C)cc(OC)n1,CCCCOC(=O)CCc1cc(CO[Si](C)(C)C(C)(C)C)cc(OC)n1
CN1CCNCC1.COc1ccc(CN(Cc2ccc(OC)cc2)c2ncc(-c3nc(N4CCOCC4)nc4c3CCN4c3cccc(C(=O)O)c3)cn2)cc1,COc1ccc(CN(Cc2ccc(OC)cc2)c2ncc(-c3nc(N4CCOCC4)nc4c3CCN4c3cccc(C(=O)N4CCN(C)CC4)c3)cn2)cc1
CC(C)(C)Nc1nc(NCc2ccccc2)c(C#N)cc1F,CC(C)(C)Nc1nc(N)c(C#N)cc1F
COC(=O)C(Br)c1ccccc1.Cc1c(C)c2c(c(C)c1O)C(c1ccc(C(C)C)cc1)C(C)(C)O2,COC(=O)C(Oc1c(C)c(C)c2c(c1C)C(c1ccc(C(C)C)cc1)C(C)(C)O2)c1ccccc1
CCOC(=O)CNC.O=C(O)Cn1c(=O)c2ccccc2n(CCCCN2CCC(OC(c3ccccc3)c3ccccc3)CC2)c1=O,CCOC(=O)CN(C)C(=O)Cn1c(=O)c2ccccc2n(CCCCN2CCC(OC(c3ccccc3)c3ccccc3)CC2)c1=O
CC(C)(C)OC(=O)N[C@@H](Cc1cccc([N+](=O)[O-])c1)C(=O)O,CC(C)(C)OC(=O)N[C@H](CO)Cc1cccc([N+](=O)[O-])c1
CCN1CCC(N(C)c2nc3cc(C(=O)OC)ccc3nc2-c2ccc(F)cc2)CC1,CCN1CCC(N(C)c2nc3cc(C(=O)O)ccc3nc2-c2ccc(F)cc2)CC1
O=C(OO)c1cccc(Cl)c1.O=C(c1cc(Cl)c(OCc2ccccc2)c(Cl)c1)N1CCSc2ccccc21,O=C(c1cc(Cl)c(OCc2ccccc2)c(Cl)c1)N1CCS(=O)c2ccccc21
CCOC(=O)CCCOc1cccc(CCCCCCOc2cc(Br)cc(OCC)c2)c1CCC(=O)OCC.CS(=O)(=O)c1ccc(B(O)O)cc1,CCOC(=O)CCCOc1cccc(CCCCCCOc2cc(OCC)cc(-c3ccc(S(C)(=O)=O)cc3)c2)c1CCC(=O)OCC
COC(=O)CSC(Br)C(=O)c1ccc(C)cc1Cl.NC=S,COC(=O)CSc1scnc1-c1ccc(C)cc1Cl
CN1CCc2[nH]c3ccc(Cl)cc3c2C1.COc1ccc(CCBr)cc1,COc1ccc(CCn2c3c(c4cc(Cl)ccc42)CN(C)CC3)cc1
C=C(C)C.COC(=O)c1ccc(C(=O)O)c(Cl)c1,COC(=O)c1ccc(C(=O)OC(C)(C)C)c(Cl)c1
CCOC(OCC)[C@H](C)N(Cc1cccc2ccccc12)C(=O)[C@H](C)NC(=O)OCC1c2ccccc2-c2ccccc21,CCOC(OCC)[C@H](C)N(Cc1cccc2ccccc12)C(=O)[C@H](C)N
CCC[CH2][Sn]([Cl])([CH2]CCC)[CH2]CCC.CCOP(=O)(OCC)c1ccsc1,CCC[CH2][Sn]([CH2]CCC)([CH2]CCC)[c]1sccc1P(=O)(OCC)OCC
CC(=O)N(Cc1cc(C(F)(F)F)cc(C(F)(F)F)c1)C1CCCN(C(=O)OC(C)C)c2cc(Br)ccc21.OB(O)c1ccccc1,CC(=O)N(Cc1cc(C(F)(F)F)cc(C(F)(F)F)c1)C1CCCN(C(=O)OC(C)C)c2cc(-c3ccccc3)ccc21
CCOC(=O)C(=NOC)C1=CSCCO1,CON=C(C(=O)O)C1=CSCCO1
CC(=O)Nc1cc(N)c(C#N)c(Br)n1.CC[CH2][Zn+],CCCc1nc(NC(C)=O)cc(N)c1C#N
CCOC(=O)C(NC(=O)OC(C)(C)C)C(=O)C1CCCCC1,CCOC(=O)C(NC(=O)OC(C)(C)C)C(O)C1CCCCC1
CC(=O)NCc1ccc(CNC2CCCc3cccnc32)c(CO)c1.Cc1cc(Cl)cnc1C=O,CC(=O)NCc1ccc(CN(Cc2ncc(Cl)cc2C)C2CCCc3cccnc32)c(CO)c1
COc1c(Br)ccc(-c2cnc(N)cn2)c1F.OB(O)c1ccc(C(F)(F)F)cc1,COc1c(-c2ccc(C(F)(F)F)cc2)ccc(-c2cnc(N)cn2)c1F
CC(C)(C)OC(=O)N1CCC(CCC=O)CC1.CSc1ccc(N)cc1F,CSc1ccc(NCCCC2CCN(C(=O)OC(C)(C)C)CC2)cc1F
C1CCN(C2CCNCC2)CC1.O=C(O)[C@@H](Cc1ccc2[nH]c(C(F)(F)F)nc2c1)NC(=O)N1CCC(N2Cc3ccccc3NC2=O)CC1,O=C(N[C@H](Cc1ccc2[nH]c(C(F)(F)F)nc2c1)C(=O)N1CCC(N2CCCCC2)CC1)N1CCC(N2Cc3ccccc3NC2=O)CC1
Nc1ccc(Br)cc1.O=[N+]([O-])c1cc(S(=O)(=O)Cl)ccc1Cl,O=[N+]([O-])c1cc(S(=O)(=O)Nc2ccc(Br)cc2)ccc1Cl
ClCc1cccs1.NCCCNc1ccccn1,NCCCN(Cc1cccs1)c1ccccn1
CN1CC2CC(O)CC2C1.Clc1ncnc2[nH]cc(I)c12,CN1CC2CC(n3cc(I)c4c(Cl)ncnc43)CC2C1
COC(=O)c1cc2c(s1)c(=O)n(Cc1ccccc1)c(=O)n2C,COC(=O)c1cc2c(s1)c(=O)[nH]c(=O)n2C
NC(=O)CBr.O=S(=O)(c1ccc(F)cc1)[C@@]1(c2ccc(C(F)(C(F)(F)F)C(F)(F)F)cc2)CCNC1,NC(=O)CN1CC[C@](c2ccc(C(F)(C(F)(F)F)C(F)(F)F)cc2)(S(=O)(=O)c2ccc(F)cc2)C1
CNc1ncc2c(n1)CCN(c1cc(N)ccc1C)C2.O=C=Nc1cccc(C(F)(F)F)c1,CNc1ncc2c(n1)CCN(c1cc(NC(=O)Nc3cccc(C(F)(F)F)c3)ccc1C)C2
COc1ccc(N)cc1-c1c(Cl)cnn1C.O=C=Nc1cccc([N+](=O)[O-])c1,COc1ccc(NC(=O)Nc2cccc([N+](=O)[O-])c2)cc1-c1c(Cl)cnn1C
CC(C)(C)OC(=O)N[C@H]1CC[C@H](Oc2cccc3cncc(Br)c23)CC1.N,CC(C)(C)OC(=O)N[C@@H]1CC[C@@H](Oc2cccc3cncc(N)c23)CC1
N#Cc1ccc(B(O)O)cc1.N[C@]1(c2ccc(Br)cc2)CCOc2cccnc21,N#Cc1ccc(-c2ccc([C@@]3(N)CCOc4cccnc43)cc2)cc1
COC(=O)CCC(C(N)=O)N1Cc2c(O)cccc2C1=O.OCC1COc2ccccc2C1,COC(=O)CCC(C(N)=O)N1Cc2c(OCC3COc4ccccc4C3)cccc2C1=O
CCOc1cc(CN2CCC(Nc3ccc(C(=O)O)cn3)CC2)cc(OCC)c1Cl.NCCO,CCOc1cc(CN2CCC(Nc3ccc(C(=O)NCCO)cn3)CC2)cc(OCC)c1Cl
COCc1cc(Cl)ncn1.[NH4+],COCc1cc(N)ncn1
O=C(O)Cc1cc(C(F)(F)F)ccc1Cl.c1ccc(CCc2csc(C3CCNCC3)n2)cc1,O=C(Cc1cc(C(F)(F)F)ccc1Cl)N1CCC(c2nc(CCc3ccccc3)cs2)CC1
CC(C)(C)OC(=O)N1CCc2oc3cc(-n4ccc(OCc5ccc(Cl)cn5)cc4=O)ccc3c2C1,O=c1cc(OCc2ccc(Cl)cn2)ccn1-c1ccc2c3c(oc2c1)CCNC3
CC(C)(C)c1ccc(CBr)cc1.CCOC(=O)CCCCC(/C=C/c1ccccc1O)Cc1ccc(C#N)cc1,CCOC(=O)CCCCC(/C=C/c1ccccc1OCc1ccc(C(C)(C)C)cc1)Cc1ccc(C#N)cc1
CC(C)(C)OC(=O)OC(=O)OC(C)(C)C.O=C(O)[C@@H]1NCC[C@@H]1O,CC(C)(C)OC(=O)N1CC[C@H](O)[C@@H]1C(=O)O
CCCCCCCCCCCCN.O=C1C=CC(=O)O1,CCCCCCCCCCCCN1C(=O)C=CC1=O
CCOC(=O)C(C#N)Cc1cccc(Cl)c1Cl,N#CC(Cc1cccc(Cl)c1Cl)C(=O)O
COC(=O)C(=O)N(c1ccccc1)c1cc(Cl)ccc1C(=O)CCc1ccc(S(=O)(=O)NCC(O)CO)cc1,COC(=O)c1c(Cc2ccc(S(=O)(=O)NCC(O)CO)cc2)c(=O)c2ccc(Cl)cc2n1-c1ccccc1
CC1(C)OB(C2=CCC3(CC2)OCCO3)OC1(C)C.C[Si](C)(C)CCOCn1cc(I)cn1,C[Si](C)(C)CCOCn1cc(C2=CCC3(CC2)OCCO3)cn1
O=C1c2ccccc2C(=O)N1CCCSc1ncco1,NCCCSc1ncco1
Cc1cncc(-c2ccc(S(=O)(=O)NC3CCCCc4c(OCC(=O)OC(C)(C)C)cccc43)cc2)c1,Cc1cncc(-c2ccc(S(=O)(=O)NC3CCCCc4c(OCC(=O)O)cccc43)cc2)c1
CCc1[nH]c(C(=O)N[C@@H]2CCN(C(=O)OC(C)(C)C)C[C@H]2O)nc1Cl,CCc1[nH]c(C(=O)NC2CCN(C(=O)OC(C)(C)C)CC2=O)nc1Cl
CCCCBr.COc1ccc(-c2c[nH]c(-c3ccccc3)n2)cc1,CCCCn1cc(-c2ccc(OC)cc2)nc1-c1ccccc1
COc1ccc(N(C(=O)CN2C(=O)C(Cc3nn(Cc4ccccc4)c4ccccc34)C(=O)N(c3ccccc3)c3ccccc32)C(C)C)cc1,COc1ccc(N(C(=O)CN2C(=O)C(Cc3n[nH]c4ccccc34)C(=O)N(c3ccccc3)c3ccccc32)C(C)C)cc1
N.N#Cc1cc(Cl)cc(Oc2c(F)ccc(CBr)c2Cl)c1,N#Cc1cc(Cl)cc(Oc2c(F)ccc(CN)c2Cl)c1
Cc1cc([N+](=O)[O-])c(Cl)c([N+](=O)[O-])c1.NCCO,Cc1cc([N+](=O)[O-])c(NCCO)c([N+](=O)[O-])c1
C[C@@H]1[C@H]2C[C@@H](C[C@H]1Nc1cnn(CC(=O)NCc3ccncc3)c(=O)c1Br)C2(C)C.O=C(OO)c1cccc(Cl)c1,C[C@@H]1[C@H]2C[C@@H](C[C@H]1Nc1cnn(CC(=O)NCc3cc[n+]([O-])cc3)c(=O)c1Br)C2(C)C
CCCCOc1cc(C(=O)O)ccc1[N+](=O)[O-].CO,CCCCOc1cc(C(=O)OC)ccc1[N+](=O)[O-]
CCCc1c(CCl)ccc(C(C)=O)c1O.Nc1nnc(S)s1,CCCc1c(CSc2nnc(N)s2)ccc(C(C)=O)c1O
CC(C)(C)OC(=O)N1CC[C@H](O)C1.O=[N+]([O-])c1cccc(F)c1,CC(C)(C)OC(=O)N1CCC(Oc2cccc([N+](=O)[O-])c2)C1
CC(=O)OC(c1ccc(C(=O)CCCCl)cc1)C(C)C,CC(C)C(O)c1ccc(C(=O)CCCCl)cc1
CC(C)(C)c1cc(NC(=O)NCc2cc(F)ccc2Oc2ccc3c(cnn3CCO)c2)n(-c2ccc(C=O)cc2)n1,CC(C)(C)c1cc(NC(=O)NCc2cc(F)ccc2Oc2ccc3c(cnn3CCO)c2)n(-c2ccc(CO)cc2)n1
C=C/C=C\[C@H](C)[C@H](O)[C@@H](C)[C@@H](CC[C@H](C)C[C@H](C)[C@@H](O[Si](C)(C)C(C)(C)C)[C@@H](C)/C=C\[C@H](C[C@H](O[Si](C)(C)C(C)(C)C)[C@H](C)/C=C/C=C\C(=O)OC)O[Si](C)(C)C(C)(C)C)O[Si](C)(C)C(C)(C)C,C=C/C=C\[C@H](C)[C@H](O)[C@@H](C)[C@@H](CC[C@H](C)C[C@H](C)[C@@H](O[Si](C)(C)C(C)(C)C)[C@@H](C)/C=C\[C@H](C[C@H](O[Si](C)(C)C(C)(C)C)[C@H](C)/C=C/C=C\C(=O)O)O[Si](C)(C)C(C)(C)C)O[Si](C)(C)C(C)(C)C
CC(=O)O.Nc1cc2nc[nH]c(=O)c2cc1[N+](=O)[O-],CC(=O)Nc1cc2nc[nH]c(=O)c2cc1[N+](=O)[O-]
Cc1c(F)ccc([N+](=O)[O-])c1Cl,Cc1c(F)ccc(N)c1Cl
CC(C)(C)OC(=O)CBr.Nc1ncnc2c1c(-c1ccc(Oc3ccccc3)cc1)nn2C1CCNCC1,CC(C)(C)OC(=O)CN1CCC(n2nc(-c3ccc(Oc4ccccc4)cc3)c3c(N)ncnc32)CC1
N#CCC(=O)N1CCCC1.Nc1ncnc2c1c(-c1ccc(Cl)cc1)cn2-c1cccc(C=O)c1,N#C/C(=C\c1cccc(-n2cc(-c3ccc(Cl)cc3)c3c(N)ncnc32)c1)C(=O)N1CCCC1
NN.O=C(O)c1ccc(Br)cc1F,NNC(=O)c1ccc(Br)cc1F
O=C(Oc1ccccc1)Oc1ccccc1,O=C(Oc1ccccc1)c1ccccc1O
CN(C)CCOc1ccc(N)cc1.COc1ccc(OC)c(CN(C(=O)Oc2c(C)cccc2C)c2ccnc(Cl)n2)c1,COc1ccc(OC)c(CN(C(=O)Oc2c(C)cccc2C)c2ccnc(Nc3ccc(OCCN(C)C)cc3)n2)c1
CCCS(=O)(=O)Cl.Cc1ccc([N+](=O)[O-])cc1N,CCCS(=O)(=O)Nc1cc([N+](=O)[O-])ccc1C
N.O=Cc1cc2ccc(OCC3CC3)cc2[nH]1,NCc1cc2ccc(OCC3CC3)cc2[nH]1
CCC[CH2][Sn]([CH2]CCC)([CH2]CCC)[c]1cscn1.CC[C@@H]1C(=O)N(C)c2cnc(-n3cnc(Br)c3)nc2N1C1CCCC1,CC[C@@H]1C(=O)N(C)c2cnc(-n3cnc(-c4cscn4)c3)nc2N1C1CCCC1
COC(=O)c1cc(Br)c(/C=C\C(=O)O)c(Br)c1.Nc1c(Cl)cccc1Cl,COC(=O)c1cc(Br)c(/C=C\C(=O)Nc2c(Cl)cccc2Cl)c(Br)c1
Cc1ccc(N)cc1[N+](=O)[O-].O=C(O)C1CC1,Cc1ccc(NC(=O)C2CC2)cc1[N+](=O)[O-]
COC(=O)c1ccc(CCC(C=O)CCc2ccc(C(=O)OC)cc2)cc1.Oc1ccccc1C[P+](c1ccccc1)(c1ccccc1)c1ccccc1,COC(=O)c1ccc(CCC(/C=C/c2ccccc2O)CCc2ccc(C(=O)OC)cc2)cc1
Cc1cc(C(F)(F)F)nn1CC(=O)N1CCN(c2cccc(N)c2)CC1.O=C(O)c1cccc(Cl)c1O,Cc1cc(C(F)(F)F)nn1CC(=O)N1CCN(c2cccc(NC(=O)c3cccc(Cl)c3O)c2)CC1
CN(C)C(=O)N1CCCC(N2C(=O)c3ccccc3C2=O)C1,CN(C)C(=O)N1CCCC(N)C1
O=S(=O)(c1nc2ccccc2[nH]1)N1CCCCC1c1noc(COc2ccc(CO)cc2)n1,O=Cc1ccc(OCc2nc(C3CCCCN3S(=O)(=O)c3nc4ccccc4[nH]3)no2)cc1
COc1ccc(F)c(C=O)c1.NNc1ccc(F)cc1,COc1ccc(F)c(C=NNc2ccc(F)cc2)c1
CCOC(=O)C(=O)Nc1cc(C)c(Cc2ccc(OC)c(Cc3ccc(F)cc3)c2)c(C)c1,COc1ccc(Cc2c(C)cc(NC(=O)C(=O)O)cc2C)cc1Cc1ccc(F)cc1
CCOC(=O)c1nccn1C[C@](C)(N)c1cccc(Br)c1,C[C@@]1(c2cccc(Br)c2)Cn2ccnc2C(=O)N1
CC(=O)OC(C)(C)C(=O)Cl.C[C@@H]1CN(Cc2ccc(F)cc2)[C@@H](C)CN1C(=O)COc1ccc(Cl)cc1CS(N)(=O)=O,CC(=O)OC(C)(C)C(=O)NS(=O)(=O)Cc1cc(Cl)ccc1OCC(=O)N1C[C@H](C)N(Cc2ccc(F)cc2)C[C@H]1C
N#Cc1c(O)c2c(-c3cc(Br)c(OCc4ccccc4)c(Br)c3)csc2[nH]c1=O,N#Cc1c(O)c2c(-c3cc(Br)c(O)c(Br)c3)csc2[nH]c1=O
CC(=O)S[C@H]1C[C@@H](C(=O)Nc2cccc(C(=O)O)c2)N(C(=O)OCc2ccc([N+](=O)[O-])cc2)C1.NCC(=O)OCc1ccc([N+](=O)[O-])cc1,CC(=O)S[C@H]1C[C@@H](C(=O)Nc2cccc(C(=O)NCC(=O)OCc3ccc([N+](=O)[O-])cc3)c2)N(C(=O)OCc2ccc([N+](=O)[O-])cc2)C1
CCN(CC)C/C=C/c1cnc(N)c2c(-c3ccc(NC(=O)OC(C)(C)C)c(OC)c3)csc12,CCN(CC)C/C=C/c1cnc(N)c2c(-c3ccc(N)c(OC)c3)csc12
COc1cccc(-c2c(C)c(C#N)c3nc(C(C)(C)C)oc3c2N2CC[C@H](N(C)C)C2)c1,Cc1c(-c2cccc(O)c2)c(N2CC[C@H](N(C)C)C2)c2oc(C(C)(C)C)nc2c1C#N
CC(C)(O)Cn1ccc(N)n1.COC1=CC(=O)N([C@@H](CC2CCCCC2)C(=O)O)C1,COC1=CC(=O)N([C@@H](CC2CCCCC2)C(=O)Nc2ccn(CC(C)(C)O)n2)C1
CC(=O)Oc1cc(C=O)ccc1OCC1=CC2(CCCC2)CCC1.CCOC(=O)CP(=O)(OCC)OCC,CCOC(=O)/C=C/c1ccc(OCC2=CC3(CCCC3)CCC2)c(OC(C)=O)c1
CC(C)(C)[Si](C)(C)OCCBr.COC(=O)N=C(SC)C(=Nc1ccc(-c2noc(C)n2)cc1)c1cc(OC)c(O)cc1F,COC(=O)N=C(SC)C(=Nc1ccc(-c2noc(C)n2)cc1)c1cc(OC)c(OCCO[Si](C)(C)C(C)(C)C)cc1F
CC(=O)Nc1nc(-c2ccc(NCC(C)(C)c3ccc(F)cc3)nn2)c[nH]1,CC(C)(CNc1ccc(-c2c[nH]c(N)n2)nn1)c1ccc(F)cc1
COc1ccc2c(Cl)ncnc2c1.Cc1cccc2c1NCC2,COc1ccc2c(N3CCc4cccc(C)c43)ncnc2c1
NCC(N)=O.O=C(O)c1cc(-c2ccc(F)c3cc(Cc4cc(F)cc(Cl)c4)sc23)ccc1F,NC(=O)CNC(=O)c1cc(-c2ccc(F)c3cc(Cc4cc(F)cc(Cl)c4)sc23)ccc1F
CCOC(=O)[C@H](C)O[Si](C)(C)C(C)(C)C,C[C@@H](CO)O[Si](C)(C)C(C)(C)C
O=C(Cn1cnc2cccc([N+](=O)[O-])c21)Nc1cccc(C(F)(F)F)c1,Nc1cccc2ncn(CC(=O)Nc3cccc(C(F)(F)F)c3)c12
C=C(C)C(=O)Cl.O=[N+]([O-])c1ccc(C=Cc2ccc(OCCCCCCO)cc2)cc1,C=C(C)C(=O)OCCCCCCOc1ccc(C=Cc2ccc([N+](=O)[O-])cc2)cc1
C[Si](C)(C)CCOCCl.O=Cc1ccc2[nH]ccc2c1,C[Si](C)(C)CCOCn1ccc2cc(C=O)ccc21
CC(C)(C)OC(=O)Cc1cnc(Cl)c(F)c1.OB(O)c1ccnc(F)c1,CC(C)(C)OC(=O)Cc1cnc(-c2ccnc(F)c2)c(F)c1
CC(C)C(=O)Cl.Oc1cc(O)cc(O)c1,CC(C)C(=O)c1c(O)cc(O)cc1O
ClCC1CO1.Oc1ccc(OCc2ccccc2)c(OCc2ccccc2)c1,c1ccc(COc2ccc(OCC3CO3)cc2OCc2ccccc2)cc1
C#CCCc1ccccc1.N#Cc1ncc(Br)c(NC2CCCC2)n1,N#Cc1ncc(C#CCCc2ccccc2)c(NC2CCCC2)n1
CC(C)n1cc(C(=O)O)c(=O)n(-c2ccc(F)cc2)c1=O.COc1cc2nccc(Oc3ccc(N)cc3C(C)C)c2cc1OC,COc1cc2nccc(Oc3ccc(NC(=O)c4cn(C(C)C)c(=O)n(-c5ccc(F)cc5)c4=O)cc3C(C)C)c2cc1OC
O=[N+]([O-])c1ccc2nc(-c3ccccc3)oc2n1,Nc1ccc2nc(-c3ccccc3)oc2n1
CCC(CC)CBr.Cc1cc([N+](=O)[O-])ccc1N=C1NC2(CCCC2)CS1,CCC(CC)CN1C(=Nc2ccc([N+](=O)[O-])cc2C)SCC12CCCC2
COc1ccc(C(=O)Oc2ccc(C(=O)CNC(C)(C)C)cc2OC(=O)c2ccc(OC)cc2)cc1,COc1ccc(C(=O)Oc2ccc(C(O)CNC(C)(C)C)cc2OC(=O)c2ccc(OC)cc2)cc1
COC(=O)c1cnc(CCc2c(-c3ccccn3)noc2C)s1,Cc1onc(-c2ccccn2)c1CCc1ncc(C(=O)O)s1
CC(=O)c1cccs1.NNc1ccc(S(N)(=O)=O)cc1,CC(=NNc1ccc(S(N)(=O)=O)cc1)c1cccs1
Nc1cn[n+](C2CCCCC2)c(Cl)c1,Nc1cc[n+](C2CCCCC2)nc1
CNN.FC(F)(F)c1cc(Cl)nc(C(F)(F)F)c1,CN(N)c1cc(C(F)(F)F)cc(C(F)(F)F)n1
C=C(Br)C(F)(F)F.OB(O)c1cc(Cl)cc(Cl)c1,C=C(c1cc(Cl)cc(Cl)c1)C(F)(F)F
COCC1(c2ccc(F)cc2)CCN(Cc2cc(F)c(C(=O)OC(C)(C)C)cc2C2CC2)CC1,COCC1(c2ccc(F)cc2)CCN(Cc2cc(F)c(C(=O)O)cc2C2CC2)CC1
CCOc1cc(C(C)(C)C#N)c(Cl)cc1C1=N[C@@H](c2ccc(Cl)cc2)[C@@H](c2ccc(Cl)cc2)N1C(=O)Cl.Cc1noc(C)c1C(=O)N1CCNCC1,CCOc1cc(C(C)(C)C#N)c(Cl)cc1C1=N[C@@H](c2ccc(Cl)cc2)[C@@H](c2ccc(Cl)cc2)N1C(=O)N1CCN(C(=O)c2c(C)noc2C)CC1
COC(=O)c1ccc(/C=C/c2c(-c3ccccc3)noc2C)nc1,Cc1onc(-c2ccccc2)c1/C=C/c1ccc(C(=O)O)cn1
COc1ccc(C2COCCO2)c2sc(N)nc12.O=C(O)Cc1ccccn1,COc1ccc(C2COCCO2)c2sc(NC(=O)Cc3ccccn3)nc12
CC1=C2[C@H](O)C(O)(C(CO)CN3CCN(Cc4ccccc4)CC3)CC[C@@]2(C)CCC1,CC1=C2[C@@H]3OCC(CN4CCN(Cc5ccccc5)CC4)C3(O)CC[C@@]2(C)CCC1
CC(C)(C)OC(=O)N1CCC(CO)CC1.Cc1cc(O)cc(OS(=O)(=O)c2cccc(Cl)c2)c1,Cc1cc(OCC2CCN(C(=O)OC(C)(C)C)CC2)cc(OS(=O)(=O)c2cccc(Cl)c2)c1
COc1ccc(Cn2cc3c(n2)CC(C)Cc2sc(N)nc2-3)cc1.Cc1ccnc(Cl)n1,COc1ccc(Cn2cc3c(n2)CC(C)Cc2sc(Nc4nccc(C)n4)nc2-3)cc1
CC(C)(C)c1cc(O)ccc1Br.S=C(Cl)Cl,CC(C)(C)c1cc(OC(=S)Cl)ccc1Br
CCCC1=C(C(=O)Nc2ccc(SCCCCCC(=O)OCC)cc2)SC2=NCCCN21,CCCC1=C(C(=O)Nc2ccc(SCCCCCC(=O)O)cc2)SC2=NCCCN21
COc1ccc(CN)cc1.C[C@@H](C=O)O[Si](C)(C)C(C)(C)C,COc1ccc(C/N=C/[C@H](C)O[Si](C)(C)C(C)(C)C)cc1
COC(=O)c1cc(N(Cc2ccc(Cl)cc2)C(=O)c2ccc(Oc3ccccc3)cc2)ccc1O,O=C(O)c1cc(N(Cc2ccc(Cl)cc2)C(=O)c2ccc(Oc3ccccc3)cc2)ccc1O
O=C(NCc1ccccn1)C(O)C(Cc1ccccc1)NC(=O)[C@H]1CCC(=O)N1Cc1ccccc1,O=C(NCc1ccccn1)C(=O)C(Cc1ccccc1)NC(=O)[C@H]1CCC(=O)N1Cc1ccccc1
C#CC1CCCC1.NS(=O)(=O)c1ccccc1S(=O)(=O)NC(=O)c1ccc(Br)c(CO)c1,NS(=O)(=O)c1ccccc1S(=O)(=O)NC(=O)c1ccc(C#CC2CCCC2)c(CO)c1
CN.Cn1cc(C2c3ccc(Cl)cc3C=Cc3sc(Cl)nc32)c(=O)[nH]c1=O,CNc1nc2c(s1)C=Cc1cc(Cl)ccc1C2c1cn(C)c(=O)[nH]c1=O
CC(C)(C)OC(=O)Nc1ccc2[nH]nc(I)c2c1,Nc1ccc2[nH]nc(I)c2c1
Nc1ncc(C2CCC2)s1.O=C(Cl)Oc1ccccc1,O=C(Nc1ncc(C2CCC2)s1)Oc1ccccc1
CC(C)(C)c1ccc2c(c1)C1(CCN(C(=O)OCc3ccccc3)CC1)CN2C(=O)c1c(F)cccc1F,CC(C)(C)c1ccc2c(c1)C1(CCNCC1)CN2C(=O)c1c(F)cccc1F
O=[N+]([O-])C1NC=CN1c1ccncc1,NC1NC=CN1c1ccncc1
C[C@H]1CN(Cc2ccc(F)cc2)[C@@H](CO)CN1.O=C(Cl)COc1ccc(Cl)cc1,C[C@@H]1CN(Cc2ccc(F)cc2)[C@@H](CO)CN1C(=O)COc1ccc(Cl)cc1
O=C1CN(S(=O)(=O)c2ccccc2Cl)CCC12CCN(c1ccc(OC(F)(F)F)cc1)C2=O,O=C1N(c2ccc(OC(F)(F)F)cc2)CCC12CCN(S(=O)(=O)c1ccccc1Cl)CC2O
CSc1ccc(Nc2cc(C(=O)NNC(=O)C(C)(C)OC(C)=O)ccn2)cc1,CSc1ccc(Nc2cc(-c3nnc(C(C)(C)OC(C)=O)o3)ccn2)cc1
COC(=O)c1cc(Br)ccc1NS(=O)(=O)c1ccc(OC(F)(F)F)cc1,O=C(O)c1cc(Br)ccc1NS(=O)(=O)c1ccc(OC(F)(F)F)cc1
C=CCOC(=O)N1CCc2nnc(NN)cc2C1.CC(C)=O,C=CCOC(=O)N1CCc2nnc(NN=C(C)C)cc2C1
CC(C)(C)OC(N)=O.Fc1ccnc(Cl)c1,CC(C)(C)OC(=O)Nc1cc(F)ccn1
Cc1c2n(c3ccccc13)C(=O)CCC2.Cc1ncccc1C=O,Cc1ncccc1C(O)C1CCc2c(C)c3ccccc3n2C1=O
COC(=O)[C@@H]1C[C@@H]2CN1C(=O)[C@H](C1Cc3ccccc3C1)NC(=O)O[C@@H]1C[C@H]1CCCCCc1c(nc3ccccc3c1OCCCN(C)C)O2,CN(C)CCCOc1c2c(nc3ccccc13)O[C@@H]1C[C@@H](C(=O)O)N(C1)C(=O)[C@H](C1Cc3ccccc3C1)NC(=O)O[C@@H]1C[C@H]1CCCCC2
CCOC(=O)C(C)c1ccccc1-c1ccccc1,CC(C(=O)O)c1ccccc1-c1ccccc1
CCOC(=O)CBr.Oc1ccc(F)cc1Br,CCOC(=O)COc1ccc(F)cc1Br
COC(=O)C(C)(C)N.COc1ccc(COc2c(C(=O)O)ccc3ccccc23)cn1,COC(=O)C(C)(C)NC(=O)c1ccc2ccccc2c1OCc1ccc(OC)nc1
CCOC(=O)c1sc(-c2ccc(Cl)cc2)c(CBr)c1-c1ccc(S(=O)(=O)N=CN(C)C)cc1.CNC,CCOC(=O)c1sc(-c2ccc(Cl)cc2)c(CN(C)C)c1-c1ccc(S(=O)(=O)N=CN(C)C)cc1
CN(C)C(=O)CCC#Cc1cccc(C(O)CCNC(=O)C(F)(F)F)c1,CN(C)C(=O)CCCCc1cccc(C(O)CCNC(=O)C(F)(F)F)c1
NC(=S)Nc1ccc(C(F)(F)F)cc1.O=C(CBr)c1ccc(Cl)cc1,FC(F)(F)c1ccc(Nc2nc(-c3ccc(Cl)cc3)cs2)cc1
CCOC(=O)c1c(-c2ccc(F)cc2)c(-c2ccc(F)cc2)cn1C(C)C.Cc1ccnc(N)n1,Cc1ccnc(NC(=O)c2c(-c3ccc(F)cc3)c(-c3ccc(F)cc3)cn2C(C)C)n1
CCOC(=O)C(C)(C)c1ccc([N+](=O)[O-])cc1,CCOC(=O)C(C)(C)c1ccc(N)cc1
Nc1nccc(Oc2ccc([N+](=O)[O-])cc2F)c1C#Cc1ccccn1,Nc1ccc(Oc2ccnc(N)c2C#Cc2ccccn2)c(F)c1
Cn1c(SCC2CC2)nnc1C(=O)CC1CC1,Cn1c(SCC2CC2)nnc1C(O)CC1CC1
O=C(O)c1cccnc1Oc1cc(Cl)ccc1Cl.c1ccc2c(c1)NCCO2,O=C(c1cccnc1Oc1cc(Cl)ccc1Cl)N1CCOc2ccccc21
O=C(O)C1(c2ccc(-c3ccccc3)nc2)CC1.O=C1O[C@]2(CCNC2)c2ccccc21,O=C1O[C@]2(CCN(C(=O)C3(c4ccc(-c5ccccc5)nc4)CC3)C2)c2ccccc21
COc1nccc2oc(-c3cnc4ccc(Cl)nn34)cc12.NCC(O)C1CCOCC1,COc1nccc2oc(-c3cnc4ccc(NCC(O)C5CCOCC5)nn34)cc12
CC(C)(C)OC(=O)OC(=O)OC(C)(C)C.NCCc1ccc(N)cc1F,CC(C)(C)OC(=O)NCCc1ccc(N)cc1F
OB(O)CCCCCBr.c1ccc2[nH]c(-c3cscn3)nc2c1,OB(O)CCCCCn1c(-c2cscn2)nc2ccccc21
C1CCNCC1.COC(=O)c1cc(Cl)nc(Cl)n1,COC(=O)c1cc(N2CCCCC2)nc(Cl)n1
CCCO[C@H]1CC[C@H](N2CCC(N)CC2)CC1.Cc1cc(F)c([N+](=O)[O-])cc1Cl,CCCO[C@@H]1CC[C@@H](N2CCC(Nc3cc(C)c(Cl)cc3[N+](=O)[O-])CC2)CC1
COC(=O)c1ccc(C=O)cc1.COC[P+](c1ccccc1)(c1ccccc1)c1ccccc1,COC=Cc1ccc(C(=O)OC)cc1
COC(=O)CO.Cc1csc(N)n1,Cc1csc(NC(=O)CO)n1
O=C1c2ccccc2C(=O)N1Cc1ccc(Br)nc1,NCc1ccc(Br)nc1
COCC(=O)NCC(CCOC1CCCCO1)c1ccc(Cl)c(Cl)c1,COCCNCC(CCOC1CCCCO1)c1ccc(Cl)c(Cl)c1
CCCCN(CCCC)CCCOc1ccc(C(=O)Cl)cc1.CNOC,CCCCN(CCCC)CCCOc1ccc(C(=O)N(C)OC)cc1
CN.COc1cc(C(F)(F)F)ccc1-c1nc(Cl)cc2cc(S(=O)(=O)Nc3nccs3)ccc12,CNc1cc2cc(S(=O)(=O)Nc3nccs3)ccc2c(-c2ccc(C(F)(F)F)cc2OC)n1
CC(=O)c1cncc(Br)c1,CCc1cncc(Br)c1
Ic1ccc(Oc2ccccc2)cc1.OC1CN2CCC1CC2,c1ccc(Oc2ccc(OC3CN4CCC3CC4)cc2)cc1
Cc1c(N)cn2ncc(C#N)c(Nc3ccc(Oc4ccccc4)cc3)c12.O=C(O)c1ccccc1F,Cc1c(NC(=O)c2ccccc2F)cn2ncc(C#N)c(Nc3ccc(Oc4ccccc4)cc3)c12
COC(=O)CCCCCc1nn(-c2ccc(F)cc2)c2c1CCC2,O=C(O)CCCCCc1nn(-c2ccc(F)cc2)c2c1CCC2
CN1CCC(c2c[nH]c3ccc(N)cc23)CC1.O=C(O)C1CCCCC1,CN1CCC(c2c[nH]c3ccc(NC(=O)C4CCCCC4)cc23)CC1
CC(C)(C)N.O=C(O)c1cc(Oc2ccc(Nc3ncnc4ccn(CCOCCO)c34)cc2Cl)cc(C(F)(F)F)c1,CC(C)(C)NC(=O)c1cc(Oc2ccc(Nc3ncnc4ccn(CCOCCO)c34)cc2Cl)cc(C(F)(F)F)c1
CC(C)(C)OC(=O)N1CC=C(c2cc3c(Nc4ccc5[nH]nc(Cl)c5c4)ncnc3[nH]2)CC1,Clc1n[nH]c2ccc(Nc3ncnc4[nH]c(C5=CCNCC5)cc34)cc12
CC(C)N1CCC(N)CC1.O=C(N[C@@H](COCc1ccccc1)CS(=O)(=O)Cl)OCc1ccccc1,CC(C)N1CCC(NS(=O)(=O)C[C@H](COCc2ccccc2)NC(=O)OCc2ccccc2)CC1
CC(C)(C)OC(=O)N1CC(O)C1.Fc1ccc(Nc2ncnc3cccc(F)c23)cc1Cl,CC(C)(C)OC(=O)N1CC(Oc2cccc3ncnc(Nc4ccc(F)c(Cl)c4)c23)C1
COc1ccccc1CBr.Cc1noc(C)c1Cn1cc(N2C(=O)NC(C)(C)C2=O)cn1,COc1ccccc1CN1C(=O)N(c2cnn(Cc3c(C)noc3C)c2)C(=O)C1(C)C
N#Cc1ncc(N)cc1C(F)(F)F.S=C(Cl)Cl,N#Cc1ncc(N=C=S)cc1C(F)(F)F
Cc1cnc(SCCS(=O)(=O)c2ccccc2)c(C(=O)O)c1.NCc1cccs1,Cc1cnc(SCCS(=O)(=O)c2ccccc2)c(C(=O)NCc2cccs2)c1
O=C(O)CN1CCC(c2ccc(F)cc2)(c2ccc(F)cc2)C1=O.c1ccc(CN2CCC3(CC2)CNC3)cc1,O=C(CN1CCC(c2ccc(F)cc2)(c2ccc(F)cc2)C1=O)N1CC2(CCN(Cc3ccccc3)CC2)C1
C#CCOc1ccc(-c2ccc(Cl)cc2)cn1.Ic1ccc(CN2CCCC2)cc1,Clc1ccc(-c2ccc(OCC#Cc3ccc(CN4CCCC4)cc3)nc2)cc1
BrCc1ccccc1.C=CCC(O)Cc1ccccc1C,C=CCC(Cc1ccccc1C)OCc1ccccc1
CS(N)(=O)=O.Cc1cc(N2CCCC2)c2ccc(I)cc2n1,Cc1cc(N2CCCC2)c2ccc(NS(C)(=O)=O)cc2n1
CC(N=[N+]=[N-])c1ccccc1-c1noc2ccccc12,CC(N)c1ccccc1-c1noc2ccccc12
COc1ccc([N+](=O)[O-])c(C(N)=O)c1,COc1ccc(N)c(C(N)=O)c1
Brc1cncc(C2CC2)n1.COc1ccc(CNc2nnc(-c3ccc4c(c3)c(B3OC(C)(C)C(C)(C)O3)cn4S(=O)(=O)c3ccc(C)cc3)o2)cc1,COc1ccc(CNc2nnc(-c3ccc4c(c3)c(-c3cncc(C5CC5)n3)cn4S(=O)(=O)c3ccc(C)cc3)o2)cc1
COC(=O)CCC1(S(=O)(=O)c2ccc3ccccc3c2)CC1,O=C(O)CCC1(S(=O)(=O)c2ccc3ccccc3c2)CC1
COC(=O)[C@@H]1C[C@@]2(CC(=O)N(c3cccc(Cl)c3)C2)CN1C(=O)[C@@H](NC(=O)OC(C)(C)C)C(C)(C)C,COC(=O)[C@@H]1C[C@@]2(CC(=O)N(c3cccc(Cl)c3)C2)CN1C(=O)[C@@H](N)C(C)(C)C
O=C(CCNC(=O)[C@H](Cc1ccc(-c2ccccc2)cc1)NCP(=O)(Oc1ccccc1)Oc1ccccc1)OCc1ccccc1,O=C(O)CCNC(=O)[C@H](Cc1ccc(-c2ccccc2)cc1)NCP(=O)(Oc1ccccc1)Oc1ccccc1
CC(C)(C)OC(=O)N1CCc2nc(N3CC[C@H](N)C3=O)sc2C1.O=S(=O)(Cl)/C=C/c1ccc(Cl)s1,CC(C)(C)OC(=O)N1CCc2nc(N3CC[C@H](NS(=O)(=O)/C=C/c4ccc(Cl)s4)C3=O)sc2C1
CC(C)(C)CN.CC(C)(C)Nc1nc(Cl)cc(Cl)n1,CC(C)(C)CNc1cc(Cl)nc(NC(C)(C)C)n1
CCOC(=O)c1cc2cc(OC)ccc2[nH]1,CCOC(=O)c1cc2cc(O)ccc2[nH]1
CC1(C)C=C(c2ccc(F)cc2)c2ccc(N)cc2O1.CS(=O)(=O)Cl,CC1(C)C=C(c2ccc(F)cc2)c2ccc(NS(C)(=O)=O)cc2O1
C#CC(=O)OCC.COCOc1ccc(C=O)c([N+](=O)[O-])c1,CCOC(=O)C#CC(O)c1ccc(OCOC)cc1[N+](=O)[O-]
CC(C)(C)[Si](C)(C)N1C(=O)[C@@H]2[C@H]1[C@@H](O)CN2C(=O)OCc1ccccc1,CC(C)(C)[Si](C)(C)N1C(=O)[C@@H]2[C@H]1C(=O)CN2C(=O)OCc1ccccc1
NCc1cccnc1.O=C=Nc1ccc(S)cc1,O=C(NCc1cccnc1)Nc1ccc(S)cc1
C[C@@H](CCCOCc1ccccc1)CO[Si](C)(C)C(C)(C)C,C[C@@H](CCCO)CO[Si](C)(C)C(C)(C)C
CCC(C(=O)Cl)C(C#N)(c1ccccc1)c1ccccc1.CNC,CCC(C(=O)N(C)C)C(C#N)(c1ccccc1)c1ccccc1
C[C@@H](N)CO.Cc1cc(OCCCC2CCN(c3nc(C(C)C)no3)CC2)cnc1C(=O)O,Cc1cc(OCCCC2CCN(c3nc(C(C)C)no3)CC2)cnc1C(=O)N[C@H](C)CO
COC(=O)c1sc(Br)cc1NC(=O)NC1CCN(C(=O)OC(C)(C)C)CC1,CC(C)(C)OC(=O)N1CCC(n2c(=O)[nH]c3cc(Br)sc3c2=O)CC1
COC(=O)c1nc(Br)cc(N)c1Cl.OB(O)c1ccc2nc(-c3ccccc3)oc2c1F,COC(=O)c1nc(-c2ccc3nc(-c4ccccc4)oc3c2F)cc(N)c1Cl
COc1cc(C=O)ccc1F.CS(=O)c1ccc(N)cc1,COc1cc(C=Nc2ccc(S(C)=O)cc2)ccc1F
Clc1ncccc1CC(c1cccnc1)c1cccnc1.Nc1ccccc1N,Nc1ccccc1Nc1ncccc1CC(c1cccnc1)c1cccnc1
C#CC1(C)CCc2c(C)c(O)c(C)c(C)c2O1.Ic1cccs1,Cc1c(C)c2c(c(C)c1O)CCC(C)(C#Cc1cccs1)O2
COC(=O)[C@@H]1CCCN1c1nc2c(c(Nc3cc(C(C)C)[nH]n3)n1)CCC2.Nc1nccs1,CC(C)c1cc(Nc2nc(N3CCC[C@H]3C(=O)Nc3nccs3)nc3c2CCC3)n[nH]1
CCOC(=O)c1cc2cc(C)ccc2[nH]1.Fc1ccc2cccc(CBr)c2c1,CCOC(=O)c1cc2cc(C)ccc2n1Cc1cccc2ccc(F)cc12
COc1cc(OC)nc(NC(=O)NS(=O)(=O)c2sccc2C(CF)OC(C)=O)n1,COc1cc(OC)nc(NC(=O)NS(=O)(=O)c2sccc2C(O)CF)n1
O=C1OCCC1Br.Oc1ccc(Br)cc1,O=C1OCCC1Oc1ccc(Br)cc1
COc1ccc(COc2ccc(N)c(C)c2)cc1.Cn1cnc2cnc(Cl)cc21,COc1ccc(COc2ccc(Nc3cc4c(cn3)ncn4C)c(C)c2)cc1
CCCNc1nc(Nc2cccc(F)c2)ncc1C#C[C@@H]1CCC[C@H](NC(=O)OC(C)(C)C)C1,CCCNc1nc(Nc2cccc(F)c2)ncc1C#C[C@@H]1CCC[C@H](N)C1
Nc1c(C(=O)c2ccccc2)[nH]c2cc(Cl)ccc12.O=C(O)CC(F)(F)F,O=C(CC(F)(F)F)Nc1c(C(=O)c2ccccc2)[nH]c2cc(Cl)ccc12
CC(C)C(NC(=O)Cn1c(-c2ccccc2)ncc(NC(=O)OCc2ccccc2)c1=O)C(O)C(F)(F)F,CC(C)C(NC(=O)Cn1c(-c2ccccc2)ncc(NC(=O)OCc2ccccc2)c1=O)C(=O)C(F)(F)F
CS(=O)(=O)Cl.OCCCCC1=CC1,CS(=O)(=O)OCCCCC1=CC1
COc1cc(C(=O)N(C)OC)cc(Cl)n1.N=C(c1ccccc1)c1ccccc1,COc1cc(C(=O)N(C)OC)cc(N=C(c2ccccc2)c2ccccc2)n1
COc1ccc2c(c1)NC(=O)NCC2,O=C1NCCc2ccc(O)cc2N1
CC(C)(C)OC(=O)NCC#CCn1ccc2ncnc(Nc3ccc(Oc4cccc(C(F)(F)F)c4)c(Cl)c3)c21,NCC#CCn1ccc2ncnc(Nc3ccc(Oc4cccc(C(F)(F)F)c4)c(Cl)c3)c21
CC(C)Oc1c(C(=O)O)oc2ccc(Cl)cc12.NCc1ccccc1,CC(C)Oc1c(C(=O)NCc2ccccc2)oc2ccc(Cl)cc12
CCC1C(=O)C(C)(C)C(=O)N1c1ccc(C#N)c(Cl)c1C,CC[C@@H]1[C@H](O)C(C)(C)C(=O)N1c1ccc(C#N)c(Cl)c1C
COCCOCCBr.COc1cc(C(C)(C)C)c(O)cc1C(C)(C)C,COCCOCCOc1cc(C(C)(C)C)c(OC)cc1C(C)(C)C
CC(C)(C)OC(=O)CC1(CC(=O)OC(C)(C)C)CC(c2cc(O)ccc2CCC(=O)OCc2ccccc2)=NO1.N=C(N)Nc1ccc(C(=O)Cl)cc1,CC(C)(C)OC(=O)CC1(CC(=O)OC(C)(C)C)CC(c2cc(OC(=O)c3ccc(NC(=N)N)cc3)ccc2CCC(=O)OCc2ccccc2)=NO1
CC(C)(C)OC(=O)N1CCC(S(=O)(=O)c2ccc3nccc(Nc4ccc5scnc5c4)c3c2)CC1,O=S(=O)(c1ccc2nccc(Nc3ccc4scnc4c3)c2c1)C1CCNCC1
CCCCCC(=O)Cl.Cc1c2c(nc3ccccc13)CCNCC2,CCCCCC(=O)N1CCc2nc3ccccc3c(C)c2CC1
CC(C)(C)CN1CCN(c2ccc([N+](=O)[O-])cc2C(F)(F)F)CC1,CC(C)(C)CN1CCN(c2ccc(N)cc2C(F)(F)F)CC1
C1=COCCC1.O=C1C[C@@H]2[C@@H](COCc3ccccc3)[C@H](O)C[C@@H]2O1,O=C1C[C@@H]2[C@@H](COCc3ccccc3)[C@H](OC3CCCCO3)C[C@@H]2O1
O=C(Cl)Cn1c(=O)sc2ccc(Cl)cc21.Sc1ccccc1,O=C(Cn1c(=O)sc2ccc(Cl)cc21)Sc1ccccc1
CC(C)(C)OC(=O)N1CCc2ncnc(Sc3cc(Nc4nc(CCc5ccccc5)cs4)ncc3Br)c2C1,Brc1cnc(Nc2nc(CCc3ccccc3)cs2)cc1Sc1ncnc2c1CNCC2
CCOC(=O)c1[nH]c2ccccc2c1N.S=C=Nc1cccc2ccccc12,CCOC(=O)c1[nH]c2ccccc2c1NC(=S)Nc1cccc2ccccc12
COC(=O)c1ccc(Nc2ccc(C)nc2)c(Cl)c1,Cc1ccc(Nc2ccc(C(=O)O)cc2Cl)cn1
C1CCNCC1.OCCCCl,OCCCN1CCCCC1
CC(=O)Oc1cc(Cl)c2c(c1)COC(=O)N2,O=C1Nc2c(Cl)cc(O)cc2CO1
Cc1cc(N)ccc1OCc1ccccn1.N#Cc1cnc2cc(Br)ccc2c1Cl,Cc1cc(Nc2c(C#N)cnc3cc(Br)ccc23)ccc1OCc1ccccn1
CCOc1cc2c(cc1C(F)(F)F)NC(=O)CC(c1cccc(-n3nncc3CO)c1)=N2.NCC(F)(F)F,CCOc1cc2c(cc1C(F)(F)F)NC(=O)CC(c1cccc(-n3nncc3CNCC(F)(F)F)c1)=N2
COC(=O)c1ccc(CNC2CCCCC2F)cc1.O=S(=O)(Cl)c1ccc(Cl)cc1,COC(=O)c1ccc(CN(C2CCCCC2F)S(=O)(=O)c2ccc(Cl)cc2)cc1
CCN(CC)C(=O)Cl.FC(F)C(F)(F)Sc1nc(-c2ccccc2)c(-c2ccccc2)[nH]1,CCN(CC)C(=O)n1c(SC(F)(F)C(F)F)nc(-c2ccccc2)c1-c1ccccc1
CCOC(=O)c1c(Cl)c2ccccc2n1-c1ccc(CNC(=O)C2(NC(=O)c3cc(OC)no3)CC2)cc1,COc1cc(C(=O)NC2(C(=O)NCc3ccc(-n4c(C(=O)O)c(Cl)c5ccccc54)cc3)CC2)on1
CCC(CC)C(=O)O.COc1cc(OCCO)c(F)c(C(Nc2ccc(C(N)=NC(=O)OCC(C)(C)C)cc2)c2nc(OCCl)n(-c3ncccn3)n2)c1,CCC(CC)C(=O)OCOc1nc(C(Nc2ccc(C(N)=NC(=O)OCC(C)(C)C)cc2)c2cc(OC)cc(OCCO)c2F)nn1-c1ncccn1
COC(=O)c1cnc(Cl)c(-c2ccc(Cl)cc2)c1,O=C(O)c1cnc(Cl)c(-c2ccc(Cl)cc2)c1
CCOC(=O)c1csc(CC)n1,CCc1nc(C(=O)O)cs1
O=C1c2ccc(Cl)cc2CCN1CC1CCNCC1.O=Cc1cc(-c2ccccc2)no1,O=C1c2ccc(Cl)cc2CCN1CC1CCN(Cc2cc(-c3ccccc3)no2)CC1
COC(=O)[C@@H]1CCCN1C(=O)CNC(=O)OC(C)(C)C,COC(=O)[C@@H]1CCCN1C(=O)CN
CCOC(=O)C(C)(C)Oc1ccc(OCc2cc(-c3ccc(OC(F)(F)F)cc3)nn2C)c(C)c1C,Cc1c(OCc2cc(-c3ccc(OC(F)(F)F)cc3)nn2C)ccc(OC(C)(C)C(=O)O)c1C
CCOC(=O)[C@@H]1N=C(c2oc3cccc(OCCCN(Cc4cccnc4)C(=O)OC(C)(C)C)c3c2C)O[C@H]1CC1CCCCC1.CN1CCNCC1,Cc1c(C2=N[C@@H](C(=O)N3CCN(C)CC3)[C@H](CC3CCCCC3)O2)oc2cccc(OCCCN(Cc3cccnc3)C(=O)OC(C)(C)C)c12
O=Cc1ccc(F)cc1.OCCNc1ncccn1,O=Cc1ccc(OCCNc2ncccn2)cc1
FCC(CF)OC1CCNCC1.O=C(O)c1cc(Cc2n[nH]c(=O)c3ccccc23)ccc1F,O=C(c1cc(Cc2n[nH]c(=O)c3ccccc23)ccc1F)N1CCC(OC(CF)CF)CC1
CS(=O)(=O)c1ccc2nc(-c3ccc(Br)cc3)[nH]c2c1.Cc1cccc(B(O)O)c1,Cc1cccc(-c2ccc(-c3nc4ccc(S(C)(=O)=O)cc4[nH]3)cc2)c1
NC(=S)NN=C(Cc1ccccc1[N+](=O)[O-])C(=O)O.[N-]=[N+]=Nc1ccc(C(=O)CBr)cc1,[N-]=[N+]=Nc1ccc(-c2csc(NN=C(Cc3ccccc3[N+](=O)[O-])C(=O)O)n2)cc1
CC1(NC(=O)OCc2ccccc2)CCNCC1.COCCOc1ccn2c(-c3ccc4cc(F)cc(Br)c4n3)cnc2c1,COCCOc1ccn2c(-c3ccc4cc(F)cc(N5CCC(C)(NC(=O)OCc6ccccc6)CC5)c4n3)cnc2c1
NC(=N[N+](=O)[O-])NCCC[C@@H](NC(=O)OCc1ccc2ccccc2c1)C(=O)O.NCc1ccc(CNC(N)=O)cc1,NC(=O)NCc1ccc(CNC(=O)[C@@H](CCCNC(N)=N[N+](=O)[O-])NC(=O)OCc2ccc3ccccc3c2)cc1
CC(C)(C)OC(=O)N1CCC(NC(=O)Nc2ccc(C(F)(F)F)cc2)CC1,O=C(Nc1ccc(C(F)(F)F)cc1)NC1CCNCC1
COC(=O)c1cnc(OC)c([N+](=O)[O-])c1,COc1ncc(C(=O)O)cc1[N+](=O)[O-]
O=C1CCc2cc(Br)ccc21.OB(O)c1cccs1,O=C1CCc2cc(-c3cccs3)ccc21
COC(=O)c1cc(O)c2cc(C#Cc3ccccc3)cc(OC)c2n1,COC(=O)c1cc(O)c2cc(CCc3ccccc3)cc(OC)c2n1
Cc1nc2c3c(c(C(=O)O)cc2n1C)CCC(c1ccccc1)O3.NCCO,Cc1nc2c3c(c(C(=O)NCCO)cc2n1C)CCC(c1ccccc1)O3
NCc1ccc2ncccc2c1.Nc1ncc(Br)nc1Br,Nc1ncc(Br)nc1NCc1ccc2ncccc2c1
CCOC(=O)c1cc(C#N)c(N2CCNCC2)nc1C(F)(F)F.COc1ccc(N=C=O)c(C)c1,CCOC(=O)c1cc(C#N)c(N2CCN(C(=O)Nc3ccc(OC)cc3C)CC2)nc1C(F)(F)F
CCOC(=O)C(Cc1ccc(OCCN2c3ccccc3Oc3ccccc32)c(I)c1)OCC,CCOC(Cc1ccc(OCCN2c3ccccc3Oc3ccccc32)c(I)c1)C(=O)O
CCc1cc2c(N3CCN(C(=O)Cc4ccccc4)CC3)nc(Cl)nc2s1.NC(=O)CS,CCc1cc2c(N3CCN(C(=O)Cc4ccccc4)CC3)nc(SCC(N)=O)nc2s1
CC(C)(C)OC(=O)N1C2CCC1CNC2.C[Si](C)(C)CCOCN(COCC[Si](C)(C)C)c1cc(Cl)nc2c(-c3ccc(-c4ccccc4)nc3)cnn12,CC(C)(C)OC(=O)N1C2CCC1CN(c1cc(N(COCC[Si](C)(C)C)COCC[Si](C)(C)C)n3ncc(-c4ccc(-c5ccccc5)nc4)c3n1)C2
CI.O=C1NCCc2nc(COc3ccccc3)oc21,CN1CCc2nc(COc3ccccc3)oc2C1=O
CS(=O)(=O)Nc1ccc([N+](=O)[O-])nc1,CS(=O)(=O)Nc1ccc(N)nc1
CC(C)(C)OC(=O)NCCSc1ccc(C#N)cn1,N#Cc1ccc(SCCN)nc1
CCOC(=O)C1(c2ccc(B3OC(C)(C)C(C)(C)O3)cc2)CC1.Cc1noc(-c2ccc(Br)cc2)c1C(O)C(=O)NCCc1ccccc1,CCOC(=O)C1(c2ccc(-c3ccc(-c4onc(C)c4C(O)C(=O)NCCc4ccccc4)cc3)cc2)CC1
CN(CC(=O)NNC(=O)OC(C)(C)C)C(=O)Oc1ccc(Cl)cc1C(=O)Nc1ccc([N+](=O)[O-])cc1Cl,CN(CC(=O)NN)C(=O)Oc1ccc(Cl)cc1C(=O)Nc1ccc([N+](=O)[O-])cc1Cl
CC(C)(C)N.Cc1cc(C(=O)O)ccc1Br,Cc1cc(C(=O)NC(C)(C)C)ccc1Br
COc1ccc2ncc(Cl)c(CC(O)C(O)[C@@H]3CC[C@@H](NC(=O)OC(C)(C)C)CC3)c2c1,COc1ccc2ncc3c(c2c1)CC(C(O)[C@@H]1CC[C@@H](NC(=O)OC(C)(C)C)CC1)O3
COC(=O)c1cc(F)cc(OC2CCN(CC(CC#N)n3cc(-c4ncnc5c4ccn5COCC[Si](C)(C)C)cn3)CC2F)c1,C[Si](C)(C)CCOCn1ccc2c(-c3cnn(C(CC#N)CN4CCC(Oc5cc(F)cc(CO)c5)C(F)C4)c3)ncnc21
COc1ccccc1-c1cccc(-n2cnc(C(=O)N(C)OC)c2)c1.Fc1ccc(Br)cc1,COc1ccccc1-c1cccc(-n2cnc(C(=O)c3ccc(F)cc3)c2)c1
CCOc1ccc(C(=O)Cl)cc1.N#[C][Cu],CCOc1ccc(C(=O)C#N)cc1
COc1cc(C(=O)N(C(C)C)C(C)C)ccc1OCCCCCOc1ccc(C(N)=NO)cc1,CC(C)N(C(=O)c1ccc(OCCCCCOc2ccc(C(N)=NO)cc2)c(O)c1)C(C)C
Cc1cc(Cl)ccc1C(N)c1ccccc1.Cc1ncccc1CNC1CCN(CC(=O)O)CC1,Cc1cc(Cl)ccc1C(NC(=O)CN1CCC(NCc2cccnc2C)CC1)c1ccccc1
Cc1nc(N(Cc2ccccc2)Cc2ccccc2)c([N+](=O)[O-])c(NCC2(O)CCCCC2)c1C,Cc1nc(N(Cc2ccccc2)Cc2ccccc2)c(N)c(NCC2(O)CCCCC2)c1C
OC1(CNCCOc2ccc(C#Cc3ccc(-c4ccc(Cl)cc4)cn3)cc2)CC1.OCCCBr,OCCCN(CCOc1ccc(C#Cc2ccc(-c3ccc(Cl)cc3)cn2)cc1)CC1(O)CC1
Nc1cccc(-c2c(Cc3ccccc3)cnc3c(C(F)(F)F)cccc23)c1.O=Cc1cc(C(F)(F)F)ccc1C(F)(F)F,FC(F)(F)c1ccc(C(F)(F)F)c(CNc2cccc(-c3c(Cc4ccccc4)cnc4c(C(F)(F)F)cccc34)c2)c1
C1CCNCC1.O=C(O)C(Br)c1ccc(Cl)cc1,O=C(O)C(c1ccc(Cl)cc1)N1CCCCC1
C#CCOCCO.COc1cc[nH]c1/C=C1\C(=O)Nc2cccc(I)c21,COc1cc[nH]c1/C=C1\C(=O)Nc2cccc(C#CCOCCO)c21
CC(C)(C)OC(=O)CCN.Cc1cc2nc3c(=O)[nH]c(=O)nc-3n(CCN3CCC(C(=O)O)CC3)c2cc1Cl,Cc1cc2nc3c(=O)[nH]c(=O)nc-3n(CCN3CCC(C(=O)O)CC3)c2cc1NCCC(=O)OC(C)(C)C
CN.O=Cc1ccc([N+](=O)[O-])cc1,CNCc1ccc([N+](=O)[O-])cc1
CI.CNC(=O)c1[nH]c2cccnc2c1Sc1ccccc1,CNC(=O)c1c(Sc2ccccc2)c2ncccc2n1C
CCOC(=O)c1nc(C(=O)N2CCC(C)CC2)c(-c2ccc(S(=O)(=O)NC(C)(C)CC)c(C)c2Cl)s1,CCC(C)(C)NS(=O)(=O)c1ccc(-c2sc(C(=O)O)nc2C(=O)N2CCC(C)CC2)c(Cl)c1C
CC(C)(C)OC(=O)N1CC=C(B2OC(C)(C)C(C)(C)O2)CC1.Cc1cc(Br)c2nc(N)nn2c1,Cc1cc(C2=CCN(C(=O)OC(C)(C)C)CC2)c2nc(N)nn2c1
COc1ccc(C=O)cc1CCl.Cc1cccc(C)c1O,COc1ccc(C=O)cc1COc1c(C)cccc1C
Brc1cnc(N2CCNCC2)nc1.CC(C)(C)OC(=O)N1CCO[C@H](Cn2cc(Nc3ncnc(Cl)n3)cn2)C1,CC(C)(C)OC(=O)N1CCO[C@H](Cn2cc(Nc3ncnc(N4CCN(c5ncc(Br)cn5)CC4)n3)cn2)C1
Nc1cccc(C(F)(F)F)c1.O=S(=O)(Cl)N1CCC2(CC1)OCCO2,O=S(=O)(Nc1cccc(C(F)(F)F)c1)N1CCC2(CC1)OCCO2
O=C(NCCC(O)c1cccc(C#CC2CCCCCC2)c1)C(F)(F)F,NCCC(O)c1cccc(C#CC2CCCCCC2)c1
CCOC(=O)CCc1cc(OCC(=O)NNC(C)=O)nn1Cc1ccc(Cl)cc1Cl,CCOC(=O)CCc1cc(OCc2nnc(C)o2)nn1Cc1ccc(Cl)cc1Cl
CNOC.COCOc1cc(OC)ccc1C(=O)O,COCOc1cc(OC)ccc1C(=O)N(C)OC
CCOC(=O)C=P(c1ccccc1)(c1ccccc1)c1ccccc1.O=C1CN(C(c2ccccc2)c2ccccc2)C1,CCOC(=O)C=C1CN(C(c2ccccc2)c2ccccc2)C1
COc1ccc(Cn2nc(NC3CCN(CCF)CC3)c3c(Oc4ccc(N)cc4F)ccnc32)cc1.O=C(O)c1ccnn(-c2ccc(F)cc2)c1=O,COc1ccc(Cn2nc(NC3CCN(CCF)CC3)c3c(Oc4ccc(NC(=O)c5ccnn(-c6ccc(F)cc6)c5=O)cc4F)ccnc32)cc1
CCN(CC)C(=O)c1ccc(C(=C2CCN(Cc3cscn3)CC2)c2ccccc2N)cc1.COC(=O)Cl,CCN(CC)C(=O)c1ccc(C(=C2CCN(Cc3cscn3)CC2)c2ccccc2NC(=O)OC)cc1
COC(=O)Cc1cc2ccc(F)cc2c(OS(=O)(=O)C(F)(F)F)c1C.Cc1ccc(CB2OC(C)(C)C(C)(C)O2)cc1,COC(=O)Cc1cc2ccc(F)cc2c(Cc2ccc(C)cc2)c1C
CN(C)C1CCNCC1.O=c1[nH]c(Cl)cc2c(Br)cc(Cl)cc12,CN(C)C1CCN(c2cc3c(Br)cc(Cl)cc3c(=O)[nH]2)CC1
CC(=O)Nc1cc(Cl)c(C=O)cn1.COc1c(Cl)ccc(B2OC(C)(C)C(C)(C)O2)c1F,COc1c(Cl)ccc(-c2cc(NC(C)=O)ncc2C=O)c1F
COc1ccc(C=C(C)C(=O)c2cc(OC)c(OC)c(OC)c2)cc1NC(=O)[C@@](N)(CO)C(=O)OC(C)(C)C,COc1ccc(C=C(C)C(=O)c2cc(OC)c(OC)c(OC)c2)cc1NC(=O)[C@@H](N)CO
COc1ccc2nc(-c3cc(-c4ccc(N5CCN(C(=O)OC(C)(C)C)CC5)nc4)cnc3N)[nH]c2c1,COc1ccc2nc(-c3cc(-c4ccc(N5CCNCC5)nc4)cnc3N)[nH]c2c1
CC(Br)C(=O)OCCSCc1ccccc1.Oc1ccc(O)cc1,CC(Oc1ccc(O)cc1)C(=O)OCCSCc1ccccc1
CC(C)(CN)c1ncc(Cl)cc1F,CC1(C)CNc2cc(Cl)cnc21
CCOC(=O)/C=C/c1cccn2nc(C)nc12.C[S+](C)(C)=O,CCOC(=O)C1CC1c1cccn2nc(C)nc12
COCCCNC(=O)Nc1snc(-c2ccc([N+](=O)[O-])cc2)c1C(N)=O,COCCCNC(=O)Nc1snc(-c2ccc(N)cc2)c1C(N)=O
CCSc1ccc(Cl)cc1CN.Nc1c(Br)cc(OC(F)(F)F)cc1C(=O)O,CCSc1ccc(Cl)cc1CNC(=O)c1cc(OC(F)(F)F)cc(Br)c1N
BrCc1ccccc1.Cc1c(Cl)ccc(C(=O)c2cnn(C)c2O)c1Cl,Cc1c(Cl)ccc(C(=O)c2cnn(C)c2OCc2ccccc2)c1Cl
CC(=O)OC(C)=O.CC(C)(C)OC(=O)N1CCN(C(CN)c2ccccc2Cl)CC1,CC(=O)NCC(c1ccccc1Cl)N1CCN(C(=O)OC(C)(C)C)CC1
NCc1ccc(C(=O)Nc2ccccc2N)cc1.O=C(O)c1cccc2cc(Oc3ccnc4cc(Cl)ccc34)ccc12,Nc1ccccc1NC(=O)c1ccc(CNC(=O)c2cccc3cc(Oc4ccnc5cc(Cl)ccc45)ccc23)cc1
COC(=O)c1cc2cc(Oc3ccc(S(C)(=O)=O)nc3)cc(O)c2[nH]1.COCC(O)COC,COCC(COC)Oc1cc(Oc2ccc(S(C)(=O)=O)nc2)cc2cc(C(=O)OC)[nH]c12
Fc1cc(Br)ccn1.NCCN1CCCC1,Brc1ccnc(NCCN2CCCC2)c1
CCSc1ccccc1C(=O)O.Nc1ccc(C(F)(C(F)(F)F)C(F)(F)F)cc1N,CCSc1ccccc1-c1nc2cc(C(F)(C(F)(F)F)C(F)(F)F)ccc2[nH]1
CCOC(=O)C1(COc2ccc3c(c2)CN(C(=N)N)CCC3)CCN(c2ccncc2)CC1,N=C(N)N1CCCc2ccc(OCC3(C(=O)O)CCN(c4ccncc4)CC3)cc2C1
COc1ccc2ncc(=O)n(CCCCOCc3ccccc3)c2n1,COc1ccc2ncc(=O)n(CCCCO)c2n1
COC(=O)CCCCCCCCCCCCCCCN=[N+]=[N-],COC(=O)CCCCCCCCCCCCCCCN
CCOC(=O)c1c(Br)[nH]c2c1CCc1cnccc1-2,CCOC(=O)c1c[nH]c2c1CCc1cnccc1-2
COc1cccc(CN(C)S(=O)(=O)c2ccc(Br)s2)c1,CN(Cc1cccc(O)c1)S(=O)(=O)c1ccc(Br)s1
COc1ccc(Cn2cc(-c3cc4n(-c5cc(NC(=O)c6cc(N7CCN(C)CC7)cc(C(C)(C)C)c6)ccc5C)ccn4n3)cn2)cc1,Cc1ccc(NC(=O)c2cc(N3CCN(C)CC3)cc(C(C)(C)C)c2)cc1-n1ccn2nc(-c3cn[nH]c3)cc12
CCC(=O)Cl.Oc1cccc(-c2nc(N3CCOCC3)c3nnn(CCN4CCNCC4)c3n2)c1,CCC(=O)N1CCN(CCn2nnc3c(N4CCOCC4)nc(-c4cccc(O)c4)nc32)CC1
BrCc1ccccc1.CC(=O)O[C@H](C)CCCCn1c(=O)c2c(=O)cc(C)[nH]c2n(C)c1=O,CC(=O)O[C@H](C)CCCCn1c(=O)c2c(=O)cc(C)n(Cc3ccccc3)c2n(C)c1=O
CCOC(=O)[C@@]12C[C@H]1C=CCCCCC[C@H](NC(=O)c1cc(C)on1)C(=O)N1C[C@H](Oc3nc4ccccc4c4ccccc34)C[C@H]1C(=O)N2,Cc1cc(C(=O)N[C@H]2CCCCCC=C[C@@H]3C[C@@]3(C(=O)O)NC(=O)[C@@H]3C[C@@H](Oc4nc5ccccc5c5ccccc45)CN3C2=O)no1
CCOP(=O)(CC(=O)Cl)OCC.NNc1nc2ccc(C(F)(F)F)cc2n(OCc2ccccc2)c1=O,CCOP(=O)(CC(=O)NNc1nc2ccc(C(F)(F)F)cc2n(OCc2ccccc2)c1=O)OCC
CCCC(C(=O)OC)c1c(C)nc2cc(C(C)(C)C)nn2c1Cl.OB(O)c1ccc(Cl)cc1F,CCCC(C(=O)OC)c1c(C)nc2cc(C(C)(C)C)nn2c1-c1ccc(Cl)cc1F
CC(C)(C)OC(=O)N1CCC(CNC(=O)C(F)(F)F)C1,CC(C)(C)OC(=O)N1CCC(CN)C1
C=O.c1ccc2c(c1)C1CCNCC2C1,CN1CCC2CC(C1)c1ccccc12
CC(C)(C)OC(=O)N1CCC(O)(C#C[Si](C)(C)C)CC1,C#CC1(O)CCN(C(=O)OC(C)(C)C)CC1
COC(=O)C(Cc1ccc(OC)c(CO)c1)C(=O)OC.Cc1ccc(N=C=O)cc1,COC(=O)C(Cc1ccc(OC)c(COC(=O)Nc2ccc(C)cc2)c1)C(=O)OC
CCn1cc(C(=O)O)c(=O)n(-c2ccc(F)cc2)c1=O.COc1cc2nccc(Oc3ccc(N)cc3F)c2cc1OC,CCn1cc(C(=O)Nc2ccc(Oc3ccnc4cc(OC)c(OC)cc34)c(F)c2)c(=O)n(-c2ccc(F)cc2)c1=O
CCC(C(=O)O)n1nc(C(F)(F)F)c(Cl)c1C.Fc1ccc(-n2ncc3c2CCCN3)cc1,CCC(C(=O)N1CCCc2c1cnn2-c1ccc(F)cc1)n1nc(C(F)(F)F)c(Cl)c1C
COP(=O)(OC)c1cc(-c2ccc(C)cc2)ccc1OC(C)C1CCCC1.O=C1CCC(=O)N1Br,COP(=O)(OC)c1cc(-c2ccc(CBr)cc2)ccc1OC(C)C1CCCC1
COc1ccc(C2(C(=O)N3CCOCC3)CCOCC2)cc1,COc1ccc(C2(CN3CCOCC3)CCOCC2)cc1
COC(=O)CBr.Cc1cc(-c2cncnc2)cc(C)c1O,COC(=O)COc1c(C)cc(-c2cncnc2)cc1C
NO.O=Cc1ccc(Br)c2ccccc12,ON=Cc1ccc(Br)c2ccccc12
C1CCNCC1.O=[N+]([O-])c1ccc(F)cc1F,O=[N+]([O-])c1ccc(F)cc1N1CCCCC1
CCO.O=C(O)CC[N+](=O)[O-],CCOC(=O)CC[N+](=O)[O-]
CCOC(=O)c1cc(Br)ccc1F.OB(O)C1=C(c2cc(Cl)ccc2OCc2ccc(F)cc2)CCC1,CCOC(=O)c1cc(C2=C(c3cc(Cl)ccc3OCc3ccc(F)cc3)CCC2)ccc1F
CS(=O)(=O)Cl.Fc1ccc(Oc2cc3nc(-c4ccccn4)[nH]c3cc2C2CCCN2)cc1,CS(=O)(=O)N1CCCC1c1cc2[nH]c(-c3ccccn3)nc2cc1Oc1ccc(F)cc1
O=[N+]([O-])c1cccnc1Cl.OCCO,O=[N+]([O-])c1cccnc1OCCO
N#Cc1ccc(Br)cc1Cl.OB(O)c1ccc(F)cc1F,N#Cc1ccc(-c2ccc(F)cc2F)cc1Cl
COc1ccc(C2CNC(=O)NC2)cc1O.OCCCCc1ccccc1,COc1ccc(C2CNC(=O)NC2)cc1OCCCCc1ccccc1
COc1cc(Cl)ccc1B(O)O.Cc1cc(NS(C)(=O)=O)ccc1-c1c(Br)csc1C=O,COc1cc(Cl)ccc1-c1csc(C=O)c1-c1ccc(NS(C)(=O)=O)cc1C
CC(C)(C)OC(=O)N1CCCc2cc(-c3cncc(C=CCS(C)(=O)=O)c3)cnc21,CC(C)(C)OC(=O)N1CCCc2cc(-c3cncc(CCCS(C)(=O)=O)c3)cnc21
CC[C@H](C[C@@](O)(C=O)C(F)(F)F)c1ccc(F)c(Cl)c1OC.Nc1cccc2[nH]c(=O)ccc12,CC[C@H](C[C@@](O)(C=Nc1cccc2[nH]c(=O)ccc12)C(F)(F)F)c1ccc(F)c(Cl)c1OC
CC1(C)OB(c2ccc(N)nc2)OC1(C)C.Cc1cc(-c2cc(C(F)(F)F)nc(-c3cccc(Br)c3)n2)ccc1Cl,Cc1cc(-c2cc(C(F)(F)F)nc(-c3cccc(-c4ccc(N)nc4)c3)n2)ccc1Cl
CCOC(=O)Cn1c(=NC(=O)c2ccc(C)cc2)sc2c(F)c(F)ccc21,Cc1ccc(C(=O)N=c2sc3c(F)c(F)ccc3n2CC(=O)O)cc1
CC1NCCn2cc(-c3ccc(F)nc3)nc21.O=C(O)c1cc2ncc(Br)cn2n1,CC1c2nc(-c3ccc(F)nc3)cn2CCN1C(=O)c1cc2ncc(Br)cn2n1
COc1cc(-c2cc(CN3CCC(N)CC3)ccn2)cc(OC)c1OC.O=[N+]([O-])c1ccccc1S(=O)(=O)Cl,COc1cc(-c2cc(CN3CCC(NS(=O)(=O)c4ccccc4[N+](=O)[O-])CC3)ccn2)cc(OC)c1OC
NCC(N)=O.O=C(O)c1cccc(OCCCOc2ncnc3scc(-c4ccc(F)cc4)c23)c1,NC(=O)CNC(=O)c1cccc(OCCCOc2ncnc3scc(-c4ccc(F)cc4)c23)c1
COC(=O)C(c1ccc(Cl)cc1)C1CC1,O=C(O)[C@@H](c1ccc(Cl)cc1)C1CC1
Clc1ncnc2[nH]ccc12.NC1(c2ccc(Cl)cc2)CCNCC1,NC1(c2ccc(Cl)cc2)CCN(c2ncnc3[nH]ccc23)CC1
Cc1ccc(O[C@H](C(=O)N2C(=O)OC[C@@H]2Cc2ccccc2)[C@H](O)c2ccc(O)cc2)cc1,Cc1ccc(O[C@@H](Cc2ccc(O)cc2)C(=O)N2C(=O)OC[C@@H]2Cc2ccccc2)cc1
CNCCN(C)C.COC(=O)[C@H]1CC[C@H](C(=O)O)CC1,COC(=O)[C@@H]1CC[C@@H](C(=O)N(C)CCN(C)C)CC1
CC(C)(C)OC(=O)[C@H](Cc1ccc(O)cc1)NC(=O)OCc1ccccc1.O=S(=O)(Cl)C(F)(F)F,CC(C)(C)OC(=O)[C@H](Cc1ccc(OS(=O)(=O)C(F)(F)F)cc1)NC(=O)OCc1ccccc1
Cc1ccc(Cl)nn1.NCc1ccccc1,Cc1ccc(NCc2ccccc2)nn1
CC(C)c1cccc(C(C)C)c1N=C=O.Cc1ccc(NCc2ccc(N(C)C)cc2)c(C)c1,Cc1ccc(N(Cc2ccc(N(C)C)cc2)C(=O)Nc2c(C(C)C)cccc2C(C)C)c(C)c1
FC(F)(F)c1cccnc1Cl,FC(F)(F)c1cccnc1
CCI.Oc1cnc2ccc(Cl)cc2c1,CCOc1cnc2ccc(Cl)cc2c1
OCCN1CCc2ccccc2C1,O=CCN1CCc2ccccc2C1
N=C(Nc1ccc([N+](=O)[O-])cc1)c1ccccc1,N=C(Nc1ccc(N)cc1)c1ccccc1
N[C@@H]1CCNC1.O=C(CC1CCCCC1)Nc1c(Cl)ccc2nc(Cl)ccc12,N[C@@H]1CCN(c2ccc3c(NC(=O)CC4CCCCC4)c(Cl)ccc3n2)C1
CNc1cc(Oc2ccnc(OC)c2)ccc1[N+](=O)[O-],CNc1cc(Oc2ccnc(OC)c2)ccc1N
O=C(O)c1ccc(B(O)O)cc1.O=S(=O)(OC1=CCC2(CC1)OCCO2)C(F)(F)F,O=C(O)c1ccc(C2=CCC3(CC2)OCCO3)cc1
C[C@@H]1CC(CNc2cccc(-c3cc(F)ncc3Cl)n2)C[C@H](C)O1.[NH4+],C[C@@H]1CC(CNc2cccc(-c3cc(N)ncc3Cl)n2)C[C@H](C)O1
COc1cc2c(cc1-c1c(C)noc1C)ncc1nc(Cl)n([C@H](C)c3ccccc3)c12.NCCO,COc1cc2c(cc1-c1c(C)noc1C)ncc1nc(NCCO)n([C@H](C)c3ccccc3)c12
CC(C)(C)OC(=O)N1C[C@@H](F)C[C@H]1CN.Cc1cnc(Cl)nc1Cl,Cc1cnc(Cl)nc1NC[C@@H]1C[C@H](F)CN1C(=O)OC(C)(C)C
Clc1ccc(Cl)nn1.OCCF,FCCOc1ccc(Cl)nn1
CCc1cccc(O)c1Br.COC(=O)c1ccc(F)c(C)c1,CCc1cccc(Oc2ccc(C(=O)OC)cc2C)c1Br
CCOC(=O)C(CC(C)C)c1cc(-c2ccc(C(F)(F)F)cc2)cc(C2CCCN(C(c3ccccc3)c3ccccc3)C2)c1,CC(C)CC(C(=O)O)c1cc(-c2ccc(C(F)(F)F)cc2)cc(C2CCCN(C(c3ccccc3)c3ccccc3)C2)c1
O=C(Nc1cnc(-c2cccc(C(F)(F)F)c2)cn1)c1cc(N2CCCCC2)ccc1[N+](=O)[O-],Nc1ccc(N2CCCCC2)cc1C(=O)Nc1cnc(-c2cccc(C(F)(F)F)c2)cn1
CCOC(=O)CP(=O)(OCC)OCC.O=Cc1ccc2cc(OCc3ccccc3)ccc2c1,CCOC(=O)/C=C/c1ccc2cc(OCc3ccccc3)ccc2c1
C1=COCCC1.COC(=O)c1ccc(O)cc1,COC(=O)c1ccc(OC2CCCCO2)cc1
Nc1ccccc1Cl.O=C(Cl)c1ccc(Cl)cc1Cl,O=C(Nc1ccccc1Cl)c1ccc(Cl)cc1Cl
COC(=O)c1c(Cl)c2c(F)cccc2n1-c1ccc(CNC(=O)OC(C)(C)C)cc1,COC(=O)c1c(Cl)c2c(F)cccc2n1-c1ccc(CN)cc1
CCOC(=O)Cl.c1ccc(CN2CC3CCNC3C2)cc1,CCOC(=O)N1CCC2CN(Cc3ccccc3)CC21
C[Si](C)(C)C#Cc1ccccc1Cl,C#Cc1ccccc1Cl
C1COCCN1.O=C1OCC(Br)=C1Br,O=C1OCC(N2CCOCC2)=C1Br
Cc1ccc2c(c1)CCCN2.O=C(O)c1cccnc1Oc1ccc(F)c(Cl)c1,Cc1ccc2c(c1)CCCN2C(=O)c1cccnc1Oc1ccc(F)c(Cl)c1
Nc1cc(C(F)(F)F)ccc1O.O=C(Cl)CCl,O=C(CCl)Nc1cc(C(F)(F)F)ccc1O
Nc1ccc(Br)cc1.O=[N+]([O-])c1cccc(Cl)c1F,O=[N+]([O-])c1cccc(Cl)c1Nc1ccc(Br)cc1
COC(=O)Cc1cccc(OC)c1OCCCc1cn(-c2cccc(C(F)(F)F)n2)nc1C(C)C,COc1cccc(CC(=O)O)c1OCCCc1cn(-c2cccc(C(F)(F)F)n2)nc1C(C)C
CNC(=O)CCl.COc1cc(F)c(C(OC)C(=O)NCc2ccc(C#N)cc2O)c(F)c1,CNC(=O)COc1cc(C#N)ccc1CNC(=O)C(OC)c1c(F)cc(OC)cc1F
ClCC=Cc1ccc(Cl)cc1.Nc1ccccc1N,Nc1ccccc1NCC=Cc1ccc(Cl)cc1
CC(C)(C)OC(=O)N[C@H]1COc2ccccc2NC1=O.CC(C)c1ccc(CCl)cc1,CC(C)c1ccc(CN2C(=O)[C@H](NC(=O)OC(C)(C)C)COc3ccccc32)cc1
CCOC(=O)O[C@H](CCCc1ccc(OCc2nc(-c3ccccc3)sc2C)cc1)C(N)=O,Cc1sc(-c2ccccc2)nc1COc1ccc(CCC[C@H]2OC(=O)NC2=O)cc1
CCCCNC(=O)N1CCc2ccc(S(N)(=O)=O)cc2CC1.O=C=NC1CCCCC1,CCCCNC(=O)N1CCc2ccc(S(=O)(=O)NC(=O)NC3CCCCC3)cc2CC1
CCC[CH2][Sn]([CH2]CCC)([CH2]CCC)[CH2]CCC.COC(=O)c1nc(Br)c2nc(-c3ccccc3)oc2c1O,CCCCc1nc(C(=O)OC)c(O)c2oc(-c3ccccc3)nc12
CNC.O=C(N1CCc2ccc(S(=O)(=O)Cl)cc2C1)C(F)(F)F,CN(C)S(=O)(=O)c1ccc2c(c1)CN(C(=O)C(F)(F)F)CC2
CC1(C)CNc2cccc(F)c21.Cn1c(CC(=O)[O-])nc(N2CCOCC2)cc1=O,Cn1c(CC(=O)N2CC(C)(C)c3c(F)cccc32)nc(N2CCOCC2)cc1=O
CCO.Cc1nc2c3c(ccn2c1C)[C@@H](O)[C@H](O)[C@@H](c1ccccc1)N3,CCO[C@@H]1c2ccn3c(C)c(C)nc3c2N[C@H](c2ccccc2)[C@H]1O
C#CCSc1ccc(N(C)C(=O)NC(=O)c2c(F)cccc2F)c(F)c1.O=C(OO)c1cccc(Cl)c1,C#CCS(=O)c1ccc(N(C)C(=O)NC(=O)c2c(F)cccc2F)c(F)c1
Cn1ncnc1CCl.Oc1nc2c(cc1Br)nnn2-c1ccccc1F,Cn1ncnc1COc1nc2c(cc1Br)nnn2-c1ccccc1F
NCCO.Nc1nc(Cl)c2ncn([C@H]3C=C[C@@H](CO)C3)c2n1,Nc1nc(NCCO)c2ncn([C@H]3C=C[C@@H](CO)C3)c2n1
C1CCNC1.Cc1cc(/C(F)=C/c2ccc(SC(F)(F)F)cc2)nn1Cc1cccc(C(=O)O)c1,Cc1cc(/C(F)=C/c2ccc(SC(F)(F)F)cc2)nn1Cc1cccc(C(=O)N2CCCC2)c1
CCC(=O)Oc1ccc(C[C@H](NC(=O)OC(C)(C)C)C(N)=O)cc1OC(=O)CC,CCC(=O)Oc1ccc(C[C@H]([NH3+])C(N)=O)cc1OC(=O)CC
C[C@@H]1COCCN1C(=O)c1ccc(Nc2cc(-c3ccnc(-n4ncc5cc(C(C)(C)C)cc(F)c5c4=O)c3C=O)cn(C)c2=O)nc1,C[C@@H]1COCCN1C(=O)c1ccc(Nc2cc(-c3ccnc(-n4ncc5cc(C(C)(C)C)cc(F)c5c4=O)c3CO)cn(C)c2=O)nc1
CO[C@H]1C[C@]2(C)C(=O)CC[C@H]2[C@@H]2CCc3cc(O)ccc3[C@H]21.Cc1ccc(S(=O)(=O)NN)cc1,CO[C@H]1C[C@]2(C)C(=NNS(=O)(=O)c3ccc(C)cc3)CC[C@H]2[C@@H]2CCc3cc(O)ccc3[C@H]21
CC(C)(CO)NS(=O)(=O)c1cccc(N)c1.CCOc1cc(-c2cc(C(F)F)n3ncc(C(=O)O)c3n2)ccc1C(F)(F)F,CCOc1cc(-c2cc(C(F)F)n3ncc(C(=O)Nc4cccc(S(=O)(=O)NC(C)(C)CO)c4)c3n2)ccc1C(F)(F)F
CC(C)(C)OC(=O)N1CCCC(Cc2nc3ccccc3s2)C1,c1ccc2sc(CC3CCCNC3)nc2c1
COc1cn(-c2ccc(-n3cc(F)c(F)c3)cc2OCc2ccccc2)nc(-c2ccnn2-c2ccccc2)c1=O,COc1cn(-c2ccc(-n3cc(F)c(F)c3)cc2O)nc(-c2ccnn2-c2ccccc2)c1=O
COc1cccc2c(=O)c3ccccc3oc12,O=c1c2ccccc2oc2c(O)cccc12
CC(C)CCC[C@@H](C)[C@H]1CC[C@@]2(C#N)C3=C(CC[C@]12C)[C@@]1(C)CC[C@H](OC(=O)c2ccccc2)C(C)(C)[C@@H]1CC3,CC(C)CCC[C@@H](C)[C@H]1CC[C@@]2(C#N)C3=C(CC[C@]12C)[C@@]1(C)CC[C@H](O)C(C)(C)[C@@H]1CC3
CCC(C)=O.COc1c(C(C)n2nc(C)c3c(N)ncnc32)cc(Cl)c(C)c1C1CNC1,CCC(C)N1CC(c2c(C)c(Cl)cc(C(C)n3nc(C)c4c(N)ncnc43)c2OC)C1
CC(C)(C)OC(=O)NC1CCCN1c1cc(Cl)nc(Cl)c1.COc1ccc(CN)cc1,COc1ccc(CNc2cc(N3CCCC3NC(=O)OC(C)(C)C)cc(Cl)n2)cc1
CCOC(=O)c1ccc(NC(=O)C(C)CSC(C)=O)nc1,CCOC(=O)c1ccc(NC(=O)C(C)CS)nc1
CC(C)(C)c1cc(N=C=O)n(-c2ccccc2)n1.CN1CCN(c2cnc3c(Oc4ccc(N)c(F)c4)ccnc3n2)CC1,CN1CCN(c2cnc3c(Oc4ccc(NC(=O)Nc5cc(C(C)(C)C)nn5-c5ccccc5)c(F)c4)ccnc3n2)CC1
COC(=O)CNS(=O)(=O)c1ccc(OCC2CC2)cc1.ClCc1ccc(-n2nccn2)cc1,COC(=O)CN(Cc1ccc(-n2nccn2)cc1)S(=O)(=O)c1ccc(OCC2CC2)cc1
CCOC(=O)C(OCC)C(=O)[O-].Nc1ccc(Br)cc1,CCOC(=O)C(OCC)C(=O)Nc1ccc(Br)cc1
CC(C)(C)c1cc(N)n(-c2cccc(O)c2)n1.CN(C)CCO,CN(C)CCOc1cccc(-n2nc(C(C)(C)C)cc2N)c1
CNC.O=Cc1ccc(-c2cccc(-c3ccnc4c(C(=O)c5cccs5)cnn34)c2)cc1,CN(C)Cc1ccc(-c2cccc(-c3ccnc4c(C(=O)c5cccs5)cnn34)c2)cc1
Clc1ccc2[nH]c(Br)cc2n1.Clc1cccc(CBr)c1,Clc1cccc(Cn2c(Br)cc3nc(Cl)ccc32)c1
COC(=O)c1cc(O)c2cc(Br)cc(OCc3ccccc3)c2n1,COC(=O)c1cc(O)c2cc(Br)cc(O)c2n1
CC(=O)N1CCC(C(=O)Cl)(c2ccccc2Sc2ccccc2)CC1,CC(=O)N1CCC2(CC1)C(=O)c1ccccc1Sc1ccccc12
COc1ccccc1N(CC(=O)OC(C)(C)C)C(=O)CN.Cc1cccc(N=C=O)c1,COc1ccccc1N(CC(=O)OC(C)(C)C)C(=O)CNC(=O)Nc1cccc(C)c1
COc1ccccc1NC(=O)[C@@H]1Cc2cccnc2N1C(=O)[C@@H](NC(=O)[C@H](C)N(C)C(=O)OC(C)(C)C)C(C)C,CN[C@@H](C)C(=O)N[C@H](C(=O)N1c2ncccc2C[C@H]1C(=O)Nc1ccccc1OC)C(C)C
CC(=O)OC(C)=O.Cn1nc(CCN2CCN(c3cccc(N)c3)CC2)n(CC2CCCCC2)c1=O,CC(=O)Nc1cccc(N2CCN(CCc3nn(C)c(=O)n3CC3CCCCC3)CC2)c1
CCCn1c(=O)c(NC(=O)OC(C)(C)C)nc2ccccc21,CCCn1c(=O)c(N)nc2ccccc21
COc1ccc2cnc(N)cc2c1.Clc1cc(CN2CCCC2)ccn1,COc1ccc2cnc(Nc3cc(CN4CCCC4)ccn3)cc2c1
CC(=O)S[C@@H](CC(C)C)C(=O)O.CCOc1nc(CC)c(CN)n1Cc1ccc(-c2ccccc2C(=O)OC(C)(C)C)cc1F,CCOc1nc(CC)c(CNC(=O)[C@H](CC(C)C)SC(C)=O)n1Cc1ccc(-c2ccccc2C(=O)OC(C)(C)C)cc1F
Cc1nc2c3c(nn2c(C)c1Cl)CN(C(=O)c1ccccc1CO[C@H]1CCCN(C(=O)OC(C)(C)C)C1)C3,Cc1nc2c3c(nn2c(C)c1Cl)CN(C(=O)c1ccccc1CO[C@H]1CCCNC1)C3
Cc1c(C=CCCCC(=O)O)cccc1C(=O)c1ccc(Cl)cc1,Cc1c(CCCCCC(=O)O)cccc1C(=O)c1ccc(Cl)cc1
CC1(C)OC(=O)C(=CC(=O)Cl)O1.CONCc1ccc(OC)cc1,COc1ccc(CN(OC)C(=O)C=C2OC(C)(C)OC2=O)cc1
C1CCNC1.Clc1ccc(I)cn1,Ic1ccc(N2CCCC2)nc1
CS(=O)(=O)Cl.C[Si](C)(C)CCOCn1ccc2nc(NC(=O)NC3CCCNC3)cnc21,C[Si](C)(C)CCOCn1ccc2nc(NC(=O)N[C@@H]3CCCN(S(C)(=O)=O)C3)cnc21
CC(=O)c1sc(N2CCNC2=O)nc1C.Fc1ccc(CBr)cc1,CC(=O)c1sc(N2CCN(Cc3ccc(F)cc3)C2=O)nc1C
NCc1cccnc1.O=C(Cl)Oc1ccc([N+](=O)[O-])cc1,O=C(NCc1cccnc1)Oc1ccc([N+](=O)[O-])cc1
COC(=O)C(C)Oc1cc(Cl)ccc1CCl.Cn1nc(-c2ccc(O)cc2)c(Cl)c1OC(F)F,COC(=O)C(C)Oc1cc(Cl)ccc1COc1ccc(-c2nn(C)c(OC(F)F)c2Cl)cc1
NC1CC1.O=C(Nc1ccncc1F)c1cnc2c(Br)cc(Cl)nn12,O=C(Nc1ccncc1F)c1cnc2c(NC3CC3)cc(Cl)nn12
COc1ncc(B2OC(C)(C)C(C)(C)O2)cc1NS(=O)(=O)c1ccc(F)cc1F.C[Si](C)(C)C#Cc1cnc2ccc(Br)nn12,COc1ncc(-c2ccc3ncc(C#C[Si](C)(C)C)n3n2)cc1NS(=O)(=O)c1ccc(F)cc1F
C=O.COCCOc1cncc(OC[C@@H]2CCCN2)c1,COCCOc1cncc(OC[C@@H]2CCCN2C)c1
O=c1ccn2c3ccc(Br)cc3c3cc(O)cc1c32.OCCCCCl,O=c1ccn2c3ccc(Br)cc3c3cc(OCCCCO)cc1c32
COc1ccc(OC)c(C=O)c1.Nc1cccc(-c2c(Cc3ccccc3)cnc3c(C(F)(F)F)cccc23)c1,COc1ccc(OC)c(CNc2cccc(-c3c(Cc4ccccc4)cnc4c(C(F)(F)F)cccc34)c2)c1
CO.O=C(O)c1cccc(Cc2ccccc2)c1O,COC(=O)c1cccc(Cc2ccccc2)c1O
CC(C)c1cc(N)cc2c1OCC2(C)C.CCOC(=O)c1ccc(I)cc1,CCOC(=O)c1ccc(Nc2cc(C(C)C)c3c(c2)C(C)(C)CO3)cc1
CCCCCC[P+](c1ccccc1)(c1ccccc1)c1ccccc1.O=C(c1ccccc1)c1ccccc1,CCCCCC=C(c1ccccc1)c1ccccc1
COC(=O)c1ccccc1-c1ccc(CBr)cc1.Cc1ccnc2[nH]c(C3CC3)nc12,COC(=O)c1ccccc1-c1ccc(Cn2c(C3CC3)nc3c(C)ccnc32)cc1
C[C@H](Nc1nc(Cl)cc(Cl)n1)c1ccc(F)cc1.OB(O)c1cncnc1,C[C@H](Nc1nc(Cl)cc(-c2cncnc2)n1)c1ccc(F)cc1
Nc1cnc(OCC(F)(F)F)c(-c2ccc(Cl)cc2)c1.O=C(O)C1CCCO1,O=C(Nc1cnc(OCC(F)(F)F)c(-c2ccc(Cl)cc2)c1)C1CCCO1
CCOC(=O)c1cc(CO)n(Cc2cc(-c3ccc(Cl)s3)on2)n1,O=C(O)c1cc(CO)n(Cc2cc(-c3ccc(Cl)s3)on2)n1
CC1C=CC2=C(C1=O)C(N)CC(C)(C)C=N2.C[C@H](NC(=O)Cc1cc(F)cc(F)c1)C(=O)O,CC1C=CC2=C(C1=O)C(NC(=O)[C@H](C)NC(=O)Cc1cc(F)cc(F)c1)CC(C)(C)C=N2
CC(=O)NCCN1CCNCC1.CCOc1cc(C(C)(C)C)ccc1C1=N[C@@](C)(c2ccc(Cl)cc2)[C@@](C)(c2ccc(Cl)cc2)N1C(=O)Cl,CCOc1cc(C(C)(C)C)ccc1C1=N[C@@](C)(c2ccc(Cl)cc2)[C@@](C)(c2ccc(Cl)cc2)N1C(=O)N1CCN(CCNC(C)=O)CC1
CC1(C)OB(c2cncc(NS(=O)(=O)c3ccccc3)c2)OC1(C)C.CS(=O)(=O)CCNC1CCN(c2cnc3ccc(Br)cc3n2)CC1,CS(=O)(=O)CCNC1CCN(c2cnc3ccc(-c4cncc(NS(=O)(=O)c5ccccc5)c4)cc3n2)CC1
C1CCNCC1.Cc1oncc1C(=O)O,Cc1oncc1C(=O)N1CCCCC1
CC(C)(C)OC(=O)NC1CCNCC1.COc1ccc2nnc(=O)n(CC=O)c2c1,COc1ccc2nnc(=O)n(CCN3CCC(NC(=O)OC(C)(C)C)CC3)c2c1
O=C(NCc1ccccc1)c1ccc(-c2nc3ccccc3n2-c2ccc(OC3CCCCO3)cc2)cc1,O=C(NCc1ccccc1)c1ccc(-c2nc3ccccc3n2-c2ccc(O)cc2)cc1
COC(=O)c1cc([N+](=O)[O-])ccc1O.OC(c1ccccc1)c1ccc(F)cc1,COC(=O)c1cc([N+](=O)[O-])ccc1OC(c1ccccc1)c1ccc(F)cc1
COC(=O)C(=O)c1ccc(OCCCCOc2ccccc2)cc1,O=C(O)C(=O)c1ccc(OCCCCOc2ccccc2)cc1
CC(=O)N1CCN(c2ccc([N+](=O)[O-])c(OC3COC3)n2)CC1,CC(=O)N1CCN(c2ccc(N)c(OC3COC3)n2)CC1
CC(=O)c1cc2cccnc2n1-c1cccc(F)c1.[NH4+],CC(N)c1cc2cccnc2n1-c1cccc(F)c1
COc1ccccc1C(=O)Cl.NCCC(=O)O,COc1ccccc1C(=O)NCCC(=O)O
COc1nc2ccc(C(O)c3cnc(C)n3C)cc2c(Cl)c1Cc1ccc(C(F)(F)F)cc1,COc1nc2ccc(C(=O)c3cnc(C)n3C)cc2c(Cl)c1Cc1ccc(C(F)(F)F)cc1
COc1cc2nccc(Oc3ccc(N)cc3)c2cc1OC.O=C=NC1CCCCC1,COc1cc2nccc(Oc3ccc(NC(=O)NC4CCCCC4)cc3)c2cc1OC
CC(=O)OCc1c(Br)cc(F)cc1N1CCn2c(cc3c2C2CCC3C2)C1=O.Cn1cc(B2OC(C)(C)C(C)(C)O2)cc(Nc2ccncn2)c1=O,CC(=O)OCc1c(-c2cc(Nc3ccncn3)c(=O)n(C)c2)cc(F)cc1N1CCn2c(cc3c2C2CCC3C2)C1=O
CCOc1ccc(Cn2c(C)nc3c(C)cc(CO)cc32)c(Cl)c1.COC(=O)c1ccccc1O,CCOc1ccc(Cn2c(C)nc3c(C)cc(COc4ccccc4C(=O)OC)cc32)c(Cl)c1
CC(C)(C)OC(=O)/C=C/c1cc[nH]c1.O=S(=O)(Cl)c1cccc(-c2ccccc2)c1,CC(C)(C)OC(=O)/C=C/c1ccn(S(=O)(=O)c2cccc(-c3ccccc3)c2)c1
O=Cc1ccc(Oc2cccc(C(F)(F)F)c2)cc1,OCc1ccc(Oc2cccc(C(F)(F)F)c2)cc1
COc1ccc(SC(CCCCc2ccccc2)CC(=O)NO)cc1OC.O=C(OO)c1cccc(Cl)c1,COc1ccc(S(=O)C(CCCCc2ccccc2)CC(=O)NO)cc1OC
Cc1cc(NC(=O)c2cc(C)nn2C)cc(Oc2ccc3nc(N)nn3c2)c1.O=C(Cl)C1CC1,Cc1cc(NC(=O)c2cc(C)nn2C)cc(Oc2ccc3nc(NC(=O)C4CC4)nn3c2)c1
CCOC(=O)CCNC(=O)c1ccc(NC(CC(C)C)c2oc3ccc(OC)cc3c2C)cc1,COc1ccc2oc(C(CC(C)C)Nc3ccc(C(=O)NCCC(=O)O)cc3)c(C)c2c1
CC(Br)C(N)=O.CN(C1=NC(=O)C(=Cc2ccc3c(cnn3Cc3ccc(C(F)(F)F)cc3C(F)(F)F)c2)S1)C1CCNCC1,CC(C(N)=O)N1CCC(N(C)C2=NC(=O)C(=Cc3ccc4c(cnn4Cc4ccc(C(F)(F)F)cc4C(F)(F)F)c3)S2)CC1
N=C(N)N1CCC(CCC(=O)O)CC1.Oc1ccc(-c2ccccc2)cc1,N=C(N)N1CCC(CCC(=O)Oc2ccc(-c3ccccc3)cc2)CC1
N#Cc1ccc(F)cc1.Sc1c[nH]nn1,N#Cc1ccc(Sc2c[nH]nn2)cc1
Cc1ccc2cc(Br)ccc2n1.OB(O)c1ccc2ccc3cccc4ccc1c2c34,Cc1ccc2cc(-c3ccc4ccc5cccc6ccc3c4c56)ccc2n1
Fc1cccc(COc2ccc(Nc3ncnc4cccc(OC5CCNCC5)c34)cc2Cl)c1.NC(=O)CCl,NC(=O)CN1CCC(Oc2cccc3ncnc(Nc4ccc(OCc5cccc(F)c5)c(Cl)c4)c23)CC1
CC1(C)OB(c2ccc(C3(C(N)=O)CC3)cc2)OC1(C)C.NC(c1ccc(Br)cc1)c1ccc(F)cc1F,NC(=O)C1(c2ccc(-c3ccc(C(N)c4ccc(F)cc4F)cc3)cc2)CC1
CC(C)(C)OC(=O)n1cc(B2OC(C)(C)C(C)(C)O2)cn1.COC(=O)c1cn2cc(Br)cc(C(F)(F)F)c2n1,COC(=O)c1cn2cc(-c3cnn(C(=O)OC(C)(C)C)c3)cc(C(F)(F)F)c2n1
O=S(=O)(Cl)C(F)(F)F.OCC(F)(F)C(F)(F)C(F)(F)C(F)(F)C(F)(F)C(F)(F)C(F)(F)F,O=S(=O)(OCC(F)(F)C(F)(F)C(F)(F)C(F)(F)C(F)(F)C(F)(F)C(F)(F)F)C(F)(F)F
CC(C)(C)c1ccnc(CN(Cc2ccc(CN)cc2CO)C2CCCc3cccnc32)c1.O=C(O)C1Cc2ccccc2CN1,CC(C)(C)c1ccnc(CN(Cc2ccc(CNC(=O)C3Cc4ccccc4CN3)cc2CO)C2CCCc3cccnc32)c1
NC1CCN(Cc2ccccc2)CC1.O=C(Cl)c1ccc(Cl)cc1,O=C(NC1CCN(Cc2ccccc2)CC1)c1ccc(Cl)cc1
CC(C)(C)c1ccc(COc2ccc(C=O)cc2)cc1.O=C1CSC(=S)N1,CC(C)(C)c1ccc(COc2ccc(C=C3SC(=S)NC3=O)cc2)cc1
CC(C)(C)OC(=O)N1[C@@H](c2ccc(OCc3ccccc3F)cc2)CC[C@]12CCNC2=O.CI,CN1CC[C@]2(CC[C@H](c3ccc(OCc4ccccc4F)cc3)N2C(=O)OC(C)(C)C)C1=O
CN.O=C(O)c1ccc(I)c([N+](=O)[O-])c1,CNC(=O)c1ccc(I)c([N+](=O)[O-])c1
C[C@H]1Cn2c(cc(Cl)nc2=O)N1C.OCc1cc(F)c(F)cc1F,C[C@H]1Cn2c(cc(OCc3cc(F)c(F)cc3F)nc2=O)N1C
O=C(O)C[C@@H]1COc2cc(O[C@@H]3CCc4c(C(=O)C5CCOCC5)cccc43)ccc21.[CH3][Mg+],CC(O)(c1cccc2c1CC[C@H]2Oc1ccc2c(c1)OC[C@H]2CC(=O)O)C1CCOCC1
CC(C)(C)OC(=O)N[C@H]1CCCN(c2ccncc2N)C1.COCc1cnc2c(C(=O)O)c(NC(=O)OC(C)(C)C)sc2c1,COCc1cnc2c(C(=O)Nc3cnccc3N3CCC[C@H](NC(=O)OC(C)(C)C)C3)c(NC(=O)OC(C)(C)C)sc2c1
CC(C)(C)OC(=O)N[C@H]1CCNC1.CCS(=O)(=O)c1ccc(Cl)cc1Cn1c(=O)[nH]c2c(Cl)c(C=O)c(C(F)(F)F)cc2c1=O,CCS(=O)(=O)c1ccc(Cl)cc1Cn1c(=O)[nH]c2c(Cl)c(CN3CC[C@H](NC(=O)OC(C)(C)C)C3)c(C(F)(F)F)cc2c1=O
COCCCCC1(CNC(=O)[C@H]2C[C@H](C(=O)O)CN(C(=O)OC(C)(C)C)C2)c2ccccc2Oc2ccccc21.NCCc1ccccc1,COCCCCC1(CNC(=O)[C@H]2C[C@H](C(=O)NCCc3ccccc3)CN(C(=O)OC(C)(C)C)C2)c2ccccc2Oc2ccccc21
CCCCS.CCCc1c(Cl)c2cc(Br)ccc2oc1=O,CCCCSc1c(CCC)c(=O)oc2ccc(Br)cc12
CN(C)c1cccc(CN)c1.COc1cc(OC)nc(-n2c(=S)[nH]c3cc(C(=O)O)ccc3c2=O)n1,COc1cc(OC)nc(-n2c(=S)[nH]c3cc(C(=O)NCc4cccc(N(C)C)c4)ccc3c2=O)n1
C1CCC2NCCCC2C1.Nc1ccc(C(=O)O)cc1[N+](=O)[O-],Nc1ccc(C(=O)N2CCC[C@@H]3CCCC[C@H]32)cc1[N+](=O)[O-]
O=C(C1CCCO1)N1CCNCC1.O=C(O)c1nc2c(s1)CCOc1cc(-c3cn[nH]c3)ccc1-2,O=C(c1nc2c(s1)CCOc1cc(-c3cn[nH]c3)ccc1-2)N1CCN(C(=O)[C@H]2CCCO2)CC1
COc1ccccc1CN.O=[N+]([O-])c1ccccc1F,COc1ccccc1CNc1ccccc1[N+](=O)[O-]
CC(C)c1ccc(NC(=O)C2CCCc3c(OCc4ccccc4)cccc32)cn1.CCc1nc(CCl)cs1,CCc1nc(CN(C(=O)C2CCCc3c(OCc4ccccc4)cccc32)c2ccc(C(C)C)nc2)cs1
COCCNCCOC.O=C1c2c(Cl)cccc2-n2cnc(-c3noc(CCl)n3)c2[C@@H]2CCN12,COCCN(CCOC)Cc1nc(-c2ncn3c2[C@@H]2CCN2C(=O)c2c(Cl)cccc2-3)no1
CC(C)c1cccc(N)c1.O=C(O)c1cncc(Br)c1,CC(C)c1cccc(NC(=O)c2cncc(Br)c2)c1
CC(=O)N[C@@H]1CC[C@@H](c2ccc(Cl)c(Cl)c2)c2ccccc21,N[C@@H]1CC[C@@H](c2ccc(Cl)c(Cl)c2)c2ccccc21
CCc1nc(C)ccc1C(=O)OC,CCc1nc(C)ccc1CO
CS(=O)(=O)CCBr.N#Cc1ccc(C2NC(=O)N(c3cccc(C(F)(F)F)c3)C3=C2C(=O)CCC3)cc1,CS(=O)(=O)CCN1C(=O)N(c2cccc(C(F)(F)F)c2)C2=C(C(=O)CCC2)C1c1ccc(C#N)cc1
CC1(C)NC(=O)NC1=O.CI,CN1C(=O)NC(C)(C)C1=O
COc1ccc(-c2nn3cnnc3c3ccccc23)cn1,Oc1ccc(-c2nn3cnnc3c3ccccc23)cn1
CC(C)(C)OC(=O)N1CCN(c2cccc(-c3cc(Br)c4c(N)ncnn34)c2)CC1.CC1(C)OB(c2ccc3cn(Cc4ccccc4)nc3c2)OC1(C)C,CC(C)(C)OC(=O)N1CCN(c2cccc(-c3cc(-c4ccc5cn(Cc6ccccc6)nc5c4)c4c(N)ncnn34)c2)CC1
COc1ncc(F)cc1-c1ccc(C(C)N)cc1.Cn1cc(S(=O)(=O)Cl)c(C(F)(F)F)n1,COc1ncc(F)cc1-c1ccc(C(C)NS(=O)(=O)c2cn(C)nc2C(F)(F)F)cc1
CC(=O)c1ccccc1.CCOC(=O)CC#N,CCOC(=O)C(C#N)=C(C)c1ccccc1
CC(C)(C)OC(=O)N1CCC(Oc2cccc(Cn3ncc4cc(-c5ccc(Cl)cc5)sc4c3=O)n2)CC1,O=c1c2sc(-c3ccc(Cl)cc3)cc2cnn1Cc1cccc(OC2CCNCC2)n1
Nc1c([N+](=O)[O-])cc[nH]c1=O,Nc1cc[nH]c(=O)c1N
N#Cc1cc(F)cc2[nH]ccc12,NCc1cc(F)cc2[nH]ccc12
CC1(C)OB(c2cn[nH]c2)OC1(C)C.COc1cc(Br)cc(OC)c1-c1ccc(N(C)C2CC(C)(C)NC(C)(C)C2)nn1,COc1cc(-c2cn[nH]c2)cc(OC)c1-c1ccc(N(C)C2CC(C)(C)NC(C)(C)C2)nn1
C[C@@H](Nc1c(C(N)=O)cnn2cc(Br)cc12)C1CC1.O=C1CCCN1,C[C@@H](Nc1c(C(N)=O)cnn2cc(N3CCCC3=O)cc12)C1CC1
CCCC(C(=O)OC)c1c(C)nc(-c2ccccc2)nc1N1CCc2ccccc2C1,CCCC(C(=O)O)c1c(C)nc(-c2ccccc2)nc1N1CCc2ccccc2C1
O=[N+]([O-])c1cnc(Br)cc1Nc1ccccc1,Nc1cnc(Br)cc1Nc1ccccc1
Brc1ccc2c(c1)C=CCC2.O=C(OO)c1cccc(Cl)c1,Brc1ccc2c(c1)[C@@H]1O[C@@H]1CC2
CC(C)C(C#N)(CCCI)c1ccc(C#N)s1.FC(F)(F)c1ccc(OCCN2CCNCC2)nc1,CC(C)C(C#N)(CCCN1CCN(CCOc2ccc(C(F)(F)F)cn2)CC1)c1ccc(C#N)s1
CCOc1ccc2c(=O)cc(-c3ccccc3OC)oc2c1,CCOc1ccc2c(=O)cc(-c3ccccc3O)oc2c1
C[C@H]1SC(NC(=O)c2ccccc2)=N[C@@]2(c3ccc(F)cc3F)CO[C@@H](c3ncco3)C[C@@H]12,C[C@H]1SC(N)=N[C@@]2(c3ccc(F)cc3F)CO[C@@H](c3ncco3)C[C@@H]12
CCOC(=O)c1cccc(N=C(C)c2ccccc2)c1,CCOC(=O)c1cccc(NC(C)c2ccccc2)c1
COC(=O)c1cc(Nc2cnccn2)nc(N[C@@H](C)c2ccc(F)cc2)c1,C[C@H](Nc1cc(CO)cc(Nc2cnccn2)n1)c1ccc(F)cc1
CC(C)(C)OC(=O)NC(C)(C)c1ccc(Nc2c(C(=O)C3CC3)cnc3ccc(Br)cc23)cc1.CC1(C)OB(c2cc(Cl)c(O)c(Cl)c2)OC1(C)C,CC(C)(C)OC(=O)NC(C)(C)c1ccc(Nc2c(C(=O)C3CC3)cnc3ccc(-c4cc(Cl)c(O)c(Cl)c4)cc23)cc1
CCOC(=O)c1c(C)n(C2CC2)c2c(OC)c(F)c(F)c([N+](=O)[O-])c2c1=O,CCOC(=O)c1c(C)n(C2CC2)c2c(OC)c(F)c(F)c(N)c2c1=O
CN(C)c1cc2c(cc1Cl)N(C(=O)OC(C)(C)C)CC(C(=O)N1CCC(C#N)(Cc3ccc(F)nc3)CC1)O2,CN(C)c1cc2c(cc1Cl)NCC(C(=O)N1CCC(C#N)(Cc3ccc(F)nc3)CC1)O2
COc1cc(N2CCN(C(=O)OC(C)(C)C)CC2)ccc1Nc1nc(Cl)cc2cn[nH]c(=O)c12.Nc1cc(Cl)cc(Cl)c1,COc1cc(N2CCN(C(=O)OC(C)(C)C)CC2)ccc1Nc1nc(Nc2cc(Cl)cc(Cl)c2)cc2cn[nH]c(=O)c12
CCOC(=O)c1cccc(N)c1.O=S(=O)(Cl)c1ccc2ccccc2c1,CCOC(=O)c1cccc(NS(=O)(=O)c2ccc3ccccc3c2)c1
CCCCC(=O)CC(=O)c1ccc(OCc2ccccc2)cc1,CCCCC(=O)CC(=O)c1ccc(O)cc1
CC(C)(C)[Si](C)(C)OCCBr.Cc1cc(C)cc(O)c1,Cc1cc(C)cc(OCCO[Si](C)(C)C(C)(C)C)c1
CCOC(=O)c1ccc(NC(=O)c2cc(OC)c3c(c2)N(S(=O)(=O)c2cccc(C(F)(F)F)c2)CC3)cc1F,COc1cc(C(=O)Nc2ccc(C(=O)O)c(F)c2)cc2c1CCN2S(=O)(=O)c1cccc(C(F)(F)F)c1
Cc1ccc(S(=O)(=O)Cl)cc1.O=S1(=O)CCC(CO)CC1,Cc1ccc(S(=O)(=O)OCC2CCS(=O)(=O)CC2)cc1
CC(C)(F)CN1CCC(COc2ccc(-c3ccc(C(=O)O)cc3F)cc2F)CC1.O[C@H]1CCCNC1,CC(C)(F)CN1CCC(COc2ccc(-c3ccc(C(=O)N4CCC[C@H](O)C4)cc3F)cc2F)CC1
Cc1noc(N)c1C.O=C(CCl)OC(=O)CCl,Cc1noc(NC(=O)CCl)c1C
COCCNc1cc(NC(=O)N2CCCc3cc(CO[Si](C)(C)C(C)(C)C)c(C(OC)OC)nc32)ncc1C#N,COCCNc1cc(NC(=O)N2CCCc3cc(CO)c(C(OC)OC)nc32)ncc1C#N
CN1CCC(=O)CC1.Cc1cc(C)c2nc(C)n(Cc3ccc(NCC4CCNCC4)cc3)c2n1,Cc1cc(C)c2nc(C)n(Cc3ccc(NCC4CCN(C5CCN(C)CC5)CC4)cc3)c2n1
CN1C2CCC1CC(n1cc([N+](=O)[O-])cn1)C2,CN1C2CCC1CC(n1cc(N)cn1)C2
CC(=O)OC(C)=O.COc1cc(Cn2cnc3c(Cl)nc(N)nc32)c(Br)c(OC)c1OC,COc1cc(Cn2cnc3c(Cl)nc(NC(C)=O)nc32)c(Br)c(OC)c1OC
C#C[Si](C)(C)C.O=c1[nH]cc(I)c(=O)[nH]1,C[Si](C)(C)C#Cc1c[nH]c(=O)[nH]c1=O
CC(C)CC(N)C(=O)O.O=[N+]([O-])c1ccccc1S(=O)(=O)Cl,CC(C)CC(NS(=O)(=O)c1ccccc1[N+](=O)[O-])C(=O)O
CCCOc1cc(F)cc(NC(=O)N2CCN(S(=O)(=O)c3ccc(N)cc3)CC2)c1.Clc1ccc2c(Cl)ccnc2c1,CCCOc1cc(F)cc(NC(=O)N2CCN(S(=O)(=O)c3ccc(Nc4ccnc5cc(Cl)ccc45)cc3)CC2)c1
C=CC(=O)O.O=C1N[C@@H](Cc2ccccc2)CO1,C=CC(=O)N1C(=O)OC[C@@H]1Cc1ccccc1
CN.O=S(=O)(Cl)c1ccccc1Cl,CNS(=O)(=O)c1ccccc1Cl
NCCO.O=C(O)Cc1c(C(=O)c2ccccc2)[nH]c2cc(Cl)ccc12,O=C(Cc1c(C(=O)c2ccccc2)[nH]c2cc(Cl)ccc12)NCCO
Cc1ccc(-c2nc(C(=O)O)n(C)c2-c2ccc(C)cc2)cc1.NN1CCCCC1,Cc1ccc(-c2nc(C(=O)NN3CCCCC3)n(C)c2-c2ccc(C)cc2)cc1
Cn1c2c(c3ccc(Br)cc31)CN(C(=O)OC(C)(C)C)CCC2.O=c1cc(OCc2ccc(Cl)cn2)cc[nH]1,Cn1c2c(c3ccc(-n4ccc(OCc5ccc(Cl)cn5)cc4=O)cc31)CN(C(=O)OC(C)(C)C)CCC2
C=CC1(C(=O)OCC)COC(CF)(CF)OC1,C=CC1(C(=O)O)COC(CF)(CF)OC1
Cc1cc(O)c(F)cc1Br.O=C1OCC[C@H]1O,Cc1cc(O[C@H]2CCOC2=O)c(F)cc1Br
Fc1ccc(-c2nsc(Cl)n2)cc1.O=C(Nc1noc2ccccc12)N1CCNCC1,O=C(Nc1noc2ccccc12)N1CCN(c2nc(-c3ccc(F)cc3)ns2)CC1
Clc1ncc(Br)cn1.Nc1cccc(OCc2ccccc2)c1,Brc1cnc(Nc2cccc(OCc3ccccc3)c2)nc1
C=CC(=O)NCCC1C[C@@H](C(=O)OC)N(C(=O)OC(C)(C)C)C1,C=CC(=O)NCCC1C[C@@H](C(=O)O)N(C(=O)OC(C)(C)C)C1
COC(=O)c1cccc(NC(=O)NC2N=C(c3ccccc3F)c3ccccc3N(CC(=O)N3CC4CCC(CC4)C3)C2=O)c1,O=C(Nc1cccc(C(=O)O)c1)NC1N=C(c2ccccc2F)c2ccccc2N(CC(=O)N2CC3CCC(CC3)C2)C1=O
C=C(C)C.C[C@H](O)[C@@H](N)C(=O)NC(=O)OCc1ccccc1,C[C@H](OC(C)(C)C)[C@@H](N)C(=O)NC(=O)OCc1ccccc1
Cc1[nH]nc2c1c(=O)n(CCCN)c1ccc(C#CCN3CCCC3)cc21.O=C(Cl)c1ccc(Cl)cc1,Cc1[nH]nc2c1c(=O)n(CCCNC(=O)c1ccc(Cl)cc1)c1ccc(C#CCN3CCCC3)cc21
CCOC(=O)CC(NC(=O)C(Cl)c1ccc(Cl)cc1)c1cccc([N+](=O)[O-])c1,CCOC(=O)CC(NC(=O)C(Cl)c1ccc(Cl)cc1)c1cccc(N)c1
CC(C)(C)OC(=O)N1CCC(Oc2ccc([N+](=O)[O-])cc2F)CC1,O=[N+]([O-])c1ccc(OC2CCNCC2)c(F)c1
CC(=O)Nc1nc(C(=O)O)cs1.CC(C)(C)OC(=O)NNC(=O)OCCc1ccc(O)cc1,CC(=O)Nc1nc(C(=O)Oc2ccc(CCOC(=O)NNC(=O)OC(C)(C)C)cc2)cs1
CCOC(=O)c1cc2cc(OC(C)=O)ccc2[nH]1.Clc1ccc(CBr)cc1I,CCOC(=O)c1cc2cc(OC(C)=O)ccc2n1Cc1ccc(Cl)c(I)c1
CCOc1ccc(C2(c3cccc(Br)c3)COC(N)=N2)cc1C.COc1cccc(N)c1,CCOc1ccc(C2(c3cccc(Nc4cccc(OC)c4)c3)COC(N)=N2)cc1C
Cc1cc(C2=CC(C)(C)CC(C)(C)C2CO)ccc1F,Cc1cc(C2=CC(C)(C)CC(C)(C)C2C=O)ccc1F
CCBr.CCCCOC(=O)Nc1ccc(-c2cnc3c(-c4cccc(N5CCNCC5)c4)cnn3c2N)cc1,CCCCOC(=O)Nc1ccc(-c2cnc3c(-c4cccc(N5CCN(CC)CC5)c4)cnn3c2N)cc1
COC(=O)c1ccc(-c2nn(C(=O)c3c(Cl)cccc3C(F)(F)F)c3cc(Br)ccc23)c(F)c1.O=C1NCCN1,COC(=O)c1ccc(-c2nn(C(=O)c3c(Cl)cccc3C(F)(F)F)c3cc(N4CCNC4=O)ccc23)c(F)c1
O=C(O)CCCC(=O)c1ccccc1.OCCO,O=C(O)CCCC1(c2ccccc2)OCCO1
CC(C(=O)O)c1ccc(Br)cc1.CCOC(=O)[C@H](C)O,CCOC(=O)[C@H](C)OC(=O)[C@@H](C)c1ccc(Br)cc1
CC(C)(CC(=O)C(F)(F)F)c1ccccc1Br,CC(C)(CC(O)C(F)(F)F)c1ccccc1Br
Cc1c(C(=O)Nc2ccc(Oc3ccnc(C(N)=O)c3)c(Cl)c2)c(=O)n(-c2ccccc2)n1C,Cc1c(C(=O)Nc2ccc(Oc3ccnc(N)c3)c(Cl)c2)c(=O)n(-c2ccccc2)n1C
CS(=O)(=O)Cl.OCc1ccc(C2=NCC(c3cc(Cl)cc(Cl)c3)(C(F)(F)F)C2)c2ccccc12,CS(=O)(=O)OCc1ccc(C2=NCC(c3cc(Cl)cc(Cl)c3)(C(F)(F)F)C2)c2ccccc12
CCOCn1cc(Cl)c(O)cc1=O.O=C(Cl)c1ccccc1,CCOCn1cc(Cl)c(OC(=O)c2ccccc2)cc1=O
CCOC(=O)/C=C/C(C)O.O=C=NC1CCCCC1,CCOC(=O)/C=C/C(C)OC(=O)NC1CCCCC1
COc1cccc(-c2cnc(Nc3ccc(N4CCN(C)CC4)cc3)o2)c1,CN1CCN(c2ccc(Nc3ncc(-c4cccc(O)c4)o3)cc2)CC1
COC(=O)C(CCO[Si](c1ccccc1)(c1ccccc1)C(C)(C)C)N1CCN(c2cccc(C(F)(F)F)c2)C(C)C1=O,CC1C(=O)N(C(CO)CCO[Si](c2ccccc2)(c2ccccc2)C(C)(C)C)CCN1c1cccc(C(F)(F)F)c1
COC(=O)c1cc(N)cnc1SCc1ccccc1.O=C(OC(=O)C(F)(F)F)C(F)(F)F,COC(=O)c1cc(NC(=O)C(F)(F)F)cnc1SCc1ccccc1
C=Cc1ccc(O)cc1.O=C(Cl)CCl,C=Cc1ccc(OC(=O)CCl)cc1
Cc1nc2cc(O)ccc2n1C.O=C(Nc1cn2nc(I)ccc2n1)C1CC1,Cc1nc2cc(Oc3ccc4nc(NC(=O)C5CC5)cn4n3)ccc2n1C
C#[C][Mg][Br].COC(=O)C(=O)C(CN(C)C(=O)OC(C)(C)C)O[Si](C)(C)C(C)(C)C,C#CC(O)(C(=O)OC)C(CN(C)C(=O)OC(C)(C)C)O[Si](C)(C)C(C)(C)C
CN(c1nccc(-n2cnc3ccccc32)n1)C1CCCNC1.O=C=Nc1ccccc1,CN(c1nccc(-n2cnc3ccccc32)n1)C1CCCN(C(=O)Nc2ccccc2)C1
CC(C)(C)C(O)Cc1ccccc1[N+](=O)[O-],CC(C)(C)C(O)Cc1ccccc1N
CCCc1cnc(N)o1.O=C(O)C(c1ccccc1)c1ccccc1,CCCc1cnc(NC(=O)C(c2ccccc2)c2ccccc2)o1
CS(=O)(=O)Cl.O=S(=O)(c1cccc(C(F)(F)F)c1)C1CCC(O)CC1,CS(=O)(=O)OC1CCC(S(=O)(=O)c2cccc(C(F)(F)F)c2)CC1
CCOC(=O)/C=C/c1cc(-n2ncnn2)cc(C)c1N,Cc1cc(-n2ncnn2)cc2ccc(=O)[nH]c12
CC(C)(C)OC(=O)[C@H](CC(N)=O)NC(=O)c1ccc2ccccc2n1,NC(=O)C[C@H](NC(=O)c1ccc2ccccc2n1)C(=O)O
CC(C)Oc1cc2[nH]ncc2cc1N.CCc1[nH]c2ncnc(Cl)c2c1C,CCc1[nH]c2ncnc(Nc3cc4cn[nH]c4cc3OC(C)C)c2c1C
CCOC(=O)c1nc(CNC(=O)OCc2ccccc2)[nH]c1C,CCOC(=O)c1nc(CN)[nH]c1C
O=C(O)c1cc(Br)ccc1I.Sc1ccccc1,O=C(O)c1cc(Br)ccc1Sc1ccccc1
CC(=O)OC[C@H]1CN(c2ccc(I)c(F)c2)C(=O)O1,CC(=O)OC[C@H]1CN(c2cccc(F)c2)C(=O)O1
COc1ccc([C@H](N)c2cnn(C)c2)cc1F.O=C(O)c1cc(F)c2cnc(NCC3CC3)nc2c1,COc1ccc([C@H](NC(=O)c2cc(F)c3cnc(NCC4CC4)nc3c2)c2cnn(C)c2)cc1F
O=[N+]([O-])c1cnc(OCC2CC2)c(Br)c1,Nc1cnc(OCC2CC2)c(Br)c1
Clc1ccccc1-c1nc2ccccc2[nH]1.O=c1cc(CBr)c2ccc(F)c(F)c2[nH]1,O=c1cc(Cn2c(-c3ccccc3Cl)nc3ccccc32)c2ccc(F)c(F)c2[nH]1
COC(=O)[C@@H]1CCCCN1C(=O)c1cc2ccccc2cc1NC(=O)Nc1c(C)cc(C)cc1C,Cc1cc(C)c(NC(=O)Nc2cc3ccccc3cc2C(=O)N2CCCC[C@H]2C(=O)O)c(C)c1
C1CCNCC1.O=C(O)c1[nH]c2ncnc(Nc3ccc4[nH]ncc4c3)c2c1Br,O=C(c1[nH]c2ncnc(Nc3ccc4[nH]ncc4c3)c2c1Br)N1CCCCC1
Nc1nc(Cl)ccc1C(=O)O.OCCO,Nc1nc(OCCO)ccc1C(=O)O
COC(=O)c1cnc(OC(C)C(F)(F)F)c(C#N)c1,CC(Oc1ncc(C(=O)O)cc1C#N)C(F)(F)F
Cc1cc(C(=O)N2CCc3nc(C)n(Cc4ccccc4)c3-c3ccccc32)ccc1OCCCN1CCN(CCC(C)(C)C)CC1,Cc1nc2c([nH]1)-c1ccccc1N(C(=O)c1ccc(OCCCN3CCN(CCC(C)(C)C)CC3)c(C)c1)CC2
Cc1cc(Br)c(C=NNc2cccc(C(=O)O)c2)c(Br)c1,Cc1cc(Br)c2cnn(-c3cccc(C(=O)O)c3)c2c1
CC(=O)NC1(c2ccccc2)CCNCC1.CS(=O)(=O)OCCC1(c2ccc(Cl)c(Cl)c2)CN(Cc2cc(C(F)(F)F)cc(C(F)(F)F)c2)C(=O)O1,CC(=O)NC1(c2ccccc2)CCN(CCC2(c3ccc(Cl)c(Cl)c3)CN(Cc3cc(C(F)(F)F)cc(C(F)(F)F)c3)C(=O)O2)CC1
CC(C)(C)OC(=O)N1CCNC(=O)C1.N#Cc1cccc(CBr)c1,CC(C)(C)OC(=O)N1CCN(Cc2cccc(C#N)c2)C(=O)C1
O=C=Nc1ccc([N+](=O)[O-])cc1.Oc1ccc2c(c1)CCN2Cc1ccccc1,O=C(Nc1ccc([N+](=O)[O-])cc1)Oc1ccc2c(c1)CCN2Cc1ccccc1
C[C@H]1[C@H](NC(=O)OC(C)(C)C)CN(Cc2ccccc2)CC1(C)C,C[C@H]1[C@H](NC(=O)OC(C)(C)C)CNCC1(C)C
CC(C)=CCCC(C)CC=O.[CH3][Mg+],CC(C)=CCCC(C)CC(C)O
CCCCCCCCc1ccc([C@H]2CC[C@@](CCP(=O)(OCC)OCC)(NC(=O)OC(C)(C)C)C2)cc1,CCCCCCCCc1ccc([C@H]2CC[C@](N)(CCP(=O)(OCC)OCC)C2)cc1
CC1(C)[C@@H](C=C(F)F)[C@@H]1C(=O)Cl.OCc1c(F)c(F)c(F)c(-c2ccccc2)c1F,CC1(C)[C@@H](C=C(F)F)[C@@H]1C(=O)OCc1c(F)c(F)c(F)c(-c2ccccc2)c1F
C=CCBr.COC(=O)c1ccc(O)cc1,C=CCOc1ccc(C(=O)OC)cc1
Nc1ncccc1OCc1c(F)ccc(F)c1F.S=C=Nc1ccc(Cl)cc1,Fc1ccc(F)c(COc2cccnc2NC(=S)Nc2ccc(Cl)cc2)c1F
COc1ccncc1B(O)O.Nc1c2c(nc3c(Br)cccc13)CN(C1CCC1)C2=O,COc1ccncc1-c1cccc2c(N)c3c(nc12)CN(C1CCC1)C3=O
NCC1CCCCC1.O=C(Cl)c1cnc(Cl)nc1C(F)(F)F,O=C(NCC1CCCCC1)c1cnc(Cl)nc1C(F)(F)F
CCOC(=O)Cc1ccc(OCCCCl)c(OC)c1.O=C1NC(=O)c2ccccc21,CCOC(=O)Cc1ccc(OCCCN2C(=O)c3ccccc3C2=O)c(OC)c1
COc1ccc(S(=O)(=O)C(c2cnc(C(=O)O)cc2C)c2cc(F)ccc2F)cc1F.NCCO,COc1ccc(S(=O)(=O)C(c2cnc(C(=O)NCCO)cc2C)c2cc(F)ccc2F)cc1F
CC(C)Oc1cc([N+](=O)[O-])ccc1Cl.CN1CCNCC1,CC(C)Oc1cc([N+](=O)[O-])ccc1N1CCN(C)CC1
Cn1ncc(NC(=O)c2nc(-c3c(F)cccc3F)sc2NC(=O)OC(C)(C)C)c1C1CCC(=O)CC1,Cn1ncc(NC(=O)c2nc(-c3c(F)cccc3F)sc2NC(=O)OC(C)(C)C)c1C1CCC(O)CC1
CCOP(=O)(Cc1ccc2ccc3cccc4ccc1c2c34)OCC.O=Cc1ccc(Cl)cc1,Clc1ccc(C=Cc2ccc3ccc4cccc5ccc2c3c45)cc1
Cc1c(-c2noc(-c3ccc(OC(C)C)c(C#N)c3)n2)ccc2c1CCN(C(=O)OC(C)(C)C)C2CCCC(=O)O,Cc1c(-c2noc(-c3ccc(OC(C)C)c(C#N)c3)n2)ccc2c1CCNC2CCCC(=O)O
CCN1CCN(c2nc(C)nc3[nH]c(-c4ccccc4Cl)nc23)CC1.COCBr,CCN1CCN(c2nc(C)nc3c2nc(-c2ccccc2Cl)n3COC)CC1
CCC[CH2][Sn]([CH2]CCC)([CH2]CCC)[c]1cnn(C(C)C)c1.CCNC(=O)c1noc(-c2cc(C(C)C)c(OCc3ccccc3)cc2OCc2ccccc2)c1I,CCNC(=O)c1noc(-c2cc(C(C)C)c(OCc3ccccc3)cc2OCc2ccccc2)c1-c1cnn(C(C)C)c1
NC(=O)C1CCCN(c2ccc(F)cc2N)C1.O=C=NC(=O)c1cc(F)c(F)cc1Cl,NC(=O)C1CCCN(c2ccc(F)cc2NC(=O)NC(=O)c2cc(F)c(F)cc2Cl)C1
CC(C)N1CCN(c2cc(F)cc(C3Nc4ccc(C(=O)O)cc4CC3(C)C)c2)CC1.CS(N)(=O)=O,CC(C)N1CCN(c2cc(F)cc(C3Nc4ccc(C(=O)NS(C)(=O)=O)cc4CC3(C)C)c2)CC1
CI.OCc1cnn(-c2c(Cl)cc(C(F)(F)F)cc2Cl)n1,COCc1cnn(-c2c(Cl)cc(C(F)(F)F)cc2Cl)n1
C[C@@H]1CN(c2ncc(B3OC(C)(C)C(C)(C)O3)cc2C=O)C[C@H](C)O1.Cc1ccc(Br)s1,Cc1ccc(-c2cnc(N3C[C@@H](C)O[C@@H](C)C3)c(C=O)c2)s1
CCCCCCCCCCl.CNc1ccc(S(=O)(=O)Nc2ccccc2)cc1,CCCCCCCCCN(C)c1ccc(S(=O)(=O)Nc2ccccc2)cc1
COC(=O)c1ccc(-c2ccn(CC(=O)Nc3ccccc3)n2)s1.NO,O=C(Cn1ccc(-c2ccc(C(=O)NO)s2)n1)Nc1ccccc1
COC(=O)C1CCC(c2ncc(-c3ccc(N)cc3)s2)CC1.O=C=Nc1cccc(Cl)c1F,COC(=O)C1CCC(c2ncc(-c3ccc(NC(=O)Nc4cccc(Cl)c4F)cc3)s2)CC1
Fc1ccc(CBr)cc1F.O=C(O[C@H]1CN2CCC1CC2)C1(c2ccccc2)CCCCCC1,O=C(O[C@H]1C[N+]2(Cc3ccc(F)c(F)c3)CCC1CC2)C1(c2ccccc2)CCCCCC1
COC(=O)c1cc(Cl)c(C#C[Si](C)(C)C)c([N+](=O)[O-])c1-c1cccc(F)c1,COC(=O)c1cc(Cl)c(C#C[Si](C)(C)C)c(N)c1-c1cccc(F)c1
COC(=O)C1CC(=O)CN1Cc1ccccc1.NCc1ccccc1,COC(=O)C1CC(NCc2ccccc2)CN1Cc1ccccc1
CSc1cccc(Oc2ncc(F)cc2C(=O)N[C@H]2CC[C@@H](N)CC2)c1.O=C(O)C1CCC1,CSc1cccc(Oc2ncc(F)cc2C(=O)N[C@H]2CC[C@@H](NC(=O)C3CCC3)CC2)c1
CCOC(=O)c1cc[nH]n1.N#Cc1cc(Br)cc2ccccc12,CCOC(=O)c1ccn(-c2cc(C#N)c3ccccc3c2)n1
CC[C@@H]1C(=O)N(C)c2cnc(-c3ccncc3NC(=O)OC(C)(C)C)nc2N1C1CCCC1,CC[C@@H]1C(=O)N(C)c2cnc(-c3ccncc3N)nc2N1C1CCCC1
CC1(C(=O)Cl)CCCCC1.CCOC(=N)c1c(F)cccc1Cl,CCOC(=NC(=O)C1(C)CCCCC1)c1c(F)cccc1Cl
CC(C)n1ncc2c(C(=O)O)cc(-c3ccncc3)nc21.Cc1cc(-c2ccccc2)c(CN)c(=O)[nH]1,Cc1cc(-c2ccccc2)c(CNC(=O)c2cc(-c3ccncc3)nc3c2cnn3C(C)C)c(=O)[nH]1
Brc1cccc(Br)n1.CON(C)C(=O)C1CCN(C)CC1,CN1CCC(C(=O)c2cccc(Br)n2)CC1
CN1C(=O)C(c2ccc(OS(C)(=O)=O)cc2)(c2ccc(F)c(C3=CCCCC3)c2)N=C1N,CN1C(=O)C(c2ccc(OS(C)(=O)=O)cc2)(c2ccc(F)c(C3CCCCC3)c2)N=C1N
CN(C)C=O.COc1cc(Br)ccc1-c1nc2c(C)nn(C3CCCCC3)c2c(=O)[nH]1,COc1cc(C=O)ccc1-c1nc2c(C)nn(C3CCCCC3)c2c(=O)[nH]1
CC(=O)c1cccc(Br)n1,CC(O)c1cccc(Br)n1
Brc1cccc(I)c1.C#Cc1ccc2c(c1)CCC(OC)C2,COC1CCc2cc(C#Cc3cccc(Br)c3)ccc2C1
C1COCCN1.O=C1NCCC(c2ccc(Cl)c(Cl)c2)c2cc(I)sc21,O=C1NCCC(c2ccc(Cl)c(Cl)c2)c2cc(N3CCOCC3)sc21
COc1ccc(C=C(C#N)C(=O)Nc2ccccc2)c2c1CCCC2,N#CC(=Cc1ccc(O)c2c1CCCC2)C(=O)Nc1ccccc1
C=CCCN.O=Cc1ccccc1,C=CCC/N=C/c1ccccc1
CCCCCCCBr.Sc1ccc(Br)cc1,CCCCCCCSc1ccc(Br)cc1
CC(=O)Cl.C[C@H]1CC[C@H]2C(C)(C)[C@@H](N)CC[C@]23Oc2c(c(OCc4ccccc4)cc4c2CN(C(=O)OC(C)(C)C)C4=O)C[C@]13C,CC(=O)N[C@H]1CC[C@@]23Oc4c(c(OCc5ccccc5)cc5c4CN(C(=O)OC(C)(C)C)C5=O)C[C@]2(C)[C@@H](C)CC[C@H]3C1(C)C
CCC(O)(CC)CC(=N)C1(c2ccc(Cl)cc2)CCC1,CCC(O)(CC)CC(N)C1(c2ccc(Cl)cc2)CCC1
CN(C)CCN1CCOc2ccc(N)cc21.COC(C=O)OC,COC(CNc1ccc2c(c1)N(CCN(C)C)CCO2)OC
CC(C)(C)OC(=O)C[C@]1(CN)C[C@@H]2CC(C3CCCC3)=C[C@@H]21,NC[C@@]1(CC(=O)O)C[C@@H]2CC(C3CCCC3)=C[C@@H]21
CS(=O)(=O)Cl.Nc1ccc(F)cc1I,CS(=O)(=O)Nc1ccc(F)cc1I
CC(C)(C)OC(=O)NC1(c2ccc(-c3c(-c4ccccc4)oc4c(-c5c[nH]nn5)cccc4c3=O)cc2)CCC1,NC1(c2ccc(-c3c(-c4ccccc4)oc4c(-c5c[nH]nn5)cccc4c3=O)cc2)CCC1
COC(=O)C12CC3CC(CC(C(=O)O)(C3)C1)C2.NCC(=O)c1ccc([N+](=O)[O-])cc1,COC(=O)C12CC3CC(CC(C(=O)NCC(=O)c4ccc([N+](=O)[O-])cc4)(C3)C1)C2
CCS(=O)(=O)c1ccc(CNC(=O)c2cnc3c(c2)CN[C@H]3C(C)C)cc1.N#Cc1ccc(S(=O)(=O)Cl)cc1,CCS(=O)(=O)c1ccc(CNC(=O)c2cnc3c(c2)CN(S(=O)(=O)c2ccc(C#N)cc2)[C@H]3C(C)C)cc1
CC(C)(C)OC(=O)N[C@@H](Cc1ccc(OS(=O)(=O)C(F)(F)F)cc1F)C(=O)N1CCC(F)(F)C1.CC(C)OC(=O)N1CCC(Oc2ccc(B3OC(C)(C)C(C)(C)O3)cn2)CC1,CC(C)OC(=O)N1CCC(Oc2ccc(-c3ccc(C[C@H](NC(=O)OC(C)(C)C)C(=O)N4CCC(F)(F)C4)c(F)c3)cn2)CC1
CC1(C)COCCN1.CC[C@@H](C=O)N1C(=O)[C@@](C)(CC(=O)O)C[C@H](c2cccc(Cl)c2)[C@H]1c1ccc(Cl)cc1,CC[C@@H](CN1CCOCC1(C)C)N1C(=O)[C@@](C)(CC(=O)O)C[C@H](c2cccc(Cl)c2)[C@H]1c1ccc(Cl)cc1
O=C1c2ccccc2C(=O)N1C[C@H](Cc1ccc(Cl)cc1Cl)Nc1nnc(-c2ccc3cnccc3c2)s1,NC[C@H](Cc1ccc(Cl)cc1Cl)Nc1nnc(-c2ccc3cnccc3c2)s1
C=C(C)B1OC(C)(C)C(C)(C)O1.COc1cc2cc(Nc3cc(C4CC4)[nH]n3)nc(Cl)c2cc1OC,C=C(C)c1nc(Nc2cc(C3CC3)[nH]n2)cc2cc(OC)c(OC)cc12
N#CC[C@H]1CC[C@H](N=[N+]=[N-])C[C@H]1NC(=O)OCc1ccccc1,N#CC[C@H]1CC[C@H](N)C[C@H]1NC(=O)OCc1ccccc1
O=C1CSC(=S)N1.O=Cc1cc2cncc(C#CC3CC3)c2o1,O=C1NC(=S)S/C1=C\c1cc2cncc(C#CC3CC3)c2o1
CCOc1cc(N2CCN(C3CCN(CCF)CC3)CC2)ccc1[N+](=O)[O-],CCOc1cc(N2CCN(C3CCN(CCF)CC3)CC2)ccc1N
CCC1(CC)c2ccccc2C(CC)(CC)N1Cc1ccccc1,CCC1(CC)NC(CC)(CC)c2ccccc21
COC(=O)c1ccc2c(C3CCCCC3)c(Br)[nH]c2c1.OB(O)c1ccccc1OCc1ccccc1,COC(=O)c1ccc2c(C3CCCCC3)c(-c3ccccc3OCc3ccccc3)[nH]c2c1
CNc1ncc2cc(B3OC(C)(C)C(C)(C)O3)ccc2n1.Cc1ccc(C(=O)Nc2cccc(OC(C)C)c2)c(F)c1I,CNc1ncc2cc(-c3c(C)ccc(C(=O)Nc4cccc(OC(C)C)c4)c3F)ccc2n1
Nc1c(Cl)cccc1C(=O)c1ccccc1F.O=C(Br)CBr,O=C(CBr)Nc1c(Cl)cccc1C(=O)c1ccccc1F
CI.O=[N+]([O-])c1ccc(O)cc1F,COc1ccc([N+](=O)[O-])c(F)c1
COc1ccc(C=O)cc1.O=C1CCCCC1,COc1ccc(C=C2CCCCC2=O)cc1
C1CNCCN1.O=[N+]([O-])c1ccccc1F,O=[N+]([O-])c1ccccc1N1CCNCC1
CI.COc1cnc(-c2cc[nH]n2)c2[nH]cc(C(=O)C(=O)N3CCN(c4nnnn4-c4ccccn4)CC3)c12,COc1cnc(-c2ccn(C)n2)c2[nH]cc(C(=O)C(=O)N3CCN(c4nnnn4-c4ccccn4)CC3)c12
C[C@H](NC(=O)Cc1cc(F)cc(F)c1)C(=O)O.NC1Cc2ccccc2N(Cc2ccccc2)C1=O,C[C@H](NC(=O)Cc1cc(F)cc(F)c1)C(=O)NC1Cc2ccccc2N(Cc2ccccc2)C1=O
CC(=O)N1CCN(CCCl)CC1.O=C1CCN(C(=O)/C=C/c2cccc(Cl)c2)CCN1,CC(=O)N1CCN(CCN2CCN(C(=O)/C=C/c3cccc(Cl)c3)CCC2=O)CC1
Cc1ccccc1-c1cnccc1C(=O)O.NCc1cc(C(F)(F)F)cc(C(F)(F)F)c1,Cc1ccccc1-c1cnccc1C(=O)NCc1cc(C(F)(F)F)cc(C(F)(F)F)c1
COc1ccc(CBr)cc1.O=c1[nH]c2ccccc2c2cc(CO)nn12,COc1ccc(Cn2c(=O)n3nc(CO)cc3c3ccccc32)cc1
COC(=O)c1ccc(C#Cc2cncc(C3CCCN3C)c2)cc1,CN1CCCC1c1cncc(C#Cc2ccc(C(=O)O)cc2)c1
CC(=O)N1C[C@H](N)C(=O)N(C)c2ccccc21.CC(F)(C(=O)O)C(=O)NCC(F)(F)C(F)(F)F,CC(=O)N1C[C@H](NC(=O)C(C)(F)C(=O)NCC(F)(F)C(F)(F)F)C(=O)N(C)c2ccccc21
CC(=O)OC(C)=O.CC(N)C#Cc1ccc(Oc2ccc(OCc3ccccc3)nc2)cc1,CC(=O)NC(C)C#Cc1ccc(Oc2ccc(OCc3ccccc3)nc2)cc1
CC(C)(C)OC(=O)N1CCN(c2ccc(C(=O)Nc3cccc(Cl)c3)cn2)CC1,O=C(Nc1cccc(Cl)c1)c1ccc(N2CCNCC2)nc1
Nc1cc([N+](=O)[O-])ccc1F.O=C(Cl)C1CC1,O=C(Nc1cc([N+](=O)[O-])ccc1F)C1CC1
CCSc1ccc(Br)cn1.O=C(OO)c1cccc(Cl)c1,CCS(=O)c1ccc(Br)cn1
C/C=C1/C(=O)[C@@H]2[C@H](CC[C@]3(C)[C@@H]([C@H](C)CCC(=O)O)CC[C@@H]23)[C@@]2(C)CC[C@@H](O)C[C@@H]12,CC[C@H]1C(=O)[C@@H]2[C@H](CC[C@]3(C)[C@@H]([C@H](C)CCC(=O)O)CC[C@@H]23)[C@@]2(C)CC[C@@H](O)C[C@@H]12
CCOC(=O)c1ccc(Oc2ccc3c(c2)COB3O)cc1OC,COc1cc(Oc2ccc3c(c2)COB3O)ccc1C(=O)O
BrCCc1ccccc1.CC(C)(C)C(=O)OCn1c(=O)[nH]c(=O)c2c1ncn2Cc1ccccc1,CC(C)(C)C(=O)OCn1c(=O)n(CCc2ccccc2)c(=O)c2c1ncn2Cc1ccccc1
C[C@@H]1CCC[C@H](C)N1.Fc1c(Cl)ncnc1Cl,C[C@@H]1CCC[C@H](C)N1c1ncnc(Cl)c1F
c1cc(CN2CCCCC2)ccn1,C1CCN(CC2CCNCC2)CC1
CCOC(=O)Cc1c(C)oc2ccc(CN(C)C)cc12.N,Cc1oc2ccc(CN(C)C)cc2c1CC(N)=O
O=C1[C@H](CC[C@H](O)c2ccc(F)cc2)[C@@H](c2cccc(Br)c2)N1c1ccc(F)cc1.OB(O)c1ccc(O)cc1,O=C1[C@H](CC[C@H](O)c2ccc(F)cc2)[C@@H](c2cccc(-c3ccc(O)cc3)c2)N1c1ccc(F)cc1
Cn1cc(C2=C(c3c4n(c5ccccc35)CCC(CN)C4)C(=O)NC2=O)c2ccccc21.O=C(Cl)c1ccccc1,Cn1cc(C2=C(c3c4n(c5ccccc35)CCC(CNC(=O)c3ccccc3)C4)C(=O)NC2=O)c2ccccc21
COc1ccc(Cc2c(O[Si](C)(C)C(C)(C)C)nn(C(C)C)c2C(F)(F)F)c(F)c1,COc1ccc(Cc2c(O)nn(C(C)C)c2C(F)(F)F)c(F)c1
CCNCc1cccc(C)n1.Cc1cccc(N(CC(=O)O)S(=O)(=O)c2ncccc2C)c1,CCN(Cc1cccc(C)n1)C(=O)CN(c1cccc(C)c1)S(=O)(=O)c1ncccc1C
CC(C)(C)OC(=O)NCCN.O=C1CCCC1,CC(C)(C)OC(=O)NCCNC1CCCC1
O=C(O)CCc1ccc(Cl)c(Cl)c1,OCCCc1ccc(Cl)c(Cl)c1
CN(C)C(=O)Cl.Cc1csc(N)n1,Cc1csc(NC(=O)N(C)C)n1
Nc1ccccc1C(=O)O.O=C(Cl)COc1ccccc1,O=C(COc1ccccc1)Nc1ccccc1C(=O)O
CC(C)c1ccc(Cl)c(-c2ccc(C(F)(F)F)cc2CBr)c1.COc1ccccc1[C@@H]1CCNC(=O)O1,COc1ccccc1[C@@H]1CCN(Cc2cc(C(F)(F)F)ccc2-c2cc(C(C)C)ccc2Cl)C(=O)O1
COC(=O)C[C@@H]1COc2cc(O[C@@H]3CCc4c(-c5c(C)cc(O[C@H]6CCOC6)cc5C)ccc(F)c43)ccc21,Cc1cc(O[C@H]2CCOC2)cc(C)c1-c1ccc(F)c2c1CC[C@H]2Oc1ccc2c(c1)OC[C@H]2CC(=O)O
N.O=C1C2C3C=CC(C(=O)O)(C3)C2C(=O)N1Cc1ccccc1,NC(=O)C12C=CC(C1)C1C(=O)N(Cc3ccccc3)C(=O)C12
CCOC(=O)c1sc(N2CCN(CC(=O)c3ccccc3)C2=O)cc1C,Cc1cc(N2CCN(CC(=O)c3ccccc3)C2=O)sc1C(=O)O
Cc1ccc(I)cc1.c1ccc2[nH]ccc2c1,Cc1ccc(-n2ccc3ccccc32)cc1
COc1ccc(N)c(C)c1.COc1ccc(Nc2nc(Cl)ncc2Cl)c(NS(C)(=O)=O)c1,COc1ccc(Nc2ncc(Cl)c(Nc3ccc(OC)cc3NS(C)(=O)=O)n2)c(C)c1
COc1ccccc1N=C=S.O=C1CCNCC1C(c1ccccc1)c1ccccc1,COc1ccccc1NC(=S)N1CCC(=O)C(C(c2ccccc2)c2ccccc2)C1
NS(=O)(=O)Cc1cccc(Nc2ncnc(Cl)n2)c1.OB(O)c1ccc(F)cc1C(F)(F)F,NS(=O)(=O)Cc1cccc(Nc2ncnc(-c3ccc(F)cc3C(F)(F)F)n2)c1
Cc1cccc(N2CCC(C(=O)O)CC2)n1.Fc1ccc2c(c1)-c1[nH]c(N3CCOCC3)nc1CCN2,Cc1cccc(N2CCC(C(=O)N3CCc4nc(N5CCOCC5)[nH]c4-c4cc(F)ccc43)CC2)n1
NCCc1ccc(-c2ccco2)c(S(N)(=O)=O)c1.O=C(O)/C=C/c1cccs1,NS(=O)(=O)c1cc(CCNC(=O)/C=C/c2cccs2)ccc1-c1ccco1
Nc1c(CN2CCOCC2)cc(Cl)cc1[N+](=O)[O-],Nc1cc(Cl)cc(CN2CCOCC2)c1N
CC(=O)c1cccnc1.CC1C=CC=C2c3ccc(NN)nc3NC21,C/C(=N/Nc1ccc2c(n1)NC1C2=CC=CC1C)c1cccnc1
BrCc1ccccc1.Nc1cc(Cl)c([N+](=O)[O-])cc1O,Nc1cc(Cl)c([N+](=O)[O-])cc1OCc1ccccc1
CCOC(=O)/C=C/c1ccc2c(=O)n(CC(C)C)c(CNC(=O)OC(C)(C)C)c(-c3ccccc3)c2c1,CCOC(=O)CCc1ccc2c(=O)n(CC(C)C)c(CNC(=O)OC(C)(C)C)c(-c3ccccc3)c2c1
COCc1cccc2c1CN(C(=O)OC(C)(C)C)C2,COCc1cccc2c1CNC2
COC(=O)C=Cc1cccc(CNC(=O)OC(C)(C)C)c1,CC(C)(C)OC(=O)NCc1cccc(C=CC(=O)O)c1
CC(C)(C)C(=O)CSC(F)F.NO,CC(C)(C)C(CSC(F)F)=NO
COc1ccc2c(C(=O)O)n[nH]c2c1,COc1ccc2c(C=O)n[nH]c2c1
CCOC(=O)C(Br)c1cccc2ccccc12.Oc1ccc(S)cc1,CCOC(=O)C(Sc1ccc(O)cc1)c1cccc2ccccc12
CC(C)(C)OC(=O)N1CCC(N2CCC(c3ccccc3)CC2)C1,c1ccc(C2CCN(C3CCNC3)CC2)cc1
CNC(=O)c1c(-c2ccc(F)cc2)oc2cc(N(C)S(C)(=O)=O)c(-c3ccc([N+](=O)[O-])c(-c4nc5c(F)cccc5o4)c3)cc12,CNC(=O)c1c(-c2ccc(F)cc2)oc2cc(N(C)S(C)(=O)=O)c(-c3ccc(N)c(-c4nc5c(F)cccc5o4)c3)cc12
COCC1CN(C(=O)OC(C)(C)C)CCC1N.O=C(Cl)c1ccccc1,COCC1CN(C(=O)OC(C)(C)C)CCC1NC(=O)c1ccccc1
COc1cc([N+](=O)[O-])ccc1F.Cc1nc[nH]n1,COc1cc([N+](=O)[O-])ccc1-n1cnc(C)n1
N#[C][Cu].O=C(Cc1ccc2ccccc2c1)Nc1ncn2c(Br)csc12,N#Cc1csc2c(NC(=O)Cc3ccc4ccccc4c3)ncn12
CC(C)(C)C(=O)c1c[nH]c2ncc(Br)nc12.OB(O)c1ccccc1O,CC(C)(C)C(=O)c1c[nH]c2ncc(-c3ccccc3O)nc12
CNO.CS(=O)(=O)OCCc1ccc2c(c1)C(=O)c1ccccc1CO2,CN(O)CCc1ccc2c(c1)C(=O)c1ccccc1CO2
COC(=O)CC(=O)Cl.Cc1onc(-c2ccccc2)c1COc1ccc(N)nn1,COC(=O)CC(=O)Nc1ccc(OCc2c(-c3ccccc3)noc2C)nn1
COC(=O)c1ccc(Cl)c(N)c1NCCCO.COc1cc(C)c(N=C=S)cn1,COC(=O)c1ccc(Cl)c(NC(=S)Nc2cnc(OC)cc2C)c1NCCCO
BrCC1CC1.COc1ccc2c(c1)NC(=O)[C@@H](NC(=O)[C@H](C)NC(=O)Cc1cc(F)cc(F)c1)[C@@H](c1ccccc1)O2,COc1ccc2c(c1)N(CC1CC1)C(=O)[C@@H](NC(=O)[C@H](C)NC(=O)Cc1cc(F)cc(F)c1)[C@@H](c1ccccc1)O2
C1CCNC1.COC(=O)c1cc2c(ncn2CCC(=O)O)c(F)c1Nc1ccc(Br)cc1Cl,COC(=O)c1cc2c(ncn2CCC(=O)N2CCCC2)c(F)c1Nc1ccc(Br)cc1Cl
CCOC(=O)c1ccc2c(c1)CC(C)(C)C(c1cc(F)ccc1C)N2,Cc1ccc(F)cc1C1Nc2ccc(C(=O)O)cc2CC1(C)C
NCc1ccc(I)cc1F.O=C(O)c1ccc(Br)cc1[N+](=O)[O-],O=C(NCc1ccc(I)cc1F)c1ccc(Br)cc1[N+](=O)[O-]
COC(=O)c1ccc2c(c1)NC(=O)/C2=C(\Nc1ccc(CN)cc1)c1ccccc1.CS(=O)(=O)Cl,COC(=O)c1ccc2c(c1)NC(=O)/C2=C(\Nc1ccc(CNS(C)(=O)=O)cc1)c1ccccc1
C=C(C)C(=O)Cl.CCCCCOC(CN)OCCCCC,C=C(C)C(=O)NCC(OCCCCC)OCCCCC
CC(C)(C)OC(=O)CBr.CCn1ncc2c(-c3cncc(C)c3)c(CO)c(COC)nc21,CCn1ncc2c(-c3cncc(C)c3)c(COCC(=O)OC(C)(C)C)c(COC)nc21
COc1ccc(-c2cn(Cc3ccccc3)c3c2CN(C(=O)OC(C)(C)C)CC3)cc1,COc1ccc(-c2cn(Cc3ccccc3)c3c2CNCC3)cc1
CN.COCCCOc1cc(C(=O)N(C[C@@H]2CN(C(=O)OC(C)(C)C)C[C@H]2C=O)C(C)C)ccc1OC,CNC[C@@H]1CN(C(=O)OC(C)(C)C)C[C@H]1CN(C(=O)c1ccc(OC)c(OCCCOC)c1)C(C)C
CNCCOCC1COc2ccccc2-c2c(C3CCCCC3)c3ccc(C(=O)NS(=O)(=O)N(C)CC(OC)OC)cc3n2C1,CNCCOCC1COc2ccccc2-c2c(C3CCCCC3)c3ccc(C(=O)NS(=O)(=O)N(C)CC=O)cc3n2C1
Nc1ccc(C(=O)O)cc1.O=C(O)c1ccc([N+](=O)[O-])cc1,O=C(O)c1ccc(NC(=O)c2ccc([N+](=O)[O-])cc2)cc1
C1CC(N2CCC(OC3CCNCC3)CC2)C1.CCC(=O)c1ccc(F)cc1,CCC(=O)c1ccc(N2CCC(OC3CCN(C4CCC4)CC3)CC2)cc1
CC1(NC(=O)C(F)(F)F)CNC1.O=C(O)c1cn(-c2ccc(F)cc2)c2c(F)c(F)c(F)cc2c1=O,CC1(NC(=O)C(F)(F)F)CN(c2c(F)cc3c(=O)c(C(=O)O)cn(-c4ccc(F)cc4)c3c2F)C1
CNC(=O)c1ccccc1Nc1cc(Cl)ncc1Br.COc1cc(N2CCOCC2)ccc1N,CNC(=O)c1ccccc1Nc1cc(Nc2ccc(N3CCOCC3)cc2OC)ncc1Br
CN(C(=O)c1ccc(N2CCOCC2)cc1)[C@@H]1CCN(C(=O)OC(C)(C)C)C[C@H]1c1ccc(Cl)c(Cl)c1,CN(C(=O)c1ccc(N2CCOCC2)cc1)[C@@H]1CCNC[C@H]1c1ccc(Cl)c(Cl)c1
COc1ccc(CNc2ncc(C#N)c3sc(I)cc23)cc1.c1c[nH]cn1,COc1ccc(CNc2ncc(C#N)c3sc(-n4ccnc4)cc23)cc1
CC(C)(C)OC(=O)NC1CCNCC1.O=C(CBr)c1ccccc1,CC(C)(C)OC(=O)NC1CCN(CC(=O)c2ccccc2)CC1
CC(=O)Cl.Nc1cccc(C2=NNC(=O)C3CC23)c1,CC(=O)Nc1cccc(C2=NNC(=O)C3CC23)c1
CN1CCNCC1.O=Cc1c(O)ccc2nc(-c3ccc(C(=O)O)cc3)[nH]c12,CN1CCN(C(=O)c2ccc(-c3nc4ccc(O)c(C=O)c4[nH]3)cc2)CC1
Cc1ccc2c(OCCN3CCC(Cc4cccc(N)c4)CC3)cccc2n1.O=C(Cl)CCl,Cc1ccc2c(OCCN3CCC(Cc4cccc(NC(=O)CCl)c4)CC3)cccc2n1
O=C(COCc1ccccc1)Nc1ccc2cc(-c3ccccc3)[nH]c(=O)c2c1,O=C(CO)Nc1ccc2cc(-c3ccccc3)[nH]c(=O)c2c1
COc1ccc(C)cc1C(CCN(C(C)C)C(C)C)c1ccccc1,Cc1ccc(O)c(C(CCN(C(C)C)C(C)C)c2ccccc2)c1
CCNC(=O)Nc1cc(-c2nc(C(F)(F)F)cs2)c(-c2cncc(C(=O)NNC(=O)C(C)(C)OC(C)=O)c2)cn1,CCNC(=O)Nc1cc(-c2nc(C(F)(F)F)cs2)c(-c2cncc(-c3nnc(C(C)(C)OC(C)=O)o3)c2)cn1
CN(C)CCCN.O=C1CC(c2ccc(Cl)c(Cl)c2)Cc2c1c(=O)c1cc(Cl)ccc1n2O,CN(C)CCCN=C1CC(c2ccc(Cl)c(Cl)c2)Cc2c1c(=O)c1cc(Cl)ccc1n2O
CC(C)O.O=C(O)c1ccc(F)c(C(F)(F)F)c1,CC(C)Oc1ccc(C(=O)O)cc1C(F)(F)F
Cc1cccc(I)c1.N#Cc1sc2c(ccc(=O)n2-c2ccccc2)c1N,Cc1cccc(Nc2c(C#N)sc3c2ccc(=O)n3-c2ccccc2)c1
CCNCC1CCCC1.Cc1nn(C)c2nc(Cl)c(C=O)cc12,CCN(CC1CCCC1)c1nc2c(cc1C=O)c(C)nn2C
CN1CCN(c2cccc3c2C[C@H](N)CC3)CC1.O=C(O)c1cccc(Oc2ccccc2)c1,CN1CCN(c2cccc3c2C[C@H](NC(=O)c2cccc(Oc4ccccc4)c2)CC3)CC1
CCc1cccc(-c2c(Cl)cccc2[C@](O)(CCCN)[C@@H]2CCCN(C(=O)OC(C)(C)C)C2)c1.O=C(O)CO,CCc1cccc(-c2c(Cl)cccc2[C@](O)(CCCNC(=O)CO)[C@@H]2CCCN(C(=O)OC(C)(C)C)C2)c1
COc1cccc(C=O)c1.NO,COc1cccc(C=NO)c1
C#C[C@@H](N)CC(=O)OCC.O=C(O)Cn1c(C2CC2)ccc(NCc2ccc3c(n2)NCCC3)c1=O,C#C[C@H](CC(=O)OCC)NC(=O)Cn1c(C2CC2)ccc(NCc2ccc3c(n2)NCCC3)c1=O
COC[P+](c1ccccc1)(c1ccccc1)c1ccccc1.O=Cc1ccc(-c2ccc(Br)cc2)nc1,COC=Cc1ccc(-c2ccc(Br)cc2)nc1
CNCCCOC.Cc1cc(C#N)ccc1-c1cnn(-c2ccc(C(=O)O)cn2)c1O,COCCCN(C)C(=O)c1ccc(-n2ncc(-c3ccc(C#N)cc3C)c2O)nc1
CCCCCC(=O)CC.NCCOc1ccc(-n2ccnc2)cc1,CCCCCC(CC)NCCOc1ccc(-n2ccnc2)cc1
CCOC(=O)C(C)(C)C(=O)c1ccc(OCc2ccccc2)cc1,CCOC(=O)C(C)(C)C(=O)c1ccc(O)cc1
CO.CS(=O)(=O)O[C@H]1CN[C@H](C(=O)N2CCNC2=O)C1,CN1C[C@H](OS(C)(=O)=O)C[C@H]1C(=O)N1CCNC1=O
CC(C)(C)OC(=O)N1CCC(F)(F)CC1C#N,CC(C)(C)OC(=O)N1CCC(F)(F)CC1CN
CC(C)(S)CNc1ccccc1N.CC(C)SC(C)(C)C=O,CC(C)SC(C)(C)CNc1ccccc1NCC(C)(C)S
COC(=O)CCCCCNc1ncnc2oc(-c3ccccc3)c(-c3ccc(C=O)cn3)c12.C[P+](c1ccccc1)(c1ccccc1)c1ccccc1,C=Cc1ccc(-c2c(-c3ccccc3)oc3ncnc(NCCCCCC(=O)OC)c23)nc1
CCOC(=O)CC(OCC)c1ccc(O)cc1.OCc1cccc(OC(F)(F)F)c1,CCOC(=O)CC(OCC)c1ccc(OCc2cccc(OC(F)(F)F)c2)cc1
CC(OCC1(c2ccc(F)cc2)CCN(C(=O)OC(C)(C)C)CC1)c1cc(C(F)(F)F)cc2c1NC(=O)C2,CC(OCC1(c2ccc(F)cc2)CCNCC1)c1cc(C(F)(F)F)cc2c1NC(=O)C2
CCC[C@H](N[S@@](=O)C(C)(C)C)C1(C(=O)OCC)SCCS1.CN,CCC[C@H](N[S@@](=O)C(C)(C)C)C1(C(=O)NC)SCCS1
CCI.O=c1[nH]ccc2c(Br)cccc12,CCn1ccc2c(Br)cccc2c1=O
CCOC(=O)C(=O)Cl.CCc1c(C)[nH]c2c(C(=O)NN)cnn2c1=O,CCOC(=O)C(=O)NNC(=O)c1cnn2c(=O)c(CC)c(C)[nH]c12
CC(C)=O.Nc1ccc(F)c(F)c1F,CC(C)Nc1ccc(F)c(F)c1F
COc1ccc2c(OC3CC4C(=O)NC5(C(=O)O)CC5C=CCCCCN(C)C(=O)C4C3)nc(-c3nc(C4CC4)cs3)cc2c1.NS(=O)(=O)C1CC1,COc1ccc2c(OC3CC4C(=O)NC5(C(=O)NS(=O)(=O)C6CC6)CC5C=CCCCCN(C)C(=O)C4C3)nc(-c3nc(C4CC4)cs3)cc2c1
O=C(OCc1ccccc1)c1cc2ccc3c(c2c(-c2ccc4c(c2)OCO4)c1COCc1ccccc1)OCO3,O=C(O)c1cc2ccc3c(c2c(-c2ccc4c(c2)OCO4)c1COCc1ccccc1)OCO3
CCc1cccc([C@@H](O)[C@H](C)N)c1.Fc1ccc(-n2ncc3cc(I)ccc32)cc1,CCc1cccc([C@@H](Oc2ccc3c(cnn3-c3ccc(F)cc3)c2)[C@H](C)N)c1
CCCCN.Fc1ccc2[nH]c3c(Br)cnc(Cl)c3c2c1,CCCCNc1ncc(Br)c2[nH]c3ccc(F)cc3c12
CCC(CC)Nc1cc(C)nc(Cl)c1C(N)=O.Cc1cc(Br)cc(C)c1O,CCC(CC)Nc1cc(C)nc(Oc2c(C)cc(Br)cc2C)c1C(N)=O
CCCc1cc2c(N3CCn4c(nnc4C(F)(F)F)C3)nc(N3CCC(=O)C3)nc2s1.NO,CCCc1cc2c(N3CCn4c(nnc4C(F)(F)F)C3)nc(N3CCC(=NO)C3)nc2s1
COC(=O)CCc1ccc(OCCCCOc2cc3c(c(Cl)c2Cl)C(=O)C(C)(C2CCCC2)C3)cc1,CC1(C2CCCC2)Cc2cc(OCCCCOc3ccc(CCC(=O)O)cc3)c(Cl)c(Cl)c2C1=O
CC(C)(C)OC(=O)/C=C/c1ccc(C(=C2CCCCCC2)c2cccc(O)c2)cc1,O=C(O)/C=C/c1ccc(C(=C2CCCCCC2)c2cccc(O)c2)cc1
CC(C)(C)OC(=O)N1CCN(c2nccc(-c3ccccc3)n2)CC1,c1ccc(-c2ccnc(N3CCNCC3)n2)cc1
CC(=O)Cl.c1ccc2c(c1)CCCO2,CC(=O)c1ccc2c(c1)CCCO2
CCOC(=O)C(=O)Cl.NOC1CCN(S(=O)(=O)c2ccc(OC(F)(F)F)cc2)CC1,CCOC(=O)C(=O)NOC1CCN(S(=O)(=O)c2ccc(OC(F)(F)F)cc2)CC1
COc1ccc2c(c1)[C@H]1CCCN(Cc3ccccc3)[C@@H]1CO2,COc1ccc2c(c1)C1CCCNC1CO2
Cc1c(-c2ccc(N3CCN(C)CC3)nc2)nc2cc(F)cc(F)c2c1Cl.Nc1cc(N2CCOCC2)cnc1N1CCOCC1,Cc1c(-c2ccc(N3CCN(C)CC3)nc2)nc2cc(F)cc(F)c2c1Nc1cc(N2CCOCC2)cnc1N1CCOCC1
CC(C)CN([C@@H](CCCCN)C(=O)O)S(=O)(=O)c1ccc([N+](=O)[O-])cc1.COc1ccc(OC)c(C=CC(=O)O)c1,COc1ccc(OC)c(C=CC(=O)NCCCC[C@@H](C(=O)O)N(CC(C)C)S(=O)(=O)c2ccc([N+](=O)[O-])cc2)c1
CC(C)(C)CN(CCO)c1ccc(C#N)c(C(F)(F)F)c1.NS(=O)(=O)c1ccc(O)cc1,CC(C)(C)CN(CCOc1ccc(S(N)(=O)=O)cc1)c1ccc(C#N)c(C(F)(F)F)c1
Nc1cccc([N+](=O)[O-])c1.Nc1cccnc1Cl,Nc1cccnc1Nc1cccc([N+](=O)[O-])c1
Brc1cnc2nccnn12.CC1(C)OB(c2ccc(F)c(-c3ccccc3C#N)c2)OC1(C)C,N#Cc1ccccc1-c1cc(-c2cnc3nccnn23)ccc1F
CC(=O)Nc1cc([N+](=O)[O-])ccc1OCCCN1C(=O)c2ccccc2C1=O,CC(=O)Nc1cc([N+](=O)[O-])ccc1OCCCN
Cc1nn(C)cc1-c1cc2ncnc(C3=CCNCC3)c2s1,Cc1nn(C)cc1-c1cc2ncnc(C3CCNCC3)c2s1
CC1(C)C(NC(=O)c2ccc(Br)c(S(=O)(=O)N3CCCC3)c2)[C@@]2(C)CC[C@@H]1C2.NCc1ccccc1,CC1(C)C(NC(=O)c2ccc(NCc3ccccc3)c(S(=O)(=O)N3CCCC3)c2)[C@@]2(C)CC[C@@H]1C2
COc1ccc2c(c1C1CCN(C(=O)OC(C)(C)C)CC1)O/C(=C\c1n[nH]c3ccccc13)C2=O,COc1ccc2c(c1C1CCNCC1)O/C(=C\c1n[nH]c3ccccc13)C2=O
CN(C(=O)Oc1ccc(F)cc1)[C@@H]1CN(C(=O)C2CCNC2)C[C@H]1c1ccc(Cl)cc1.O=C(Cl)C1CC1,CN(C(=O)Oc1ccc(F)cc1)[C@@H]1CN(C(=O)C2CCN(C(=O)C3CC3)C2)C[C@H]1c1ccc(Cl)cc1
COc1nsc(Cl)n1.NCC(N)=O,COc1nsc(NCC(N)=O)n1
BrCCCCCCBr.CN(C(=O)OC(C)(C)C)[C@H]1CC[C@H](O)CC1,CN(C(=O)OC(C)(C)C)[C@@H]1CC[C@@H](OCCCCCCBr)CC1
CCCNc1cccnc1N1CCNCC1.COc1c(C)cc(CCl)cc1C,CCCNc1cccnc1N1CCN(Cc2cc(C)c(OC)c(C)c2)CC1
CC(C)(C)OC(=O)N1CCN2C(=O)c3c(cc(Br)cc3C(F)(F)F)[C@@H]2C1.C[S-],CSc1cc2c(c(C(F)(F)F)c1)C(=O)N1CCN(C(=O)OC(C)(C)C)C[C@@H]21
CCC1(C)CN(Cc2ccccc2)CC(C)C1=O.[NH4+],CCC1(C)CN(Cc2ccccc2)CC(C)C1N
CCN1CCN(C2CCNCC2)CC1.Cc1ccc(CC(CC(=O)N2CCC(N3Cc4ccccc4NC3=O)CC2)C(=O)O)cc1C,CCN1CCN(C2CCN(C(=O)C(CC(=O)N3CCC(N4Cc5ccccc5NC4=O)CC3)Cc3ccc(C)c(C)c3)CC2)CC1
CC1(C)Cc2cc(N)c3c(c2C(c2ccccc2)=N1)CC(C)(C)O3.CS(=O)(=O)Cl,CC1(C)Cc2cc(NS(C)(=O)=O)c3c(c2C(c2ccccc2)=N1)CC(C)(C)O3
CCO.O=C(O)c1ccnc(Cl)c1,CCOC(=O)c1ccnc(Cl)c1
CC(C)(C)[Si](C)(C)OCCBr.CC(C)N1CCC(Oc2ccc3c(c2)cc2n3[C@H](C)CNC2=O)CC1,CC(C)N1CCC(Oc2ccc3c(c2)cc2n3[C@H](C)CN(CCO[Si](C)(C)C(C)(C)C)C2=O)CC1
CC(C)C(C=Cc1ccccc1)C(=O)O.O=C(c1ccccc1)c1cccc(CBr)c1,CC(C)C(C=Cc1ccccc1)C(=O)OCc1cccc(C(=O)c2ccccc2)c1
CI.COC(=O)c1cc(O)c(Cl)c(O)c1,COC(=O)c1cc(O)c(Cl)c(OC)c1
NCCc1ccc(F)cc1.O=C(Cl)OCc1ccccc1,O=C(NCCc1ccc(F)cc1)OCc1ccccc1
C=CN1C(=O)CCCc2c(F)c(F)cc(F)c21.ICI,O=C1CCCc2c(F)c(F)cc(F)c2N1C1CC1
CS(=O)(=O)OCCCc1ccccc1OCc1coc(/C=C/c2ccccc2)n1.c1c[nH]cn1,C(=C/c1nc(COc2ccccc2CCCn2ccnc2)co1)\c1ccccc1
CC(=O)O.NCc1ccc(C(F)(F)F)cc1,CC(=O)NCc1ccc(C(F)(F)F)cc1
NCc1ccccc1.O=C1CCC(c2c[nH]c3ccc(F)cc23)CC1,Fc1ccc2[nH]cc([C@@H]3CC[C@@H](NCc4ccccc4)CC3)c2c1
Clc1cccc(I)c1.O=c1[nH]ccc2cc(C3CC3)cc(F)c12,O=c1c2c(F)cc(C3CC3)cc2ccn1-c1cccc(Cl)c1
CON(C)C(=O)CCc1ccc(Cl)c(Cl)c1.[CH3][Mg+],CC(=O)CCc1ccc(Cl)c(Cl)c1
Cn1cc(C(=O)O)nn1.Nc1cccc(Oc2ccc3nc(NC(=O)C4CC4)cn3n2)c1,Cn1cc(C(=O)Nc2cccc(Oc3ccc4nc(NC(=O)C5CC5)cn4n3)c2)nn1
Cc1ccc(C(=O)OC2CCN(Cc3ccccc3)CC2)c(NC(=O)C(F)(F)F)c1,Cc1ccc(C(=O)OC2CCN(Cc3ccccc3)CC2)c(N)c1
COc1ccc2ccc3ncc(Cl)cc3c(=O)c2c1F,O=c1c2cc(Cl)cnc2ccc2ccc(O)c(F)c12
O=C(Br)CBr.c1ccc(Nc2ccccc2)cc1,O=C(CBr)N(c1ccccc1)c1ccccc1
COc1ccc(C(=O)O)cc1Br.Cc1cc(N2CCOCC2)ccc1N,COc1ccc(C(=O)Nc2ccc(N3CCOCC3)cc2C)cc1Br
O=C(c1ccccc1)c1cccc(Cl)c1,OC(c1ccccc1)c1cccc(Cl)c1
Cc1c(C(=O)O)c2ccccc2n1C.Cc1nc(C(=O)N2C[C@@H]3C[C@@H]3[C@H]2CN)c(-c2cccc(Cl)c2)s1,Cc1nc(C(=O)N2C[C@@H]3C[C@@H]3[C@H]2CNC(=O)c2c(C)n(C)c3ccccc23)c(-c2cccc(Cl)c2)s1
CN(CC(=O)OCc1ccccc1)C1CCCc2cccnc21,CN(CC(=O)O)C1CCCc2cccnc21
CN1Cc2nc(-c3ccc(C4(NC(=O)OC(C)(C)C)CCC4)cc3)c(-c3ccccc3)cc2N(C)C1=O,CN1Cc2nc(-c3ccc(C4(N)CCC4)cc3)c(-c3ccccc3)cc2N(C)C1=O
CC1=NC2(CCN(C(=O)OCc3ccccc3)CC2)C(=O)Nc2ccccc21,CC1=NC2(CCNCC2)C(=O)Nc2ccccc21
N=C(N)CCCCc1ccc(F)cc1.O=C(O)c1cc(Cl)cnc1Cl,N=C(CCCCc1ccc(F)cc1)NC(=O)c1cc(Cl)cnc1Cl
CC(C)=C[C@H]1C[C@H]2CSC(NC(=O)c3ccccc3)=N[C@@]2(c2ccc(F)cc2F)CO1,CC(C)C[C@H]1C[C@H]2CSC(NC(=O)c3ccccc3)=N[C@@]2(c2ccc(F)cc2F)CO1
CC(C)(C)OC(=O)N1CC[C@H](OCc2c(Cl)cccc2C#N)C1.OB(O)c1cc(F)ccc1F,CC(C)(C)OC(=O)N1CC[C@H](OCc2c(C#N)cccc2-c2cc(F)ccc2F)C1
CC1(C)OB(c2cccc3[nH]ccc23)OC1(C)C.CCOC(=O)N1C2CCC1CC(c1ccnc3c(I)c(-c4ccncc4)nn13)C2,CCOC(=O)N1C2CCC1CC(c1ccnc3c(-c4cccc5[nH]ccc45)c(-c4ccncc4)nn13)C2
N#Cc1ccc(CNCc2ccc(F)cc2F)cc1.O=S(=O)(Cl)c1ccc(Cl)cc1,N#Cc1ccc(CN(Cc2ccc(F)cc2F)S(=O)(=O)c2ccc(Cl)cc2)cc1
CCOC(=O)c1ccc(C(Cc2ccc(F)cc2)C(=O)Nc2nc3ccccc3o2)cc1,O=C(O)c1ccc(C(Cc2ccc(F)cc2)C(=O)Nc2nc3ccccc3o2)cc1
CO.O=C1c2ccc(Br)cc2CN1Cc1ccccc1,COc1ccc2c(c1)CN(Cc1ccccc1)C2=O
CC(C)(C)c1csc(COc2cccc(C(=O)Nc3cc(CCCS(=O)(=O)c4ccc(Cl)cc4)ccc3O)c2)n1.N#CCBr,CC(C)(C)c1csc(COc2cccc(C(=O)Nc3cc(CCCS(=O)(=O)c4ccc(Cl)cc4)ccc3OCC#N)c2)n1
Nc1scc(Br)c1-c1ncn[nH]1.O=C(O)CN1C(=O)CCc2cnccc21,O=C(CN1C(=O)CCc2cnccc21)Nc1scc(Br)c1-c1ncn[nH]1
CC(C)(C)OC(=O)NC1(c2ccc(-c3c(-c4ccccc4)oc4c(Br)cccc4c3=O)cc2)CCC1.O=C1CNCCN1,CC(C)(C)OC(=O)NC1(c2ccc(-c3c(-c4ccccc4)oc4c(N5CCNC(=O)C5)cccc4c3=O)cc2)CCC1
COC(=O)CCCCCC(O)C1C(=O)C=CC1C=CC(CCCCCO[SiH](C)C)C(C)(C)C.OO,COC(=O)CCCCCC(O)C1C(=O)C2OC2C1C=CC(CCCCCO[SiH](C)C)C(C)(C)C
CI.COc1ccc(COc2ccc(C)nc2CO)cc1,COCc1nc(C)ccc1OCc1ccc(OC)cc1
CN1CCCNCC1.O=C(O)Cn1nc(-c2ccccc2)c2c(Cl)c(-c3ccccc3)nnc21,CN1CCCN(C(=O)Cn2nc(-c3ccccc3)c3c(Cl)c(-c4ccccc4)nnc32)CC1
COC(=O)CCCCNC(=O)C(CO)NS(=O)(=O)c1ccc(Cl)cc1.CS(=O)(=O)Cl,COC(=O)CCCCNC(=O)C(COS(C)(=O)=O)NS(=O)(=O)c1ccc(Cl)cc1
CCOC(=O)c1sc(N2CC[C@H](N)C2)nc1C.CCc1[nH]c(C(=O)O)nc1Cl,CCOC(=O)c1sc(N2CC[C@H](NC(=O)c3nc(Cl)c(CC)[nH]3)C2)nc1C
CC(C)(C)CC1NC(C(=O)Nc2ccc(C(=O)CBr)cc2)C(c2cccc(Cl)c2F)C1(C#N)c1ccc(Cl)cc1F.CNC,CN(C)CC(=O)c1ccc(NC(=O)C2NC(CC(C)(C)C)C(C#N)(c3ccc(Cl)cc3F)C2c2cccc(Cl)c2F)cc1
O=S1(=O)c2ccc(Cl)nc2N[C@H]2CCN1C2.OB(O)c1cccc(C(F)(F)F)c1,O=S1(=O)c2ccc(-c3cccc(C(F)(F)F)c3)nc2N[C@H]2CCN1C2
CCS(=O)(=O)c1ccc(CO)cc1.ClC(Cl)(Cl)Cl,CCS(=O)(=O)c1ccc(CCl)cc1
ClCCN1CCCCC1.Oc1ccc(-n2nccc2C(F)(F)F)cc1,FC(F)(F)c1ccnn1-c1ccc(OCCN2CCCCC2)cc1
COC(=O)/C(=C/c1cc(-c2ccccc2)cnc1NC(=O)OC(C)(C)C)NC(=O)OCc1ccccc1,COC(=O)C(Cc1cc(-c2ccccc2)cnc1NC(=O)OC(C)(C)C)NC(=O)OCc1ccccc1
CCCCB(O)O.Fc1cccc(-c2nc3cnn(Cc4ccc(-c5ccc(Br)c(C(F)(F)F)c5)nc4)cc-3n2)c1F,CCCCc1ccc(-c2ccc(Cn3cc4nc(-c5cccc(F)c5F)nc-4cn3)cn2)cc1C(F)(F)F
CCOC(=O)C=C1CCCc2cc(OC)ccc21,CCOC(=O)CC1CCCc2cc(OC)ccc21
C=C(C)Cc1nc(C(=O)OCC)c(O)c2sc(-c3ccccc3)nc12,CCOC(=O)c1nc(CC(C)C)c2nc(-c3ccccc3)sc2c1O
CC(=O)CCC(=O)c1cc(Br)ccc1OCc1ccc(F)cc1.COC(=O)c1cc(N)ccc1NC(C)=O,COC(=O)c1cc(-n2c(C)ccc2-c2cc(Br)ccc2OCc2ccc(F)cc2)ccc1NC(C)=O
Cc1nc(NC(=O)c2cc[nH]c(=O)c2)sc1C(=O)NCc1ccccc1.Ic1ccccc1,Cc1nc(NC(=O)c2ccn(-c3ccccc3)c(=O)c2)sc1C(=O)NCc1ccccc1
CC(=O)OCC(C)(C)CC1NC(C(=O)OC(C)(C)C)C(c2cccc(Cl)c2F)C12C(=O)Nc1cc(Cl)ccc12,CC(=O)OCC(C)(C)CC1NC(C(=O)O)C(c2cccc(Cl)c2F)C12C(=O)Nc1cc(Cl)ccc12
O=[N+]([O-])c1ccc2[nH]c(-c3ccncc3)nc2c1,Nc1ccc2[nH]c(-c3ccncc3)nc2c1
CC(C)(C)OC(=O)N1[C@@H]2C[C@@H]2C[C@H]1C(=O)O.N[C@H](C(=O)O)C12CC(C(F)(F)F)(C1)C2,CC(C)(C)OC(=O)N1[C@@H]2C[C@@H]2C[C@H]1C(=O)N[C@H](C(=O)O)C12CC(C(F)(F)F)(C1)C2
COC(=O)c1ccc2c(-c3c(-c4ccccn4)nn4c3CCC4)ccnc2c1,O=C(O)c1ccc2c(-c3c(-c4ccccn4)nn4c3CCC4)ccnc2c1
BrCC1CC1.CC(C)c1cn(C2C3CC4CC(C3)CC2C4)c(=O)[nH]1,CC(C)c1cn(C2C3CC4CC(C3)CC2C4)c(=O)n1CC1CC1
CC(C)COc1ccc(S(C)(=O)=O)cc1C(=O)O.CCS(=O)(=O)c1ccc2oc(N3CCNCC3)nc2c1,CCS(=O)(=O)c1ccc2oc(N3CCN(C(=O)c4cc(S(C)(=O)=O)ccc4OCC(C)C)CC3)nc2c1
CCCCS(=O)(=O)NCCOc1ccc2c(c1)C(C1(c3ccc(Cl)cc3)CCC1)NCC2.CCN=C=O,CCCCS(=O)(=O)NCCOc1ccc2c(c1)C(C1(c3ccc(Cl)cc3)CCC1)N(C(=O)NCC)CC2
CC(C)(C)OC(=O)OC(=O)OC(C)(C)C.CC(N)(CO)c1cc(Br)ccc1F,CC(C)(C)OC(=O)NC(C)(CO)c1cc(Br)ccc1F
CC(=O)c1cn(CC(=O)OC(C)(C)C)c2ccc(OCc3ccccc3)cc12,CC(=O)c1cn(CC(=O)OC(C)(C)C)c2ccc(O)cc12
[N-]=[N+]=NCC1CC(c2nc(-c3ccc4ccc(-c5ccccc5)nc4c3)c3c(N)nccn23)C1,NC[C@@H]1C[C@H](c2nc(-c3ccc4ccc(-c5ccccc5)nc4c3)c3c(N)nccn23)C1
N#Cc1ccccc1CN1CCC[C@@H](N)C1.O=C(O)c1ccc2c(c1)c(-c1ccncc1)nn2C(c1ccccc1)(c1ccccc1)c1ccccc1,N#Cc1ccccc1CN1CCC[C@@H](NC(=O)c2ccc3c(c2)c(-c2ccncc2)nn3C(c2ccccc2)(c2ccccc2)c2ccccc2)C1
CSCCOc1cccc(C=O)c1.OO,CS(=O)CCOc1cccc(C=O)c1
COC(=O)C1CCCC(N2Cc3ccc(-c4ccc(N)cc4)cc3C2=O)C1.O=C(Cl)c1cccc(Cl)c1,COC(=O)C1CCCC(N2Cc3ccc(-c4ccc(NC(=O)c5cccc(Cl)c5)cc4)cc3C2=O)C1
O=C1CN(c2ccc(-c3nc(-c4ccc(Cl)cc4Cl)cn3Cc3ccc(Br)cc3)cc2)S(=O)(=O)N1.OB(O)c1ccc(C2CCCCC2)cc1,O=C1CN(c2ccc(-c3nc(-c4ccc(Cl)cc4Cl)cn3Cc3ccc(-c4ccc(C5CCCCC5)cc4)cc3)cc2)S(=O)(=O)N1
COC(=O)CCCCCCCCCCCO[C@@H]1O[C@H](C(=O)OC)[C@@H](OC(C)=O)[C@H](OCc2ccccc2)[C@H]1OC(C)=O,COC(=O)CCCCCCCCCCCO[C@@H]1O[C@H](C(=O)OC)[C@@H](OC(C)=O)[C@H](O)[C@H]1OC(C)=O
CC(C)(N)c1nccs1.O=C(O)c1ccc(C2CCCC2)c(-c2cccc(Cl)c2)n1,CC(C)(NC(=O)c1ccc(C2CCCC2)c(-c2cccc(Cl)c2)n1)c1nccs1
COC(=O)c1c2c(nn1CCCNC(=O)OC(C)(C)C)-c1cc(Br)c(OC)cc1CC2.O=[N+]([O-])c1cccc(B(O)O)c1,COC(=O)c1c2c(nn1CCCNC(=O)OC(C)(C)C)-c1cc(-c3cccc([N+](=O)[O-])c3)c(OC)cc1CC2
CCOC(=O)c1cnc(N2CCNCC2)c(Cl)c1.O=C=Nc1cccc2ccccc12,CCOC(=O)c1cnc(N2CCN(C(=O)Nc3cccc4ccccc34)CC2)c(Cl)c1
CN(CC(F)F)[C@H]1CCCNC1.Cc1c(-c2cnn(-c3ccc(C(=O)O)cn3)c2O)ccc(C#N)c1F,Cc1c(-c2cnn(-c3ccc(C(=O)N4CCC[C@H](N(C)CC(F)F)C4)cn3)c2O)ccc(C#N)c1F
C[C@@H](n1ccn(-c2ccc(OCC(F)(F)C(F)F)cc2)c1=O)[C@](O)(COS(C)(=O)=O)c1ccccc1F.c1nc[nH]n1,C[C@@H](n1ccn(-c2ccc(OCC(F)(F)C(F)F)cc2)c1=O)[C@@](O)(Cn1cncn1)c1ccccc1F
OC[C@@H](O)[C@H](c1ccccc1)n1ccc2cc(C#Cc3ccccc3)ccc21,OC[C@@H](O)[C@H](c1ccccc1)n1ccc2cc(CCc3ccccc3)ccc21
CC(C)c1cccc(C(C)C)c1NC(C)(C)c1cccc(Br)n1.Cc1cc(C)c(NCc2ccc3ccccc3c2B2OC(C)(C)C(C)(C)O2)c(C)c1,Cc1cc(C)c(NCc2ccc3ccccc3c2-c2cccc(C(C)(C)Nc3c(C(C)C)cccc3C(C)C)n2)c(C)c1
CC(C)(C)OC(=O)OC(=O)OC(C)(C)C.OCC1CCCNC1,CC(C)(C)OC(=O)N1CCCC(CO)C1
COc1ccccc1[C@]1(O)C[C@H](CC#N)C[C@H]2CNC[C@H]21.O=C(O)Cc1ccccc1OCc1ccccc1,COc1ccccc1[C@]1(O)C[C@H](CC#N)C[C@H]2CN(C(=O)Cc3ccccc3OCc3ccccc3)C[C@H]21
CSC1CN(C(=O)Cn2nc(C(F)(F)F)cc2C)CCC1C(N)=S.O=C(CCl)C1=NOC(c2c(F)cccc2F)C1,CSC1CN(C(=O)Cn2nc(C(F)(F)F)cc2C)CCC1c1nc(C2=NOC(c3c(F)cccc3F)C2)cs1
COC(=O)C(C)(C)N.O=C(O)c1ccc(C2CC2)c(Nc2ccc(Cl)cc2Cl)n1,COC(=O)C(C)(C)NC(=O)c1ccc(C2CC2)c(Nc2ccc(Cl)cc2Cl)n1
O=C(c1c(F)ccc(OCc2ccccc2)c1F)c1c[nH]c2ncccc12,O=C(c1c(F)ccc(O)c1F)c1c[nH]c2ncccc12
CCOC(=O)C(CC(C)C)c1cc(-c2ccc(C(F)(F)F)cc2)cc(C2CCCNC2)c1.FC(F)(F)c1ccc(I)cc1,CCOC(=O)C(CC(C)C)c1cc(-c2ccc(C(F)(F)F)cc2)cc(C2CCCN(c3ccc(C(F)(F)F)cc3)C2)c1
CCCCc1nc2cnc3ccccc3c2n1CCCNC(=O)OC(C)(C)C,CCCCc1nc2cnc3ccccc3c2n1CCCN
O=Cc1sccc1Br.[N-]=[N+]=[N-],[N-]=[N+]=Nc1ccsc1C=O
CCC(CC)(c1ccc(OCC(=O)C(C)(C)C)c(C)c1)c1cc(C)cs1,CCC(CC)(c1ccc(OCC(O)C(C)(C)C)c(C)c1)c1cc(C)cs1
O=C(OC[C@H]1CCC[C@H](OC(Cn2ccnc2)c2ccc(Cl)cc2Cl)O1)c1ccccc1,OC[C@H]1CCC[C@H](OC(Cn2ccnc2)c2ccc(Cl)cc2Cl)O1
Cc1cc(-c2nc(-c3ccc(OC(F)(F)F)cc3)no2)nn1Cc1cccc(Br)c1.N#CC1CCNCC1,Cc1cc(-c2nc(-c3ccc(OC(F)(F)F)cc3)no2)nn1Cc1cccc(N2CCC(C#N)CC2)c1
CC1(C)OB(C2=CCN(S(C)(=O)=O)CC2)OC1(C)C.O=S(=O)(c1ccccc1)n1c(I)cc2c(Cl)ncnc21,CS(=O)(=O)N1CC=C(c2cc3c(Cl)ncnc3n2S(=O)(=O)c2ccccc2)CC1
CN.O=S(=O)(c1cccc(C(F)(F)F)c1)c1cc(Br)nc(Br)c1,CNc1cc(S(=O)(=O)c2cccc(C(F)(F)F)c2)cc(Br)n1
Cc1cc2nc3c4cc([N+](=O)[O-])ccc4n(CCN(C)C)c3nc2cc1C,Cc1cc2nc3c4cc(N)ccc4n(CCN(C)C)c3nc2cc1C
CI.COC(=O)c1cccc(C(=O)Nc2nc(C)cs2)c1,COC(=O)c1cccc(C(=O)N(C)c2nc(C)cs2)c1
CC(C)(C)OC(=O)NCC1CCN1.O=C(O)c1ccccc1-c1ccccc1,CC(C)(C)OC(=O)NCC1CCN1C(=O)c1ccccc1-c1ccccc1
O=C(CBr)CNCC1CC1.O=Cc1cccc(O)c1,O=Cc1cccc(OCC(=O)CNCC2CC2)c1
CC(C)(C)OC(=O)NCCO[Si](C)(C)C(C)(C)C.CI,CN(CCO[Si](C)(C)C(C)(C)C)C(=O)OC(C)(C)C
Cc1cc(C(=O)Cl)no1.Nc1ccc(Cl)c(C(=O)O)c1,Cc1cc(C(=O)Nc2ccc(Cl)c(C(=O)O)c2)no1
COC(=O)c1cnc(Cl)c2ccn(C)c12,Cn1ccc2c(Cl)ncc(C(=O)O)c21
CNCCCCS(=O)(=O)CCC(F)(F)F.Oc1cccc(C2=C(CCCCCCBr)c3ccc(O)cc3CCC2)c1,CN(CCCCCCC1=C(c2cccc(O)c2)CCCc2cc(O)ccc21)CCCCS(=O)(=O)CCC(F)(F)F
CC1(C)CC(c2ccccc2N)Nc2ccc(C#N)cc21.CS(=O)(=O)Cl,CC1(C)CC(c2ccccc2NS(C)(=O)=O)Nc2ccc(C#N)cc21
CCOC(=O)CC1CCN2C(=O)CCC2C1,O=C(O)CC1CCN2C(=O)CCC2C1
CC(C)(C(=O)O)c1ccc([N+](=O)[O-])c(Cl)c1.CC(C)CNCC(C)C,CC(C)CN(CC(C)C)C(=O)C(C)(C)c1ccc([N+](=O)[O-])c(Cl)c1
Cc1cc(N(C)C)ncc1N.S=C(Cl)Cl,Cc1cc(N(C)C)ncc1N=C=S
COC(=O)CCCCc1ccccc1.O=C(Cl)Cc1ccccc1,COC(=O)CCCCc1ccc(C(=O)Cc2ccccc2)cc1
CC(=O)NCc1cccc2c1C1(CCN(Cc3ccccc3)CC1)CN2c1ncnc2c1[C@H](C)C[C@H]2O,CC(=O)NCc1cccc2c1C1(CCNCC1)CN2c1ncnc2c1[C@H](C)C[C@H]2O
C=CCS.OCCOc1ccc(Cl)nn1,C=CCSc1ccc(OCCO)nn1
C1COCCN1.O=[N+]([O-])c1ccc(CBr)cc1,O=[N+]([O-])c1ccc(CN2CCOCC2)cc1
CCCN(CCC)CC1CCc2ccc(NC(C)=O)cc21,CCCN(CCC)CC1CCc2ccc(NCC)cc21
CCCCC#Cc1cc2c(cc1N)C(=O)CC2.O=C(O)C(F)(F)F,CCCCC#Cc1cc2c(cc1NC(=O)C(F)(F)F)C(=O)CC2
COC(=O)C1CN(c2cccnc2)C(=O)N1C,CN1C(=O)N(c2cccnc2)CC1C(=O)O
CC(C)(C)OC(=O)NCCCBr.O=C1CCCCN1,CC(C)(C)OC(=O)NCCCN1CCCCC1=O
CC(C)(C)OC(=O)OC(=O)OC(C)(C)C.Fc1ccc2[nH]cc(CC3CCNCC3)c2c1,CC(C)(C)OC(=O)N1CCC(Cc2c[nH]c3ccc(F)cc23)CC1
Brc1ccc2[nH]ccc2c1.CCOC(=O)CBr,CCOC(=O)Cn1ccc2cc(Br)ccc21
CN.COc1ccc2sc(-c3ccc(F)cc3)c(C(=O)O)c2c1,CNC(=O)c1c(-c2ccc(F)cc2)sc2ccc(OC)cc12
COC(=O)C1=C(c2ccc3c(c2)OCO3)c2cc(OC(C)C)ccc2OC1c1ccc2c(c1)OCO2,CC(C)Oc1ccc2c(c1)C(c1ccc3c(c1)OCO3)=C(C(=O)O)C(c1ccc3c(c1)OCO3)O2
CC(C)C1CCC(=O)CC1.O=C(CNc1n[nH]c2ccc(C(F)(F)F)cc12)NC1CNC1,CC(C)C1CCC(N2CC(NC(=O)CNc3n[nH]c4ccc(C(F)(F)F)cc34)C2)CC1
C=O.COC(=O)Cc1c(F)cnc2ccc(OC)nc12,C=C(C(=O)OC)c1c(F)cnc2ccc(OC)nc12
CN(C)c1ccc(B(O)O)cn1.Cc1cc(C)c(CNC(=O)c2cc(Br)cc3c2cnn3C(C)C)c(=O)[nH]1,Cc1cc(C)c(CNC(=O)c2cc(-c3ccc(N(C)C)nc3)cc3c2cnn3C(C)C)c(=O)[nH]1
CC(C)(C)OC(=O)CN.CCCCC(=O)O,CCCCC(=O)NCC(=O)OC(C)(C)C
CN(C)Cc1ncc2n1C(=O)N(C1CCN(Cc3ccccc3)CC1)C2,CN(C)Cc1ncc2n1C(=O)N(C1CCNCC1)C2
[N-]=[N+]=Nc1ccc(-c2c[nH]c(COc3ccccc3)n2)cc1,Nc1ccc(-c2c[nH]c(COc3ccccc3)n2)cc1
CCOC1COCCC1(OC)OC,CCOC1COCCC1=O
CC(=O)N1CCN(c2ccc(CCc3csc(CCCNC(=O)NNC(=O)OC(C)(C)C)c3)nc2)CC1,CC(=O)N1CCN(c2ccc(CCc3csc(CCCNC(=O)NN)c3)nc2)CC1
CSc1nc(Cl)ncc1Br.Nc1cc(F)cc(F)c1,CSc1nc(Nc2cc(F)cc(F)c2)ncc1Br
COC(=O)c1ccc(Br)cc1OC,COc1cc(Br)ccc1C(=O)O
COC(=O)C(SC1CCCC1)c1ccc(Cl)c(Cl)c1,O=C(O)C(SC1CCCC1)c1ccc(Cl)c(Cl)c1
CN(C)CC1(c2ccc(O)cc2)CCOCC1.ClCCCN1CCSCC1,CN(C)CC1(c2ccc(OCCCN3CCSCC3)cc2)CCOCC1
CC(=O)Oc1cccc(O)c1.CCOC(=O)CBr,CCOC(=O)COc1cccc(OC(C)=O)c1
CCc1c(C)n(C)n(-c2ccccc2)c1=O.O=C1CCC(=O)N1Br,CCc1c(CBr)n(C)n(-c2ccccc2)c1=O
O=S(=O)(Nc1cccc(-c2nc(N3CCOCC3)sc2-c2ccnc(Cl)n2)c1Cl)c1ccoc1.[NH4+],Nc1nccc(-c2sc(N3CCOCC3)nc2-c2cccc(NS(=O)(=O)c3ccoc3)c2Cl)n1
CCc1ccc(Oc2cccc(C#N)c2)cc1,CCc1ccc(Oc2cccc(CN)c2)cc1
CN.O=C(O)Cn1c(-c2ccc([N+](=O)[O-])cc2)nc2cccnc21,CNC(=O)Cn1c(-c2ccc([N+](=O)[O-])cc2)nc2cccnc21
COC(=O)C1NC2CCC1C2.COC(=O)CCC(C)C(=O)O,COC(=O)CCC(C)C(=O)N1C2CCC(C2)C1C(=O)OC
Brc1ccncc1.C=CCC(O)c1c(C)noc1-c1ccc(-c2ccc(C3(C(=O)OCC)CC3)cc2)cc1,CCOC(=O)C1(c2ccc(-c3ccc(-c4onc(C)c4C(O)C/C=C/c4ccncc4)cc3)cc2)CC1
C1CNC1.O=S(=O)(Cl)c1cnc(Cl)c(Br)c1,O=S(=O)(c1cnc(Cl)c(Br)c1)N1CCC1
C1CCN(C2CCNCC2)C1.Cc1c(C(=O)O)c(C(F)(F)F)nn1-c1cccc(C(F)(F)F)c1,Cc1c(C(=O)N2CCC(N3CCCC3)CC2)c(C(F)(F)F)nn1-c1cccc(C(F)(F)F)c1
CCC(N)(CC)C(CO)=NO.Nc1nc(O)c([N+](=O)[O-])c(Cl)n1,CCC(CC)(Nc1nc(N)nc(O)c1[N+](=O)[O-])C(CO)=NO
C/C(=C\CO)c1ccc(Cc2ncc[nH]2)cc1.COC(=O)C1=C(C)NC(C)=C(C(=O)O)C1c1cccc([N+](=O)[O-])c1,COC(=O)C1=C(C)NC(C)=C(C(=O)OC/C=C(\C)c2ccc(Cc3ncc[nH]3)cc2)C1c1cccc([N+](=O)[O-])c1
BrCc1ccccc1.Cc1c(Br)ccc(NC(=O)OC(C)(C)C)c1C(=O)O,Cc1c(Br)ccc(NC(=O)OC(C)(C)C)c1C(=O)OCc1ccccc1
CC(C)C[C@H](NC(=O)c1cc2ccccc2s1)C(=O)NCCCN.O=S(=O)(Cl)c1ccc(Cl)cc1Cl,CC(C)C[C@H](NC(=O)c1cc2ccccc2s1)C(=O)NCCCNS(=O)(=O)c1ccc(Cl)cc1Cl
Brc1ccc2cc[nH]c2c1.NCCCl,NCCn1ccc2ccc(Br)cc21
CNC(=O)CCC(=O)c1c(OC)cccc1OC,CNC(=O)CCC(=O)c1c(O)cccc1OC
C#Cc1cccc(Br)n1.CC(C)=O,CC(C)(O)C#Cc1cccc(Br)n1
CCS(=O)(=O)c1ccc(Sc2cc(Cl)ccc2OC)cc1,CCS(=O)(=O)c1ccc(Sc2cc(Cl)ccc2O)cc1
Fc1c(F)c(F)c(Br)c(F)c1F.O=[N+]([O-])c1ccc(I)cc1,O=[N+]([O-])c1ccc(-c2c(F)c(F)c(F)c(F)c2F)cc1
CCOC(=O)Cc1c2c(c3ccccn13)CC(N(C)S(=O)(=O)c1ccc(F)cc1)CC2,CN(C1CCc2c(c3ccccn3c2CC(=O)O)C1)S(=O)(=O)c1ccc(F)cc1
CCOC(=O)c1cc([N+](=O)[O-])ccc1Oc1ccc(F)c(F)c1,CCOC(=O)c1cc(N)ccc1Oc1ccc(F)c(F)c1
CC(C)(C)OC(=O)N1CCNCC1.Oc1nc(-c2ccnc(Cl)c2)nc2cncc(Cl)c12,CC(C)(C)OC(=O)N1CCN(c2nc(-c3ccnc(Cl)c3)nc3cncc(Cl)c23)CC1
COc1cc2c(cc1OC)C(Cc1ccc(Cl)c(Cl)c1)=NCC(=O)N2,COc1cc2c(cc1OC)C(Cc1ccc(Cl)c(Cl)c1)NCC(=O)N2
CCOC(=O)C(=O)c1sccc1I,O=C(O)C(=O)c1sccc1I
CC(C)(N)CO.CCn1ncc2c(NC3CCOCC3)c(C(=O)O)cnc21,CCn1ncc2c(NC3CCOCC3)c(C(=O)NC(C)(C)CO)cnc21
COc1ccc(O)c(N)c1.O=C(Br)CBr,COc1ccc(O)c(NC(=O)CBr)c1
COc1ccc(CNc2cccc(CCCCC(=O)C=Cc3cnc4ccccc4n3)n2)cc1,COc1ccc(CNc2cccc(CCCCC(O)C=Cc3cnc4ccccc4n3)n2)cc1
COc1ccc(NC2=C(c3ccccc3)C(=O)NC2=O)cc1.Cc1cc(CO)no1,COc1ccc(NC2=C(c3ccccc3)C(=O)N(Cc3cc(C)on3)C2=O)cc1
CC(C)(C)CC1NC(C(=O)OC(C)(C)C)C(c2cccc(Br)c2F)C12C(=O)Nc1cc(Cl)ccc12,CC(C)(C)CC1NC(C(=O)O)C(c2cccc(Br)c2F)C12C(=O)Nc1cc(Cl)ccc12
OCC#Cc1ccc2c(cnn2C2CCCCO2)c1,O=CC#Cc1ccc2c(cnn2C2CCCCO2)c1
CN1C(=O)C(c2cccc(OCc3ccccc3)c2)(c2cnn(CC(F)(F)F)c2)N=C1N,CN1C(=O)C(c2cccc(O)c2)(c2cnn(CC(F)(F)F)c2)N=C1N
CC(C)(C)OC(=O)NCCC(=O)Nc1cccc(-c2cc(-c3ccccc3O)nc(NC(=O)c3ccccc3)c2C#N)c1,N#Cc1c(-c2cccc(NC(=O)CCN)c2)cc(-c2ccccc2O)nc1NC(=O)c1ccccc1
C1COCCN1.O=C(O)c1coc(-c2ccc(OCCCCl)cc2)n1,O=C(c1coc(-c2ccc(OCCCCl)cc2)n1)N1CCOCC1
CC(C)(C(=O)C(=O)O)c1cccc(Br)c1.CN,CN[C@H](C(=O)O)C(C)(C)c1cccc(Br)c1
CCOC(=O)CP(=O)(OCC)OCC.O=Cc1ccc(I)cc1,CCOC(=O)/C=C/c1ccc(I)cc1
Cc1ccc(N)cc1Br.O=C(Cl)C1CC1,Cc1ccc(NC(=O)C2CC2)cc1Br
C=C(C)C(CC/C(C)=C/CCC(C)=CCO)O[Si](C)(C)C(C)(C)C,C=C(C)C(CC/C(C)=C/CCC(C)=CC=O)O[Si](C)(C)C(C)(C)C
Cc1cccnc1Nc1nc2cc(C(=O)Nc3ccc4cn[nH]c4c3)c(N3CCC(NC(=O)OC(C)(C)C)CC3)cc2[nH]1,Cc1cccnc1Nc1nc2cc(C(=O)Nc3ccc4cn[nH]c4c3)c(N3CCC(N)CC3)cc2[nH]1
CCC[CH2][Sn](/[CH]=C\CN(CC)CC)([CH2]CCC)[CH2]CCC.COC(=O)c1c(NS(=O)(=O)c2ccc(F)cc2Br)ccc2c1OCc1occ(F)c1-2,CCN(CC)C/C=C\c1cc(F)ccc1S(=O)(=O)Nc1ccc2c(c1C(=O)OC)OCc1occ(F)c1-2
C=O.Cc1cc(C)cc(CNC2CCCn3c2c(-c2ccccc2)c2cc(C)c(C)cc2c3=O)c1,Cc1cc(C)cc(CN(C)C2CCCn3c2c(-c2ccccc2)c2cc(C)c(C)cc2c3=O)c1
CC(C)(C)OC(=O)N1CC[C@H](C(=O)O)C1.CNOC,CON(C)C(=O)[C@H]1CCN(C(=O)OC(C)(C)C)C1
CCS.CN(C(=O)c1ncc(Cl)cc1Cl)c1ccc(SC(F)(F)F)cc1,CCSc1cc(Cl)cnc1C(=O)N(C)c1ccc(SC(F)(F)F)cc1
COC(=O)c1cccc2nc(Cl)sc12.FC(F)(F)C1(c2cc(Cl)cc(Cl)c2)CCNC1,COC(=O)c1cccc2nc(N3CCC(c4cc(Cl)cc(Cl)c4)(C(F)(F)F)C3)sc12
N#CCC(N)=O.O=Cc1cc(Cl)ccc1[N+](=O)[O-],N#CC(=Cc1cc(Cl)ccc1[N+](=O)[O-])C(N)=O
CNOC.O=C(O)Cc1cccc(Br)c1,CON(C)C(=O)Cc1cccc(Br)c1
CNCc1ccccc1.COc1ccc(-c2cc(=Nc3c(C)cc(C)cc3C)n(C)c(Cl)n2)cc1OC,COc1ccc(-c2cc(=Nc3c(C)cc(C)cc3C)n(C)c(N(C)Cc3ccccc3)n2)cc1OC
CC(C)N1C(=O)NC(=CN(C)C)C1=O.COc1ccc(CCl)cc1,COc1ccc(CN2C(=O)N(C(C)C)C(=O)C2=CN(C)C)cc1
OCC#Cc1ccc(C(F)(F)F)cc1Cl,OCCCc1ccc(C(F)(F)F)cc1Cl
COCCCl.Cc1ccccc1Nc1c(C(=O)C(C)C)cnc2c(O)cccc12,COCCOc1cccc2c(Nc3ccccc3C)c(C(=O)C(C)C)cnc12
CCCC(=O)c1cc(C#N)c(N2CCC(C(=O)O)CC2)nc1CN1CCCC1=O.CN(c1ccccc1)S(N)(=O)=O,CCCC(=O)c1cc(C#N)c(N2CCC(C(=O)NS(=O)(=O)N(C)c3ccccc3)CC2)nc1CN1CCCC1=O
CCc1ccc(I)cn1.CON(C)C(=O)c1cn(Cc2cccc(Cl)c2)c2ccccc2c1=O,CCc1ccc(C(=O)c2cn(Cc3cccc(Cl)c3)c3ccccc3c2=O)cn1
CC(C)(C)OC(=O)N[C@@H](CC#Cc1ccc(Br)cc1)C(=O)OC1CCCC1,CC(C)(C)OC(=O)N[C@@H](C/C=C\c1ccc(Br)cc1)C(=O)OC1CCCC1
COC[C@H](CC=O)N1CCN(c2cccc(C(F)(F)F)c2)CCC1=O.C[C@@H]1CNC[C@@H](O)C1,COC[C@H](CCN1C[C@@H](C)C[C@H](O)C1)N1CCN(c2cccc(C(F)(F)F)c2)CCC1=O
CC(C)(C)OC(=O)N[C@H]1CN(C(=O)OCc2ccccc2)CC[C@@H]1O.CS(=O)(=O)Cl,CC(C)(C)OC(=O)N[C@H]1CN(C(=O)OCc2ccccc2)CC[C@@H]1OS(C)(=O)=O
C#CCCC1CCCCC1.Cc1nc(N=[N+]=[N-])sc1C(=O)NCc1ccccc1,Cc1nc(-n2cc(CCC3CCCCC3)nn2)sc1C(=O)NCc1ccccc1
CN1CCN(C(=O)OC(C)(C)C)CC1=O,CN1CCNCC1=O
CS(=O)(=O)CC(=O)O.N[C@H]1CC[C@H](CCN2CCCCC2c2coc3cccc-3c2)CC1,CS(=O)(=O)CC(=O)N[C@@H]1CC[C@@H](CCN2CCCCC2c2coc3cccc-3c2)CC1
COC(=O)[C@@H](C)Cc1ccccc1,C[C@H](CO)Cc1ccccc1
CCOC(=O)c1c(C(=O)c2cc(OC)c(C)cc2[N+](=O)[O-])nnn1Cc1ccc(OC)cc1,COc1ccc(Cn2nnc(C(=O)c3cc(OC)c(C)cc3[N+](=O)[O-])c2C(=O)O)cc1
CC=C=CCOc1ccc(S(=O)(=O)N(C)C(C(=O)OC)C(C)C)cc1,CC=C=CCOc1ccc(S(=O)(=O)N(C)[C@H](C(=O)O)C(C)C)cc1
CC(C)Cc1cc(CCC#N)ccc1-c1ccc(OS(=O)(=O)C(F)(F)F)c(Cc2cccc3ccccc23)c1.COc1ccc(B2OC(C)(C)C(C)(C)O2)cc1CC(C)C,COc1ccc(-c2ccc(-c3ccc(CCC#N)cc3CC(C)C)cc2Cc2cccc3ccccc23)cc1CC(C)C
CC(C)NC(C)C.CCOC(=O)C=C(C)CCC=C(C)CCC=C(C)CCC=C(C)CCC=C(C)C(=O)O,CCOC(=O)C=C(C)CCC=C(C)CCC=C(C)CCC=C(C)CCC=C(C)C(=O)N(C(C)C)C(C)C
COc1cc(C(=O)O)ccc1NC(=O)[C@@H]1N[C@@H](CC(C)(C)C)[C@](C#N)(c2ccc(Cl)cc2F)[C@H]1c1cccc(Cl)c1F.OCCOCCO,COc1cc(C(=O)OCCOCCO)ccc1NC(=O)[C@@H]1N[C@@H](CC(C)(C)C)[C@](C#N)(c2ccc(Cl)cc2F)[C@H]1c1cccc(Cl)c1F
BrCCOC1CCCCO1.COC(=O)c1ccc(OC)c(OC2CCCC2)c1NC(C)=O,COC(=O)c1ccc(OC)c(OC2CCCC2)c1N(CCOC1CCCCO1)C(C)=O
CC(C)(C)OC(=O)CCCOc1cnc(Cl)nc1.COc1ccc(C(C)C)cc1-c1ccc(C(F)(F)F)cc1CN,COc1ccc(C(C)C)cc1-c1ccc(C(F)(F)F)cc1CNc1ncc(OCCCC(=O)OC(C)(C)C)cn1
COC(=O)c1cc(Br)c(C)c(Br)c1,Cc1c(Br)cc(CO)cc1Br
CCNCC.COc1c(C)cc(C(=O)c2c(-c3ccc(OCCBr)cc3)oc3ccccc23)cc1C,CCN(CC)CCOc1ccc(-c2oc3ccccc3c2C(=O)c2cc(C)c(OC)c(C)c2)cc1
COC(=O)c1ccc2c(C3CCCCC3)c3n(c2c1)CCCN(C)c1ccccc1-3,CN1CCCn2c(c(C3CCCCC3)c3ccc(C(=O)O)cc32)-c2ccccc21
CC(C)(C)OC(=O)N1CC[C@H](C(=O)OCc2ccccc2)C1,O=C(OCc1ccccc1)[C@H]1CCNC1
CC(=O)C(F)(F)F.O=C(C=P(c1ccccc1)(c1ccccc1)c1ccccc1)OCc1ccccc1,CC(=CC(=O)OCc1ccccc1)C(F)(F)F
CC(C)C(=O)Nc1cccc(C2CCN(CCCCC(=O)c3ccc(Cl)cc3)CC2)c1.NNc1ccc(OC(F)(F)F)cc1,CC(C)C(=O)Nc1cccc(C2CCN(CCCc3c(-c4ccc(Cl)cc4)[nH]c4ccc(OC(F)(F)F)cc34)CC2)c1
CC(C)(C)OC(=O)NCC(=O)O.Cc1nc(NN)nnc1-c1ccccc1,Cc1nc(NNC(=O)CNC(=O)OC(C)(C)C)nnc1-c1ccccc1
NN.O=C(O)[C@H]1CC[C@H](Oc2ccncn2)CC1,NNC(=O)[C@@H]1CC[C@@H](Oc2ccncn2)CC1
CCCI.Nc1nc(-c2ccco2)c(-c2ccc(=O)[nH]c2)c(-c2ccco2)n1,CCCn1cc(-c2c(-c3ccco3)nc(N)nc2-c2ccco2)ccc1=O
CCOC(=O)CN1CCc2c(cccc2-c2noc(-c3ccc(OC(C)C)c(C#N)c3)n2)C1,CC(C)Oc1ccc(-c2nc(-c3cccc4c3CCN(CC(=O)O)C4)no2)cc1C#N
CC(C)(C)OC(=O)N1CCC(n2cc(N)cn2)C1.NC(=O)C1(c2ccccc2CCc2nc(Cl)ncc2Cl)CC1,CC(C)(C)OC(=O)N1CCC(n2cc(Nc3ncc(Cl)c(CCc4ccccc4C4(C(N)=O)CC4)n3)cn2)C1
O=C1CCCCCCCCC=CCCCCCCC1O,O=C1CCCCCCCCCCCCCCCCC1O
CC1(C)OB(C2=CCN(C(=O)OCc3ccccc3)CC2)OC1(C)C.OCc1ccc(Br)cn1,O=C(OCc1ccccc1)N1CC=C(c2ccc(CO)nc2)CC1
C1CCNCC1.COc1cc([N+](=O)[O-])ccc1Br,COc1cc([N+](=O)[O-])ccc1N1CCCCC1
CC(C)(C)OC(=O)N[C@H](C(=O)N1CCC[C@H]1C(N)=O)C1CCC(NC(=O)OCc2ccccc2)CC1,CC(C)(C)OC(=O)N[C@H](C(=O)N1CCC[C@H]1C#N)[C@@H]1CC[C@@H](NC(=O)OCc2ccccc2)CC1
CCOC(=O)C(=NOC)c1csc(N)n1.O=CO,CCOC(=O)C(=NOC)c1csc(NC=O)n1
N#Cc1ccc(-c2ccc(O)c(-c3nc4cc(C#N)ccc4[nH]3)c2)cc1,N#Cc1ccc(-c2cccc(-c3nc4cc(C#N)ccc4[nH]3)c2)cc1
C[C@@H](NC(=O)OC(C)(C)C)C(=O)O.F[C@@H]1CCNC1,C[C@@H](NC(=O)OC(C)(C)C)C(=O)N1CC[C@@H](F)C1
COC(=O)[C@@H](NC(=O)[C@H](CC(=O)NC(c1ccc(OC)cc1)c1ccc(OC)cc1)NC(=O)OCc1ccccc1)[C@@H](C)NCCc1c[nH]cn1,COc1ccc(C(NC(=O)C[C@H](NC(=O)OCc2ccccc2)C(=O)N[C@H](C(=O)O)[C@@H](C)NCCc2c[nH]cn2)c2ccc(OC)cc2)cc1
COC(=O)c1ncccc1NC(=O)c1ccc(C)c2ccccc12.O=C1CCC(=O)N1Br,COC(=O)c1ncccc1NC(=O)c1ccc(CBr)c2ccccc12
N.O=[N+]([O-])c1ccc(Cl)cn1,Nc1ccc([N+](=O)[O-])nc1
CC(=O)c1cccc(Cl)c1.CCOC(=O)CC#N,CCOC(=O)C(C#N)=C(C)c1cccc(Cl)c1
CN.COC(=O)c1cn([C@H](CCc2cccc3ccccc23)[C@H](C)O)cn1,CNC(=O)c1cn([C@H](CCc2cccc3ccccc23)[C@H](C)O)cn1
CN1Cc2c(C(=O)O)ncn2-c2cccc(Cl)c2C1=O.COC(=O)[C@@H](N)CO,COC(=O)[C@H](CO)NC(=O)c1ncn2c1CN(C)C(=O)c1c(Cl)cccc1-2
CCN(C(=O)c1csc([N+](=O)[O-])c1)c1ccccc1,CCN(C(=O)c1csc(N)c1)c1ccccc1
CN.COCCCN1CCOc2ccc(CO[C@H]3CN(S(=O)(=O)c4ccc(C)cc4)[C@@H](CC(C)(C)C(=O)O)C[C@@H]3c3ccc(COC[C@@H](C)COC)cc3)cc21,CNC(=O)C(C)(C)C[C@H]1C[C@H](c2ccc(COC[C@@H](C)COC)cc2)[C@@H](OCc2ccc3c(c2)N(CCCOC)CCO3)CN1S(=O)(=O)c1ccc(C)cc1
O=C(NCC(=O)N1CCNCC1)c1ccc(-c2ccccc2)cc1.O=C(O)c1cc(C(F)(F)F)ccc1C(F)(F)F,O=C(NCC(=O)N1CCN(C(=O)c2cc(C(F)(F)F)ccc2C(F)(F)F)CC1)c1ccc(-c2ccccc2)cc1
CSc1ccc(Sc2ccc3c(c2)CCN3)cc1.C[C@@](O)(C(=O)O)C(F)(F)F,CSc1ccc(Sc2ccc3c(c2)CCN3C(=O)[C@@](C)(O)C(F)(F)F)cc1
C=CCc1c(CC(=O)OCC)c2ccccc2n1C(=O)OC(C)(C)C,C=CCc1c(CC(=O)O)c2ccccc2n1C(=O)OC(C)(C)C
C[C@@H](c1ccc(B2OC(C)(C)C(C)(C)O2)cc1)N1CC[C@](CC(C)(C)O)(c2ccccc2)OC1=O.Cc1cnc(Br)cn1,Cc1cnc(-c2ccc([C@H](C)N3CC[C@](CC(C)(C)O)(c4ccccc4)OC3=O)cc2)cn1
Clc1ccc2c(c1)CCc1ccccc1C2=CBr.OB(O)c1ccc(O)cc1,Oc1ccc(C=C2c3ccccc3CCc3cc(Cl)ccc32)cc1
COCCn1cnc(-c2cc3nccc(Oc4ccc(N)cc4F)c3s2)c1.COc1ccccc1CC(=O)N=C=S,COCCn1cnc(-c2cc3nccc(Oc4ccc(NC(=S)NC(=O)Cc5ccccc5OC)cc4F)c3s2)c1
N#CCN1CCOCC1,NCCN1CCOCC1
CN(C)CCCCl.Cc1cccc(Nc2cc(Nc3ccc(O)cc3)ncn2)c1,Cc1cccc(Nc2cc(Nc3ccc(OCCCN(C)C)cc3)ncn2)c1
O=C(O)C1(O)C=CC(c2ccccc2)=CC1,OCC1(O)C=CC(c2ccccc2)=CC1
CCCCN.CCOC(=O)c1nc2cnn(CC)c2nc1OCC,CCCCNC(=O)c1nc2cnn(CC)c2nc1OCC
Cc1ccc([C@@H](C)N)cc1.OC[C@H]1O[C@@H](n2cnc3c(Cl)ncnc32)[C@H](O)[C@@H]1O,Cc1ccc([C@@H](C)Nc2ncnc3c2ncn3[C@@H]2O[C@H](CO)[C@@H](O)[C@H]2O)cc1
CC(C)(C)OC(=O)CC1CC(C=O)OC(C)(C)O1.CC(C)n1c(C[P+](c2ccccc2)(c2ccccc2)c2ccccc2)c(-c2ccc(F)cc2)c(-c2ccccc2)c1C(=O)NCc1ccc(COC(=O)C(C)(C)C)cc1,CC(C)n1c(C=CC2CC(CC(=O)OC(C)(C)C)OC(C)(C)O2)c(-c2ccc(F)cc2)c(-c2ccccc2)c1C(=O)NCc1ccc(COC(=O)C(C)(C)C)cc1
C[C@@H](c1ccc(B2OC(C)(C)C(C)(C)O2)cc1)N1CC[C@](CC(C)(C)O)(c2ccccc2)OC1=O.Cc1ncc(Br)cn1,Cc1ncc(-c2ccc([C@H](C)N3CC[C@](CC(C)(C)O)(c4ccccc4)OC3=O)cc2)cn1
CC1(C(=O)Nc2c(SC(=O)C3(C)CCCCC3)ccc3ccccc23)CCCCC1,CC1(C(=O)Nc2c(S)ccc3ccccc23)CCCCC1
CC[C@H](N)C(N)=O.O=C(Cl)CCCCl,CC[C@H](NC(=O)CCCCl)C(N)=O
Cc1cc([N+](=O)[O-])cnc1-c1ccc(F)cc1Cl,Cc1cc(N)cnc1-c1ccc(F)cc1Cl
C[Si](C)(C)C#Cc1ccc(OC(F)F)cc1,C#Cc1ccc(OC(F)F)cc1
Cc1cccc(B(O)O)c1.O=C(NCCc1c[nH]c2ccc(Cl)cc12)c1cccc(I)c1,Cc1cccc(-c2cccc(C(=O)NCCc3c[nH]c4ccc(Cl)cc34)c2)c1
CCI.COC(=O)c1cc(O)c2cccc(C3CC3)c2n1,CCOc1cc(C(=O)OC)nc2c(C3CC3)cccc12
Cc1ccc(N)c(C(=O)Nc2csc(C)n2)n1.Fc1cncc(Br)c1,Cc1ccc(Nc2cncc(F)c2)c(C(=O)Nc2csc(C)n2)n1
CC(C)(C)OC(=O)[C@H](Cc1ccccc1)NC(=O)c1ccc(N)cc1.CCCCCCCCCCCCCCCC(=O)OCC(CSCCC(=O)O)OC(=O)CCCCCCCCCCCCCCC,CCCCCCCCCCCCCCCC(=O)OCC(CSCCC(=O)Nc1ccc(C(=O)N[C@@H](Cc2ccccc2)C(=O)OC(C)(C)C)cc1)OC(=O)CCCCCCCCCCCCCCC
C[SH](C(=O)NC[C@H]1CN(Cc2ccc(Cl)cc2)CCO1)c1ccc(C(=O)OC(C)(C)C)cc1F,C[SH](C(=O)NC[C@H]1CN(Cc2ccc(Cl)cc2)CCO1)c1ccc(C(=O)O)cc1F
CN1CCN(c2ccc(C(=O)CBr)cn2)CC1.COc1ccc(S(N)(=O)=O)cc1NC(N)=S,COc1ccc(S(N)(=O)=O)cc1Nc1nc(-c2ccc(N3CCN(C)CC3)nc2)cs1
O=C(Nc1cccc([N+](=O)[O-])c1)c1cccc(C(F)(F)F)c1,Nc1cccc(NC(=O)c2cccc(C(F)(F)F)c2)c1
CCOC(=O)CCCCC(=O)c1ccc2ccccc2c1.NO,CCOC(=O)CCCCC(=NO)c1ccc2ccccc2c1
COC(=O)c1cc(Oc2cccc(C(F)(F)F)c2)cc(Oc2cccc(C(F)(F)F)c2)c1.NN,NNC(=O)c1cc(Oc2cccc(C(F)(F)F)c2)cc(Oc2cccc(C(F)(F)F)c2)c1
CC(C)(C)OC(=O)N1CCC[C@@H](N)C1.COc1cc(-c2ncnc3c(C(=O)O)c[nH]c23)c(OCC2CC2)cc1F,COc1cc(-c2ncnc3c(C(=O)N[C@@H]4CCCN(C(=O)OC(C)(C)C)C4)c[nH]c23)c(OCC2CC2)cc1F
CC(C)=O.O=Cc1ccc(Cl)c(F)c1,CC(=O)CC(O)c1ccc(Cl)c(F)c1
O=C(C1CC1)N1CC[C@@H](CNc2ccncc2[N+](=O)[O-])C1,Nc1cnccc1NC[C@@H]1CCN(C(=O)C2CC2)C1
COC(=O)c1ccc(-n2cnc(-c3c(-c4ccccc4)noc3C(F)(F)F)c2)nc1.NCC(F)(F)F,O=C(NCC(F)(F)F)c1ccc(-n2cnc(-c3c(-c4ccccc4)noc3C(F)(F)F)c2)nc1
CCOC(=O)c1[nH]ccc1-c1cc(Cl)ccc1C.O=S(=O)(Cl)c1ccccc1,CCOC(=O)c1c(-c2cc(Cl)ccc2C)ccn1S(=O)(=O)c1ccccc1
CCOC(=O)Cl.COc1cc(Nc2nc3c(C4=CCNCC4)cc(C)cn3n2)ccc1-n1cnc(C)c1,CCOC(=O)N1CC=C(c2cc(C)cn3nc(Nc4ccc(-n5cnc(C)c5)c(OC)c4)nc23)CC1
CC(C)c1ccccc1N.Cc1cc([N+](=O)[O-])c(F)cc1-c1ccccc1,Cc1cc([N+](=O)[O-])c(Nc2ccccc2C(C)C)cc1-c1ccccc1
CCOC(=O)COc1ccc2c(C(=O)N[C@@H](CC)c3ccccc3)c(CN3CCC(N4CCCCC4)CC3)c(-c3ccccc3)nc2c1,CC[C@H](NC(=O)c1c(CN2CCC(N3CCCCC3)CC2)c(-c2ccccc2)nc2cc(OCC(=O)O)ccc12)c1ccccc1
COC(=O)c1cncc(O[C@@H]2CCCN(C(=O)OC(C)(C)C)C2)c1,CC(C)(C)OC(=O)N1CCC[C@@H](Oc2cncc(C(=O)O)c2)C1
COCN(c1cc(Cl)cnc1C(=O)c1ccccc1N)S(=O)(=O)c1ccc(Cl)c(C(F)(F)F)c1.CS(=O)(=O)Cl,COCN(c1cc(Cl)cnc1C(=O)c1ccccc1NS(C)(=O)=O)S(=O)(=O)c1ccc(Cl)c(C(F)(F)F)c1
CCOc1ccc2c(Cc3cc(OC)c(OC)c(OC)c3)cncc2c1OS(=O)(=O)C(F)(F)F.CN,CCOc1ccc2c(Cc3cc(OC)c(OC)c(OC)c3)cncc2c1NC
COc1ccc(F)cc1C[C@H](O)COCc1ccccc1,COc1ccccc1C[C@H](O)COCc1ccccc1
CC(=O)O.Cc1cc(C)n(-c2nc(N)cc(Cl)n2)n1,CC(=O)Nc1cc(Cl)nc(-n2nc(C)cc2C)n1
OCC#Cc1cccs1,OCCCc1cccs1
CC(C)(C)OC(=O)[C@]1(Cc2cscn2)C[C@H](c2cnccn2)[C@H](c2nccs2)N1.COc1cc(C(=O)Cl)ccc1C(C)(C)C,COc1cc(C(=O)N2[C@@H](c3nccs3)[C@@H](c3cnccn3)C[C@@]2(Cc2cscn2)C(=O)OC(C)(C)C)ccc1C(C)(C)C
CC(C)(C)OC(=O)NCC[C@@H](Oc1cc(Cl)c(F)cc1C#N)c1ccoc1,N#Cc1cc(F)c(Cl)cc1O[C@H](CCN)c1ccoc1
NS(=O)(=O)c1ccc(NCCCNC2CC2)c([N+](=O)[O-])c1.O=C1COC1,NS(=O)(=O)c1ccc(NCCCN(C2CC2)C2COC2)c([N+](=O)[O-])c1
COc1cccc(-c2ccc(C(=O)N(C)Cc3ccccc3)s2)c1,CN(Cc1ccccc1)C(=O)c1ccc(-c2cccc(O)c2)s1
COC(=O)c1cccc2ccn(Cc3ccc(B4OC(C)(C)C(C)(C)O4)cc3)c12.O=S(=O)(Oc1ccccn1)C(F)(F)F,COC(=O)c1cccc2ccn(Cc3ccc(-c4ccccn4)cc3)c12
C[C@@H](c1ccc(-c2ccc(F)cc2)cc1)N1CC[C@](CCO)(c2ccc(F)cc2)OC1=O.F[C@@H]1CCNC1,C[C@@H](c1ccc(-c2ccc(F)cc2)cc1)N1CC[C@](CCN2CC[C@@H](F)C2)(c2ccc(F)cc2)OC1=O
CC(C)C(=O)Cl.CN1C(=O)C(c2cccc(-c3ccccc3)c2)(C2CCNCC2)N=C1N,CC(C)C(=O)N1CCC(C2(c3cccc(-c4ccccc4)c3)N=C(N)N(C)C2=O)CC1
CC1(C)NN(C2C3CC4CC(C3)CC2C4)C1=O.Cc1cccc(CBr)c1,Cc1cccc(CN2N(C3C4CC5CC(C4)CC3C5)C(=O)C2(C)C)c1
NC1C2CC3CC1CC(O)(C3)C2.O=C(O)c1ccc(OCS(=O)(=O)c2ccccn2)cc1,O=C(NC1C2CC3CC1CC(O)(C3)C2)c1ccc(OCS(=O)(=O)c2ccccn2)cc1
CC(C)(NC(=O)OCc1ccccc1)C(=O)O.N[C@@H]1CCc2cc([N+](=O)[O-])ccc2NC1=O,CC(C)(NC(=O)OCc1ccccc1)C(=O)N[C@@H]1CCc2cc([N+](=O)[O-])ccc2NC1=O
CCOC(=O)CNc1ncccc1N.Cc1ccc(C(=O)Cl)s1,CCOC(=O)CNc1ncccc1NC(=O)c1ccc(C)s1
Cc1ccc(N)c(C(=O)Nc2nc(C3CC3)cs2)n1.Fc1cncc(Br)c1,Cc1ccc(Nc2cncc(F)c2)c(C(=O)Nc2nc(C3CC3)cs2)n1
C=CB1OB(C=C)OB(C=C)O1.COC(=O)c1cccc(Cc2c(-c3ccccc3)nn3cc(Br)ccc23)n1,C=Cc1ccc2c(Cc3cccc(C(=O)OC)n3)c(-c3ccccc3)nn2c1
CC(C)(C)OC(=O)NC(CN)Cc1ccccc1.O=C(Cl)C1CCN(c2ccncc2)CC1,CC(C)(C)OC(=O)NC(CNC(=O)C1CCN(c2ccncc2)CC1)Cc1ccccc1
CCOC(=O)c1cc(-c2ccc(Cl)cc2Cl)c(-c2ccc(Cl)cc2)nc1CN1CCCC1,OCc1cc(-c2ccc(Cl)cc2Cl)c(-c2ccc(Cl)cc2)nc1CN1CCCC1
COc1ccc(N(C(=O)CBr)C(C)C)cn1.O=C1Cc2nnc(C3CCCCC3)n2-c2ccccc2N1,COc1ccc(N(C(=O)CN2C(=O)Cc3nnc(C4CCCCC4)n3-c3ccccc32)C(C)C)cn1
CC1=NCCc2oc(C)cc21,Cc1cc2c(o1)CCNC2C
C1CCNC1.CC(C)(C)c1nc(Cl)c2nnn(Cc3ccccc3Cl)c2n1,CC(C)(C)c1nc(N2CCCC2)c2nnn(Cc3ccccc3Cl)c2n1
CCOc1c(C)c(Br)c(C)c2c1OC(C)C2.Fc1ccc(N2CCNCC2)cc1,CCOc1c(C)c(N2CCN(c3ccc(F)cc3)CC2)c(C)c2c1OC(C)C2
CC(C)S(=O)(=O)N[C@H]1CCOC[C@H]1c1ccc(I)cc1.N#Cc1ccc(B(O)O)s1,CC(C)S(=O)(=O)N[C@H]1CCOC[C@H]1c1ccc(-c2ccc(C#N)s2)cc1
CS(=O)(=O)Cl.OCCCc1ccc(F)cc1F,CS(=O)(=O)OCCCc1ccc(F)cc1F
COC(=O)c1cccc2c1c1c(O)cc(C)cc1n2Cc1cccc(C)c1.[NH4+],Cc1cccc(Cn2c3cc(C)cc(O)c3c3c(C(N)=O)cccc32)c1
N#Cc1ccccc1-c1ccc([N+](=O)[O-])c(NCc2ccccc2)c1.[N-]=[N+]=[N-],O=[N+]([O-])c1ccc(-c2ccccc2-c2nnn[nH]2)cc1NCc1ccccc1
COC(=O)c1c(C(C)C)nc(N)c(C=O)c1-c1ccc(F)cc1.COC[P+](c1ccccc1)(c1ccccc1)c1ccccc1,COC=Cc1c(N)nc(C(C)C)c(C(=O)OC)c1-c1ccc(F)cc1
O=[N+]([O-])c1cc(F)c(O)c(F)c1,Nc1cc(F)c(O)c(F)c1
CCC(Br)CC.O=c1[nH]ncn1-c1ccc(N2CCN(c3ccc(SCC4COC(Cn5cncn5)(c5ccc(F)cc5F)C4)cc3)CC2)cc1,CCC(CC)n1ncn(-c2ccc(N3CCN(c4ccc(SCC5COC(Cn6cncn6)(c6ccc(F)cc6F)C5)cc4)CC3)cc2)c1=O
CC(C)(C)OC(=O)c1ccc(-c2cccc(Cl)c2)cc1N.Ic1ccc2c(c1)OCO2,CC(C)(C)OC(=O)c1ccc(-c2cccc(Cl)c2)cc1Nc1ccc2c(c1)OCO2
C[C@@H](OC(=O)Nc1ccc(-c2c(C#N)c3ccc(O)cc3n2C2CCC2)cc1)C1CC1.Clc1ncccn1,C[C@@H](OC(=O)Nc1ccc(-c2c(C#N)c3ccc(Oc4ncccn4)cc3n2C2CCC2)cc1)C1CC1
C[CH2][Mg+].O=C1CCc2cc(F)ccc21,CCC1(O)CCc2cc(F)ccc21
Cc1nc(N2CCCCC2=O)sc1C(=O)NCc1ccccc1.O=C1CCC(=O)N1Br,Cc1nc(N2CCCC(Br)C2=O)sc1C(=O)NCc1ccccc1
CS(=O)(=O)Cl.C[C@H]1N[C@@H]1c1ccccc1,C[C@@H]1[C@@H](c2ccccc2)N1S(C)(=O)=O
CC(C)C(=O)N1N=C(c2cccc(F)c2)SC1(CCCNC(=O)OC(C)(C)C)c1ccccc1,CC(C)C(=O)N1N=C(c2cccc(F)c2)SC1(CCCN)c1ccccc1
N=C(N)N1CCCC(CN)C1.O=C(O)[C@@H](Cc1c[nH]c2ccccc12)NS(=O)(=O)c1ccc2ccccc2c1,N=C(N)N1CCCC(CNC(=O)[C@@H](Cc2c[nH]c3ccccc23)NS(=O)(=O)c2ccc3ccccc3c2)C1
CCOC(=O)C1CCOc2cc(Oc3ccc(C(=O)O)cc3)c(Cl)cc21.NCCc1ccc(Br)cc1Cl,CCOC(=O)C1CCOc2cc(Oc3ccc(C(=O)NCCc4ccc(Br)cc4Cl)cc3)c(Cl)cc21
CN(C(=O)Cl)c1ccccc1.OCCc1ccc(O)cc1,CN(C(=O)Oc1ccc(CCO)cc1)c1ccccc1
CCOC(=O)C(Cc1cccc(C(F)(F)F)c1)C(=O)c1ccc(F)cc1,CCOC(=O)C(Cc1cccc(C(F)(F)F)c1)C(O)c1ccc(F)cc1
CCOC(=O)c1nc(Br)c2nc(C(C)(C)C)sc2c1O.[C-]#N,CCOC(=O)c1nc(C#N)c2nc(C(C)(C)C)sc2c1O
CC(C)(C)N.Cc1nn(-c2ccc(C#N)c(Cl)c2)c(C)c1Oc1ccc(C(=O)O)cc1,Cc1nn(-c2ccc(C#N)c(Cl)c2)c(C)c1Oc1ccc(C(=O)NC(C)(C)C)cc1
CC(C)(C)OC(=O)CN1C(=O)[C@@H](N2C(=O)c3ccccc3C2=O)CSC[C@H]1c1cccs1,CC(C)(C)OC(=O)CN1C(=O)[C@@H](N)CSC[C@H]1c1cccs1
COc1cc2c(cc1Br)CCN=C2.NCc1ccccc1,COc1cc2c(cc1NCc1ccccc1)CCN=C2
Cc1nn(-c2ccc(Cl)nn2)c(C)c1N1C(=O)c2ccccc2C1=O,Cc1nn(-c2ccc(Cl)nn2)c(C)c1N
O=C(Cl)C1CCCCC1.O=C1CCc2ccc(OCCCCN3CCN(c4cccc5sccc45)CC3)cc2N1,O=C1CCc2ccc(OCCCCN3CCN(c4cccc5sccc45)CC3)cc2N1C(=O)C1CCCCC1
C[C@H](NC(=O)OC(C)(C)C)c1cccc(Oc2cncnc2)c1,C[C@H](N)c1cccc(Oc2cncnc2)c1
COc1cc(C)c(B2OC(C)(C)C(C)(C)O2)cn1.Nc1c2c(nc3c(Br)c(F)ccc13)CN(C1CCC1)C2=O,COc1cc(C)c(-c2c(F)ccc3c(N)c4c(nc23)CN(C2CCC2)C4=O)cn1
N#Cc1nccn1Cc1cccs1,NCc1nccn1Cc1cccs1
CC(C)OC(=O)c1cccnc1N1CCNCC1.CCN(Cc1ccc(C=O)cn1)Cc1c(F)cccc1Cl,CCN(Cc1ccc(CN2CCN(c3ncccc3C(=O)OC(C)C)CC2)cn1)Cc1c(F)cccc1Cl
CC(C)(C)OC(=O)NN.O=C(O)c1ccc(OCc2ccc3ccccc3n2)cc1C1(c2ccccc2)CC2CCC1C2,CC(C)(C)OC(=O)NNC(=O)c1ccc(OCc2ccc3ccccc3n2)cc1C1(c2ccccc2)CC2CCC1C2
NCCO[N+](=O)[O-].O=C1NC(c2ccccc2)C(C(=O)O)O1,O=C1NC(c2ccccc2)C(C(=O)NCCO[N+](=O)[O-])O1
Cc1ccc(O)c(C=O)n1.[Mg+][c]1ccccc1,Cc1ccc(O)c(C(O)c2ccccc2)n1
COC(=O)CC(=O)OC(C)(C)C.O=Cc1cccnc1,COC(=O)C(=Cc1cccnc1)C(=O)OC(C)(C)C
CC(=O)OC[C@H]1O[C@H](Oc2ccc(B3OC(C)(C)C(C)(C)O3)cc2)[C@@H](OC(C)=O)[C@@H](OC(C)=O)[C@@H]1OC(C)=O.COC(=O)c1ncc(Br)cn1,COC(=O)c1ncc(-c2ccc(O[C@H]3O[C@H](COC(C)=O)[C@@H](OC(C)=O)[C@H](OC(C)=O)[C@@H]3OC(C)=O)cc2)cn1
COC(=O)/C=C/[C@H]1CC[C@H]2[C@@H]3CC=C4C[C@@H](O)CC[C@]4(C)[C@H]3CC[C@]12C,C[C@]12CC[C@H]3[C@@H](CC=C4C[C@@H](O)CC[C@@]43C)[C@@H]1CC[C@@H]2/C=C/CO
Cc1ccc(NC(=O)c2cc(Cl)ccc2NCC2CCNCC2)nc1.O=C1CCCCC1,Cc1ccc(NC(=O)c2cc(Cl)ccc2NCC2CCN(C3CCCCC3)CC2)nc1
COc1ccc([N+](=O)[O-])c2c1CCCC(=O)N2,COc1ccc(N)c2c1CCCC(=O)N2
CSCCl.OCc1cccc2ccccc12,CSCOCc1cccc2ccccc12
NC1CCCc2c1[nH]c1ccc(Br)cc21.O=C(Cl)OCc1ccccc1,O=C(NC1CCCc2c1[nH]c1ccc(Br)cc21)OCc1ccccc1
CC(=O)Nc1cccc(B(O)O)c1.CNc1c(C(=O)c2ccc(Cl)cc2Cl)oc2cc(Br)ccc12,CNc1c(C(=O)c2ccc(Cl)cc2Cl)oc2cc(-c3cccc(NC(C)=O)c3)ccc12
COc1ncc(Cl)nc1N.O=S(=O)(Cl)c1cccc(Cl)c1Cl,COc1ncc(Cl)nc1NS(=O)(=O)c1cccc(Cl)c1Cl
COc1ccccc1N1CCNCC1.Cc1c(-c2ccccc2)oc2c(C(=O)CBr)cccc2c1=O,COc1ccccc1N1CCN(CC(=O)c2cccc3c(=O)c(C)c(-c4ccccc4)oc23)CC1
CCN(CC)CCN1CCCc2[nH]c(C=O)c(C)c2C1=O.O=C1Cc2cc(S(=O)(=O)Cc3ccc(F)cc3)ccc2N1,CCN(CC)CCN1CCCc2[nH]c(/C=C3\C(=O)Nc4ccc(S(=O)(=O)Cc5ccc(F)cc5)cc43)c(C)c2C1=O
CC1(C)Cc2cc(C(=O)O)n(CCN)c2C1,CC1(C)Cc2cc3n(c2C1)CCNC3=O
COc1cccc2c1nc(C(F)F)n2-c1nc(Cl)nc(N2CCOCC2)n1.Nc1cccnn1,COc1cccc2c1nc(C(F)F)n2-c1nc(Nc2cccnn2)nc(N2CCOCC2)n1
CC(COCCCCCO)=NOC(C)(C)C.CS(=O)(=O)Cl,CC(COCCCCCOS(C)(=O)=O)=NOC(C)(C)C
CC(C)(C)S(N)=O.O=C1CCC1,CC(C)(C)S(=O)N=C1CCC1
BrCC1CC1.CC(C)N1CCN(C(=O)c2ccc3[nH]c(C(=O)NCC4(F)COC4)cc3c2)CC1,CC(C)N1CCN(C(=O)c2ccc3c(c2)cc(C(=O)NCC2(F)COC2)n3CC2CC2)CC1
CC(=O)Cl.Nc1nsnc1-c1c(Cl)cccc1Cl,CC(=O)Nc1nsnc1-c1c(Cl)cccc1Cl
CCOC(=O)C=C1CCc2cc(OC)ccc21,CCOC(=O)CC1CCc2cc(OC)ccc21
Cc1ccc(C(=O)OC[C@H]2O[C@H](Cl)C[C@@H]2OC(=O)c2ccc(C)cc2)cc1.Clc1ncnc2[nH]cc(Br)c12,Cc1ccc(C(=O)OC[C@H]2O[C@H](n3cc(Br)c4c(Cl)ncnc43)C[C@@H]2OC(=O)c2ccc(C)cc2)cc1
CC(=O)Cl.CC(=O)c1cc(Br)c(C)cc1N,CC(=O)Nc1cc(C)c(Br)cc1C(C)=O
CC(=O)NC(CCCc1ccccc1)C(=O)O,NC(CCCc1ccccc1)C(=O)O
CCOC(=O)c1cncc2[nH]c(-c3ccccc3C(F)(F)F)nc12,O=C(O)c1cncc2[nH]c(-c3ccccc3C(F)(F)F)nc12
COC(=O)CCc1ccc(-c2ccc(CC(N)C(=O)N(C)C)cc2)cc1.Cc1ccc(S(=O)(=O)Cl)cc1,COC(=O)CCc1ccc(-c2ccc(CC(NS(=O)(=O)c3ccc(C)cc3)C(=O)N(C)C)cc2)cc1
CC(=O)SCC(C)C(=O)Cl.N[C@@H](Cc1ccccc1)C(=O)O,CC(=O)SCC(C)C(=O)N[C@@H](Cc1ccccc1)C(=O)O
NCC1CN(Cc2ccc(Cl)c(Cl)c2)CCO1.O=C=Nc1ccc(Br)cc1,O=C(NCC1CN(Cc2ccc(Cl)c(Cl)c2)CCO1)Nc1ccc(Br)cc1
CN1CCNCC1.COC(=O)c1ccc(F)cc1,COC(=O)c1ccc(N2CCN(C)CC2)cc1
C1CCNC1.N#Cc1ccc(C(F)(F)F)nc1Cl,N#Cc1ccc(C(F)(F)F)nc1N1CCCC1
CC(C)(C)OC(=O)N1CC(C(=O)N2CCC(C#N)(Cc3ccc(F)cc3)CC2)Oc2cc(O)c(Cl)cc21.COC(=O)CBr,COC(=O)COc1cc2c(cc1Cl)N(C(=O)OC(C)(C)C)CC(C(=O)N1CCC(C#N)(Cc3ccc(F)cc3)CC1)O2
CC(=O)Nc1ccc(O)cc1.COc1ccc2c(Cl)nc(Nc3cc[nH]n3)cc2c1,COc1ccc2c(Oc3ccc(NC(C)=O)cc3)nc(Nc3cc[nH]n3)cc2c1
CCOC(=O)C(Cc1ccc(OCCNC(=O)c2ccc(-c3ccccn3)cc2)cc1)Oc1cccc(F)c1,O=C(NCCOc1ccc(CC(Oc2cccc(F)c2)C(=O)O)cc1)c1ccc(-c2ccccn2)cc1
CC1=C(C)C(=O)C(C(=CCCCCC(=O)O)c2cccnc2)=C(C)C1=O,CC1=C(C)C(=O)C(C(CCCCCC(=O)O)c2cccnc2)=C(C)C1=O
CCOC(=O)C(C)(C)Oc1ccc(-c2ccc(CCNC(=O)c3cc(Cl)ccc3OC)cc2)cc1,COc1ccc(Cl)cc1C(=O)NCCc1ccc(-c2ccc(OC(C)(C)CO)cc2)cc1
CCOC(=O)c1c(NC(=O)c2ccc(Cl)cc2)c2ccc(-c3ccc(CO)cc3)cc2n1Cc1cccc(Cl)c1,O=C(Nc1c(C(=O)O)n(Cc2cccc(Cl)c2)c2cc(-c3ccc(CO)cc3)ccc12)c1ccc(Cl)cc1
CCC(Br)c1nc(C)c(C)c(=O)n1Cc1ccccc1.Cc1ccc(C2CNCCN2)cc1,CCC(c1nc(C)c(C)c(=O)n1Cc1ccccc1)N1CCNCC1c1ccc(C)cc1
Clc1cccc(I)c1.OB(O)c1ccc(-c2ccccc2)cc1,Clc1cccc(-c2ccc(-c3ccccc3)cc2)c1
COC(=O)COc1ccc(OC/C=C(/c2ccc(Cl)cc2)c2ccc(C#CCN3CCN(C)CC3)cc2)cc1C,Cc1cc(OC/C=C(/c2ccc(Cl)cc2)c2ccc(C#CCN3CCN(C)CC3)cc2)ccc1OCC(=O)O
COC(=O)C1CNC1.Cc1cc(-c2nc(-c3ccc(CO)nc3C)no2)ccc1CC(C)C,COC(=O)C1CN(Cc2ccc(-c3noc(-c4ccc(CC(C)C)c(C)c4)n3)c(C)n2)C1
CN(C)CCCl.O=C1N(Cc2ccc(O)cc2)c2ccccc2C12COc1cc3c(cc12)OCCO3,CN(C)CCOc1ccc(CN2C(=O)C3(COc4cc5c(cc43)OCCO5)c3ccccc32)cc1
COC(=O)CCNC(=O)c1ccc(N(Cc2ccc(-n3cc(C(F)(F)F)cn3)cc2C)C2CCCCC2)nc1,Cc1cc(-n2cc(C(F)(F)F)cn2)ccc1CN(c1ccc(C(=O)NCCC(=O)O)cn1)C1CCCCC1
CCO[C@@H](Cc1c(C)cc(OCc2sc(-c3ccc(C(F)(F)F)cc3)nc2C)cc1C)C(=O)OC,CCO[C@@H](Cc1c(C)cc(OCc2sc(-c3ccc(C(F)(F)F)cc3)nc2C)cc1C)C(=O)O
CC1CCN(c2cc3nc(C(C)(C)C)sc3cc2[N+](=O)[O-])CC1,CC1CCN(c2cc3nc(C(C)(C)C)sc3cc2N)CC1
CCCCCCCCCCCCCCBr.COC(=O)Cc1ccc(O)c(F)c1,CCCCCCCCCCCCCCOc1ccc(CC(=O)OC)cc1F
COc1c(C(C)=O)cc(C)c(C#N)c1C1CN(C(=O)OC(C)(C)C)C1,COc1c(C(C)O)cc(C)c(C#N)c1C1CN(C(=O)OC(C)(C)C)C1
CC/C=C\C/C=C\C/C=C\C/C=C\C/C=C\CCCC(=O)N[C@@H](CCCCNC(=O)/C=C/C(=O)OC)C(=O)OC(C)(C)C,CC/C=C\C/C=C\C/C=C\C/C=C\C/C=C\CCCC(=O)N[C@@H](CCCCNC(=O)/C=C/C(=O)OC)C(=O)O
CCCCCCCCBr.CCCCCCCCOc1ccc(-c2ccc3c(O)c(F)c(F)cc3c2F)cc1,CCCCCCCCOc1ccc(-c2ccc3c(OCCCCCCCC)c(F)c(F)cc3c2F)cc1
CC(=O)C(Br)C(=O)OC(C)(C)C.NC(=S)N1CCN(S(=O)(=O)c2ccc(OC(F)(F)F)cc2)[C@@H](C(=O)OCc2ccccc2)C1,Cc1nc(N2CCN(S(=O)(=O)c3ccc(OC(F)(F)F)cc3)[C@@H](C(=O)OCc3ccccc3)C2)sc1C(=O)OC(C)(C)C
COC(=O)c1cnc2c(c1)N(S(=O)(=O)N1CCC(C(F)(F)F)CC1)CCO2,O=C(O)c1cnc2c(c1)N(S(=O)(=O)N1CCC(C(F)(F)F)CC1)CCO2
Nc1cn(-c2cccnc2)nc1Cl.O=C(Cl)CCCCl,O=C(CCCCl)Nc1cn(-c2cccnc2)nc1Cl
COc1ccccc1OCCN(CCCc1c[nH]c2ccccc12)Cc1ccccc1,COc1ccccc1OCCNCCCc1c[nH]c2ccccc12
COC(OC)c1ccncc1N1CCN(c2ccc3ncsc3c2)C1=O,O=Cc1ccncc1N1CCN(c2ccc3ncsc3c2)C1=O
C=CCN(C)c1nn(Cc2ccc(OC)cc2)cc1C(=O)N(C)OC.C=[CH][Mg+],C=CCN(C)c1nn(Cc2ccc(OC)cc2)cc1C(=O)C=C
C[C@@H]1CN(c2ncc(Br)cc2C=O)C[C@H](C)O1.OB(O)c1cn[nH]c1,C[C@@H]1CN(c2ncc(-c3cn[nH]c3)cc2C=O)C[C@H](C)O1
COc1cc(O)c2cc(-c3cn4nc(OC)sc4n3)oc2c1.OCc1cccc(C2(O)CCOCC2)n1,COc1cc(OCc2cccc(C3(O)CCOCC3)n2)c2cc(-c3cn4nc(OC)sc4n3)oc2c1
COC(=O)CCCCCCCCC(=O)c1cc(C)ccc1OC,COC(=O)CCCCCCCCC(=O)c1cc(C)ccc1O
NNc1ccc(I)cc1.O=Cc1cc(O)c(O)cc1O,Oc1cc(O)c(C=NNc2ccc(I)cc2)cc1O
CN.CN(C)C(=O)c1ccc(-c2cnc(N)c(-c3nnc(-c4ccc(CBr)cc4)o3)n2)cc1,CNCc1ccc(-c2nnc(-c3nc(-c4ccc(C(=O)N(C)C)cc4)cnc3N)o2)cc1
CC(C)(C)OC(=O)NCCC[C@@H](CNC(=O)[C@@H](N)CCCNC(=O)OC(C)(C)C)NC(=O)OC(C)(C)C.CC(C)(C)OC(=O)NCCC[C@@H]1NC(=O)[C@@H](NC(=O)OC(C)(C)C)Cc2cc(ccc2O)-c2cccc(c2)C[C@@H](C(=O)O)NC1=O,CC(C)(C)OC(=O)NCCC[C@@H](CNC(=O)[C@H](CCCNC(=O)OC(C)(C)C)NC(=O)[C@@H]1Cc2cccc(c2)-c2ccc(O)c(c2)C[C@H](NC(=O)OC(C)(C)C)C(=O)N[C@@H](CCCNC(=O)OC(C)(C)C)C(=O)N1)NC(=O)OC(C)(C)C
C[C@@]1(c2cc(Br)ccc2F)CS(=O)(=O)C2(CC(F)(F)C2)C(N)=N1.Cc1cc(Cl)cnc1C(N)=O,Cc1cc(Cl)cnc1C(=O)Nc1ccc(F)c([C@]2(C)CS(=O)(=O)C3(CC(F)(F)C3)C(N)=N2)c1
Cc1ccc(-c2ccc3c(c2)C=C(C(=O)Nc2ccc(CSc4ccccc4)cc2)CCO3)cc1.O=C(OO)c1cccc(Cl)c1,Cc1ccc(-c2ccc3c(c2)C=C(C(=O)Nc2ccc(CS(=O)c4ccccc4)cc2)CCO3)cc1
Brc1ccccn1.CCO[C@H]1CNC[C@H]1Nc1nc(CC)c(-c2ccc(OC)cc2C)nc1CC,CCO[C@H]1CN(c2ccccn2)C[C@H]1Nc1nc(CC)c(-c2ccc(OC)cc2C)nc1CC
CS(N)(=O)=O.Cc1nc(-c2cncc(F)c2)sc1-c1cc(C(=O)O)n(C)n1,Cc1nc(-c2cncc(F)c2)sc1-c1cc(C(=O)NS(C)(=O)=O)n(C)n1
N[C@@H](Cc1ccc(O)c([N+](=O)[O-])c1)C(=O)O.O=C(O)c1cc2cc(Cl)ccc2nc1Cl,O=C(O)c1cc2cc(Cl)ccc2nc1N[C@@H](Cc1ccc(O)c([N+](=O)[O-])c1)C(=O)O
CC[C@H](N)c1ccnc(S(C)(=O)=O)c1.O=C(O)c1cncc2c1cnn2-c1ccc(F)cc1,CC[C@H](NC(=O)c1cncc2c1cnn2-c1ccc(F)cc1)c1ccnc(S(C)(=O)=O)c1
CC(=O)CBr.Fc1cc(S)c(Br)cc1F,CC(=O)CSc1cc(F)c(F)cc1Br
CN(CCO)C(=O)OC(C)(C)C.COC(=O)C(Cc1ccc(O)cc1)(OC)C(=O)OC,COC(=O)C(Cc1ccc(OCCN(C)C(=O)OC(C)(C)C)cc1)(OC)C(=O)OC
CNc1ccccc1.O=C(O)COc1ncc(C(=O)Nc2ccc(F)cc2)cn1,CN(C(=O)COc1ncc(C(=O)Nc2ccc(F)cc2)cn1)c1ccccc1
CC(C)c1cccc(N)c1.CSc1ncc2c(n1)CCN(c1cccc(C(=O)O)n1)C2,CSc1ncc2c(n1)CCN(c1cccc(C(=O)Nc3cccc(C(C)C)c3)n1)C2
COC(=O)[C@H](CCCCNC(=N)NS(=O)(=O)c1c(C)c(C)c2c(c1C)CCC(C)(C)O2)NC(=O)c1cccn(C(c2ccccc2)c2ccccc2)c1=O,Cc1c(C)c(S(=O)(=O)NC(=N)NCCCC[C@H](NC(=O)c2cccn(C(c3ccccc3)c3ccccc3)c2=O)C(=O)O)c(C)c2c1OC(C)(C)CC2
CCOC(=O)Cl.Nn1cccc1C(=O)c1ccccc1Cl,CCOC(=O)Nn1cccc1C(=O)c1ccccc1Cl
CN1C(=O)COc2nc(-c3ccc(C4(NC(=O)OC(C)(C)C)CCC4)cc3)c(CC3CC3)cc21,CN1C(=O)COc2nc(-c3ccc(C4(N)CCC4)cc3)c(CC3CC3)cc21
COC(=O)c1sc(Br)cc1N,Nc1cc(Br)sc1C(=O)O
Cc1ccc(OCCBr)cc1.NCC1CCNCC1,Cc1ccc(OCCN2CCC(CN)CC2)cc1
CC(C)N=C=S.Nc1cc(Cl)cc(Cl)c1N,CC(C)Nc1nc2c(Cl)cc(Cl)cc2[nH]1
Cc1cc2nc(S)[nH]c2cc1C.Nc1ccccc1CCl,Cc1cc2nc(SCc3ccccc3N)[nH]c2cc1C
COC(=O)c1ccc(NC(=O)CCCCc2ccccc2)cc1.NN,NNC(=O)c1ccc(NC(=O)CCCCc2ccccc2)cc1
Fc1ccc(I)cc1.O=C(O)c1cc2ccccc2[nH]1,O=C(O)c1cc2ccccc2n1-c1ccc(F)cc1
CCOc1cc(CC(N)CC)ccc1Cl.O=CO,CCOc1cc(CC(CC)NC=O)ccc1Cl
C#Cc1ccc(CC(C)NC(C)=O)cc1.CSc1nccc(I)n1,CSc1nccc(C#Cc2ccc(CC(C)NC(C)=O)cc2)n1
CC(C)(C)c1ccc(C(=O)O)cc1.NN,CC(C)(C)c1ccc(C(=O)NN)cc1
CC(C)Oc1cc(CCCO)n(Cc2ccc(Cl)cc2Cl)n1.CCOC(=O)c1sc(Cc2ccccc2)nc1O,CCOC(=O)c1sc(Cc2ccccc2)nc1OCCCc1cc(OC(C)C)nn1Cc1ccc(Cl)cc1Cl
COc1cc(C=O)cc(OC)c1OCc1nc(-c2ccccc2)oc1C,COc1cc(CO)cc(OC)c1OCc1nc(-c2ccccc2)oc1C
CN(C)C=O.Clc1ccc2ccccc2n1,O=Cc1cc2ccccc2nc1Cl
CCOC(=O)N(Cc1cccc(Cl)c1)c1c(N)cc(N)cc1C(F)(F)F,Nc1cc(C(F)(F)F)c2c(c1)[nH]c(=O)n2Cc1cccc(Cl)c1
COCCN.COc1ccc(-c2nn3c(Cl)cccc3c2-c2ccnc(NC3CC3)n2)cc1,COCCNc1cccc2c(-c3ccnc(NC4CC4)n3)c(-c3ccc(OC)cc3)nn12
COc1ccc(C(=O)c2ccc(N(C)C)cc2)cc1,CN(C)c1ccc(C(=O)c2ccc(O)cc2)cc1
NCc1ccccc1.O=C1CCc2c1cccc2C(F)(F)F,FC(F)(F)c1cccc2c1CCC2NCc1ccccc1
COC(=O)[C@H](CC(=O)OC(C)(C)C)NC(=O)c1ccc(-c2ccc(OC)cc2)cc1NC(=O)Nc1c(C)cc(C)cc1C,COC(=O)[C@H](CC(=O)O)NC(=O)c1ccc(-c2ccc(OC)cc2)cc1NC(=O)Nc1c(C)cc(C)cc1C
[N-]=[N+]=N[C@H]1C[C@@H](C(=O)N2CCC[C@@H]2C(=O)NC[C@H]2CCCN(CC3CCCCC3)C2)N(C(=O)CC(c2ccccc2)(c2ccccc2)c2ccccc2)C1,N[C@H]1C[C@@H](C(=O)N2CCC[C@@H]2C(=O)NC[C@H]2CCCN(CC3CCCCC3)C2)N(C(=O)CC(c2ccccc2)(c2ccccc2)c2ccccc2)C1
C#C[C@@H](CCCCCCCCC)NCCCC.C/C=C/[C@H](O)C#CBr,C/C=C/[C@H](O)C#CC#C[C@@H](CCCCCCCCC)NCCCC
COCCOc1ccn2c(C(=O)O)cnc2c1.Nc1cccc2c1c(C1CC1)nn2Cc1ccccc1,COCCOc1ccn2c(C(=O)Nc3cccc4c3c(C3CC3)nn4Cc3ccccc3)cnc2c1
COCc1onc(-c2ccc(F)cc2)c1-c1cn(-c2ccc(C(F)(F)F)cc2)cn1,OCc1onc(-c2ccc(F)cc2)c1-c1cn(-c2ccc(C(F)(F)F)cc2)cn1
C=C(C)C(=O)OC12CC3CC(CC(O)(C3)C1)C2.C=COCC,C=C(C)C(=O)OC12CC3CC(C1)CC(OC(C)OCC)(C3)C2
Cc1ccc(NC(=O)Nc2ncc(Br)s2)c(C(=O)C2CCCC2)c1.Cn1cnnc1S,Cc1ccc(NC(=O)Nc2ncc(Sc3nncn3C)s2)c(C(=O)C2CCCC2)c1
BrCc1ccccc1.Oc1ccccc1Br,Brc1ccccc1OCc1ccccc1
Cc1ccc(Oc2cccc(CN)c2)cc1.Nc1ncccc1C(=O)O,Cc1ccc(Oc2cccc(CNC(=O)c3cccnc3N)c2)cc1
C=C[C@@H]1C[C@]1(NC(=O)[C@@H]1C[C@@H](OC(=O)N2Cc3cccc(F)c3C2)CN1C(=O)OC(C)(C)C)C(=O)NS(=O)(=O)N(C)CCCCCCCCCCCC(=O)OC,C=C[C@@H]1C[C@]1(NC(=O)[C@@H]1C[C@@H](OC(=O)N2Cc3cccc(F)c3C2)CN1C(=O)OC(C)(C)C)C(=O)NS(=O)(=O)N(C)CCCCCCCCCCCC(=O)O
BrCCCCBr.O=C(Oc1ccc(Cl)cc1)N1CCCc2cc(O)ccc21,O=C(Oc1ccc(Cl)cc1)N1CCCc2cc(OCCCCBr)ccc21
CC(C)(C)C(=O)Cl.CN1CCCC1Cc1cccc(O)c1,CN1CCCC1Cc1cccc(OC(=O)C(C)(C)C)c1
CC1(C)OC[C@H](CN)O1.Cc1nc(Br)c([N+](=O)[O-])cc1Br,Cc1nc(NC[C@H]2COC(C)(C)O2)c([N+](=O)[O-])cc1Br
CC(C)(C)CO.Cc1nc(NCCCc2cccc(O)c2)nc(C)c1C(=O)N[C@@H](CNC(=O)c1cccs1)C(=O)O,Cc1nc(NCCCc2cccc(O)c2)nc(C)c1C(=O)N[C@@H](CNC(=O)c1cccs1)C(=O)OCC(C)(C)C
COC(=O)[C@H](C(C)C)N1Cc2cc(-c3ccc(N)cc3)ccc2C1=O.O=S(=O)(Cl)C1CCCCC1,COC(=O)[C@H](C(C)C)N1Cc2cc(-c3ccc(NS(=O)(=O)C4CCCCC4)cc3)ccc2C1=O
Clc1nnc(-c2ccccc2)c2ccccc12.Nc1ccc(Oc2ncccc2B(O)O)cc1,OB(O)c1cccnc1Oc1ccc(Nc2nnc(-c3ccccc3)c3ccccc23)cc1
Cn1nc(-c2ccc3c(c2)CCN3C(=O)OC(C)(C)C)c2c(N)ncnc21,Cn1nc(-c2ccc3c(c2)CCN3)c2c(N)ncnc21
CCOC(=O)C(c1ccccc1)C(CN)c1ccc(Cl)cc1,O=C1NCC(c2ccc(Cl)cc2)C1c1ccccc1
Cc1noc(-c2ccc(Br)cc2)c1CNC(=O)OCc1ccccc1.O=C(O)c1cccc(B(O)O)c1,Cc1noc(-c2ccc(-c3cccc(C(=O)O)c3)cc2)c1CNC(=O)OCc1ccccc1
CC(=O)Cl.O=C(NCc1cnc(-c2ccnc(C(F)(F)F)c2)c(F)c1)c1ccc(N2CCNCC2)nc1,CC(=O)N1CCN(c2ccc(C(=O)NCc3cnc(-c4ccnc(C(F)(F)F)c4)c(F)c3)cn2)CC1
COc1ncccc1B(O)O.Nc1cc(Br)ccn1,COc1ncccc1-c1ccnc(N)c1
C=O.O=S(=O)(c1cccc2ccccc12)c1n[nH]c2ccc(OC3CCNC3)cc12,CN1CCC(Oc2ccc3[nH]nc(S(=O)(=O)c4cccc5ccccc45)c3c2)C1
CCOC(=O)CCCOc1c(-c2csc(C(=O)N3CCC(Cc4ccccc4)CC3)n2)cc(Br)c(O)c1Br,O=C(O)CCCOc1c(-c2csc(C(=O)N3CCC(Cc4ccccc4)CC3)n2)cc(Br)c(O)c1Br
CC(C)(C)OC(=O)N1CCCC1CNc1ccc(C=O)cc1[N+](=O)[O-],O=Cc1ccc(NCC2CCCN2)c([N+](=O)[O-])c1
C[O-].Cc1cc2c(cc(Cl)c3nnc(C)n32)n1Cc1ccccc1,COc1cc2c(cc(C)n2Cc2ccccc2)n2c(C)nnc12
CCCCOCCOc1ccc(-c2cc3c4c(c2)OCCN4CCCC(C(=O)OCC)=C3)cc1,CCCCOCCOc1ccc(-c2cc3c4c(c2)OCCN4CCCC(C(=O)O)=C3)cc1
O=[N+]([O-])c1ccc(C2CC2)cc1NC1CCN(C2CCOCC2)CC1,Nc1ccc(C2CC2)cc1NC1CCN(C2CCOCC2)CC1
ClCCN1CCCCC1.Oc1ccc(Br)cc1F,Fc1cc(Br)ccc1OCCN1CCCCC1
CCC(CC)(c1ccc(CCC(O)(C(F)(F)F)C(F)(F)F)c(C)c1)c1ccc(-c2ccc(CC(=O)OC)cc2)c(C)c1,CCC(CC)(c1ccc(CCC(O)(C(F)(F)F)C(F)(F)F)c(C)c1)c1ccc(-c2ccc(CC(=O)O)cc2)c(C)c1
CC=CCCl.O=C(NC1CCNCC1)c1ccc2[nH]ncc2c1,CC=CCN1CCC(NC(=O)c2ccc3[nH]ncc3c2)CC1
COc1cc2cc(C(C)C)sc2c(Cl)c1Cl,CC(C)c1cc2cc(O)c(Cl)c(Cl)c2s1
CO.COc1ccc(CC(Cc2ccc(OC)cc2)N2C(=O)[C@H]([C@@H](C)O)[C@H]2C(=O)O)cc1,COC(=O)[C@@H]1[C@@H]([C@@H](C)O)C(=O)N1C(Cc1ccc(OC)cc1)Cc1ccc(OC)cc1
CN(C)C(=O)CN.COc1ccccc1C1(Cl)C(=O)Nc2ccc(Cl)cc21,COc1ccccc1C1(NCC(=O)N(C)C)C(=O)Nc2ccc(Cl)cc21
C1CCNC1.O=[N+]([O-])c1ccnc(Cl)c1,O=[N+]([O-])c1ccnc(N2CCCC2)c1
CN(C)S(=O)(=O)Cl.NS(=O)(=O)c1ccccc1O,CN(C)S(=O)(=O)Oc1ccccc1S(N)(=O)=O
CC(=O)Cl.OC(c1cccnc1)(c1ccc2nc(Cl)c(-c3ccccc3)c(Cl)c2c1)C1CCCNC1,CC(=O)N1CCCC(C(O)(c2cccnc2)c2ccc3nc(Cl)c(-c4ccccc4)c(Cl)c3c2)C1
CNC(=O)CCC[NH2+]C.Cn1c2c(c3cc(C(=O)O)ccc31)CC(C1CCOCC1)CC2,CNC(=O)CCCN(C)C(=O)c1ccc2c(c1)c1c(n2C)CCC(C2CCOCC2)C1
Nc1ncccn1.O=C(O)C(CC1CCCC1)c1ccc(Cl)c(Cl)c1,O=C(Nc1ncccn1)C(CC1CCCC1)c1ccc(Cl)c(Cl)c1
COc1ccc(-n2cnnn2)cc1C(=O)Cl.OCCC1(c2ccccc2)CCNC1,COc1ccc(-n2cnnn2)cc1C(=O)N1CCC(CCO)(c2ccccc2)C1
CCOC(=O)C(C)(C)c1ccc(-c2ccc(-c3onc(C)c3NC(=O)OC(C)c3ccccc3F)cc2)cc1,Cc1noc(-c2ccc(-c3ccc(C(C)(C)C(=O)O)cc3)cc2)c1NC(=O)OC(C)c1ccccc1F
CCOC(=O)C1(CCCc2c(Cl)cnc3ccc(OC)cc23)CCN(CCOc2nccs2)CC1,COc1ccc2ncc(Cl)c(CCCC3(C(=O)O)CCN(CCOc4nccs4)CC3)c2c1
COc1ccc(C(O)c2ccc(C#C[Si](C(C)C)(C(C)C)C(C)C)cc2)cc1Br,COc1ccc(Cc2ccc(C#C[Si](C(C)C)(C(C)C)C(C)C)cc2)cc1Br
COc1ncc(CBr)cc1-c1cccc(Cl)c1.OB(O)c1cnc(Cl)nc1,COc1ncc(Cc2cnc(Cl)nc2)cc1-c1cccc(Cl)c1
COC(=O)c1ccc(-c2ccc(Cl)cc2)cc1OC1CCN(C(=O)OC(C)(C)C)CC1,CC(C)(C)OC(=O)N1CCC(Oc2cc(-c3ccc(Cl)cc3)ccc2C(=O)O)CC1
Cc1cc(Br)ccc1C(=O)O.NCC(F)(F)F,Cc1cc(Br)ccc1C(=O)NCC(F)(F)F
CC(C)(C)OC(=O)N[C@H]1CC[C@H](N[C@H]2CCCc3cccnc32)CC1.CC(C)(C)OC(=O)n1c(CCl)nc2ccccc21,CC(C)(C)OC(=O)N[C@@H]1CC[C@@H](N(Cc2nc3ccccc3n2C(=O)OC(C)(C)C)C2CCCc3cccnc32)CC1
Cc1ccc(CBr)cc1.O=C1C(=O)c2ccccc2C2=C1SCC1(CCNCC1)O2,Cc1ccc(CN2CCC3(CC2)CSC2=C(O3)c3ccccc3C(=O)C2=O)cc1
CS(=O)(=O)c1cc(Br)ccc1C(=O)O.Clc1cnc(N2CCNCC2)c(Cl)c1,CS(=O)(=O)c1cc(Br)ccc1C(=O)N1CCN(c2ncc(Cl)cc2Cl)CC1
O=C1C2CCCC(C(=O)N1Cc1ccc(F)cc1)N2C(=O)OCc1ccccc1,O=C1C2CCCC(N2)C(=O)N1Cc1ccc(F)cc1
CO.O=C(Nc1ccn(Cc2ccc(O)cc2Cl)n1)c1c(F)cccc1F,COc1ccc(Cn2ccc(NC(=O)c3c(F)cccc3F)n2)c(Cl)c1
C=CCOC[C@H](NC(=O)OC(C)(C)C)C(=O)N[C@H](C(=O)N[C@H](C(=O)OC)C(C)C)C(C)C,C=CCOC[C@H](N)C(=O)N[C@H](C(=O)N[C@H](C(=O)OC)C(C)C)C(C)C
Cc1nc(C(=O)N2CCC[C@@H](C)[C@H]2CNC(=O)OC(C)(C)C)c(-c2ccc(F)cc2)s1,Cc1nc(C(=O)N2CCC[C@@H](C)[C@H]2CN)c(-c2ccc(F)cc2)s1
CC(C)(C)OC(=O)N1CC=C(B2OC(C)(C)C(C)(C)O2)CC1.CCC(=O)c1cc(C)c(Cl)cc1OS(=O)(=O)C(F)(F)F,CCC(=O)c1cc(C)c(Cl)cc1C1=CCN(C(=O)OC(C)(C)C)CC1
BrCc1ccccc1.N#Cc1cc(Br)ccc1O,N#Cc1cc(Br)ccc1OCc1ccccc1
Brc1cccnc1.O=C1NCCc2cc(Cl)ccc21,O=C1c2ccc(Cl)cc2CCN1c1cccnc1
CN1CCc2nc(C(=O)[O-])sc2C1.COC(=O)C1C[C@@H](N)[C@H](NC(=O)c2cc3cc(Cl)ccc3[nH]2)C1,COC(=O)C1C[C@@H](NC(=O)c2cc3cc(Cl)ccc3[nH]2)[C@H](NC(=O)c2nc3c(s2)CN(C)CC3)C1
CCOc1ccc(C[C@@H](N)C(=O)N2CCC(N3N=C(c4ccc(OC)c(OC)c4)[C@H]4CCCC[C@H]4C3=O)CC2)cc1.O=C(O)c1c[nH]c2c(-c3c(OCC4CC4)ccc4c3OCO4)ncnc12,CCOc1ccc(C[C@@H](NC(=O)c2c[nH]c3c(-c4c(OCC5CC5)ccc5c4OCO5)ncnc23)C(=O)N2CCC(N3N=C(c4ccc(OC)c(OC)c4)[C@H]4CCCC[C@H]4C3=O)CC2)cc1
CN(C)C=O.c1cncc(-c2ccnc3ccnn23)c1,O=Cc1cnn2c(-c3cccnc3)ccnc12
NS(=O)(=O)c1ccc(F)c(S(=O)(=O)C(F)(F)F)c1.N[C@H](CCN1CCOCC1)CSc1ccccc1,NS(=O)(=O)c1ccc(N[C@H](CCN2CCOCC2)CSc2ccccc2)c(S(=O)(=O)C(F)(F)F)c1
C#C[Si](C)(C)C.CCOC(=O)[C@H](Cc1ccc(OS(=O)(=O)C(F)(F)F)cc1)OC,C#Cc1ccc(C[C@H](OC)C(=O)OCC)cc1
CC(=O)OC(C)=O.CCOc1ccccc1OCCN(C(=O)OC(C)(C)C)C(C)Cc1cc2c(c(C(N)=O)c1)NCC2,CCOc1ccccc1OCCN(C(=O)OC(C)(C)C)C(C)Cc1cc2c(c(C(N)=O)c1)N(C(C)=O)CC2
CNC(=O)NC.O=C=Nc1ccccc1F,CNC(=O)N(C)C(=O)Nc1ccccc1F
Cc1c(Cl)cccc1S(=O)(=O)Cl.Nc1ccnc(C2CCC2)n1,Cc1c(Cl)cccc1S(=O)(=O)Nc1ccnc(C2CCC2)n1
CC=O.Cc1ccccc1CN(c1ccc(C#N)c(Cl)c1)[C@H]1CCNC1,CCN1CC[C@H](N(Cc2ccccc2C)c2ccc(C#N)c(Cl)c2)C1
CC(C)(C)OC(=O)CN(C(=O)CCl)c1cccc(C(F)(F)F)c1,O=C(O)CN(C(=O)CCl)c1cccc(C(F)(F)F)c1
CCOC(=O)c1cc(-n2c(=O)[nH]c3c(c2=O)CCC3)ccc1Cl.CI,CCOC(=O)c1cc(-n2c(=O)c3c(n(C)c2=O)CCC3)ccc1Cl
C1CCNCC1.O=C(O)c1cc2ccccc2c(-c2ccccc2Cl)n1,O=C(c1cc2ccccc2c(-c2ccccc2Cl)n1)N1CCCCC1
BrCC1=Cc2ccccc2Oc2ccccc21.C#CCNC,C#CCN(C)CC1=Cc2ccccc2Oc2ccccc21
COc1cc2ncnc(Nc3ccc(F)c(Cl)c3F)c2cc1O[C@H]1CCN(C(=O)OC(C)(C)C)[C@H](C(N)=O)C1,COc1cc2ncnc(Nc3ccc(F)c(Cl)c3F)c2cc1O[C@H]1CCN[C@H](C(N)=O)C1
CCOCCn1c(N2CCCN(CCC3(c4ccccc4)CCN(C(=O)c4cc(OC)c(OS(C)(=O)=O)c(OC)c4)C3)CC2)nc2ccccc21,CCOCCn1c(N2CCCN(CCC3(c4ccccc4)CCN(C(=O)c4cc(OC)c(O)c(OC)c4)C3)CC2)nc2ccccc21
COc1ccc(Br)cc1C=O.c1ccc([P+](c2ccccc2)(c2ccccc2)C2CCCC2)cc1,COc1ccc(Br)cc1C=C1CCCC1
COC(=O)c1ccc(CCc2cccc3c2NCC3)cc1.COc1cccc(S(=O)(=O)Cl)c1,COC(=O)c1ccc(CCc2cccc3c2N(S(=O)(=O)c2cccc(OC)c2)CC3)cc1
Clc1cc(Cl)nc(Cl)n1.Oc1c(Cl)cccc1Cl,Clc1cc(Oc2c(Cl)cccc2Cl)nc(Cl)n1
CC(C)(C)OC(=O)NC1(c2ccc(-c3oc4ncc(Cl)nc4c3-c3ccccc3)cc2)CCC1.NC(=O)c1cccc(B(O)O)c1,CC(C)(C)OC(=O)NC1(c2ccc(-c3oc4ncc(-c5cccc(C(N)=O)c5)nc4c3-c3ccccc3)cc2)CCC1
C[C@H](N)C(=O)C1(N)N=C(c2ccccc2)c2ccccc2N(C)C1=O.O=C(O)C(O)C1CCCC1,C[C@H](NC(=O)C(O)C1CCCC1)C(=O)C1(N)N=C(c2ccccc2)c2ccccc2N(C)C1=O
O=Cc1c[nH]c2ccccc12.O=S(=O)(Cl)c1ccc(F)cc1,O=Cc1cn(S(=O)(=O)c2ccc(F)cc2)c2ccccc12
Cn1cc(CC(=O)N2CC3C(C2)C3(C)c2cccc(NS(C)(=O)=O)c2)c2ccccc21,Cn1cc(CCN2CC3C(C2)C3(C)c2cccc(NS(C)(=O)=O)c2)c2ccccc21
CC[C@H](C)[C@@H]([C@@H](CC(=O)N1CCC[C@H]1[C@H](OC)[C@@H](C)C(=O)N[C@@H](Cc1ccccc1)C(=O)N1CCCCO1)OC)N(C)C(=O)[C@@H](NC(=O)[C@@H](NC)C(C)C)C(C)C.O=CCO,CC[C@H](C)[C@@H]([C@@H](CC(=O)N1CCC[C@H]1[C@H](OC)[C@@H](C)C(=O)N[C@@H](Cc1ccccc1)C(=O)N1CCCCO1)OC)N(C)C(=O)[C@@H](NC(=O)[C@H](C(C)C)N(C)CCO)C(C)C
CCOC(=O)c1cn2ccsc2n1.NN,NNC(=O)c1cn2ccsc2n1
Cc1cc(N2CCOCC2)cc(C)c1N.O=C(Cl)OCc1ccccc1,Cc1cc(N2CCOCC2)cc(C)c1NC(=O)OCc1ccccc1
CCOC(=O)OCn1c(SCc2nccc3ccsc23)nc2ccccc21.O=C(OO)c1cccc(Cl)c1,CCOC(=O)OCn1c(S(=O)Cc2nccc3ccsc23)nc2ccccc21
Brc1cncc(Br)c1.OB(O)c1cccc(Cl)c1,Clc1cccc(-c2cncc(Br)c2)c1
O=C(OCc1ccccc1)N1CCC(CCO)CC1,O=CCC1CCN(C(=O)OCc2ccccc2)CC1
CCOC(=O)C=Cc1cccc(CCc2nc(-c3ccccc3)c(-c3ccccc3)o2)c1,O=C(O)C=Cc1cccc(CCc2nc(-c3ccccc3)c(-c3ccccc3)o2)c1
CC(C)(C)OC(=O)NC(Cc1cccc(CC(F)(F)C(F)F)c1)C(O)c1ccc(F)cc1,NC(Cc1cccc(CC(F)(F)C(F)F)c1)C(O)c1ccc(F)cc1
COc1ccc(COC2CC(C)(C)Cc3nc(C4CCN(c5ncc(C=O)cn5)CC4)c(C(F)c4ccc(C(F)(F)F)cc4)c(C4CCC(F)(F)CC4)c32)cc1,COc1ccc(COC2CC(C)(C)Cc3nc(C4CCN(c5ncc(CO)cn5)CC4)c(C(F)c4ccc(C(F)(F)F)cc4)c(C4CCC(F)(F)CC4)c32)cc1
CCNCC.O=C1Cc2ccccc2C1,CCN(CC)C1Cc2ccccc2C1
C=Cn1cncn1.O=C1CN(c2ccc(I)cc2OCc2ccccc2)S(=O)(=O)N1,O=C1CN(c2ccc(/C=C/n3cncn3)cc2OCc2ccccc2)S(=O)(=O)N1
CCOc1cc(C(C)(C)C)ccc1C1=NC(C)(c2ccc(Cl)cc2)C(C)(c2ccc(Cl)cc2)N1.O=C(Cl)c1ccc(Cl)cc1,CCOc1cc(C(C)(C)C)ccc1C1=N[C@@](C)(c2ccc(Cl)cc2)[C@@](C)(c2ccc(Cl)cc2)N1C(=O)c1ccc(Cl)cc1
C=C(CC(=O)O)C[Si](C)(C)C.C=[N+]=[N-],C=C(CC(=O)OC)C[Si](C)(C)C
COc1ccc(CN(c2nccs2)S(=O)(=O)c2ccc3c(Cl)nccc3c2)cc1.OB(O)c1ccc(Cl)cc1O,COc1ccc(CN(c2nccs2)S(=O)(=O)c2ccc3c(-c4ccc(Cl)cc4O)nccc3c2)cc1
CC(C)(O)[C@@H]1CCCNC1.COc1ccc(-c2nocc2C(=O)O)cc1,COc1ccc(-c2nocc2C(=O)N2CCC[C@@H](C(C)(C)O)C2)cc1
FC(F)(F)c1ccc(Nc2ncnc3c2CN(Cc2ccccc2)CC3)cc1,FC(F)(F)c1ccc(Nc2ncnc3c2CNCC3)cc1
CC(C)(C)OC(=O)N[C@H](C[C@@H](Cc1ccc(OCc2ccccc2)cc1)C(=O)OC(C)(C)C)C(=O)OC(C)(C)C,CC(C)(C)OC(=O)N[C@H](C[C@@H](Cc1ccc(O)cc1)C(=O)OC(C)(C)C)C(=O)OC(C)(C)C
CCCCc1nc2cccc(CO)c2n1Cc1ccc(-c2ccccc2C#N)cc1.[N-]=[N+]=[N-],CCCCc1nc2cccc(CO)c2n1Cc1ccc(-c2ccccc2-c2nnn[nH]2)cc1
Cc1ccc(O)c2c1NC(=O)CC2.ClCCCN1CCN(Cc2ccc3ccccc3n2)CC1,Cc1ccc(OCCCN2CCN(Cc3ccc4ccccc4n3)CC2)c2c1NC(=O)CC2
CN(C)C1CCNCC1.O=C1Nc2cccnc2N(C(=O)CCl)c2ccccc21,CN(C)C1CCN(CC(=O)N2c3ccccc3C(=O)Nc3cccnc32)CC1
Brc1ccc2occc2c1.O=Cc1ccc(B(O)O)cc1,O=Cc1ccc(-c2ccc3occc3c2)cc1
OCCc1ccccn1,OCCC1CCCCN1
C=CC(=O)Cl.O=C(O)C1CCNCC1,C=CC(=O)N1CCC(C(=O)O)CC1
COC(=O)c1ccc(C(C)(C)Oc2ccc3c(c2)C(c2ccccc2)=CC3)cc1,CC(C)(Oc1ccc2c(c1)C(c1ccccc1)=CC2)c1ccc(C(=O)O)cc1
C1COCCN1.O=Cc1cc(F)c(F)c(F)c1,O=Cc1cc(F)c(N2CCOCC2)c(F)c1
COC(=O)C1(Oc2cc(-n3c(=O)cc(C(F)(F)F)n(C)c3=O)c(F)cc2Cl)CC1,Cn1c(C(F)(F)F)cc(=O)n(-c2cc(OC3(C(=O)O)CC3)c(Cl)cc2F)c1=O
Clc1cccc(OC2CCNCC2)c1.O=C(O)CNC(=O)c1cc(-c2ccccc2)[nH]n1,O=C(NCC(=O)N1CCC(Oc2cccc(Cl)c2)CC1)c1cc(-c2ccccc2)[nH]n1
COc1ccc(NC(=O)c2csc(Br)c2OC)cc1N1CCN(C)CC1.OB(O)c1ccncc1,COc1ccc(NC(=O)c2csc(-c3ccncc3)c2OC)cc1N1CCN(C)CC1
CC(C)(O)c1cccc(CBr)c1.CC(C)Oc1ccc(-c2nc(-c3ccc(=O)[nH]c3)no2)cc1,CC(C)Oc1ccc(-c2nc(-c3ccc(=O)n(Cc4cccc(C(C)(C)O)c4)c3)no2)cc1
CC(=N)N.O=S(=O)(Cl)C=Cc1ccc(Cl)c(Cl)c1,CC(=N)NS(=O)(=O)C=Cc1ccc(Cl)c(Cl)c1
CI.OCCn1nnc([C@@H]2C[C@@]3(c4ccccc4)[C@H](OCc4cc(C(F)(F)F)cc(C(F)(F)F)c4)CC[C@@H]2N3Cc2ccccc2)n1,COCCn1nnc([C@@H]2C[C@@]3(c4ccccc4)[C@H](OCc4cc(C(F)(F)F)cc(C(F)(F)F)c4)CC[C@@H]2N3Cc2ccccc2)n1
CCOC(=O)c1cnc(Nc2cccc(C(F)(F)F)c2)[nH]c1=O,O=C(O)c1cnc(Nc2cccc(C(F)(F)F)c2)[nH]c1=O
C=C1CCc2c(F)c(F)cc3c(=O)c(C(=O)O)cn1c23.CN1CCNCC1,C=C1CCc2c(N3CCN(C)CC3)c(F)cc3c(=O)c(C(=O)O)cn1c23
N#CCN.O=C(Cl)c1ccco1,N#CCNC(=O)c1ccco1
CC(OCC1(c2ccc(F)cc2)CCN(C(=O)OC(C)(C)C)CC1)c1cc(N(C)C)cc2cn[nH]c12,CC(OCC1(c2ccc(F)cc2)CCNCC1)c1cc(N(C)C)cc2cn[nH]c12
CCc1cc(N2CCCN(C(=O)OC(C)(C)C)CC2)cc2[s+]c3cc(N4CCOCC4)cc(C)c3nc12,CCc1cc(N2CCCNCC2)cc2[s+]c3cc(N4CCOCC4)cc(C)c3nc12
CC(C)(C)[Si](C)(C)OC1CCC(Nc2ncc(C#N)c3[nH]c4ccc(F)cc4c23)CC1F,N#Cc1cnc(NC2CCC(O)C(F)C2)c2c1[nH]c1ccc(F)cc12
CCOC(=O)C(=O)CC(=O)c1ccc(C)cn1.Cc1ccc(NN)cn1,CCOC(=O)c1cc(-c2ccc(C)cn2)n(-c2ccc(C)nc2)n1
CN1CCCc2cc(CN)ccc21.Cc1cncc(-c2cnc(-n3ccc(C)n3)c(C(=O)O)c2)c1,Cc1cncc(-c2cnc(-n3ccc(C)n3)c(C(=O)NCc3ccc4c(c3)CCCN4C)c2)c1
NC(=S)c1ccccc1.O=C1c2cc(Br)ccc2CCC1Br,Brc1ccc2c(c1)-c1nc(-c3ccccc3)sc1CC2
CC1(C)COC(C(C)(C)c2ccc(CCCl)cc2)=N1.CCOCCn1c(C2CCNCC2)nc2ccccc21,CCOCCn1c(C2CCN(CCc3ccc(C(C)(C)C4=NC(C)(C)CO4)cc3)CC2)nc2ccccc21
OB(O)c1cc2ccccc2s1.Oc1ccc2cc(Br)ccc2c1Cl,Oc1ccc2cc(-c3cc4ccccc4s3)ccc2c1Cl
Nc1ccc(Cl)c(OC2CCCC2=O)c1.O=C1OC(=O)C2=C1CCCC2,O=C1CCCC1Oc1cc(N2C(=O)C3=C(CCCC3)C2=O)ccc1Cl
CC(=O)OC(C)=O.N#Cc1cccc2[nH]ncc12,CC(=O)n1ncc2c(C#N)cccc21
COc1ccc2ncc(=O)n(CCN3CCC(N)CC3)c2c1.O=Cc1cc2c(cc1Br)OCCO2,COc1ccc2ncc(=O)n(CCN3CCC(NCc4cc5c(cc4Br)OCCO5)CC3)c2c1
COc1ccc2cc(C=O)c(OC)nc2c1.NCCc1ccc(Br)cc1,COc1ccc2cc(CNCCc3ccc(Br)cc3)c(OC)nc2c1
CCOC(=O)c1cc2c(=O)n(C)c3ccccc3n2c1,Cn1c(=O)c2cc(C(=O)O)cn2c2ccccc21
CC(C)(C)[C@@H]1CC(=O)N1.CC[C@@H](N=C=O)c1ccccc1,CC[C@@H](NC(=O)N1C(=O)C[C@H]1C(C)(C)C)c1ccccc1
Cc1nn(C)c(C)c1S(=O)(=O)Cl.Fc1cc(Cl)ccc1OC1CCNCC1,Cc1nn(C)c(C)c1S(=O)(=O)N1CCC(Oc2ccc(Cl)cc2F)CC1
C=CC(=O)Nc1cccc(-c2cccc3cnc(Cl)nc23)c1.CN1CCC(Nc2ccc(N)cc2)CC1,C=CC(=O)Nc1cccc(-c2cccc3cnc(Nc4ccc(NC5CCN(C)CC5)cc4)nc23)c1
CC(=O)OC(C)=O.COc1ccc(C2=CC(=Nc3c(C)cc(C)cc3C)N(C)CN2)cc1OC,COc1ccc(C2=CC(=Nc3c(C)cc(C)cc3C)N(C)CN2C(C)=O)cc1OC
CC(C)(C)OC(=O)NN.COC(=O)c1ccc(C=O)cc1,COC(=O)c1ccc(/C=N/NC(=O)OC(C)(C)C)cc1
FC(F)(F)c1cc(CN(Cc2cc(C(F)(F)F)ccc2-c2ccccc2OCc2ccccc2)c2ncc(N3CCOCC3)cn2)cc(C(F)(F)F)c1,Oc1ccccc1-c1ccc(C(F)(F)F)cc1CN(Cc1cc(C(F)(F)F)cc(C(F)(F)F)c1)c1ncc(N2CCOCC2)cn1
C1=Cc2ccccc2C(C2CCNCC2)c2ccccc21.CC(C)=O,CC(C)N1CCC(C2c3ccccc3C=Cc3ccccc32)CC1
CCc1cccc(CC)c1S(=O)(=O)Cl.Cc1c(N)cc(C(F)(F)F)cc1C(F)(F)F,CCc1cccc(CC)c1S(=O)(=O)Nc1cc(C(F)(F)F)cc(C(F)(F)F)c1C
CC(C)=O.O=C1S/C(=C\c2ccc3c(cnn3Cc3ccc(Cl)cc3C(F)(F)F)c2)C(=O)N1[C@@H]1CCNC[C@H]1F,CC(C)N1CC[C@@H](N2C(=O)S/C(=C\c3ccc4c(cnn4Cc4ccc(Cl)cc4C(F)(F)F)c3)C2=O)[C@H](F)C1
CN(C)CCN(C)c1nc2ccc(NC(=O)c3ccc(I)cc3)cc2s1.COc1ccc(B(O)O)cc1,COc1ccc(-c2ccc(C(=O)Nc3ccc4nc(N(C)CCN(C)C)sc4c3)cc2)cc1
CN(C)CCc1ccc(N)cc1.O=C(c1cnc2ccc(Br)cc2c1Cl)C1CC1,CN(C)CCc1ccc(Nc2c(C(=O)C3CC3)cnc3ccc(Br)cc23)cc1
CN(C)CCCCl.Oc1ccc(-c2nnc(CSCc3cccc4ccccc34)o2)cc1,CN(C)CCCOc1ccc(-c2nnc(CSCc3cccc4ccccc34)o2)cc1
C#C[Si](C)(C)C.Nc1ccc(Br)cc1,C[Si](C)(C)C#Cc1ccc(N)cc1
NC(=S)Nc1ncc(Br)cc1Oc1ccc(F)cc1.O=C(CBr)CCc1ccccc1,Fc1ccc(Oc2cc(Br)cnc2Nc2nc(CCc3ccccc3)cs2)cc1
COC(=O)c1cc(Cl)ccc1NC(C)C,CC(C)Nc1ccc(Cl)cc1C(=O)O
O=C(O)CCc1cc2ccccc2s1.O=C1N[C@@H](Cc2ccccc2)CO1,O=C(CCc1cc2ccccc2s1)N1C(=O)OC[C@@H]1Cc1ccccc1
CC(C)N1CCC(Oc2ccc3c(c2)cc2n3CCNC2=O)CC1.CCBr,CCN1CCn2c(cc3cc(OC4CCN(C(C)C)CC4)ccc32)C1=O
CCOC(=O)N1CCC(N=C=S)CC1.CNc1ccccc1,CCOC(=O)N1CCC(NC(=S)N(C)c2ccccc2)CC1
C[C@H]1CC(=O)CC2=CC[C@H]3[C@@H]4CC[C@H](O)[C@@]4(C)CC[C@@H]3[C@]21CO,C[C@H]1C[C@H](O)CC2=CC[C@H]3[C@@H]4CC[C@H](O)[C@@]4(C)CC[C@@H]3[C@]21CO
COC(=O)c1ccc2c(C3CCCCC3)c(-c3cc([N+](=O)[O-])c4nc(-c5sc(C)nc5C)ccc4c3)n(CC(=O)N3CCOCC3)c2c1,COC(=O)c1ccc2c(C3CCCCC3)c(-c3cc(N)c4nc(-c5sc(C)nc5C)ccc4c3)n(CC(=O)N3CCOCC3)c2c1
CC(=O)Cl.c1ccc2c(c1)oc1ccccc12,CC(=O)c1ccc2oc3ccccc3c2c1
CC(C)(C)OC(=O)N1CCC(=O)CC1.COC(Cc1ccc(Cl)cc1N)OC,COC(Cc1ccc(Cl)cc1NC1CCN(C(=O)OC(C)(C)C)CC1)OC
CC(C)c1cccc(C(C)C)c1N=C=O.COc1ccc(CNc2ccc(C(C)C)cc2)c(OC)c1,COc1ccc(CN(C(=O)Nc2c(C(C)C)cccc2C(C)C)c2ccc(C(C)C)cc2)c(OC)c1
CCCCNc1ncc2[nH]cc(C3CCC(O[Si](C)(C)C(C)(C)C)CC3)c2n1.Ic1ccc(CN2CCOCC2)cc1,CCCCNc1ncc2c(n1)c(C1CCC(O[Si](C)(C)C(C)(C)C)CC1)cn2-c1ccc(CN2CCOCC2)cc1
O=C(CCCNC(=O)OCc1ccccc1)Nc1ccc2[nH]ccc2c1,NCCCC(=O)Nc1ccc2[nH]ccc2c1
CN(CCN)C1CCCCC1.O=C(CCl)OC(=O)CCl,CN(CCNC(=O)CCl)C1CCCCC1
CCCc1cc(C)[nH]c(=O)c1CNC(=O)c1cc(Br)cc2c1c(C)nn2C(C)C.CN(C)Cc1ccc(B2OC(C)(C)C(C)(C)O2)cc1,CCCc1cc(C)[nH]c(=O)c1CNC(=O)c1cc(-c2ccc(CN(C)C)cc2)cc2c1c(C)nn2C(C)C
Cc1cc(-c2nc(-c3ccc(OC(F)(F)F)cc3)no2)nn1Cc1ccnc(C2=CCN(C(=O)OC(C)(C)C)CC2)c1,Cc1cc(-c2nc(-c3ccc(OC(F)(F)F)cc3)no2)nn1Cc1ccnc(C2CCN(C(=O)OC(C)(C)C)CC2)c1
COC(=O)C[C@](CF)(N[S@](=O)C(C)(C)C)c1cc(Br)ccc1F,CC(C)(C)[S@@](=O)N[C@@](CF)(CCO)c1cc(Br)ccc1F
COC(=O)c1ccc2c(c1)c1c(n2C)CCNC1.O=C1CCOCC1,COC(=O)c1ccc2c(c1)c1c(n2C)CCN(C2CCOCC2)C1
O=C1Cc2cc(C(=O)CCl)ccc2N1.[N-]=[N+]=[N-],[N-]=[N+]=NCC(=O)c1ccc2c(c1)CC(=O)N2
COC(=O)c1ccc(C(=O)Nc2nccs2)cc1,O=C(O)c1ccc(C(=O)Nc2nccs2)cc1
Cc1cccn2cc(CCl)nc12.Clc1ccc(N2CCNCC2)c(Cl)c1,Cc1cccn2cc(CN3CCN(c4ccc(Cl)cc4Cl)CC3)nc12
CC1CCC(N(C(=O)Nc2ncc(Br)s2)C2CCCC2)CC1.CCOC(=O)c1c[nH]c(S)n1,CCOC(=O)c1c[nH]c(Sc2cnc(NC(=O)N(C3CCCC3)C3CCC(C)CC3)s2)n1
O=C1Cc2cc(Br)cnc2N1.O=Cc1ccc2c(/C=C/c3ccncc3)n[nH]c2c1,O=C1Nc2ncc(Br)cc2C1=Cc1ccc2c(/C=C/c3ccncc3)n[nH]c2c1
O=C(O)c1ccc(Br)s1.OB(O)c1cccc2cccnc12,O=C(O)c1ccc(-c2cccc3cccnc23)s1
BrC(Br)(Br)Br.O=Cc1ccco1,BrC(Br)=Cc1ccco1
COC(=O)c1ccc(CBr)cc1.C[C@@H](N)c1ccccc1F,COC(=O)c1ccc(CN[C@H](C)c2ccccc2F)cc1
COC(=O)C(O)CNCC(=O)N1CCc2cc(OCc3cc(-c4ccccc4)c(C(F)(F)F)s3)ccc21,O=C(O)C(O)CNCC(=O)N1CCc2cc(OCc3cc(-c4ccccc4)c(C(F)(F)F)s3)ccc21
CC(=O)Cl.COC(=O)c1c(-c2cc(OC)c(OC)c(OC)c2)c2ccccc2c(=O)n1N,COC(=O)c1c(-c2cc(OC)c(OC)c(OC)c2)c2ccccc2c(=O)n1NC(C)=O
C1COCCN1.O=C(CCl)Nc1cccc(-c2cnc3ccccc3n2)c1,O=C(CN1CCOCC1)Nc1cccc(-c2cnc3ccccc3n2)c1
CC(C)(CCCc1cccc(Oc2ccccc2)c1)c1ccc(O)cc1.CC(C)Br,CC(C)Oc1ccc(C(C)(C)CCCc2cccc(Oc3ccccc3)c2)cc1
Cc1cc(OCC[C@@H](C)C2CCNCC2)ccc1C(=O)O.Clc1cnc(Cl)nc1,Cc1cc(OCC[C@@H](C)C2CCN(c3ncc(Cl)cn3)CC2)ccc1C(=O)O
CC(C)(C)OC(=O)N1C[C@H]2CCCN2C[C@H]1C(=O)N[C@@H]1CCOc2ccccc21,O=C(N[C@@H]1CCOc2ccccc21)[C@@H]1CN2CCC[C@@H]2CN1
CC(C)N(C)C/C=C/C(=O)O.Fc1ccc(Nc2ncnc3oc4c(c23)CCNC4)cc1Cl,CC(C)N(C)C/C=C/C(=O)N1CCc2c(oc3ncnc(Nc4ccc(F)c(Cl)c4)c23)C1
ClCc1ccc(Cl)cc1.N#Cc1ccc(Nn2cncn2)cc1,N#Cc1ccc(N(Cc2ccc(Cl)cc2)n2cncn2)cc1
CC(C)(C)OC(=O)NCc1ccc(CCl)cc1.CCOC(=O)c1cc2c(Cl)ccc(O)c2n1C,CCOC(=O)c1cc2c(Cl)ccc(OCc3ccc(CNC(=O)OC(C)(C)C)cc3)c2n1C
COC(=O)C1=Cc2cc(OCc3ccc(-c4ccccc4)cc3)ccc2CCC1,O=C(O)C1=Cc2cc(OCc3ccc(-c4ccccc4)cc3)ccc2CCC1
CC(C)(C)OC(=O)N1CCCN(c2nc3ccccc3[nH]2)CC1.ClCc1ccco1,CC(C)(C)OC(=O)N1CCCN(c2nc3ccccc3n2Cc2ccco2)CC1
CCCCNc1cc(C(=O)O)cc(S(N)(=O)=O)c1Oc1ccccc1.CN(C)CCCCl,CCCCNc1cc(C(=O)OCCCN(C)C)cc(S(N)(=O)=O)c1Oc1ccccc1
CCCc1nc2c(C)cc(-c3nc4ccccc4[nH]3)cc2n1Cc1ccc(-c2ccccc2C#N)cc1.[N-]=[N+]=[N-],CCCc1nc2c(C)cc(-c3nc4ccccc4[nH]3)cc2n1Cc1ccc(-c2ccccc2-c2nnn[nH]2)cc1
COC(=O)c1cccc(S(C)(=O)=O)c1,CS(=O)(=O)c1cccc(CO)c1
Cc1c(C2CC2)cc(Cl)c(=O)n1CCc1ccc(C(=O)OC(C)(C)C)cc1.O=C1CCC(=O)N1Br,CC(C)(C)OC(=O)c1ccc(CCn2c(CBr)c(C3CC3)cc(Cl)c2=O)cc1
O=C([O-])COC(=O)Nc1cc(Cl)cc(Cl)c1,O=C1COC(=O)N1c1cc(Cl)cc(Cl)c1
CC(C)(C)OC(=O)NC(CS(=O)(=O)CCNC(=O)OCc1ccccc1)C(=O)OC(C)(C)C,CC(C)(C)OC(=O)NC(CS(=O)(=O)CCN)C(=O)OC(C)(C)C
CC(C)(C)OC(=O)NC1CCN(CCOS(C)(=O)=O)CC1.COc1ccc2ncc(=O)[nH]c2c1,COc1ccc2ncc(=O)n(CCN3CCC(NC(=O)OC(C)(C)C)CC3)c2c1
BrC(Br)(Br)Br.OCc1cc2c(cc1I)CCC2,BrCc1cc2c(cc1I)CCC2
CNc1ccc(Br)cc1C.COc1ccc(CCl)cc1,COc1ccc(CN(C)c2ccc(Br)cc2C)cc1
N#Cc1ccc2ncsc2c1,NCc1ccc2ncsc2c1
COC(=O)c1sc(Br)c(Br)c1F.N#Cc1cc(B(O)O)ccc1OCc1ccccc1,COC(=O)c1sc(-c2ccc(OCc3ccccc3)c(C#N)c2)c(Br)c1F
Clc1cc(Cl)nc(Cl)n1.c1ccc2[nH]cnc2c1,Clc1cc(Cl)nc(-n2cnc3ccccc32)n1
COc1ccccc1NS(=O)(=O)c1ccc([N+](=O)[O-])cc1,COc1ccccc1NS(=O)(=O)c1ccc(N)cc1
COc1cc(I)cc(OC)c1Br.OB(O)c1cccs1,COc1cc(-c2cccs2)cc(OC)c1Br
CC1(C)CNCCO1.O=[N+]([O-])c1cc(Cl)cnc1N1CCOCC1,CC1(C)CN(c2cnc(N3CCOCC3)c([N+](=O)[O-])c2)CCO1
CC(C)(C)CO.CCOC(=O)CC(c1cccc(COc2ccc(-c3cc(OC)ccc3F)c(O)c2)c1)C1CC1,CCOC(=O)CC(c1cccc(COc2ccc(-c3cc(OC)ccc3F)c(OCC(C)(C)C)c2)c1)C1CC1
COC(=O)c1cc(Oc2ccc(C(=O)OC(C)(C)C)c(F)c2)c2c(c1)OC(C)(C)C2,CC(C)(C)OC(=O)c1ccc(Oc2cc(C(=O)O)cc3c2CC(C)(C)O3)cc1F
N#CCCCCCBr.c1ccccc1,N#CCCCCCc1ccccc1
Cc1nc2ccc(N3CC4CN(Cc5ccccc5)CC4C3)nn2c1-c1ccnc(CN)c1,Cc1nc2ccc(N3CC4CNCC4C3)nn2c1-c1ccnc(CN)c1
COC(=O)[C@@H](N)Cc1cccs1.C[C@H](NC(=O)Cc1cc(F)cc(F)c1)C(=O)O,COC(=O)[C@H](Cc1cccs1)NC(=O)[C@H](C)NC(=O)Cc1cc(F)cc(F)c1
CC(C)OC(=O)N[C@H](C(=O)O)C(C)C.CC(N)c1cc2cc(F)ccc2o1,CC(C)OC(=O)N[C@H](C(=O)NC(C)c1cc2cc(F)ccc2o1)C(C)C
Cc1ccc(N2CCOCC2)cc1C1CC(C)(C)c2cc(C(=O)O)ccc2N1.NS(=O)(=O)C1CC1,Cc1ccc(N2CCOCC2)cc1C1CC(C)(C)c2cc(C(=O)NS(=O)(=O)C3CC3)ccc2N1
BrCCCCBr.CCCCOc1nc(N)c2nc(OC)[nH]c2n1,CCCCOc1nc(N)c2nc(OC)n(CCCCBr)c2n1
CNCCC1CCN(C(=O)OCc2cc(Cl)cc(Cl)c2)CC1.O=C(O)c1noc(=O)[nH]1,CN(CCC1CCN(C(=O)OCc2cc(Cl)cc(Cl)c2)CC1)C(=O)c1noc(=O)[nH]1
COC(=O)COCCOc1ccc([N+](=O)[O-])cc1,COC(=O)COCCOc1ccc(N)cc1
COC(=O)C(C)(C)NC(=O)c1cccc(Oc2ccc([N+](=O)[O-])cc2Cl)c1,CC(C)(NC(=O)c1cccc(Oc2ccc([N+](=O)[O-])cc2Cl)c1)C(=O)O
C[C@H](Nc1cc(C#N)ccc1[N+](=O)[O-])[C@H](NC(=O)OC(C)(C)C)C(=O)O,C[C@H](Nc1cc(C#N)ccc1N)[C@H](NC(=O)OC(C)(C)C)C(=O)O
C[C@@H]1CCN(Cc2ccccc2)C[C@@H]1N(C)c1ncnc2[nH]ccc12,C[C@@H]1CCNC[C@@H]1N(C)c1ncnc2[nH]ccc12
BrC12CC3CC(CC(C3)C1)C2.c1ccccc1,c1ccc(C23CC4CC(CC(C4)C2)C3)cc1
CC[C@@H]1C[C@H](N(Cc2cc(C(F)(F)F)cc(C(F)(F)F)c2)c2ccc(N3CCOCC3)cn2)c2cc(C(F)(F)F)ccc2N1C(=O)OCC(C)(C)C(=O)OC(C)(C)C,CC[C@@H]1C[C@H](N(Cc2cc(C(F)(F)F)cc(C(F)(F)F)c2)c2ccc(N3CCOCC3)cn2)c2cc(C(F)(F)F)ccc2N1C(=O)OCC(C)(C)C(=O)O
CCOC(=O)C1=C(C)NC(C=O)=C(C(=O)OCC)C1c1ccccc1/C=C/C(=O)OC(C)(C)C,CCOC(=O)C1=C(C)NC(CO)=C(C(=O)OCC)C1c1ccccc1/C=C/C(=O)OC(C)(C)C
CSC1(c2c(C#N)nn(-c3c(Cl)cc(C(F)(F)F)cc3Cl)c2N)CC1(F)F.O=C(OO)c1cccc(Cl)c1,CS(=O)C1(c2c(C#N)nn(-c3c(Cl)cc(C(F)(F)F)cc3Cl)c2N)CC1(F)F
COC(=O)C1CCc2c(OC)cccc2C1=O,COC(=O)[C@H]1CCc2c(OC)cccc2[C@@H]1O
CC(C)(C)OC(=O)N1CC[C@@H](Oc2ccc([N+](=O)[O-])cn2)C1,O=[N+]([O-])c1ccc(O[C@@H]2CCNC2)nc1
COc1ccc(C=O)cc1Cl.N=C(N)NN,COc1ccc(C=NNC(=N)N)cc1Cl
COc1ncc(F)cc1CNc1ccc(Cc2c[nH]c3ncc(-c4cnn(C5CCN(C(=O)OC(C)(C)C)CC5)c4)cc23)c(F)n1,COc1ncc(F)cc1CNc1ccc(Cc2c[nH]c3ncc(-c4cnn(C5CCNCC5)c4)cc23)c(F)n1
CN(C)c1ccccc1CCl.Sc1ncnc2ccccc12,CN(C)c1ccccc1CSc1ncnc2ccccc12
CC(C)(C)OC(=O)N1CCc2oc3cc(-n4ccc(OCc5ccc(C(F)(F)F)nn5)cc4=O)ccc3c2C1,O=c1cc(OCc2ccc(C(F)(F)F)nn2)ccn1-c1ccc2c3c(oc2c1)CCNC3
CN(C)CCN(C)c1nc2ccc([N+](=O)[O-])cc2s1,CN(C)CCN(C)c1nc2ccc(N)cc2s1
CC1(C)CC(C)(C)c2ccc(C(=O)Oc3ccc(C(=O)OCc4ccccc4)cc3)cc2O1,CC1(C)CC(C)(C)c2ccc(C(=O)Oc3ccc(C(=O)O)cc3)cc2O1
C=O.CC(C)(C)OC(=O)NC[C@@H]1CNC[C@H]1CNC(=O)OC(C)(C)C,CN1C[C@@H](CNC(=O)OC(C)(C)C)[C@H](CNC(=O)OC(C)(C)C)C1
CCCn1c(=O)c2nc(C(CC)c3ccc(NCC(=O)O)cc3)[nH]c2n(CCC)c1=O.CO,CCCn1c(=O)c2nc(C(CC)c3ccc(NCC(=O)OC)cc3)[nH]c2n(CCC)c1=O
C[C@@H](c1ccc(-c2ccc(F)cc2)cc1)N1CC[C@](CCC(N)=O)(c2ccccc2)OC1=O,C[C@@H](c1ccc(-c2ccc(F)cc2)cc1)N1CC[C@](CCC#N)(c2ccccc2)OC1=O
COc1ccc2cc(C3(C(C)Br)OCC(C)(C)CO3)ccc2c1Br,COc1ccc2cc(C3(C(C)Br)OCC(C)(C)CO3)ccc2c1
CN(CCN1CCOCC1)c1ccc(OCc2ccccc2)c(C(=O)Nc2cc(-c3ccccc3)ccc2C(=O)OC(C)(C)C)c1,CN(CCN1CCOCC1)c1ccc(O)c(C(=O)Nc2cc(-c3ccccc3)ccc2C(=O)OC(C)(C)C)c1
CCOC(=O)C1=CNCCc2c1[nH]c1cc(OC)ccc21.O=C(Cl)c1ccccc1,CCOC(=O)C1=CN(C(=O)c2ccccc2)CCc2c1[nH]c1cc(OC)ccc21
CCOC(=O)c1cc2cc(B3OC(C)(C)C(C)(C)O3)ccc2[nH]1.N#Cc1ccc(I)cc1,CCOC(=O)c1cc2cc(-c3ccc(C#N)cc3)ccc2[nH]1
CC(=O)c1ccc(NS(C)(=O)=O)c(Sc2ccc(F)cc2F)c1.[NH4+],CC(N)c1ccc(NS(C)(=O)=O)c(Sc2ccc(F)cc2F)c1
CC(C)(C)OC(=O)N1CCC[C@H](O)C1.C[Si](C)(C)CCOCn1ccc2c(Cl)ncnc21,CC(C)(C)OC(=O)N1CCC[C@H](Oc2ncnc3c2ccn3COCC[Si](C)(C)C)C1
Cc1[nH]c(C=O)c(C)c1C(=O)N1CCN(C)CC1.O=C1Cc2c(cccc2-c2cccc(C(F)(F)F)c2)N1,Cc1[nH]c(C=C2C(=O)Nc3cccc(-c4cccc(C(F)(F)F)c4)c32)c(C)c1C(=O)N1CCN(C)CC1
Cc1cc(Br)c2c(c1)cc1n2CCNC1=O.OB(O)c1ccc(F)c(F)c1,Cc1cc(-c2ccc(F)c(F)c2)c2c(c1)cc1n2CCNC1=O
CCCCCCCCCC(=O)Cl.O=c1cc(O)cc[nH]1,CCCCCCCCCC(=O)Oc1cc[nH]c(=O)c1
CC(=O)Cl.Cc1noc(C)c1-c1cc(CN)c2[nH]c(=O)n3c2c1OC[C@@H]3c1ccccn1,CC(=O)NCc1cc(-c2c(C)noc2C)c2c3c1[nH]c(=O)n3[C@@H](c1ccccn1)CO2
CCOC(=O)Cc1ccc(NS(C)(=O)=O)cc1,CS(=O)(=O)Nc1ccc(CC(=O)O)cc1
CC(C)(C)OC(=O)N(CC=Cc1ccc(Cl)cc1)Cc1ccc(F)c(F)c1,Fc1ccc(CNCC=Cc2ccc(Cl)cc2)cc1F
CC1CSc2ccccc2C1.CCC(=O)Cl,CCC(=O)c1ccc2c(c1)CC(C)CS2
CC(C)(C)OC(=O)c1ccc(CN2CCC(C=O)CC2)cc1.N[C@@H]1C[C@H]1c1ccccc1,CC(C)(C)OC(=O)c1ccc(CN2CCC(CN[C@@H]3C[C@H]3c3ccccc3)CC2)cc1
C/C(=C\c1ccc(C(=O)O)cc1)c1ccc2c(c1)C(C)(C)CCC2(C)C.C1COCCN1,C/C(=C\c1ccc(C(=O)N2CCOCC2)cc1)c1ccc2c(c1)C(C)(C)CCC2(C)C
CI.COC(=O)C(O)c1ccccc1-c1ccccc1,COC(=O)C(OC)c1ccccc1-c1ccccc1
CS(=O)(=O)Cl.NCc1ncn2ccsc12,CS(=O)(=O)NCc1ncn2ccsc12
CN[C@H]1CN(C(=O)C2CCN(C(=O)C3(C)CC3)CC2)C[C@@H]1c1ccc(Cl)c(Cl)c1.O=C(Cl)OC1CCCC1,CN(C(=O)OC1CCCC1)[C@H]1CN(C(=O)C2CCN(C(=O)C3(C)CC3)CC2)C[C@@H]1c1ccc(Cl)c(Cl)c1
COC(=O)CCCCCCCn1c(=O)oc2ccccc21,O=C(O)CCCCCCCn1c(=O)oc2ccccc21
COc1ccc(C2=NN(C3CCN(C(=O)[C@@H](NC(=O)OC(C)(C)C)C4CCCCC4)CC3)C(=O)[C@@H]3CCCC[C@H]23)cc1OC,COc1ccc(C2=NN(C3CCN(C(=O)[C@@H](N)C4CCCCC4)CC3)C(=O)[C@@H]3CCCC[C@H]23)cc1OC
COC(=O)c1cccc2ccn(-c3cccc(Cl)c3)c12,O=C(O)c1cccc2ccn(-c3cccc(Cl)c3)c12
CC(C)(c1cccs1)c1nnc(C2CC2)n1C1CC1.CN(C)C=O,CC(C)(c1ccc(C=O)s1)c1nnc(C2CC2)n1C1CC1
CC(=O)N1C(C(=O)c2cn(C(=O)OC(C)(C)C)c3ccccc23)CSC1c1cccnc1,CC(=O)N1C(C(=O)c2c[nH]c3ccccc23)CSC1c1cccnc1
Cn1cc(CCO[Si](c2ccccc2)(c2ccccc2)C(C)(C)C)c(C(=O)O)c(OC(=O)c2ccccc2)c1=O.NCc1cccc(Cl)c1,Cn1cc(CCO[Si](c2ccccc2)(c2ccccc2)C(C)(C)C)c(C(=O)NCc2cccc(Cl)c2)c(OC(=O)c2ccccc2)c1=O
COC(=O)c1ccc2oc(Cl)nc2c1.C[C@H](c1cccc2ccccc12)N(CC1CCNCC1c1cccc(F)c1)C(=O)OC(C)(C)C,COC(=O)c1ccc2oc(N3CCC(CN(C(=O)OC(C)(C)C)[C@H](C)c4cccc5ccccc45)C(c4cccc(F)c4)C3)nc2c1
Brc1cncc(Br)c1.CC(C)(C)OC(=O)N1C[C@@H]2CCN[C@@H]2C1,CC(C)(C)OC(=O)N1C[C@@H]2CCN(c3cncc(Br)c3)[C@@H]2C1
ClCC1CO1.O=[N+]([O-])c1ccc(O)cc1,O=[N+]([O-])c1ccc(OCC2CO2)cc1
C=CC(=O)Cl.C[C@H](N)COc1cccc(Nc2cc(Br)cn(C)c2=O)n1,C=CC(=O)N[C@@H](C)COc1cccc(Nc2cc(Br)cn(C)c2=O)n1
CN(C)C(=O)Cl.C[C@@H](O)c1nc2cnc3ccsc3c2n1[C@H]1CC[C@H](CN)CC1,C[C@@H](O)c1nc2cnc3ccsc3c2n1[C@@H]1CC[C@@H](CNC(=O)N(C)C)CC1
COc1ccc(Cl)cc1C(=O)O.NCCc1ccc(Br)cc1,COc1ccc(Cl)cc1C(=O)NCCc1ccc(Br)cc1
CCCCCC12CCC(CO)(CC1)CC2.CN(C)S(=O)(=O)NC(=O)c1cc(Cl)c(F)cc1F,CCCCCC12CCC(COc3cc(F)c(C(=O)NS(=O)(=O)N(C)C)cc3Cl)(CC1)CC2
CC(C)(C)CC(=O)N1CCC2(CCNC2=O)CC1.OC(c1ccc(Br)cc1)C(F)F,CC(C)(C)CC(=O)N1CCC2(CC1)CCN(c1ccc(C(O)C(F)F)cc1)C2=O
CC(=O)c1cccc(O)c1N.CI,COc1cccc(C(C)=O)c1N
C=Cc1c(C)c(C#Cc2ccc(CC(=O)OC)cc2)cc(C(C)(C)C)c1OC(C)C,C=Cc1c(C)c(C#Cc2ccc(CC(=O)O)cc2)cc(C(C)(C)C)c1OC(C)C
NC(=O)c1cnn2cc([N+](=O)[O-])cc2c1Nc1ccccc1,NC(=O)c1cnn2cc(N)cc2c1Nc1ccccc1
CC[C@@H]1C(=O)N(C)c2cnc(Nc3ccc(C(=O)O)c4c3OCC4)nc2N1C1CCCC1.CN1CCN(C[C@H](O)CN)CC1,CC[C@@H]1C(=O)N(C)c2cnc(Nc3ccc(C(=O)NC[C@@H](O)CN4CCN(C)CC4)c4c3OCC4)nc2N1C1CCCC1
CC(C)(C)OC(=O)Nc1ccccc1NC(=O)c1ccc(Cl)nc1.OB(O)c1ccoc1,CC(C)(C)OC(=O)Nc1ccccc1NC(=O)c1ccc(-c2ccoc2)nc1
Brc1ncnc2[nH]cnc12.CC(N)c1cc(Cl)c2cnn(C)c2c1-c1cc(F)cc(F)c1,CC(Nc1ncnc2[nH]cnc12)c1cc(Cl)c2cnn(C)c2c1-c1cc(F)cc(F)c1
CC(CC=O)CC(C)(C)C.CC(c1ccc2ccccc2c1)[P+](c1ccccc1)(c1ccccc1)c1ccccc1,CC(=CCC(C)CC(C)(C)C)c1ccc2ccccc2c1
COCC(=O)Cl.O=C(NCC(F)(F)F)Nc1cccc(-c2cnc3cc(-c4cnn(C5CCNCC5)c4)cnn23)c1,COCC(=O)N1CCC(n2cc(-c3cnn4c(-c5cccc(NC(=O)NCC(F)(F)F)c5)cnc4c3)cn2)CC1
Cc1ccccc1-c1ccncc1NCC#N.O=C(O)c1cc(C(F)(F)F)cc(C(F)(F)F)c1,Cc1ccccc1-c1ccncc1N(CC#N)C(=O)c1cc(C(F)(F)F)cc(C(F)(F)F)c1
COc1cc(O)c2c(c1C(N)=O)OC1=CC(O)=C(C(C)=O)C(=O)[C@]12C.Cc1cc(Br)c2ccccc2c1C=O,COc1cc(O)c2c(c1C(=O)NCc1c(C)cc(Br)c3ccccc13)OC1=CC(O)=C(C(C)=O)C(=O)[C@]12C
C=C(C)C(=O)O.Nc1ccc(C=Cc2ccc(C=Cc3ccc(N(c4ccccc4)c4ccccc4)cc3)cc2)cc1,C=C(C)C(=O)Nc1ccc(C=Cc2ccc(C=Cc3ccc(N(c4ccccc4)c4ccccc4)cc3)cc2)cc1
CC1(C)S[C@@H]2C(N)C(=O)N2C1c1nnn[nH]1.NCc1ccccc1SCC(=O)O,CC1(C)S[C@@H]2C(NC(=O)CSc3ccccc3CN)C(=O)N2C1c1nnn[nH]1
CCOC(=O)C(C)Oc1ccc(O)cc1.Fc1ccc2nc(Cl)ccc2c1,CCOC(=O)C(C)Oc1ccc(Oc2ccc3cc(F)ccc3n2)cc1
COc1cc(/C=C/CO)cc(OC)c1OCc1ccccc1,COc1cc(C=CC=O)cc(OC)c1OCc1ccccc1
CC(C)(C)C(=O)CBr.N#CC1CCN(C(=O)N2CC(C(N)=S)CC(c3ccc(OC(F)(F)F)cc3)C2)CC1,CC(C)(C)c1csc(C2CC(c3ccc(OC(F)(F)F)cc3)CN(C(=O)N3CCC(C#N)CC3)C2)n1
Nc1cc(Cl)nc(Cl)n1.OCc1cccc2ccccc12,Nc1cc(Cl)nc(OCc2cccc3ccccc23)n1
C[C@@H](O)C(=O)O.Nc1ccccc1N,C[C@H](O)c1nc2ccccc2[nH]1
COC(=O)C(Cc1cc2ccc(C#N)cc2[nH]1)c1ccc(O[C@H]2CCN(C(=O)OC(C)(C)C)C2)cc1,CC(C)(C)OC(=O)N1CC[C@H](Oc2ccc(C(Cc3cc4ccc(C#N)cc4[nH]3)C(=O)O)cc2)C1
O=S(=O)(Oc1ccc(F)cc1-c1ccc(OCc2ccc3ccccc3n2)cc1)C(F)(F)F.OB(O)c1ccncc1,Fc1ccc(-c2ccncc2)c(-c2ccc(OCc3ccc4ccccc4n3)cc2)c1
Brc1cnc(I)nc1.OC/C=C/c1ccc(B(O)O)cc1,OC/C=C/c1ccc(-c2ncc(Br)cn2)cc1
Nc1nc(Cl)cc(Cl)n1.O=C(Nc1cccc(C(F)(F)F)c1)N1CCCCc2cc(O)ccc21,Nc1nc(Cl)cc(Oc2ccc3c(c2)CCCCN3C(=O)Nc2cccc(C(F)(F)F)c2)n1
O=C(CCl)c1ncc(-c2ccccn2)o1,OC(CCl)c1ncc(-c2ccccn2)o1
COC(=O)CCCNCc1ccc(OC)cc1.O=Cc1c(Cl)ncnc1Nc1ccc(Oc2cccc(Cl)c2)c(Cl)c1,COC(=O)CCCN(Cc1ccc(OC)cc1)c1ncnc(Nc2ccc(Oc3cccc(Cl)c3)c(Cl)c2)c1C=O
Cc1ncnc2c1c(NCc1ccc([N+](=O)[O-])cc1)cc(=O)n2OCc1ccccc1,Cc1ncnc2c1c(NCc1ccc(N)cc1)cc(=O)n2OCc1ccccc1
BrCCCCOc1ccccc1.CCOC(=O)[C@@H]1CCCNC1,CCOC(=O)[C@@H]1CCCN(CCCCOc2ccccc2)C1
O=C=NC(=O)C(Cl)(Cl)Cl.Oc1ccccc1,O=C(NC(=O)C(Cl)(Cl)Cl)Oc1ccccc1
Cc1nc(C(=O)N2C[C@@H]3C[C@@H]3[C@H]2CN)c(-c2cccc(Cl)c2)s1.O=C(O)c1cccc2c1OCCO2,Cc1nc(C(=O)N2C[C@@H]3C[C@@H]3[C@H]2CNC(=O)c2cccc3c2OCCO3)c(-c2cccc(Cl)c2)s1
CCOC(=O)c1c(C)cc(C)[nH]c1=O.OB(O)c1ccc(F)cc1,CCOC(=O)c1c(C)cc(C)n(-c2ccc(F)cc2)c1=O
CCOC(=O)CCc1ccc(OCc2ccc(CCl)cc2)cc1F.Fc1ccc(-c2cc(CCc3ccccc3)[nH]n2)cc1,CCOC(=O)CCc1ccc(OCc2ccc(Cn3nc(-c4ccc(F)cc4)cc3CCc3ccccc3)cc2)cc1F
COC(=O)CC[C@@H](CF)NC(=O)COc1ccc(Cl)cc1Cl,O=C(O)CC[C@@H](CF)NC(=O)COc1ccc(Cl)cc1Cl
CC(C)(C)OC(=O)N1CCC(C(O)Cc2nc(-c3ccc(S(C)(=O)=O)cc3)ncc2Cl)CC1,CC(C)(C)OC(=O)N1CCC(C2Cc3nc(-c4ccc(S(C)(=O)=O)cc4)ncc3O2)CC1
CI.COC1(c2cccc(OCc3ccc4ccccc4c3)c2)CCOCC1O,COC1COCCC1(OC)c1cccc(OCc2ccc3ccccc3c2)c1
CO.COc1ccc(C(=O)O)c2ccoc12,COC(=O)c1ccc(OC)c2occc12
CC(C)[C@H](NC(=O)OCC1c2ccccc2-c2ccccc21)C(=O)N[C@@H](CCCNC(N)=O)C(=O)Nc1ccc(COc2cc3c(c4ccccc24)[C@H](CCl)CN3C(=O)OC(C)(C)C)cc1,CC(C)[C@H](NC(=O)OCC1c2ccccc2-c2ccccc21)C(=O)N[C@@H](CCCNC(N)=O)C(=O)Nc1ccc(COc2cc3c(c4ccccc24)[C@H](CCl)CN3)cc1
N#Cc1ccc2c(c1)c(-c1cccnc1)nn2C1CCCCO1,N#Cc1ccc2[nH]nc(-c3cccnc3)c2c1
CN.O=S1(=O)[C@H](CCCO)Oc2ccccc2N1c1ccccc1,CNCCC[C@@H]1Oc2ccccc2N(c2ccccc2)S1(=O)=O
COc1ccc(B(O)O)cc1OC.Clc1ccnc2[nH]ccc12,COc1ccc(-c2ccnc3[nH]ccc23)cc1OC
COc1cc(O)cc([N+](=O)[O-])c1.OC1CCOC1,COc1cc(OC2CCOC2)cc([N+](=O)[O-])c1
C#CCOc1ccc([N+](=O)[O-])c(C(=O)c2ccc(C(C)C)cc2)c1,C#CCOc1ccc(N)c(C(=O)c2ccc(C(C)C)cc2)c1
C#CC1CC1.NC1=N[C@](CF)(c2cc(NC(=O)c3ccc(Br)cn3)ccc2F)C[C@@H](C(F)(F)F)O1,NC1=N[C@](CF)(c2cc(NC(=O)c3ccc(C#CC4CC4)cn3)ccc2F)C[C@@H](C(F)(F)F)O1
CCCCCCCCCCCCC(C)(C)C(=O)O.ClCCl,CCCCCCCCCCCCC(C)(C)C(=O)OCCl
CN(C)Cc1c(Cl)c(C(F)(F)F)nn1CC(=O)O.COc1cc(N2CCNCC2)ccc1Cl,COc1cc(N2CCN(C(=O)Cn3nc(C(F)(F)F)c(Cl)c3CN(C)C)CC2)ccc1Cl
CS(N)(=O)=O.Cc1ccc(S(=O)(=O)n2c(C(=O)c3cnn(-c4ccc5[nH]c(C)nc5c4)c3N)cc3ccc(I)cc32)cc1,Cc1ccc(S(=O)(=O)n2c(C(=O)c3cnn(-c4ccc5[nH]c(C)nc5c4)c3N)cc3ccc(NS(C)(=O)=O)cc32)cc1
COc1cc(Cl)c(-c2nc(C3(c4ccccc4OCc4ccccc4)CC3)sc2C)cc1C,COc1cc(Cl)c(-c2nc(C3(c4ccccc4O)CC3)sc2C)cc1C
CN(C)CCCCl.Cc1cccc2nc(SCc3ccc(C(=O)c4ccc(O)cc4)cc3)n(C)c(=O)c12,Cc1cccc2nc(SCc3ccc(C(=O)c4ccc(OCCCN(C)C)cc4)cc3)n(C)c(=O)c12
CCOC(=O)/C=C/c1cn(-c2ccccc2)nc1OCc1ccccc1,CCOC(=O)CCc1cn(-c2ccccc2)nc1OCc1ccccc1
COc1ccc(C(=O)O)c(OC)c1OC.OCCN1CCNCC1,COc1ccc(C(=O)OCCN2CCNCC2)c(OC)c1OC
CC1CN(S(=O)(=O)c2ccc(C(=O)O)cc2)CC(C)O1.Nc1ccc(Cl)c(-c2ccccn2)c1,CC1CN(S(=O)(=O)c2ccc(C(=O)Nc3ccc(Cl)c(-c4ccccn4)c3)cc2)CC(C)O1
CCN(CC)CCN.Cc1cc(C(=O)Nc2cccc(C#Cc3cncc(C(=O)N=S(C)(=O)c4cccc(C(=O)O)c4)c3)c2)n(C)n1,CCN(CC)CCNC(=O)c1cccc(S(C)(=O)=NC(=O)c2cncc(C#Cc3cccc(NC(=O)c4cc(C)nn4C)c3)c2)c1
C1CCNC1.CCc1nn(Cc2ccc(C(=O)O)cc2)c2c1CCCC2,CCc1nn(Cc2ccc(C(=O)N3CCCC3)cc2)c2c1CCCC2
O=C1COc2c(cc(Cl)cc2[N+](=O)[O-])N1,Nc1cc(Cl)cc2c1OCC(=O)N2
CCOC(=O)C1(C)CCC2(CC1)OCCO2,CCOC(=O)C1(C)CCC(=O)CC1
CCC[CH2][Sn]([C]#N)([CH2]CCC)[CH2]CCC.Cc1c(-c2ccccn2)nc2cc(F)cc(F)c2c1Nc1cc(Cl)cc(N2CCOCC2)c1,Cc1c(-c2ccccn2)nc2cc(F)cc(F)c2c1Nc1cc(C#N)cc(N2CCOCC2)c1
CCc1cn(CCN2CCCC2)c(C2CCN(C(=O)OC(C)(C)C)CC2)n1,CCc1cn(CCN2CCCC2)c(C2CCNCC2)n1
CN1CCN(c2ncc3c(n2)CN(C(=O)OC(C)(C)C)C3)CC1,CN1CCN(c2ncc3c(n2)CNC3)CC1
COC1CN(C(=O)OC(C)(C)C)CC1N.O=C(Cl)c1ccc(Cl)s1,COC1CN(C(=O)OC(C)(C)C)CC1NC(=O)c1ccc(Cl)s1
CC(C)(C)OC(=O)N1CCNCC1.Clc1nnc(Cl)c2ccccc12,CC(C)(C)OC(=O)N1CCN(c2nnc(Cl)c3ccccc23)CC1
BrCC1CC1.Clc1ncnc2[nH]ccc12,Clc1ncnc2c1ccn2CC1CC1
Brc1cc(-c2ccccc2)ccn1.CC(C)(C)OC(=O)N1CCNCC1,CC(C)(C)OC(=O)N1CCN(c2cc(-c3ccccc3)ccn2)CC1
C#[C][Mg+].CON(C)C(=O)C1(C)CC(c2ccc(C)cc2)=C(C#N)C(=O)N1,C#CC(=O)C1(C)CC(c2ccc(C)cc2)=C(C#N)C(=O)N1
COC(=O)c1ccc(N)c(I)c1.C[Si](C)(C)C#CC1CCCCC1,COC(=O)c1ccc2[nH]c([Si](C)(C)C)c(C3CCCCC3)c2c1
CCN(CC(O)c1ccccc1)c1ccc(C(O[Si](CC)(CC)CC)(C(F)(F)F)C(F)(F)F)cc1,CCN(CC(O)c1ccccc1)c1ccc(C(O)(C(F)(F)F)C(F)(F)F)cc1
CC(C)(C)OC(=O)c1ccc(-c2ccc3[nH]nc(N)c3c2)o1.O=C(Cl)c1ccc(Cl)s1,CC(C)(C)OC(=O)c1ccc(-c2ccc3[nH]nc(NC(=O)c4ccc(Cl)s4)c3c2)o1
CCOC(=O)c1ccc2cc(-c3ccc4c(c3)C(c3ccc(C)cc3)=CCC4(C)C)ccc2c1,Cc1ccc(C2=CCC(C)(C)c3ccc(-c4ccc5cc(C(=O)O)ccc5c4)cc32)cc1
Clc1cc(I)ccn1.N#Cc1c[nH]cc1-c1ccccc1,N#Cc1cn(-c2ccnc(Cl)c2)cc1-c1ccccc1
COc1ccc(CN2CCOC[C@H]2COc2cc(C#N)cc([N+](=O)[O-])c2Cl)c(OC)c1,COc1ccc(CN2CCOC[C@H]2COc2cc(C#N)cc(N)c2Cl)c(OC)c1
CC(=O)SCC(=O)NCCCCCN.O=C(Cl)c1ccccc1,CC(=O)SCC(=O)NCCCCCNC(=O)c1ccccc1
COC(=O)/C=C/c1ccc2c(c1)C(=O)CC1(CCN(CCc3ccccc3)CC1)O2,O=C(O)/C=C/c1ccc2c(c1)C(=O)CC1(CCN(CCc3ccccc3)CC1)O2
CCOC(=O)C(C)Br.CN(c1ccc(O)cc1)c1nc2ccc(Br)cc2o1,CCOC(=O)C(C)Oc1ccc(N(C)c2nc3ccc(Br)cc3o2)cc1
CC(C)CBr.Cc1cc(C=O)ccc1O,Cc1cc(C=O)ccc1OCC(C)C
COC(=O)C=Cc1cccc([N+](=O)[O-])c1,COC(=O)C=Cc1cccc(N)c1
COC(=O)c1cc(N)cc(C(=O)c2ccc(N(C)c3ccc(Cl)cc3)cc2)c1.O=C(Cl)c1ccc(Cl)cc1Cl,COC(=O)c1cc(NC(=O)c2ccc(Cl)cc2Cl)cc(C(=O)c2ccc(N(C)c3ccc(Cl)cc3)cc2)c1
CC(C)(C)OC(=O)NN(Cc1ccc(-c2nnn(C(C)(C)c3ccccc3)n2)cc1)C[C@H](O)[C@@H](N)Cc1ccccc1.CC[C@H](C)[C@H](NC(=O)OC)C(=O)O,CC[C@H](C)[C@H](NC(=O)OC)C(=O)N[C@@H](Cc1ccccc1)[C@@H](O)CN(Cc1ccc(-c2nnn(C(C)(C)c3ccccc3)n2)cc1)NC(=O)OC(C)(C)C
Cc1c(C)c(S(=O)(=O)NC(=N)NCCC[C@H](N)C(=O)OC(C)(C)C)c(C)c2c1OC(C)(C)CC2.O=C(O)c1cccn(CC(=O)N(c2ccccc2)c2ccccc2)c1=O,Cc1c(C)c(S(=O)(=O)NC(=N)NCCC[C@H](NC(=O)c2cccn(CC(=O)N(c3ccccc3)c3ccccc3)c2=O)C(=O)OC(C)(C)C)c(C)c2c1OC(C)(C)CC2
CS(=O)(=O)Nc1cc(-c2ccc3nccc(C4=CCOCC4)c3c2)cnc1Cl,CS(=O)(=O)Nc1cc(-c2ccc3nccc(C4CCOCC4)c3c2)cnc1Cl
CCOC(=O)c1cn(-c2ccc(Br)cc2Cl)c(-c2ccccc2Cl)n1,O=C(O)c1cn(-c2ccc(Br)cc2Cl)c(-c2ccccc2Cl)n1
CCc1cccc(N2CCNCC2)c1.O=[N+]([O-])c1ccc(CCl)cc1,CCc1cccc(N2CCN(Cc3ccc([N+](=O)[O-])cc3)CC2)c1
COC(=O)c1cc2ncn(-c3ccc(N4CCCN(C)CC4)cc3)c(=O)c2s1,CN1CCCN(c2ccc(-n3cnc4cc(C(=O)O)sc4c3=O)cc2)CC1
CC(C)(C)OC(=O)N1CCC[C@@H]([C@@H](OCC#N)c2cc(F)cc(Cl)c2)C1,CC(C)(C)OC(=O)N1CCC[C@@H]([C@@H](OCCN)c2cc(F)cc(Cl)c2)C1
COC(=O)[C@H](C)Oc1cc(Oc2c(C=O)c(C)nn2C)c(Cl)cc1Cl.NN,COC(=O)[C@H](C)Oc1cc(Oc2c(/C=N/N)c(C)nn2C)c(Cl)cc1Cl
Cc1ccccc1B(O)O.Cc1nc(CN2CCN(C(=O)OC(C)(C)C)CC2)ccc1Br,Cc1ccccc1-c1ccc(CN2CCN(C(=O)OC(C)(C)C)CC2)nc1C
Clc1ncnc2[nH]cc(I)c12.OC1CCC2(CC1)OCCO2,Clc1ncnc2c1c(I)cn2C1CCC2(CC1)OCCO2
COC(=O)[C@@H]1C[C@@]2(c3ccc(-c4ccccc4)cc3)CN1C(=O)[C@@H](NC(=O)OC(C)(C)C)CCCCCC=CCS2,CC(C)(C)OC(=O)N[C@H]1CCCCCC=CCS[C@@]2(c3ccc(-c4ccccc4)cc3)C[C@@H](C(=O)O)N(C2)C1=O
Cc1ccc(N)cc1Nc1nccc(-c2cccnc2)n1.O=C(Cl)c1ccc(CN2CCOCC2)c(Br)c1,Cc1ccc(NC(=O)c2ccc(CN3CCOCC3)c(Br)c2)cc1Nc1nccc(-c2cccnc2)n1
Brc1ccc2c(c1)[nH]c1ccccc12.Brc1ccccn1,Brc1ccc2c3ccccc3n(-c3ccccn3)c2c1
CCCCn1c(=O)c(NC(=O)Nc2c(C(C)C)cccc2C(C)C)c(-c2cccc(OCCN(CC)Cc3ccccc3)c2)c2cccnc21,CCCCn1c(=O)c(NC(=O)Nc2c(C(C)C)cccc2C(C)C)c(-c2cccc(OCCNCC)c2)c2cccnc21
CCOC(=O)C1CCN(S(=O)(=O)N(Cc2ccc(OC(F)(F)F)cc2)c2sc3ccccc3c2C)CC1,Cc1c(N(Cc2ccc(OC(F)(F)F)cc2)S(=O)(=O)N2CCC(C(=O)O)CC2)sc2ccccc12
COc1cc2c(cc1OC)CC(=O)N(CCCN(C)C1CCc3cc(OC)c(OC)cc3C1)C=C2,COc1cc2c(cc1OC)CCN(CCCN(C)C1CCc3cc(OC)c(OC)cc3C1)C=C2
O=Cc1c[nH]c(-c2ccccc2)c1.O=S(=O)(Cl)c1cccnc1Cl,O=Cc1cc(-c2ccccc2)n(S(=O)(=O)c2cccnc2Cl)c1
Cc1cc(=O)c2ccc(Br)cc2n1-c1cc(NC(=O)OC(C)(C)C)c(F)cc1F.Cc1noc(C)c1B1OC(C)(C)C(C)(C)O1,Cc1noc(C)c1-c1ccc2c(=O)cc(C)n(-c3cc(NC(=O)OC(C)(C)C)c(F)cc3F)c2c1
CCCC(CC(=O)OC)c1ccc(O)cc1.CO/N=C(\COc1ccc(CO)cc1)c1ccccc1,CCCC(CC(=O)OC)c1ccc(OCc2ccc(OC/C(=N\OC)c3ccccc3)cc2)cc1
Cc1ncc(B2OC(C)(C)C(C)(C)O2)s1.O=C(Nc1ccc(OC(F)(F)F)cc1)c1cnc(N2CC[C@@H](O)C2)c(Br)c1,Cc1ncc(-c2cc(C(=O)Nc3ccc(OC(F)(F)F)cc3)cnc2N2CC[C@@H](O)C2)s1
CC(=O)OC(C)=O.N[C@@H]1C[C@H](CO)N(C2=NC(=O)C(=Cc3ccc4c(cnn4Cc4ccc(C(F)(F)F)cc4C(F)(F)F)c3)S2)C1,CC(=O)N[C@@H]1C[C@H](CO)N(C2=NC(=O)C(=Cc3ccc4c(cnn4Cc4ccc(C(F)(F)F)cc4C(F)(F)F)c3)S2)C1
Nc1ccccc1C(=O)c1cccc(F)c1.O=[N+]([O-])c1cccnc1Cl,O=C(c1cccc(F)c1)c1ccccc1Nc1ncccc1[N+](=O)[O-]
CCCO.O=C(O)c1cc([N+](=O)[O-])c(Cl)c([N+](=O)[O-])c1,CCCOC(=O)c1cc([N+](=O)[O-])c(Cl)c([N+](=O)[O-])c1
CC(C)(C)OC(=O)N1CCc2cc(O)c(I)cc2CC1.CNC(=O)c1ccc(Cl)nc1,CNC(=O)c1ccc(Oc2cc3c(cc2I)CCN(C(=O)OC(C)(C)C)CC3)nc1
Cc1cc(C(F)(F)F)c(=O)[nH]n1.O=C1CCC(=O)N1Br,O=c1[nH]nc(CBr)cc1C(F)(F)F
C=CCOc1ccc2c(c1)Cc1c(-c3ccc(C#N)cc3)n[nH]c1-2.[N-]=[N+]=[N-],C=CCOc1ccc2c(c1)Cc1c(-c3ccc(-c4nnn[nH]4)cc3)n[nH]c1-2
OCc1ncccc1O,OCC1NCCCC1O
COc1cccc(Cl)c1Cl.O=C(Cl)c1c(F)cccc1F,COc1ccc(C(=O)c2c(F)cccc2F)c(Cl)c1Cl
CCCN=C=O.CN(C(=O)N(C)[C@@H]1CNC[C@H]1c1ccc(F)cc1)c1cc(C(F)(F)F)cc(C(F)(F)F)c1,CCCNC(=O)N1C[C@@H](N(C)C(=O)N(C)c2cc(C(F)(F)F)cc(C(F)(F)F)c2)[C@H](c2ccc(F)cc2)C1
O=C1CC2COCC1N2.O=[N+]([O-])c1ccccc1S(=O)(=O)Cl,O=C1CC2COCC1N2S(=O)(=O)c1ccccc1[N+](=O)[O-]
CO.O=[N+]([O-])c1ccnc(Cl)c1O,COc1c([N+](=O)[O-])ccnc1Cl
COC(C(=O)NCc1ccc(C#N)cc1)c1ccc(Br)cc1F.COc1ccc(B(O)O)cc1,COc1ccc(-c2ccc(C(OC)C(=O)NCc3ccc(C#N)cc3)c(F)c2)cc1
CCOC(=O)c1cncc2c(Nc3ccc(I)cc3F)c(C(=O)N(C)C)oc12,CN(C)C(=O)c1oc2c(CO)cncc2c1Nc1ccc(I)cc1F
Cc1nc(C(=O)N2CCCC(C)C2CN)c(-c2ccc(F)cc2)s1.FC(F)(F)c1ccc(Cl)nc1,Cc1nc(C(=O)N2CCC[C@H](C)[C@@H]2CNc2ccc(C(F)(F)F)cn2)c(-c2ccc(F)cc2)s1
CCOC(=O)CCCCCCC(=O)O.Nc1cc(Cl)ccc1O,O=C(O)CCCCCCC(=O)Nc1cc(Cl)ccc1O
C=CCOc1cccc(Oc2ccc(CNc3cccc([N+](=O)[O-])c3C)cc2)c1.N#Cc1ccc(CBr)cc1,C=CCOc1cccc(Oc2ccc(CN(Cc3ccc(C#N)cc3)c3cccc([N+](=O)[O-])c3C)cc2)c1
Cc1cc(C(=O)C[C@H](c2ccc(C3CN(C(=O)OC(C)(C)C)C3)cc2)c2ccccc2C)ccn1.NO,Cc1cc(/C(C[C@H](c2ccc(C3CN(C(=O)OC(C)(C)C)C3)cc2)c2ccccc2C)=N/O)ccn1
Cc1ccc(C(=O)Cl)cc1.Clc1ccccc1,Cc1ccc(C(=O)c2ccc(Cl)cc2)cc1
Cc1ccc2cccc(O)c2n1.Clc1cccc(Cl)c1CBr,Cc1ccc2cccc(OCc3c(Cl)cccc3Cl)c2n1
C[C@@H](c1ccc(Br)cc1)N1CC[C@](CC2(O)CC2)(c2ccc(F)cc2)OC1=O.Cc1cc(B(O)O)ccn1,Cc1cc(-c2ccc([C@H](C)N3CC[C@](CC4(O)CC4)(c4ccc(F)cc4)OC3=O)cc2)ccn1
CCCCNC(=O)c1nnc2c(Br)cccc2c1N.COc1ncc(B2OC(C)(C)C(C)(C)O2)c(OC)n1,CCCCNC(=O)c1nnc2c(-c3cnc(OC)nc3OC)cccc2c1N
CC(C)=O.COC(=O)c1c(N)cccc1S(=O)(=O)NC(C)(C)C,COC(=O)c1c(NC(C)C)cccc1S(=O)(=O)NC(C)(C)C
CCOC(=O)[C@@H]1C[C@H](c2ccc(OC)cc2)[C@@H](O)CN1.O=C(Cl)OCc1ccccc1,CCOC(=O)[C@@H]1C[C@H](c2ccc(OC)cc2)[C@@H](O)CN1C(=O)OCc1ccccc1
CCOC(=O)c1cccc(-c2cc3cc(OCc4ccccc4)ccc3n2C(=O)OC(C)(C)C)c1,CCOC(=O)c1cccc(-c2cc3cc(O)ccc3n2C(=O)OC(C)(C)C)c1
C[Si](C)(C)c1cc([N+](=O)[O-])cc([Si](C)(C)C)c1,C[Si](C)(C)c1cc(N)cc([Si](C)(C)C)c1
Brc1cnc(NCc2ccncc2)nc1NC1CCN(Cc2ccccc2)CC1.OB(O)c1ccc(Cl)cc1,Clc1ccc(-c2cnc(NCc3ccncc3)nc2NC2CCN(Cc3ccccc3)CC2)cc1
CCCC1CC(=O)C(Cl)=C(NC(Cc2ccc3c(c2)CCN3C(=O)c2c(Cl)cncc2Cl)C(=O)OC)C1,CCCC1CC(=O)C(Cl)=C(NC(Cc2ccc3c(c2)CCN3C(=O)c2c(Cl)cncc2Cl)C(=O)O)C1
C[Si](C)(C)C#Cc1ccc(N)c(F)c1.O=C(O)c1ccc(F)c(F)c1F,C[Si](C)(C)C#Cc1ccc(Nc2c(C(=O)O)ccc(F)c2F)c(F)c1
CCCCCC[C@@H](C)O.Cc1ccc(O)cc1[N+](=O)[O-],CCCCCC[C@H](C)Oc1ccc(C)c([N+](=O)[O-])c1
Fc1ccc(Br)cn1.Oc1ccc(Oc2ccccc2)cc1,Brc1ccc(Oc2ccc(Oc3ccccc3)cc2)nc1
CCOC(=O)C1(C(=O)OCC)CCCN1.O=C(Br)CBr,CCOC(=O)C1(C(=O)OCC)CCCN1C(=O)CBr
O=C(CCl)Nc1cc(O)ccc1O,O=C1COc2ccc(O)cc2N1
COC(=O)C(C)c1cccc(C(=O)c2ccccc2)c1,COC(=O)C(C)c1cccc(C(O)c2ccccc2)c1
COC(=O)c1cc2cc(S(=O)(=O)N(C)C)c(Cl)c(Cl)c2o1,CN(C)S(=O)(=O)c1cc2cc(C(=O)O)oc2c(Cl)c1Cl
Clc1ccc(-c2nn(Cc3ccccc3)c3c2CCNCC3)cc1.NC(=O)CBr,NC(=O)CN1CCc2c(-c3ccc(Cl)cc3)nn(Cc3ccccc3)c2CC1
COC(=O)C1CN(C(=O)OC(C)(C)C)CCN1.O=S(=O)(Cl)c1ccc(Br)cc1,COC(=O)C1CN(C(=O)OC(C)(C)C)CCN1S(=O)(=O)c1ccc(Br)cc1
C1COCCN1.COc1cc2ncc(NC3CCCCC3)nc2cc1Br,COc1cc2ncc(NC3CCCCC3)nc2cc1N1CCOCC1
Cn1c(-c2ccccc2Cl)nnc1C(C)(C)C=O.c1ccc(C[P+](c2ccccc2)(c2ccccc2)c2ccccc2)cc1,Cn1c(-c2ccccc2Cl)nnc1C(C)(C)/C=C/c1ccccc1
CC(C)(C)[S@@](=O)NC1(c2nc(CO[Si](C)(C)C(C)(C)C)cs2)CCOCC1,CC(C)(C)[S@@](=O)NC1(c2nc(CO)cs2)CCOCC1
CCOC(=O)c1cc(-c2cncc(F)c2)cc(C)n1.Nc1ccc(F)cc1,Cc1cc(-c2cncc(F)c2)cc(C(=O)Nc2ccc(F)cc2)n1
CCNCc1cccc(O)c1.ClC=CCCl,CCN(C/C=C/Cl)Cc1cccc(O)c1
CC(=O)Cl.COc1ccc(-c2ccc3ncnc(-c4cccc(C(=O)N5CCNC(C)(C)C5)c4)c3c2)cn1,COc1ccc(-c2ccc3ncnc(-c4cccc(C(=O)N5CCN(C(C)=O)C(C)(C)C5)c4)c3c2)cn1
CI.Oc1c(Br)cc(S(F)(F)(F)(F)F)cc1Br,COc1c(Br)cc(S(F)(F)(F)(F)F)cc1Br
CB(O)O.Cc1cc(C)c(-c2cccc3c2c(=O)c(Br)cn3Cc2ccccc2)c(C)c1,Cc1cc(C)c(-c2cccc3c2c(=O)c(C)cn3Cc2ccccc2)c(C)c1
CC(C)(C)OC(=O)N1CCN(c2ccc(Br)cn2)CC1.OB(O)c1ccc(F)cc1,CC(C)(C)OC(=O)N1CCN(c2ccc(-c3ccc(F)cc3)cn2)CC1
C1COCCN1.Cc1ccc(-n2nc(C(C)(C)C)cc2NC(=O)NCc2ccccc2Oc2cc(Cl)nc(C)n2)cc1,Cc1ccc(-n2nc(C(C)(C)C)cc2NC(=O)NCc2ccccc2Oc2cc(N3CCOCC3)nc(C)n2)cc1
CC(=O)Nc1nc(C=Cc2ccc(C(=O)O)c(F)c2)cs1,CC(=O)Nc1nc(CCc2ccc(C(=O)O)c(F)c2)cs1
CN(C)CCCn1ncc2cc(/C=C/c3ccc(O)cc3)ccc2c1=O,CN(C)CCCn1ncc2cc(CCc3ccc(O)cc3)ccc2c1=O
Cc1nc2ccc(I)cc2c(Cl)c1S(C)(=O)=O.O[C@H]1CCCNC1,Cc1nc2ccc(I)cc2c(N2CCC[C@H](O)C2)c1S(C)(=O)=O
CNC(=O)COc1cc(C#N)ccc1CN.Cc1cc(C(=O)O)n(C)n1,CNC(=O)COc1cc(C#N)ccc1CNC(=O)c1cc(C)nn1C
CC(C)(C)OC(=O)Nc1ccc(Oc2ccnc(N)c2[N+](=O)[O-])c2ccccc12,CC(C)(C)OC(=O)Nc1ccc(Oc2ccnc(N)c2N)c2ccccc12
CC(=O)OC(C)=O.COc1cccc(N(CCN2CCC(C(=O)c3ccc(F)cc3)CC2)C(=O)c2ccc(N)c(OC)c2)c1,COc1cccc(N(CCN2CCC(C(=O)c3ccc(F)cc3)CC2)C(=O)c2ccc(NC(C)=O)c(OC)c2)c1
CCc1nc2c(cnn2CC)c(NC2CCOCC2)c1CNC(=O)c1cccc(C(=O)O)n1.NCc1ccc(F)c(Br)c1,CCc1nc2c(cnn2CC)c(NC2CCOCC2)c1CNC(=O)c1cccc(C(=O)NCc2ccc(F)c(Br)c2)n1
CC1(C)Nc2ccc(Br)cc2C(C)(C)O1.N#Cc1cc(F)cc(Br)c1,CC1(C)Nc2ccc(-c3cc(F)cc(C#N)c3)cc2C(C)(C)O1
CC(C)(C)OC(=O)CNC(=O)C1=C(O)c2c(F)cccc2C(C)(C)C1=O,CC1(C)C(=O)C(C(=O)NCC(=O)O)=C(O)c2c(F)cccc21
COc1cc(Br)c(CN2C(=O)c3ccccc3C2=O)cc1OC.N#[C][Cu],COc1cc(C#N)c(CN2C(=O)c3ccccc3C2=O)cc1OC
O=Cc1ccc(-c2ccsc2)nc1.[Mg+][CH]1CC1,OC(c1ccc(-c2ccsc2)nc1)C1CC1
C=COCC.CC(=CCCC(C)=CCCC(C)=CC=C(C(C)C)C(O)C#N)CCl,CCOC(C)OC(C#N)C(=CC=C(C)CCC=C(C)CCC=C(C)CCl)C(C)C
NCCBr.O=C(Cl)OCc1ccccc1,O=C(NCCBr)OCc1ccccc1
CC(=O)C(=O)O.Nc1ccc(F)c(F)c1F,CC(Nc1ccc(F)c(F)c1F)C(=O)O
COC(=O)c1ccc(F)cc1F.Oc1cnc(Cl)c(F)c1,COC(=O)c1ccc(F)cc1Oc1cnc(Cl)c(F)c1
CCOC(=O)c1csc(-c2ccc(C(C)(C)C)cc2)c1OCOC,COCOc1c(CO)csc1-c1ccc(C(C)(C)C)cc1
CC(C)(C)OC(=O)NCCCCN(Cc1ccc(C(=O)N(Cc2nccn2COCC[Si](C)(C)C)Cc2nccn2COCC[Si](C)(C)C)cc1)C(=O)OCc1ccccc1,C[Si](C)(C)CCOCn1ccnc1CN(Cc1nccn1COCC[Si](C)(C)C)C(=O)c1ccc(CN(CCCCN)C(=O)OCc2ccccc2)cc1
CC(=O)OC(C)=O.Cc1cn(-c2ccc3c(c2)C(NC(=O)OC(C)(C)C)CC(C)N3)cn1,CC(=O)N1c2ccc(-n3cnc(C)c3)cc2[C@H](NC(=O)OC(C)(C)C)C[C@@H]1C
Cn1cc(C(=O)O)c2ccccc21.NC[C@@H]1C[C@@H]2C[C@@H]2N1C(=O)c1nc(N)sc1-c1cccc(F)c1,Cn1cc(C(=O)NC[C@@H]2C[C@@H]3C[C@@H]3N2C(=O)c2nc(N)sc2-c2cccc(F)c2)c2ccccc21
BrC(Br)(Br)Br.C[C@]1(F)[C@H](O)O[C@H](COC(=O)c2ccc(Cl)cc2)[C@H]1OC(=O)c1ccc(Cl)cc1,C[C@@]1(F)[C@H](OC(=O)c2ccc(Cl)cc2)[C@@H](COC(=O)c2ccc(Cl)cc2)O[C@@H]1Br
CCOC1CCC(=O)CC1.Cc1cc2[nH]c(=O)n(C3CCNCC3)c2cc1C,CCO[C@@H]1CC[C@@H](N2CCC(n3c(=O)[nH]c4cc(C)c(C)cc43)CC2)CC1
C[O-].FC1(F)CCC(Cc2c(Cl)nc3ccc(Br)cc3c2Cl)CC1,COc1nc2ccc(Br)cc2c(Cl)c1CC1CCC(F)(F)CC1
Nc1ccccc1N.O=C(O)CCCCCCCNC(=O)c1cccc(C=C2C(=O)Nc3ccc(F)cc32)c1,Nc1ccccc1NC(=O)CCCCCCCNC(=O)c1cccc(C=C2C(=O)Nc3ccc(F)cc32)c1
COC(=O)Cc1cccc(-c2ccc(OC)c(C(C)=O)c2)c1.NO,COC(=O)Cc1cccc(-c2ccc(OC)c(C(C)=NO)c2)c1
CCCCCN.COc1ccc(CN2C(=O)CN(c3cccc(C[C@H](NC(=O)OC(C)(C)C)C(=O)O)c3)S2(=O)=O)cc1,CCCCCNC(=O)[C@H](Cc1cccc(N2CC(=O)N(Cc3ccc(OC)cc3)S2(=O)=O)c1)NC(=O)OC(C)(C)C
Clc1nc(Cl)c2ccccc2n1.NS(=O)(=O)c1ccc(Cl)cc1Cl,O=S(=O)(Nc1nc(Cl)nc2ccccc12)c1ccc(Cl)cc1Cl
COC(=O)C1(N(Cc2ccccc2)S(=O)(=O)c2ccc(OC)cc2)CCN(Cc2ccccc2)CC1,COc1ccc(S(=O)(=O)N(Cc2ccccc2)C2(C(=O)O)CCN(Cc3ccccc3)CC2)cc1
CC(=O)Nc1cc(Br)ccc1C(=O)N1CCC(N(C)C(=O)OC(C)(C)C)CC1.CC1(C)OB(c2ccc3ncc(-c4ccc(C#N)cc4)n3c2)OC1(C)C,CC(=O)Nc1cc(-c2ccc3ncc(-c4ccc(C#N)cc4)n3c2)ccc1C(=O)N1CCC(N(C)C(=O)OC(C)(C)C)CC1
CS(N)(=O)=O.Cc1ccc(N2CCOCC2)cc1C1CC(C)(C)c2cc(C(=O)O)ccc2N1,Cc1ccc(N2CCOCC2)cc1C1CC(C)(C)c2cc(C(=O)NS(C)(=O)=O)ccc2N1
O=C(O)c1ccccc1Oc1ccccc1,OCc1ccccc1Oc1ccccc1
CC(C)(C)OC(=O)Cn1nc(C(N)=O)c2ccccc21,NC(=O)c1nn(CC(=O)O)c2ccccc12
CCOP(=O)(CC#N)OCC.COc1cccc(C(=O)c2cc(OC)cc(OC)c2)c1,COc1cccc(C(=CC#N)c2cc(OC)cc(OC)c2)c1
CCCC(=O)c1c(F)cccc1F.NCc1ccccc1,CCCC(=O)c1c(F)cccc1NCc1ccccc1
ClCc1ccc(Cl)c(Cl)c1.O=C1CC2(C(=O)N1)C(=O)Nc1ccccc12,O=C1CC2(C(=O)N1)C(=O)N(Cc1ccc(Cl)c(Cl)c1)c1ccccc12
CC(C)(C)OC(=O)N1CC=C(c2cc([N+](=O)[O-])cc(C(F)(F)F)c2)CC1,O=[N+]([O-])c1cc(C2=CCNCC2)cc(C(F)(F)F)c1
CSc1ccc(C#N)cc1.[N-]=[N+]=[N-],CSc1ccc(-c2nnn[nH]2)cc1
CS(=O)(=O)Cc1ncc(Oc2ccc(F)cc2F)c(Cl)n1.Cn1cc(B2OC(C)(C)C(C)(C)O2)c2ccccc2c1=O,Cn1cc(-c2nc(CS(C)(=O)=O)ncc2Oc2ccc(F)cc2F)c2ccccc2c1=O
Brc1cccc(Br)n1.CNC,CN(C)c1cccc(Br)n1
Cc1cc(CO)cc(C)c1CCC(=O)O,Cc1cc(C=O)cc(C)c1CCC(=O)O
CC(C)(C)C(=O)C(CCCC(C)(C)c1ccccc1)n1cncn1,CC(C)(CCCC(C(O)C(C)(C)C)n1cncn1)c1ccccc1
C=Cc1cc(OC)c(CCC)c(OC)c1.Fc1cccc(F)c1Br,CCCc1c(OC)cc(C=Cc2c(F)cccc2F)cc1OC
CCOC(=O)Cc1cccc(Oc2ccc(Br)cc2CBr)c1.Oc1ccccc1,CCOC(=O)Cc1cccc(Oc2ccc(Br)cc2COc2ccccc2)c1
COc1ccc(C2CC(OC(C)=O)CCC2N)cc1OC.O=C(Cl)c1ccc(OCC2CC2)c(OCC2CC2)c1,COc1ccc(C2CC(OC(C)=O)CCC2NC(=O)c2ccc(OCC3CC3)c(OCC3CC3)c2)cc1OC
CCOC(=O)CCc1cnc(C#N)c(OC[C@H](O)CNC(C)(C)CC2Cc3ccccc3C2)c1,CC(C)(CC1Cc2ccccc2C1)NC[C@@H](O)COc1cc(CCC(=O)O)cnc1C#N
Brc1cc2c(I)nn(C3CCCCO3)c2cn1.OB(O)c1ccccc1,Brc1cc2c(-c3ccccc3)nn(C3CCCCO3)c2cn1
Clc1ccc(N2CCNCC2)cc1.O=C1Nc2cc(CO)cnc2N2CCSCC12,O=C1Nc2cc(CN3CCN(c4ccc(Cl)cc4)CC3)cnc2N2CCSCC12
CCOC(=O)CC(C)=O.Nc1ccc(SC(F)(F)F)cc1,CC(=O)CC(=O)Nc1ccc(SC(F)(F)F)cc1
CC(C)(C)OC(=O)N1CCCN(C(=O)c2ccccc2Br)CC1,O=C(c1ccccc1Br)N1CCCNCC1
COC(=O)C1CC(=O)N(c2ccc(OCc3cccc(F)c3)cc2)C1,O=C1CC(CO)CN1c1ccc(OCc2cccc(F)c2)cc1
C[C@@H](COCc1ccccc1)Cc1nc(-c2ccc(Cl)c(Cl)c2)c2c(N)c(C(N)=O)sc2n1,C[C@@H](CO)Cc1nc(-c2ccc(Cl)c(Cl)c2)c2c(N)c(C(N)=O)sc2n1
Cc1nc(-c2cn3c(n2)-c2ccc(OC(C)C4CCCN(C(=O)OC(C)(C)C)CC4)cc2OCC3)n(C(C)C)n1,Cc1nc(-c2cn3c(n2)-c2ccc(OC(C)C4CCCNCC4)cc2OCC3)n(C(C)C)n1
CC(C)C(=O)Nc1cccc(C2CCN(CC[C@H](N)c3ccccc3)CC2)c1.O=C=Nc1ccccc1[N+](=O)[O-],CC(C)C(=O)Nc1cccc(C2CCN(CC[C@H](NC(=O)Nc3ccccc3[N+](=O)[O-])c3ccccc3)CC2)c1
C=CC(CC(=O)OCC)c1cnc(C)nc1.O,CCOC(=O)CC(CCO)c1cnc(C)nc1
COc1ccc(-c2ccc(C#N)cc2)cc1C=O.[CH3][Mg+],COc1ccc(-c2ccc(C#N)cc2)cc1C(C)O
C=C(C)[C@@H]1CC[C@]2(NCc3ccsc3)CC[C@]3(C)[C@H](CC[C@@H]4[C@@]5(C)CC=C(c6ccc(C(=O)OC)cc6)C(C)(C)[C@@H]5CC[C@]43C)[C@@H]12,C=C(C)[C@@H]1CC[C@]2(NCc3ccsc3)CC[C@]3(C)[C@H](CC[C@@H]4[C@@]5(C)CC=C(c6ccc(C(=O)O)cc6)C(C)(C)[C@@H]5CC[C@]43C)[C@@H]12
C=CC(=O)Nc1ccc(S(=O)(=O)N2CCC(N)CC2)cc1.O=CCc1ccccc1,C=CC(=O)Nc1ccc(S(=O)(=O)N2CCC(NCCc3ccccc3)CC2)cc1
CC(=O)c1c(O)cccc1O.COC(=O)CBr,COC(=O)COc1cccc(O)c1C(C)=O
CC(C)(C)OC(=O)N1CCC(CCCO)CC1.CS(=O)(=O)Cl,CC(C)(C)OC(=O)N1CCC(CCCOS(C)(=O)=O)CC1
N#Cc1ccccc1S(=O)(=O)N1CCCC1,NCc1ccccc1S(=O)(=O)N1CCCC1
CC(=O)N1c2ccc(N)cc2C(C)(c2ccccc2)CC1(C)C.Cc1cccc(C(=O)O)c1Br,CC(=O)N1c2ccc(NC(=O)c3cccc(C)c3Br)cc2C(C)(c2ccccc2)CC1(C)C
Cc1cccc(Br)c1.Oc1ccc(F)cc1,Cc1cccc(Oc2ccc(F)cc2)c1
C/C(=C\C(=O)O)c1ccc(CC(C)C)cc1.C1CCN(C[C@@H]2CCCN2)CC1,C/C(=C\C(=O)N1CCC[C@H]1CN1CCCCC1)c1ccc(CC(C)C)cc1
O=C1c2ccccc2C(=O)N1C[C@@H]1CC[C@@H](Nc2nccc(-n3nnc4ccccc43)n2)CC1,NC[C@@H]1CC[C@@H](Nc2nccc(-n3nnc4ccccc43)n2)CC1
COC(=O)COc1ccc(NC(=O)OC(C)(C)C)cc1C.Cc1nc(-c2ccc(C(F)(F)F)cc2)sc1CCl,COC(=O)COc1ccc(N(Cc2sc(-c3ccc(C(F)(F)F)cc3)nc2C)C(=O)OC(C)(C)C)cc1C
COC(=O)c1ccc(-c2noc(-c3cc(-c4ccccc4)c(C(F)(F)F)s3)n2)cc1,OCc1ccc(-c2noc(-c3cc(-c4ccccc4)c(C(F)(F)F)s3)n2)cc1
CC(C)(O)CN.O=[N+]([O-])c1cnc2cc(OCc3ccccc3)ccc2c1Cl,CC(C)(O)CNc1c([N+](=O)[O-])cnc2cc(OCc3ccccc3)ccc12
COCCCNC(=O)c1ccc(-n2ncc(Br)c2OC)nc1.Cc1cc(B2OC(C)(C)C(C)(C)O2)ccc1C#N,COCCCNC(=O)c1ccc(-n2ncc(-c3ccc(C#N)c(C)c3)c2OC)nc1
CCC(NCCCNC(=O)OC(C)(C)C)c1nc2onc(C)c2c(=O)n1Cc1ccccc1.Cc1ccc(C(=O)Cl)cc1,CCC(c1nc2onc(C)c2c(=O)n1Cc1ccccc1)N(CCCNC(=O)OC(C)(C)C)C(=O)c1ccc(C)cc1
CCc1cncc(CBr)c1.Cc1cc(O)nc(S)n1,CCc1cncc(CSc2nc(C)cc(O)n2)c1
COc1ccc(S(=O)(=O)n2cc(CN(C)C(=O)OC(C)(C)C)cc2-c2cccnc2C#N)cn1,CNCc1cc(-c2cccnc2C#N)n(S(=O)(=O)c2ccc(OC)nc2)c1
COc1c(O)nc(N(C)S(C)(=O)=O)c2c1C(=O)N(Cc1ccc(F)cc1)CC2,CN(c1nc(O)c(O)c2c1CCN(Cc1ccc(F)cc1)C2=O)S(C)(=O)=O
C=[CH][Sn]([CH2]CCC)([CH2]CCC)[CH2]CCC.Cc1cccc(I)c1C(=O)O,C=Cc1cccc(C)c1C(=O)O
CCCCCCCCOCc1ccc(CO)cc1,CCCCCCCCOCc1ccc(C=O)cc1
CCOC(=O)c1coc(Cl)n1.Cc1ccc(C(C)(C)C)cc1O,CCOC(=O)c1coc(Oc2cc(C(C)(C)C)ccc2C)n1
CN1C(=O)CC[C@@]2(C)C1=CC[C@@H]1[C@@H]2CC[C@]2(C)C(OS(=O)(=O)C(F)(F)F)=CC[C@@H]12.OB(O)c1cncc(Cl)c1,CN1C(=O)CC[C@@]2(C)C1=CC[C@@H]1[C@@H]2CC[C@]2(C)C(c3cncc(Cl)c3)=CC[C@@H]12
CC(C)(C)OC(=O)NC1(C(N)=O)CCCC1,NC(=O)C1(N)CCCC1
Brc1ccc2c(c1)CCN2.O=C=Nc1ccccc1,O=C(Nc1ccccc1)N1CCc2cc(Br)ccc21
CON(C)C(=O)c1ccc(Cl)cc1Nc1ccccc1Cl.C[CH2][Mg+],CCC(=O)c1ccc(Cl)cc1Nc1ccccc1Cl
CSC[C@H](NC(=O)OC(C)(C)C)c1ccccc1,CSC[C@H](N)c1ccccc1
Cn1ccn2c(=O)c(OCc3ccccc3)c(C(=O)O)nc12.NCC(=O)Cc1ccc(Cl)cc1,Cn1ccn2c(=O)c(OCc3ccccc3)c(C(=O)NCC(=O)Cc3ccc(Cl)cc3)nc12
COc1cc(Cl)ccc1CBr.[C-]#N,COc1cc(Cl)ccc1CC#N
CC(=O)OC(C)(CCO)c1ccccc1-c1ccccc1,CC(O)(CCO)c1ccccc1-c1ccccc1
CC(C)(C)OC(=O)CN(Cc1ccncc1)S(=O)(=O)c1ccc2c(Cl)cnc(Cl)c2c1.N=C(N)N,CC(C)(C)OC(=O)CN(Cc1ccncc1)S(=O)(=O)c1ccc2c(Cl)cnc(NC(=N)N)c2c1
CC(=O)c1ccc2c(c1)OCO2,CC(O)c1ccc2c(c1)OCO2
CC(C)(C)OC(=O)NC1(CO[Si](C)(C)C(C)(C)C)CCN(Cc2ccccc2)C1,CC(C)(C)OC(=O)NC1(CO[Si](C)(C)C(C)(C)C)CCNC1
CC(C)S(=O)(=O)c1ccc(Cl)c([N+](=O)[O-])c1.NCC1CC1,CC(C)S(=O)(=O)c1ccc(NCC2CC2)c([N+](=O)[O-])c1
NCCCn1ccnc1.O=C(O)CCOc1ccc(Cl)cc1,O=C(CCOc1ccc(Cl)cc1)NCCCn1ccnc1
CSc1nsc(Cl)n1.OCc1ccsc1,CSc1nsc(OCc2ccsc2)n1
CCS(=O)(=O)Nc1ccc(-c2ccc(C#N)[nH]2)cc1.ICCCc1ccccc1,CCS(=O)(=O)Nc1ccc(-c2ccc(C#N)n2CCCc2ccccc2)cc1
CC(C)(C)OC(=O)c1c(N)sc2c1CC(C)(C)OC2.S=C=Nc1ccccc1,CC(C)(C)OC(=O)c1c(NC(=S)Nc2ccccc2)sc2c1CC(C)(C)OC2
Nc1nc(C(Cl)(Cl)Cl)ns1.O=C(Cl)CCl,O=C(CCl)Nc1nc(C(Cl)(Cl)Cl)ns1
CC(C)C[C@H]1COCC(=O)N1,CC(C)C[C@H]1COCCN1
CC1(C)O[C@H](CC#N)C[C@H](CC(=O)N(Cc2ccccc2)Cc2ccccc2)O1,CC1(C)O[C@H](CCN)C[C@H](CC(=O)N(Cc2ccccc2)Cc2ccccc2)O1
Cn1ccc(NC(=O)c2cc(OCc3ccccc3)cc(OC3(C(=O)O)CCC3)c2)n1,Cn1ccc(NC(=O)c2cc(OCc3ccccc3)cc(OC3(CO)CCC3)c2)n1
CCOC(=O)c1cc(C#N)c(N2CCNCC2)nc1C(F)(F)F.O=C=NCCc1ccccc1,CCOC(=O)c1cc(C#N)c(N2CCN(C(=O)NCCc3ccccc3)CC2)nc1C(F)(F)F
CC(=O)OC(C)=O.COC(=O)c1ccc(C(F)(F)F)cc1N,COC(=O)c1ccc(C(F)(F)F)cc1NC(C)=O
CCc1nc(Cl)cc(-c2cccc(Cl)c2)n1.NC(=O)Cc1ccc(N)cc1,CCc1nc(Nc2ccc(CC(N)=O)cc2)cc(-c2cccc(Cl)c2)n1
CC(=O)O[C@H]1C[C@H](n2cnc3c(N[C@H]4CCc5ccccc54)ncnc32)O[C@@H]1CO[Si](C)(C)C(C)(C)C,CC(=O)O[C@H]1C[C@H](n2cnc3c(N[C@H]4CCc5ccccc54)ncnc32)O[C@@H]1CO
CN1CC(N2CCC(N(C)C(=O)Nc3cc(Oc4ccc(N)cc4F)ncn3)CC2)C1.O=C(Cc1ccc(F)cc1)N=C=S,CN1CC(N2CCC(N(C)C(=O)Nc3cc(Oc4ccc(NC(=S)NC(=O)Cc5ccc(F)cc5)cc4F)ncn3)CC2)C1
COc1ccc2ccsc2c1,Oc1ccc2ccsc2c1
N#CCC(=O)N1CCCC(n2nc(-c3ccc(Oc4ccccc4)cc3)c3c(N)ncnc32)C1.O=Cc1ccccc1Cl,N#CC(=Cc1ccccc1Cl)C(=O)N1CCCC(n2nc(-c3ccc(Oc4ccccc4)cc3)c3c(N)ncnc32)C1
C/C(C#N)=C1/c2ccc(CBr)cc2COc2cc(F)ccc21.CC(C)c1nc(Cl)c(Cl)[nH]1,C/C(C#N)=C1/c2ccc(Cn3c(C(C)C)nc(Cl)c3Cl)cc2COc2cc(F)ccc21
CN1CCNCC1.O=C(O)c1cc(Cl)ccn1,CN1CCN(C(=O)c2cc(Cl)ccn2)CC1
C1CNC1.O=S1(=O)N=C(c2ccc(Br)cc2)c2ccc(OCCCCBr)cc21,O=S1(=O)N=C(c2ccc(Br)cc2)c2ccc(OCCCCN3CCC3)cc21
CC(C)(C)OC(=O)NCCn1ccc2ncnc(Cl)c21.COC(=O)c1cc(Oc2ccc(N)cc2Cl)cc(C(F)(F)F)c1,COC(=O)c1cc(Oc2ccc(Nc3ncnc4ccn(CCNC(=O)OC(C)(C)C)c34)cc2Cl)cc(C(F)(F)F)c1
COC(=O)[C@@H]1C[C@@H](S(=O)(=O)c2ccc(F)cc2C(F)(F)F)CN1c1cc(C)nn1C1CCC1,Cc1cc(N2C[C@H](S(=O)(=O)c3ccc(F)cc3C(F)(F)F)C[C@H]2C(=O)O)n(C2CCC2)n1
COC(=O)CC1c2ccc(F)c(Br)c2CCN1C(=O)CNC(=O)OC(C)(C)C,CC(C)(C)OC(=O)NCC(=O)N1CCc2c(ccc(F)c2Br)C1CC(=O)O
CC(C)(C)OC(=O)N1[C@H](C=O)COC1(C)C.NCc1ccccc1,CC(C)(C)OC(=O)N1[C@@H](CNCc2ccccc2)COC1(C)C
CC(C)c1cc(Cl)cc(C(C)C)c1N=C=O.CC1(c2ccc(F)c(S(N)(=O)=O)c2)OCCO1,CC(C)c1cc(Cl)cc(C(C)C)c1NC(=O)NS(=O)(=O)c1cc(C2(C)OCCO2)ccc1F
CN(C)S(=O)(=O)Cc1ccc2[nH]cc(CCCOS(C)(=O)=O)c2c1.COc1cncnc1N1CCNCC1,COc1cncnc1N1CCN(CCCc2c[nH]c3ccc(CS(=O)(=O)N(C)C)cc23)CC1
CC(C)c1ccc(CC(=O)O)cc1.COc1cc2ncnc(N3CCC(N)CC3)c2cc1OC,COc1cc2ncnc(N3CCC(NC(=O)Cc4ccc(C(C)C)cc4)CC3)c2cc1OC
CCOC(CBr)OCC.Clc1nc2ccccc2[nH]1,CCOC(Cn1c(Cl)nc2ccccc21)OCC
CCI.COc1ccc2c(N[C@@H]3CCOC3)ncnc2c1OC,CCN(c1ncnc2c(OC)c(OC)ccc12)[C@@H]1CCOC1
N[C@H]1CN2CCC1CC2.O=C(O)/C=C/c1ccc([N+](=O)[O-])o1,O=C(/C=C/c1ccc([N+](=O)[O-])o1)N[C@H]1CN2CCC1CC2
CC(C)(C)OC(=O)N1CCNCC1.Cc1cc(-c2cc(COS(C)(=O)=O)c(=O)n(Cc3c(Cl)cccc3Cl)n2)ccc1F,Cc1cc(-c2cc(CN3CCN(C(=O)OC(C)(C)C)CC3)c(=O)n(Cc3c(Cl)cccc3Cl)n2)ccc1F
C1=COCCC1.CC(O)c1ccc(Br)nc1,CC(OC1CCCCO1)c1ccc(Br)nc1
NCC(=O)N1CCN(C(=O)c2ccccc2C(F)(F)F)CC1.O=C(O)c1ccc2c(c1)Cc1ccccc1-2,O=C(NCC(=O)N1CCN(C(=O)c2ccccc2C(F)(F)F)CC1)c1ccc2c(c1)Cc1ccccc1-2
CCCS(=O)(=O)N1CCC(CC(=O)Nc2ccc(Br)nc2)CC1.OB(O)c1cc(F)cc(F)c1,CCCS(=O)(=O)N1CCC(CC(=O)Nc2ccc(-c3cc(F)cc(F)c3)nc2)CC1
CCOC(=O)CBr.Fc1ccc(Br)c(OC2CCN(c3noc(-c4cc[nH]n4)n3)CC2)c1,CCOC(=O)Cn1ccc(-c2nc(N3CCC(Oc4cc(F)ccc4Br)CC3)no2)n1
CC[C@@H](CNc1ccc(OC(C)C(=O)OC)cc1OC)NC(=O)[C@H](CC(C)(C)F)N[C@@H](c1ccccc1)C(F)(F)F,CC[C@@H](CNc1ccc(OC(C)C(=O)O)cc1OC)NC(=O)[C@H](CC(C)(C)F)N[C@@H](c1ccccc1)C(F)(F)F
Cc1ccc(S(=O)(=O)OC[C@H]2COc3cc(Cl)cc(OS(=O)(=O)C(F)(F)F)c3O2)cc1.OB(O)c1cc(Cl)ccc1Cl,Cc1ccc(S(=O)(=O)OC[C@H]2COc3cc(Cl)cc(-c4cc(Cl)ccc4Cl)c3O2)cc1
CCOC(=O)N1CCC(=O)C1.O=C1N[C@@H]2CCCC[C@H]2N1C1CCNCC1,CCOC(=O)N1CCC(N2CCC(N3C(=O)N[C@@H]4CCCC[C@H]43)CC2)C1
COC(=O)c1cccc(N2Cc3ccc(OC)cc3CC2=O)c1,COC(=O)c1cccc(N2Cc3ccc(O)cc3CC2=O)c1
Cc1cc2cc([N+](=O)[O-])ccc2o1,Cc1cc2cc(N)ccc2o1
COc1cc(O)c(C2(O)C(=O)N(C(c3ccccc3)c3ccccc3)c3ccccc32)cc1F,COc1cc(O)c(C2C(=O)N(C(c3ccccc3)c3ccccc3)c3ccccc32)cc1F
CNC.COCCN1C(=O)c2ccccc2C(C(=O)Nc2ccc(C(=O)O)cc2)C1c1cccs1,COCCN1C(=O)c2ccccc2C(C(=O)Nc2ccc(C(=O)N(C)C)cc2)C1c1cccs1
COC(=O)c1ccc(C)nc1Cl.O=C(NCC12CC3CC(CC(C3)C1)C2)c1cc(B(O)O)ccc1Cl,COC(=O)c1ccc(C)nc1-c1ccc(Cl)c(C(=O)NCC23CC4CC(CC(C4)C2)C3)c1
CN1Cc2c(C(N)=O)ncn2-c2ccc(Cl)cc2C1=O,CN1Cc2c(C#N)ncn2-c2ccc(Cl)cc2C1=O
C=CCOC(=O)C(N1C(=O)[C@@H]([C@@H](CO[SiH](C)C)C(C)(C)C)[C@H]1[C@@H](C)C(C)=O)=P(c1ccccc1)(c1ccccc1)c1ccccc1.C=CCOC(=O)N1CCC[C@H]1C=O,C=CCOC(=O)C(N1C(=O)[C@@H]([C@@H](CO[SiH](C)C)C(C)(C)C)[C@H]1[C@@H](C)C(=O)CC(O)[C@@H]1CCCN1C(=O)OCC=C)=P(c1ccccc1)(c1ccccc1)c1ccccc1
CC(C)(C)OC(=O)N[C@H]1CCCN(c2c(N)cnc3ccccc23)C1.O=C(O)c1csc(-c2c(F)cccc2F)n1,CC(C)(C)OC(=O)N[C@H]1CCCN(c2c(NC(=O)c3csc(-c4c(F)cccc4F)n3)cnc3ccccc23)C1
CCOC(=O)CCCC(O)CCC#N.Oc1cccnc1,CCOC(=O)CCCC(CCC#N)Oc1cccnc1
CN(C)C(=O)N1CCNCC1.COC(=O)[C@@H](OC(C)(C)C)c1c(C)cc2nc(-c3ccnc(Cl)n3)sc2c1-c1ccc(Cl)cc1,COC(=O)[C@@H](OC(C)(C)C)c1c(C)cc2nc(-c3ccnc(N4CCN(C(=O)N(C)C)CC4)n3)sc2c1-c1ccc(Cl)cc1
COC(=O)c1ccnc2[nH]c(-c3ccccc3)nc12,O=C(O)c1ccnc2[nH]c(-c3ccccc3)nc12
CC(C)N(CCN)C(C)C.CCOC(=O)CN1C(=O)CCC1C,CC1CCC(=O)N1CC(=O)NCCN(C(C)C)C(C)C
CC(C)=O.O=C(O)[C@@H]1CCCN1,CC(C)N1CCC[C@H]1C(=O)O
O=C(Cl)Cc1ccccc1.O=C(c1cc(C(F)(F)F)cc(C(F)(F)F)c1)N1CC[C@H](N2CCNCC2)[C@H](c2ccccc2)C1,O=C(Cc1ccccc1)N1CCN([C@H]2CCN(C(=O)c3cc(C(F)(F)F)cc(C(F)(F)F)c3)C[C@H]2c2ccccc2)CC1
CC(C)(C)OC(=O)NC1=N[C@](C)(c2cc(N)ccc2F)Cn2c1nc(Cl)c2C#N.O=C(O)c1ccc(Cl)cn1,CC(C)(C)OC(=O)NC1=N[C@](C)(c2cc(NC(=O)c3ccc(Cl)cn3)ccc2F)Cn2c1nc(Cl)c2C#N
Brc1ccnc(NCCN2CCCC2)c1.CC1(C)OB(c2ccc3ncnc(N)c3c2)OC1(C)C,Nc1ncnc2ccc(-c3ccnc(NCCN4CCCC4)c3)cc12
CC(C)(C)OC(=O)NCc1cccc(C(=O)O)c1.NCCN1CCCC1,CC(C)(C)OC(=O)NCc1cccc(C(=O)NCCN2CCCC2)c1
CC(=O)OC(C)=O.O=C1CNCCN1,CC(=O)N1CCNC(=O)C1
Cc1ccc2ncc(C(=O)O)c(=O)n2c1.NC1CCCC1,Cc1ccc2ncc(C(=O)NC3CCCC3)c(=O)n2c1
COc1ccc(CNc2c(OCCSc3ccccc3Cl)n[nH]c(=O)c2Br)cc1OC.O=C(OO)c1cccc(Cl)c1,COc1ccc(CNc2c(OCCS(=O)c3ccccc3Cl)n[nH]c(=O)c2Br)cc1OC
CCOC(=O)c1ccc(Cl)nc1.c1ccc2[nH]cnc2c1,CCOC(=O)c1ccc(-n2cnc3ccccc32)nc1
COC(=O)N[C@H](C(=O)N1CCC[C@H]1C(=O)OCc1ccccc1)c1ccccc1,COC(=O)N[C@H](C(=O)N1CCC[C@H]1C(=O)O)c1ccccc1
C=O.COC(=O)C(NCCc1cccs1)c1ccccc1Cl,COC(=O)C(c1ccccc1Cl)N1CCc2sccc2C1
CC1(C)C(=O)Nc2cc(B3OC(C)(C)C(C)(C)O3)ccc21.C[C@@H](Oc1cc(Cl)cn2ncc(C3CC3)c12)[C@H]1CNC(=O)C1,C[C@@H](Oc1cc(-c2ccc3c(c2)NC(=O)C3(C)C)cn2ncc(C3CC3)c12)[C@H]1CNC(=O)C1
Cc1ccc[c]([Mg+])c1.O=C1c2ccccc2-c2ccccc21,Cc1cccc(C2(O)c3ccccc3-c3ccccc32)c1
CCN(CC)CCO.CS(=O)(=O)c1cc(CCC(=O)O)nc(-c2nc(=O)c3ccc(Cl)cc3s2)c1,CCN(CC)CCOC(=O)CCc1cc(S(C)(=O)=O)cc(-c2nc(=O)c3ccc(Cl)cc3s2)n1
Cc1nccn1-c1cccc(O)c1.O=[N+]([O-])c1ccc(F)c(Cl)c1,Cc1nccn1-c1cccc(Oc2ccc([N+](=O)[O-])cc2Cl)c1
CC1CCN(c2ccc(CO)cc2N)CC1.N#Cc1ccc(C(=O)Cl)o1,CC1CCN(c2ccc(CO)cc2NC(=O)c2ccc(C#N)o2)CC1
CC(=O)N[C@@H](Cc1cc(F)cc(Br)c1)[C@H](O)[C@H]1CO[C@@H](OCC(C)(C)C)[C@H](C)N1C(=O)OC(C)(C)C.CC(C)C[CH2][Zn+],CC(=O)N[C@@H](Cc1cc(F)cc(CCC(C)C)c1)[C@H](O)[C@H]1CO[C@@H](OCC(C)(C)C)[C@H](C)N1C(=O)OC(C)(C)C
C=O.Cc1nccn1-c1ccc(Nc2nc3c(c(NC[C@@H]4CCCO4)n2)CNCC3)cc1,Cc1nccn1-c1ccc(Nc2nc3c(c(NC[C@@H]4CCCO4)n2)CN(C)CC3)cc1
COC(=O)c1c(F)ccc(I)c1C,Cc1c(I)ccc(F)c1CO
CC(C)NCc1nc(-c2ccc(C(F)(F)F)cc2)no1.O=C(Cl)COc1ccc(C(F)(F)F)cc1,CC(C)N(Cc1nc(-c2ccc(C(F)(F)F)cc2)no1)C(=O)COc1ccc(C(F)(F)F)cc1
N#CN=C1NCCN1c1ccc([N+](=O)[O-])cc1,N#CN=C1NCCN1c1ccc(N)cc1
CC(C)(C)OC(=O)[C@@H]1CCCN1C(=O)Cl.NN,CC(C)(C)OC(=O)[C@@H]1CCCN1C(=O)NN
CS(=O)(=O)Cl.O=C1OCCN1c1ccc(CCO)cc1,CS(=O)(=O)OCCc1ccc(N2CCOC2=O)cc1
C=CCO.Clc1cc(Cl)nc(OCc2ccccc2)n1,C=CCOc1cc(Cl)nc(OCc2ccccc2)n1
CC(C)(C)OC(=O)N[C@@]12CC[C@H](F)[C@@H]1CN(C(=O)OCc1ccccc1)C2,CC(C)(C)OC(=O)N[C@@]12CC[C@H](F)[C@@H]1CNC2
CC(=O)c1ccccc1F.COC(=O)c1ccc(O)cc1,COC(=O)c1ccc(Oc2ccccc2C(C)=O)cc1
BrCCOc1ccccc1.C=CCn1c(N)nc(N2CCc3ccccc3CC2)c(C#N)c1=O,C=CCn1c(NCCOc2ccccc2)nc(N2CCc3ccccc3CC2)c(C#N)c1=O
CN1CCN(S(=O)(=O)c2ccc(Br)cc2)CC1.COc1ccc(Cl)c(-c2cc(C)c3nc(N)nnc3c2)c1,COc1ccc(Cl)c(-c2cc(C)c3nc(Nc4ccc(S(=O)(=O)N5CCN(C)CC5)cc4)nnc3c2)c1
CCOC(=O)c1cc2ccccc2[nH]1.Cc1ccc(Br)cc1,CCOC(=O)c1cc2ccccc2n1-c1ccc(C)cc1
Nc1cccc(C(c2cc(F)ccc2F)S(=O)(=O)c2ccc(Cl)cc2)n1.O=C(O)Cc1ccccn1,O=C(Cc1ccccn1)Nc1cccc(C(c2cc(F)ccc2F)S(=O)(=O)c2ccc(Cl)cc2)n1
C=O.c1cncc(-c2cc3c(cn2)[nH]c2ncc(-c4ccc(N5CCNCC5)cc4)cc23)c1,CN1CCN(c2ccc(-c3cnc4[nH]c5cnc(-c6cccnc6)cc5c4c3)cc2)CC1
CCNCC.COC(=O)c1cc(CBr)cc(C)c1N(Cc1ccccc1)S(=O)(=O)c1ccc(OC)cc1,CCN(CC)Cc1cc(C)c(N(Cc2ccccc2)S(=O)(=O)c2ccc(OC)cc2)c(C(=O)OC)c1
O=C(O)c1cc(O)cc(O)c1.OCC(Cl)(Cl)Cl,O=C(OCC(Cl)(Cl)Cl)c1cc(O)cc(O)c1
Cc1cc([N+](=O)[O-])cc(Br)c1N.OB(O)c1ccccc1,Cc1cc([N+](=O)[O-])cc(-c2ccccc2)c1N
COC(=O)c1cccc(C(F)(F)N2CCC(OC(c3ccccc3)c3ccccc3)CC2)n1,O=C(O)c1cccc(C(F)(F)N2CCC(OC(c3ccccc3)c3ccccc3)CC2)n1
Cc1ccc2on(C(c3ccccc3)(c3ccccc3)c3ccccc3)c(=O)c2c1.O=C1CCC(=O)N1Br,O=c1c2cc(CBr)ccc2on1C(c1ccccc1)(c1ccccc1)c1ccccc1
CC(=O)Nc1ccc(C=O)cc1[N+](=O)[O-],Nc1ccc(C=O)cc1[N+](=O)[O-]
CCOC(=O)C(C)(C)Cc1c(SC(C)(C)C)c2cc(O)ccc2n1Cc1ccc(Cl)cc1.ClCc1cccnc1,CCOC(=O)C(C)(C)Cc1c(SC(C)(C)C)c2cc(OCc3cccnc3)ccc2n1Cc1ccc(Cl)cc1
N#Cc1cccc(CBr)c1.Nc1nc(N)c2nc(CN3CCNCC3)nnc2n1,N#Cc1cccc(CN2CCN(Cc3nnc4nc(N)nc(N)c4n3)CC2)c1
CC(C)CC(NC(=O)c1ccc2c(Cl)cnc(Cl)c2c1)C(=O)OC(C)(C)C.N=C(N)N,CC(C)CC(NC(=O)c1ccc2c(Cl)cnc(NC(=N)N)c2c1)C(=O)OC(C)(C)C
CCCN1CCC[C@H]2Cc3nc(Br)ccc3C[C@@H]21,CCCN1CCC[C@H]2Cc3ncccc3C[C@@H]21
CC(C)n1cc(I)nc1C1CC1.Cc1cc(C#C[Si](C)(C)C)ccn1,Cc1cc(C#Cc2cn(C(C)C)c(C3CC3)n2)ccn1
CCOC(=O)CCN(C(=O)c1ccc2c(c1)nc(CNc1ccc(C(=N)N)cc1)n2C)C1CCCC1,Cn1c(CNc2ccc(C(=N)N)cc2)nc2cc(C(=O)N(CCC(=O)O)C3CCCC3)ccc21
CC1(C)OB(c2ccc(F)nc2)OC1(C)C.Cn1ccc(Br)cc1=O,Cn1ccc(-c2ccc(F)nc2)cc1=O
Cn1c(=O)c2ccccc2n(CCCBr)c1=O.c1ccc(C(c2ccccc2)N2CCNCC2)cc1,Cn1c(=O)c2ccccc2n(CCCN2CCN(C(c3ccccc3)c3ccccc3)CC2)c1=O
CCN(CC)CCCO.O=C(Cl)C1(c2ccccc2)CCC1,CCN(CC)CCCOC(=O)C1(c2ccccc2)CCC1
COC(=O)c1ccc(C2(N)CC2)cc1.O=C(O)c1cc(Cl)cnc1N1CCC(Oc2cccc(F)c2)C1,COC(=O)c1ccc(C2(NC(=O)c3cc(Cl)cnc3N3CCC(Oc4cccc(F)c4)C3)CC2)cc1
Cn1cc(N)cn1.OC1(c2ccccc2Nc2nc(Cl)ncc2Cl)CCOCC1,Cn1cc(Nc2ncc(Cl)c(Nc3ccccc3C3(O)CCOCC3)n2)cn1
C=C1CC(C#N)(CO)C1.CS(=O)(=O)Cl,C=C1CC(C#N)(COS(C)(=O)=O)C1
COc1ccc(CNc2nc(Cl)nc3sc(C)c(Cl)c23)cc1Cl.Cc1ncc[nH]1,COc1ccc(CNc2nc(-n3ccnc3C)nc3sc(C)c(Cl)c23)cc1Cl
CCOC(=O)C1(COc2cc(C)c(B3OC(C)(C)C(C)(C)O3)cn2)CCC1.C[Si](C)(C)CCOCn1cc(C(F)(F)F)nc1-c1ccc(Br)cn1,CCOC(=O)C1(COc2cc(C)c(-c3ccc(-c4nc(C(F)(F)F)cn4COCC[Si](C)(C)C)nc3)cn2)CCC1
CC(C)(C)OC(=O)N1CCC(c2cc(=O)[nH]c3c4c(-c5ccccc5)c(F)ccc4nn23)CC1,O=c1cc(C2CCNCC2)n2nc3ccc(F)c(-c4ccccc4)c3c2[nH]1
NCCCOc1cccc(CN2CCOCC2)c1.Nc1nnc(Br)s1,Nc1nnc(NCCCOc2cccc(CN3CCOCC3)c2)s1
CC(=O)Nc1ccc(Sc2ccc(O)cc2N)cc1.Cc1cccc(CBr)c1,CC(=O)Nc1ccc(Sc2ccc(OCc3cccc(C)c3)cc2N)cc1
CC(C)C[C@H](NC(=O)N1CCCCCC1)C(=O)O.NCCC(c1ccccc1)c1ccccc1,CC(C)C[C@H](NC(=O)N1CCCCCC1)C(=O)NCCC(c1ccccc1)c1ccccc1
C=CC(C)(C)O.O=C1c2ccccc2C(=O)N1CCc1c[nH]c2ccc(Br)cc12,CC(C)(O)C=Cc1ccc2[nH]cc(CCN3C(=O)c4ccccc4C3=O)c2c1
CN1CCC2(CC1)CCN(Cc1ccccc1)CC2,CN1CCC2(CCNCC2)CC1
COC(=O)c1ccc2nc(-c3ccc4c(c3)OCCCO4)c(N(C)C(C)C)nc2c1,CC(C)N(C)c1nc2cc(C(=O)O)ccc2nc1-c1ccc2c(c1)OCCCO2
CCN.O=Cc1cc(C(F)(F)F)ccc1Br,CCNCc1cc(C(F)(F)F)ccc1Br
CS(=O)(=O)c1ccc(Oc2ncnc3c2cnn3C2CCCCO2)cc1,CS(=O)(=O)c1ccc(Oc2ncnc3[nH]ncc23)cc1
CC1(C)CC(=O)c2c(C(F)F)nn(-c3ccc(C(N)=O)c(Br)c3)c2C1.NC1CCSCC1,CC1(C)CC(=O)c2c(C(F)F)nn(-c3ccc(C(N)=O)c(NC4CCSCC4)c3)c2C1
CC1(C)OB(c2ccc(N)nc2)OC1(C)C.CCOc1cc(-c2cc(C(F)(F)F)nc(-c3cccc(Br)c3)n2)ccc1C(F)(F)F,CCOc1cc(-c2cc(C(F)(F)F)nc(-c3cccc(-c4ccc(N)nc4)c3)n2)ccc1C(F)(F)F
CCOC(=O)C1(NC(=O)OC(C)(C)C)CCNCC1.Clc1ncnc2[nH]ccc12,CCOC(=O)C1(NC(=O)OC(C)(C)C)CCN(c2ncnc3[nH]ccc23)CC1
CCOC(=O)c1ccnc(-c2cc(OC)c(Cl)c(OC)c2)c1,COc1cc(-c2cc(C(=O)O)ccn2)cc(OC)c1Cl
CNC(=O)c1cc(Br)cc(C)c1N.[C-]#N,CNC(=O)c1cc(C#N)cc(C)c1N
CB1OB(C)OB(C)O1.Nc1ccc(S(F)(F)(F)(F)F)cc1Br,Cc1cc(S(F)(F)(F)(F)F)ccc1N
C1COCCN1.CC(=O)N(C)c1c(I)c(N)c(I)c(C(=O)O)c1I,CC(=O)N(C)c1c(I)c(N)c(I)c(C(=O)N2CCOCC2)c1I
CC(C)(C)OC(=O)N1CCC2(CCCNC2)CC1.O=C(O)c1ccc2c(c1)[C@H](NC(=O)c1ccccc1Cl)CC2,CC(C)(C)OC(=O)N1CCC2(CCCN(C(=O)c3ccc4c(c3)[C@H](NC(=O)c3ccccc3Cl)CC4)C2)CC1
O=C(CCCCBr)OCc1ccc(N2CCCCC2=O)cc1,O=C1CCCCN1c1ccc(CO)cc1
CC(C)(C)OC(=O)N[C@H]1CC[C@@H](N)CC1.COc1ccc(-c2ccnc3c(C(=O)O)c(C)n(COCC[Si](C)(C)C)c23)c(OCC2CC2)c1,COc1ccc(-c2ccnc3c(C(=O)N[C@@H]4CC[C@H](NC(=O)OC(C)(C)C)CC4)c(C)n(COCC[Si](C)(C)C)c23)c(OCC2CC2)c1
CC(=O)[C@H]1CC[C@H]2[C@@H]3CC[C@H]4C[C@H](O)CC[C@]4(C)[C@H]3CC[C@]12C,C[C@@H](O)[C@H]1CC[C@H]2[C@@H]3CC[C@H]4C[C@H](O)CC[C@]4(C)[C@H]3CC[C@]12C
CCOC(=O)c1cc2cc(C(=O)NC(c3cccc(C(F)(F)F)c3)C(F)(F)F)n(CC)c2cc1Cl,CCn1c(C(=O)NC(c2cccc(C(F)(F)F)c2)C(F)(F)F)cc2cc(C(=O)O)c(Cl)cc21
CNOC.Cc1nc(Cl)n(-c2c(F)cc(F)cc2Cl)c1C(=O)O,CON(C)C(=O)c1c(C)nc(Cl)n1-c1c(F)cc(F)cc1Cl
C1CNC1.CC(C)(C)OC(=O)Nc1cc(Cl)c(C(F)(F)F)cc1[N+](=O)[O-],CC(C)(C)OC(=O)Nc1cc(N2CCC2)c(C(F)(F)F)cc1[N+](=O)[O-]
C=C(CO)COC(=O)OCCCCCCCCCCCCCCCCCC.O=C(O)CCCCCCBr,C=C(COC(=O)CCCCCCBr)COC(=O)OCCCCCCCCCCCCCCCCCC
COC(=O)c1ccc(C(C)Oc2ccncn2)cc1,CC(Oc1ccncn1)c1ccc(C(=O)O)cc1
CC(C)(C)OC(=O)N1CCC(COc2ccc(-c3ccc(S(C)(=O)=O)cc3)nc2)CC1,CS(=O)(=O)c1ccc(-c2ccc(OCC3CCNCC3)cn2)cc1
COc1cc(/C=C(\CCCCl)C(=O)OC(C)(C)C)ccc1-n1cnc(C)n1,COc1cc(/C=C(\CCCCl)C(=O)O)ccc1-n1cnc(C)n1
C#CCBr.COC(=O)c1c(O)cccc1NC(=O)C(C)(C)C,C#CCOc1cccc(NC(=O)C(C)(C)C)c1C(=O)OC
Brc1ccc2c(n1)NCCO2.OB(O)c1cccc(C(F)(F)F)c1,FC(F)(F)c1cccc(-c2ccc3c(n2)NCCO3)c1
COC(=O)c1nc(C)ccc1I.c1nc[nH]n1,COC(=O)c1nc(C)ccc1-n1cncn1
CC1(C)C(C(=O)Cl)C1(C)C.COC(=O)c1cccc2cc[nH]c12,COC(=O)c1cccc2c(C(=O)C3C(C)(C)C3(C)C)c[nH]c12
CI.Cc1cccc(C#Cc2ccc(S(=O)(=O)N[C@H](CC(=O)OCc3ccccc3)CN(C)C)s2)c1,Cc1cccc(C#Cc2ccc(S(=O)(=O)N[C@H](CC(=O)OCc3ccccc3)C[N+](C)(C)C)s2)c1
Cc1cc(C(=O)Cl)no1.O=C(NC12CCC(CC1)Cn1c2nc(C(=O)NCc2ccc(F)cc2)c(O)c1=O)C(=O)N1CCNCC1,Cc1cc(C(=O)N2CCN(C(=O)C(=O)NC34CCC(CC3)Cn3c4nc(C(=O)NCc4ccc(F)cc4)c(O)c3=O)CC2)no1
Cc1cnc2c3c(nn2c1C)CN(C(=O)OC(C)(C)C)C3,Cc1cnc2c3c(nn2c1C)CNC3
CCOC(=O)C(=Cc1ccc(N2CCC(=O)CC2)cc1)C(=O)OCC.CS(=O)(=O)Nc1cc(C(O)CN)ccc1O,CCOC(=O)C(=Cc1ccc(N2CCC(NCC(O)c3ccc(O)c(NS(C)(=O)=O)c3)CC2)cc1)C(=O)OCC
N[C@@H]1CC[C@@H](C(=O)O)CC1,N[C@@H]1CC[C@@H](CO)CC1
CC(C)(C)OC(=O)N1CCC[C@H](N)[C@@H]1c1ccccc1.COc1ccc(C(C)(C)C2SCCS2)cc1C=O,COc1ccc(C(C)(C)C2SCCS2)cc1CN[C@H]1CCCN(C(=O)OC(C)(C)C)[C@H]1c1ccccc1
Brc1ccccc1Br.CC(=O)c1ccc(B(O)O)cc1,CC(=O)c1ccc(-c2ccccc2Br)cc1
CI.O=Cc1c[nH]c2ccc(F)cc12,Cn1cc(C=O)c2cc(F)ccc21
NS(=O)(=O)c1ccc(C(F)(F)F)cc1.O=C(O)COc1ccc(CC2CCN(C3C4CC5CC3CC(O)(C5)C4)C2=O)c(Cl)c1,O=C(COc1ccc(CC2CCN(C3C4CC5CC3CC(O)(C5)C4)C2=O)c(Cl)c1)NS(=O)(=O)c1ccc(C(F)(F)F)cc1
Cc1c[nH]c2ccc(C#N)cc12,Cc1c[nH]c2ccc(CN)cc12
NCCC(O)C(F)(F)F.O=Cc1cccc(OC(F)(F)C(F)F)c1,OC(CCNCc1cccc(OC(F)(F)C(F)F)c1)C(F)(F)F
CCn1nc(CO)c2c1C(=O)CC(C)(C)C2,CCn1nc(C=O)c2c1C(=O)CC(C)(C)C2
CC(C)(C)OC(=O)N1CCN(C(=O)c2cc(Cn3ccc(=O)c4ccccc43)ccc2F)CC1,O=C(c1cc(Cn2ccc(=O)c3ccccc32)ccc1F)N1CCNCC1
C[C@H](O[Si](C)(C)C(C)(C)C)[C@H](CCc1cccc2oc(-c3ccc(Cl)cc3)nc12)OS(C)(=O)=O.NC(=O)c1c[nH]cn1,C[C@H](O[Si](C)(C)C(C)(C)C)[C@@H](CCc1cccc2oc(-c3ccc(Cl)cc3)nc12)n1cnc(C(N)=O)c1
COc1ccc(C(=O)N[C@H](C)c2cccc(Cl)c2)cc1S(=O)(=O)N1CCOCC1,COc1ccc(CN[C@H](C)c2cccc(Cl)c2)cc1S(=O)(=O)N1CCOCC1
CC(C)(C)c1ccc(N)cc1.COc1cccc2cc(C(=O)O)oc12,COc1cccc2cc(C(=O)Nc3ccc(C(C)(C)C)cc3)oc12
CC(C)(C)OC(=O)NCCBr.Nc1c(C(=O)c2ccc(F)cc2)ccc(=O)n1-c1c(F)cc(O)cc1F,CC(C)(C)OC(=O)NCCOc1cc(F)c(-n2c(N)c(C(=O)c3ccc(F)cc3)ccc2=O)c(F)c1
CCOC(=O)C(C)(C)N1CCC(=O)CC1.NCc1ccc(-c2ccc(C(F)(F)F)cc2)cc1,CCOC(=O)C(C)(C)N1CCC(NCc2ccc(-c3ccc(C(F)(F)F)cc3)cc2)CC1
CCOC(=O)c1nnc(-c2ccccc2)[nH]1.COC(=O)[C@H](C(C)C)N1Cc2ccc(-c3ccc(N)cc3)cc2C1=O,COC(=O)[C@H](C(C)C)N1Cc2ccc(-c3ccc(NC(=O)c4nnc(-c5ccccc5)[nH]4)cc3)cc2C1=O
BrCc1ccc(CBr)cc1.O=C1C(CCC(O)c2ccc(F)cc2)C(c2ccc(O)cc2)N1c1ccc(F)cc1,O=C1C(CCC(O)c2ccc(F)cc2)C(c2ccc(OCc3ccc(CBr)cc3)cc2)N1c1ccc(F)cc1
CCOP(=O)(Cc1cccc(I)c1)OCC.COc1ccc(C=O)cc1,COc1ccc(/C=C/c2cccc(I)c2)cc1
COc1cnc(-c2nn(Cc3ccc(C#C[Si](C)(C)C)cc3F)c3ccccc23)nc1Nc1ccncc1,C#Cc1ccc(Cn2nc(-c3ncc(OC)c(Nc4ccncc4)n3)c3ccccc32)c(F)c1
CC(C)COc1ccccc1O.CC(C)N(CCCl)C(C)C,CC(C)COc1ccccc1OCCN(C(C)C)C(C)C
CC(=O)Cl.c1cncc(-c2cnc3c(c2)CCCN3)c1,CC(=O)N1CCCc2cc(-c3cccnc3)cnc21
CCOC(=O)C1CC2CCCCC2N1.C[C@H](NC(=O)OCc1ccccc1)C(=O)O,CCOC(=O)[C@H]1CC2CCCCC2N1C(=O)[C@H](C)NC(=O)OCc1ccccc1
CCOC(=O)C1=Cc2cc(C=O)cc(C)c2OC1C(F)(F)F,CCOC(=O)C1=Cc2cc(CO)cc(C)c2OC1C(F)(F)F
CC(C)(C)OC(=O)N1CCc2cc(B3OC(C)(C)C(C)(C)O3)ccc2C1.COc1cc(OC)c(F)c(-c2ncc3c(I)n[nH]c3n2)c1F,COc1cc(OC)c(F)c(-c2ncc3c(-c4ccc5c(c4)CCN(C(=O)OC(C)(C)C)C5)n[nH]c3n2)c1F
CC(C)(C)OC(=O)N1CCN(C(=O)C2CCN(c3ccc(Cl)c(-c4nc5ccccc5[nH]4)c3)CC2)CC1,O=C(C1CCN(c2ccc(Cl)c(-c3nc4ccccc4[nH]3)c2)CC1)N1CCNCC1
C#C[Si](C)(C)C.O=C(NCCCO)c1c[nH]c(=O)cc1Nc1ccc(I)cc1F,C[Si](C)(C)C#Cc1ccc(Nc2cc(=O)[nH]cc2C(=O)NCCCO)c(F)c1
CC(C)(C)OC(=O)N(Cc1ccc2c(c1)OCCO2)C1CCN(CCn2c(=O)cc(Cl)c3ccccc32)CC1,O=c1cc(Cl)c2ccccc2n1CCN1CCC(NCc2ccc3c(c2)OCCO3)CC1
C=O.CC(C)(C)OC(=O)N1CCC(Oc2ccc(NC/C=C/c3cccc(C#N)c3)cc2)CC1,CN(C/C=C/c1cccc(C#N)c1)c1ccc(OC2CCN(C(=O)OC(C)(C)C)CC2)cc1
CCOCCn1c(CN2CCCNCC2)nc2ccccc21.ClCCCCn1cccc1,CCOCCn1c(CN2CCCN(CCCCn3cccc3)CC2)nc2ccccc21
COC(=O)c1nc(COCOCC[Si](C)(C)C)ccc1C(=O)c1ccc2c(c1)OCO2,C[Si](C)(C)CCOCOCc1ccc(C(=O)c2ccc3c(c2)OCO3)c(C(=O)O)n1
Cc1c2n(c3c(Br)cc(Cl)cc13)CCCNC2=O.OB(O)c1ccc(F)cc1,Cc1c2n(c3c(-c4ccc(F)cc4)cc(Cl)cc13)CCCNC2=O
CC[C@@H]1C[C@H](Nc2ncc(O)c(Cc3cc(C(F)(F)F)cc(C(F)(F)F)c3)n2)c2nc(OC)ccc2N1C(=O)OCC(C)(C)C(=O)OC.COCCO,CC[C@@H]1C[C@H](Nc2ncc(OCCOC)c(Cc3cc(C(F)(F)F)cc(C(F)(F)F)c3)n2)c2nc(OC)ccc2N1C(=O)OCC(C)(C)C(=O)OC
COc1cc(C(=O)O)ccc1Cc1cn(CCC(N)=O)c2ccc(C(=O)NCC3CCCC3)cc12.Cc1ccccc1S(N)(=O)=O,COc1cc(C(=O)NS(=O)(=O)c2ccccc2C)ccc1Cc1cn(CCC(N)=O)c2ccc(C(=O)NCC3CCCC3)cc12
COc1nccc2c1c(OS(=O)(=O)C(F)(F)F)nn2C1CCCC1.NC(=O)c1cccc(B(O)O)c1,COc1nccc2c1c(-c1cccc(C(N)=O)c1)nn2C1CCCC1
CN.O=C1CCN(Cc2ccc(Cl)c(Cl)c2)CC1,CNC1CCN(Cc2ccc(Cl)c(Cl)c2)CC1
CC#CCOc1ccc(CCC(=O)OCC)cc1OC,CC#CCOc1ccc(CCC(=O)O)cc1OC
CCCN.CCOC(=O)/C=C/CBr,CCCNC/C=C/C(=O)OCC
O=C(CC[C@H]1C(=O)N(c2ccc(F)cc2)[C@@H]1c1ccc(OCc2ccccc2)cc1)c1ccc(F)cc1,O=C1[C@H](CC[C@H](O)c2ccc(F)cc2)[C@@H](c2ccc(OCc3ccccc3)cc2)N1c1ccc(F)cc1
OC(c1ccccc1)c1ccc(-c2ccccc2)cc1.c1c[nH]cn1,c1ccc(-c2ccc(C(c3ccccc3)n3ccnc3)cc2)cc1
Ic1ccc(-c2ccccc2)cc1.Nc1ccc(-c2ccccc2)cc1-c1ccccc1,c1ccc(-c2ccc(Nc3ccc(-c4ccccc4)cc3-c3ccccc3)cc2)cc1
CC(C)(C)OC(=O)CBr.COC(=O)c1ccccc1NC(=O)Cc1ccc(Oc2ccc(O)cc2)cc1,COC(=O)c1ccccc1NC(=O)Cc1ccc(Oc2ccc(OCC(=O)OC(C)(C)C)cc2)cc1
CSc1nc(Cl)c2c(n1)N(c1c(F)cccc1F)C(=O)NC2.Cc1ccc(NC(=O)c2ccsc2)cc1B1OC(C)(C)C(C)(C)O1,CSc1nc(-c2cc(NC(=O)c3ccsc3)ccc2C)c2c(n1)N(c1c(F)cccc1F)C(=O)NC2
Clc1nc(NCCCN2CCOCC2)c2cc[nH]c2n1.Nc1ccc2cn[nH]c2c1,c1cc2c(NCCCN3CCOCC3)nc(Nc3ccc4cn[nH]c4c3)nc2[nH]1
Cc1ccc(NC(=O)c2cc(O)cc(C(C)(C)C#N)c2)cc1Nc1ccc2ncn(C)c(=O)c2c1.ClCCN1CCCC1,Cc1ccc(NC(=O)c2cc(OCCN3CCCC3)cc(C(C)(C)C#N)c2)cc1Nc1ccc2ncn(C)c(=O)c2c1
CC(C)C[C@H](NC(=O)OCc1ccccc1)C(=O)N[C@@H](C)P(=O)(O)O,CC(C)C[C@H](N)C(=O)N[C@@H](C)P(=O)(O)O
CC(C)c1onc(-c2c(Cl)cccc2Cl)c1CCl.COC(=O)c1ccc(-c2ccc3cc(O)ccc3c2)cn1,COC(=O)c1ccc(-c2ccc3cc(OCc4c(-c5c(Cl)cccc5Cl)noc4C(C)C)ccc3c2)cn1
O=C(OO)c1cccc(Cl)c1.O=C(c1ccccc1)c1noc(CSc2ccccc2)n1,O=C(c1ccccc1)c1noc(CS(=O)c2ccccc2)n1
CC(=O)Nc1cc(O)c2cc(Br)ccc2n1.CCI,CCOc1cc(NC(C)=O)nc2ccc(Br)cc12
NCCC(F)(F)C(F)(F)F.O=C(O)CC(=O)N[C@@H]1C(=O)N(CCOCc2ccccc2)c2ccccc2-c2ccccc21,O=C(CC(=O)N[C@@H]1C(=O)N(CCOCc2ccccc2)c2ccccc2-c2ccccc21)NCCC(F)(F)C(F)(F)F
CCc1cnc(-c2cnc(N3CCC(C(=O)O)CC3)c(Cl)c2NC)o1.NS(=O)(=O)c1ccc(Cl)s1,CCc1cnc(-c2cnc(N3CCC(C(=O)NS(=O)(=O)c4ccc(Cl)s4)CC3)c(Cl)c2NC)o1
CN.Cc1cc(C(=O)O)ncc1C(c1cc(F)ccc1F)S(=O)(=O)c1ccc(F)cc1,CNC(=O)c1cc(C)c(C(c2cc(F)ccc2F)S(=O)(=O)c2ccc(F)cc2)cn1
Nc1ccc(SC(F)(F)F)cc1.O=C(O)c1cccc(-c2cncnc2)c1,O=C(Nc1ccc(SC(F)(F)F)cc1)c1cccc(-c2cncnc2)c1
CON(C)C(=O)[C@@H]1CCCCN1C(=O)OC(C)(C)C.FC(F)(F)c1cccc(Br)c1,CC(C)(C)OC(=O)N1CCCC[C@H]1C(=O)c1cccc(C(F)(F)F)c1
COc1ccc(C)cc1B(O)O.O=S(=O)(c1ccccc1)c1ccc(Br)cc1F,COc1ccc(C)cc1-c1ccc(S(=O)(=O)c2ccccc2)c(F)c1
Cn1c(-c2cncc(CN)c2)cc2ccc(Cl)cc21.O=S(=O)(Cl)C(F)(F)F,Cn1c(-c2cncc(CNS(=O)(=O)C(F)(F)F)c2)cc2ccc(Cl)cc21
C[C@H](O)C(F)(F)F.O=C(Cl)Oc1ccc([N+](=O)[O-])cc1,C[C@H](OC(=O)Oc1ccc([N+](=O)[O-])cc1)C(F)(F)F
CCN.O=C(O)c1cccc(-n2c(=O)c(Cc3ccccc3)nc3cccnc32)c1,CCNC(=O)c1cccc(-n2c(=O)c(Cc3ccccc3)nc3cccnc32)c1
C#C[Si](C)(C)C.N#Cc1nn(-c2c(Cl)cc(C(F)(F)F)cc2Cl)c(N)c1I,C[Si](C)(C)C#Cc1c(C#N)nn(-c2c(Cl)cc(C(F)(F)F)cc2Cl)c1N
Brc1ccccn1.Fc1cc(F)c(COC[C@@H]2C[C@@H](SC(c3ccccc3)(c3ccccc3)c3ccccc3)CN2c2ncc(Br)cn2)cc1F,Fc1cc(F)c(COC[C@@H]2C[C@@H](SC(c3ccccc3)(c3ccccc3)c3ccccc3)CN2c2ncc(-c3ccccn3)cn2)cc1F
CC(C)(CO)CNC(=O)OC(C)(C)C.COC(=O)c1ccc(OCCF)cc1O,COC(=O)c1ccc(OCCF)cc1OCC(C)(C)CNC(=O)OC(C)(C)C
C1COCCN1.COc1c(F)c(F)cc2c(=O)c(C(=O)O)cn(C3CC3)c12,COc1c(N2CCOCC2)c(F)cc2c(=O)c(C(=O)O)cn(C3CC3)c12
C#C[C@]1(O)CCN(C)C1=O.COC(=O)c1nn(-c2cccc(Br)c2)c2cc(C#N)ccc12,COC(=O)c1nn(-c2cccc(C#C[C@]3(O)CCN(C)C3=O)c2)c2cc(C#N)ccc12
COC(=O)c1cc2c([nH]1)C(CCc1cccc3ccccc13)CC2,O=C(O)c1cc2c([nH]1)C(CCc1cccc3ccccc13)CC2
O=S1(=O)C=Cc2ccccc21,O=S1(=O)CCc2ccccc21
C[C@]12CC[C@H]3[C@@H](CCC4=CC(=O)CC[C@@]43CO)[C@@H]1CCC2=O.O=C(O)C12CC3CC(CC(C3)C1)C2,C[C@]12CC[C@H]3[C@@H](CCC4=CC(=O)CC[C@@]43COC(=O)C34CC5CC(CC(C5)C3)C4)[C@@H]1CCC2=O
Cc1nn(C)c(-n2ccc3cc(Cl)ccc32)c1/C=C/C(=O)NS(=O)(=O)N1CCC2(CC1)OCCO2,Cc1nn(C)c(-n2ccc3cc(Cl)ccc32)c1/C=C/C(=O)NS(=O)(=O)N1CCC(=O)CC1
COC(=O)c1sc(-c2ccccc2)cc1N(Cc1ccc(-c2cccc(C(F)(F)F)c2)o1)C(=O)c1ccc(Cl)cc1Cl,O=C(O)c1sc(-c2ccccc2)cc1N(Cc1ccc(-c2cccc(C(F)(F)F)c2)o1)C(=O)c1ccc(Cl)cc1Cl
CNc1ccc(-c2nc3c(c(C4CCCCC4)nn3C)c(=O)[nH]2)c(OC)c1.CS(=O)(=O)Cl,COc1cc(N(C)S(C)(=O)=O)ccc1-c1nc2c(c(C3CCCCC3)nn2C)c(=O)[nH]1
CCOC(=O)CCCCOc1cc(C)c(NC(C)COC)c(CC)c1,CCc1cc(OCCCCC(=O)O)cc(C)c1NC(C)COC
BrCCCBr.Sc1ccc(Cl)cc1,Clc1ccc(SCCCBr)cc1
CC(C)(C)[SiH2]OC(C)(C)C12C=CC(C(C)(C)O[SiH2]C(C)(C)C)(CC(c3ccc(N)cc3)=C1)O2,CC(C)(C)[SiH2]OC(C)(C)C12C=C(c3ccc(N)cc3)CC(C(C)(C)O[SiH2]C(C)(C)C)(CC1)O2
CC(Oc1cc(Oc2ccc(Br)cc2C#N)ccc1Br)C(=O)Cl.CCCCNCc1ccco1,CCCCN(Cc1ccco1)C(=O)C(C)Oc1cc(Oc2ccc(Br)cc2C#N)ccc1Br
CN1CCNCC1.COc1ccc(F)cc1C(=O)c1cnc(NC2CCN(S(=O)(=O)CCCCl)CC2)nc1N,COc1ccc(F)cc1C(=O)c1cnc(NC2CCN(S(=O)(=O)CCCN3CCN(C)CC3)CC2)nc1N
N#CCC(=O)NCc1cccc(F)c1.O=CC=Cc1ccc(O)c(O)c1,N#C/C(=C\C=C\c1ccc(O)c(O)c1)C(=O)NCc1cccc(F)c1
CC(C)C(=O)Nc1cccc(C2CCN(CCCN)CC2)c1.Cc1onc(-c2ccccc2)c1C(=O)Cl,Cc1onc(-c2ccccc2)c1C(=O)NCCCN1CCC(c2cccc(NC(=O)C(C)C)c2)CC1
CC(C)(C)C(O)COc1ccc(Cl)cc1,CC(C)(C)C(=O)COc1ccc(Cl)cc1
COc1cc(Br)c(F)cc1-n1c(=O)ccc2cc(SCc3ccccc3)ccc21.OB(O)c1cccc(F)c1,COc1cc(-c2cccc(F)c2)c(F)cc1-n1c(=O)ccc2cc(SCc3ccccc3)ccc21
CCNC1(C(N)=O)CCNCC1.Cc1cnc2c(-c3ccc(Cl)cc3)c(-c3ccccc3Cl)nn2c1Cl,CCNC1(C(N)=O)CCN(c2c(C)cnc3c(-c4ccc(Cl)cc4)c(-c4ccccc4Cl)nn23)CC1
COc1c(NC(=O)OCC(Cl)(Cl)Cl)cc(C(C)(C)C)cc1C(O)C(F)(F)F.NC1Cc2ccccc2C1,COc1c(NC(=O)NC2Cc3ccccc3C2)cc(C(C)(C)C)cc1C(O)C(F)(F)F
O=C(OO)c1cccc(Cl)c1.OC/C=C/c1cccc(Br)c1,OC[C@@H]1O[C@H]1c1cccc(Br)c1
COc1cc(OC)c(Cl)c(COc2cnc(Nc3cnn(C4CCNCC4)c3)nc2)c1Cl.O=C(Cl)C1CC1,COc1cc(OC)c(Cl)c(COc2cnc(Nc3cnn(C4CCN(C(=O)C5CC5)CC4)c3)nc2)c1Cl
COC(=O)c1ccc(C(=C2CC(C)(C)CC(C)(C)C2)c2ccc(O)cc2)cc1,CC1(C)CC(=C(c2ccc(O)cc2)c2ccc(C(=O)O)cc2)CC(C)(C)C1
CC(=O)Cc1c(C)ccc2ccccc12,Cc1ccc2ccccc2c1CC(C)O
CS(=O)(=O)Cl.O=CNc1ccnn1CCO,CS(=O)(=O)OCCn1nccc1NC=O
CN(C)CCNc1ncc2cc(Br)ccc2n1.O=C(NC1CC1)c1ccc(C(F)(F)F)c(Cl)c1,CN(C)CCNc1ncc2cc(-c3cc(C(=O)NC4CC4)ccc3C(F)(F)F)ccc2n1
COC(=O)CCc1nnn(CC[C@H]2O[C@H](c3cccc(OC)c3OC)c3cc(Cl)ccc3-n3cccc32)n1,COc1cccc([C@H]2O[C@H](CCn3nnc(CCC(=O)O)n3)c3cccn3-c3ccc(Cl)cc32)c1OC
CC(C)(CNC(=O)OC(C)(C)C)CNC(=O)c1ccc(Nc2nc(NC3(c4ccc(Cl)cc4)CC3)nc(OCC(F)(F)F)n2)c(F)c1,CC(C)(CN)CNC(=O)c1ccc(Nc2nc(NC3(c4ccc(Cl)cc4)CC3)nc(OCC(F)(F)F)n2)c(F)c1
CC(=O)c1ccccc1C.[CH3][Mg+],Cc1ccccc1C(C)(C)O
CCOC(=O)C(C)(C)Sc1ccccc1-c1ccncc1,CC(C)(Sc1ccccc1-c1ccncc1)C(=O)O
CC(C)(C)C(=O)c1cn(COCC[Si](C)(C)C)c2ncc(Nc3ccc(C=O)cn3)nc12.CN(C)C(=O)CC#N,CN(C)C(=O)C(C#N)=Cc1ccc(Nc2cnc3c(n2)c(C(=O)C(C)(C)C)cn3COCC[Si](C)(C)C)nc1
COC(=O)c1ccc(OCCCc2ccc(OCCCC3OCC(C)(C)CO3)cc2)c(C(=O)NC2CCCC(C(=O)OC)C2)c1,COC(=O)c1ccc(OCCCc2ccc(OCCCC3OCC(C)(C)CO3)cc2)c(C(=O)NC2CCCC(C(=O)O)C2)c1
CCOC(=O)c1cc(C(F)(F)F)oc1C,Cc1oc(C(F)(F)F)cc1CO
CC1CC(Oc2cccc(NC(=O)c3ccc(F)cc3Cl)c2)CCN1C(=O)OC(C)(C)C,CC1CC(Oc2cccc(NC(=O)c3ccc(F)cc3Cl)c2)CCN1
C#C[Si](C)(C)C.O=C(Nc1cc(C(F)(F)F)cc(C(F)(F)F)c1)c1cc(I)ccc1O,C[Si](C)(C)C#Cc1ccc(O)c(C(=O)Nc2cc(C(F)(F)F)cc(C(F)(F)F)c2)c1
C[C@@H]1O[C@@H](OCCN(CCO[C@@H]2O[C@@H](C)[C@@H](O)[C@@H](O)[C@@H]2O)CC(=O)NCCCCCC(=O)OCc2ccccc2)[C@@H](O)[C@H](O)[C@@H]1O,C[C@@H]1O[C@@H](OCCN(CCO[C@@H]2O[C@@H](C)[C@@H](O)[C@@H](O)[C@@H]2O)CC(=O)NCCCCCC(=O)O)[C@@H](O)[C@H](O)[C@@H]1O
CSc1ccc(C=O)cc1.Nc1nn(-c2ccc(F)cc2)c2c1cc(-c1cccnc1)c1cnccc12,CSc1ccc(CNc2nn(-c3ccc(F)cc3)c3c2cc(-c2cccnc2)c2cnccc23)cc1
CC(=O)c1sc(=O)[nH]c1C.CCI,CCn1c(C)c(C(C)=O)sc1=O
NCc1ccccc1.O=C(O)c1ccc2nccn2c1,O=C(NCc1ccccc1)c1ccc2nccn2c1
Cc1cc([N+](=O)[O-])ccc1-n1cccc(CC(=O)O)c1=O,Cc1cc([N+](=O)[O-])ccc1-n1cccc(CCO)c1=O
CCC[CH2][Sn]([CH2]CCC)([CH2]CCC)/[C](=C/[C@H]1CCC(=O)N1Cc1ccc(OC)cc1OC)c1ccc(C(C)(C)C)cc1.COc1nc(I)ccc1N,COc1ccc(CN2C(=O)CC[C@@H]2/C=C(\c2ccc(C(C)(C)C)cc2)c2ccc(N)c(OC)n2)c(OC)c1
OC(c1ccc(OC2CCCCO2)cc1)c1ncco1,O=C(c1ccc(OC2CCCCO2)cc1)c1ncco1
Nc1ccsc1C(=O)Nc1ccc(OC(F)(F)F)cc1.O=Cc1ccnc2ccccc12,O=C(Nc1ccc(OC(F)(F)F)cc1)c1sccc1NCc1ccnc2ccccc12
CC(C)(C)NS(=O)(=O)c1cccc(B(O)O)c1.FC(F)c1cc(-c2ccc(C(F)(F)F)cc2)nc(-c2ccnc(Cl)c2)n1,CC(C)(C)NS(=O)(=O)c1cccc(-c2cc(-c3nc(-c4ccc(C(F)(F)F)cc4)cc(C(F)F)n3)ccn2)c1
CC(C)OC(=O)C1(C(=O)OC(C)C)CC(=O)C1.CCOP(=O)(CC#N)OCC,CC(C)OC(=O)C1(C(=O)OC(C)C)CC(=CC#N)C1
CC(=O)c1ccc(O)c(C)c1.CC(C)I,CC(=O)c1ccc(OC(C)C)c(C)c1
CC#CCOc1ccc(C(=O)OC)nc1,CC#CCOc1ccc(C(=O)O)nc1
CC(C)(C)c1ccc(N)c(N)c1.C[C@H](O)C(=O)O,C[C@H](O)c1nc2ccc(C(C)(C)C)cc2[nH]1
CCCOc1c(C2=CCN(C(=O)OC(C)(C)C)CC2)ccc2c1CC[C@H](C)N2C(C)=O,CCCOc1c(C2CCN(C(=O)OC(C)(C)C)CC2)ccc2c1CC[C@H](C)N2C(C)=O
C#Cc1ccccc1.N#Cc1ccc2c(c1)c(Br)nn2C1CCCCO1,N#Cc1ccc2c(c1)c(C#Cc1ccccc1)nn2C1CCCCO1
C#Cc1cnn2c(C(F)F)cc(-c3ccc(C(F)(F)F)cc3)nc12.O=S(=O)(c1ccc(Br)cc1)N1CCOCC1,O=S(=O)(c1ccc(C#Cc2cnn3c(C(F)F)cc(-c4ccc(C(F)(F)F)cc4)nc23)cc1)N1CCOCC1
CCCN(CCC)Cc1ccc(OCc2ccc(CNCc3ncc[nH]3)cc2)cc1.O=Cc1ncc[nH]1,CCCN(CCC)Cc1ccc(OCc2ccc(CN(Cc3ncc[nH]3)Cc3ncc[nH]3)cc2)cc1
C[C@H](C(=O)O)N(C(=O)OC(C)(C)C)c1ccc([N+](=O)[O-])cc1,C[C@H](C(=O)O)N(C(=O)OC(C)(C)C)c1ccc(N)cc1
CCOC(=O)CCCc1cc(F)cc(-c2noc(-c3ccc(OC(C)C)c(Cl)c3)n2)c1OC,COc1c(CCCC(=O)O)cc(F)cc1-c1noc(-c2ccc(OC(C)C)c(Cl)c2)n1
Cc1nnc(-c2ccc(Br)cc2)n1C[C@@H]1CCN(C(=O)C2CC2)C1.OB(O)c1ccc(Cl)cc1Cl,Cc1nnc(-c2ccc(-c3ccc(Cl)cc3Cl)cc2)n1C[C@@H]1CCN(C(=O)C2CC2)C1
CCCNCCSc1ccc(OCC(=O)OCC)c(C)c1.O=S(=O)(Cl)c1cccc(Br)c1,CCCN(CCSc1ccc(OCC(=O)OCC)c(C)c1)S(=O)(=O)c1cccc(Br)c1
CC(C)(C)c1ccc(-c2noc(CCl)n2)cc1.NC12CC3CC(CC(C3)C1)C2,CC(C)(C)c1ccc(-c2noc(CNC34CC5CC(CC(C5)C3)C4)n2)cc1
CCOC(=O)CCCOc1cc(C)c2nc(SCC)n(Cc3ccc(Cl)cc3Cl)c2c1,CCSc1nc2c(C)cc(OCCCC(=O)O)cc2n1Cc1ccc(Cl)cc1Cl
CC(C)O.CCOC(=O)c1c(C)nc2c(ncn2CC)c1Cl,CCOC(=O)c1c(C)nc2c(ncn2CC)c1OC(C)C
CNC1CNC1.Cc1cc(F)c(N)nc1-n1cc(C(=O)O)c(=O)c2cc(F)c(F)c(Cl)c21,CNC1CN(c2c(F)cc3c(=O)c(C(=O)O)cn(-c4nc(N)c(F)cc4C)c3c2Cl)C1
CCN(c1cccc(B(O)O)c1)S(C)(=O)=O.Cc1cc(Nc2nc(Cl)cc3nc(C(C)C)cn23)n[nH]1,CCN(c1cccc(-c2cc3nc(C(C)C)cn3c(Nc3cc(C)[nH]n3)n2)c1)S(C)(=O)=O
CCOP(=O)(CC#N)OCC.COc1cc(C=O)c(OS(=O)(=O)N(C)C)cc1OC,COc1cc(C=CC#N)c(OS(=O)(=O)N(C)C)cc1OC
COC(=O)c1cc(C)n2ccnc2n1.NCc1ccc(F)c(F)c1,Cc1cc(C(=O)NCc2ccc(F)c(F)c2)nc2nccn12
CN.ClCCOc1ccccc1C=Cc1ccccn1,CNCCOc1ccccc1C=Cc1ccccn1
CCCCNC(=O)C(C)(C)CO,CCCCNCC(C)(C)CO
BrCc1ccc(-c2ccccc2)nc1.OB(O)c1cncc2ccccc12,c1ccc(-c2ccc(Cc3cncc4ccccc34)cn2)cc1
O=Cc1c(Cl)cccc1-n1ccc2cc(C3CC3)cc(F)c2c1=O,O=c1c2c(F)cc(C3CC3)cc2ccn1-c1cccc(Cl)c1CO
CCOC(=O)CC1OB(O)c2cc(OS(=O)(=O)c3ccnn3C)cc(C)c21,Cc1cc(OS(=O)(=O)c2ccnn2C)cc2c1C(CC(=O)O)OB2O
COc1ccc(C(=O)N2CCN(c3ccc([N+](=O)[O-])c(C=CC(=O)O)c3)CC2)cc1OC,COc1ccc(C(=O)N2CCN(c3ccc(N)c(C=CC(=O)O)c3)CC2)cc1OC
CC1(C)OC(=O)Nc2ccc(Br)cc21.OB(O)c1ccccc1Cl,CC1(C)OC(=O)Nc2ccc(-c3ccccc3Cl)cc21
ClCCCCCSc1ccccc1.O=C(Nc1cccc(C2CCNCC2)c1)C1CC1,O=C(Nc1cccc(C2CCN(CCCCCSc3ccccc3)CC2)c1)C1CC1
O=C(O)CCC(=O)c1ccc(F)cc1.O=C1c2ccccc2C(=O)N1CCCc1c[nH]cn1,O=C(O)CCC(=O)c1ccc(-n2cnc(CCCN3C(=O)c4ccccc4C3=O)c2)cc1
BrCCCCBr.OC1CCCC1,BrCCCCOC1CCCC1
CCOC(=O)C1=C(c2ccc(F)cc2)CN(Cc2ccccc2)CC1,O=C(O)C1=C(c2ccc(F)cc2)CN(Cc2ccccc2)CC1
COC(=O)[C@H](CC(C)C)N1CC(Oc2cccc(Cl)c2F)=CC1=O,CC(C)C[C@@H](C(=O)O)N1CC(Oc2cccc(Cl)c2F)=CC1=O
CN1CCC(O)CC1.O=C1Nc2ccccc2N(C(=O)Cl)c2ccccc21,CN1CCC(OC(=O)N2c3ccccc3NC(=O)c3ccccc32)CC1
C1CCC(N2CCNCC2)C1.COc1cc(F)ccc1-c1ccc(C(OS(C)(=O)=O)c2ccncc2)cc1,COc1cc(F)ccc1-c1ccc(C(c2ccncc2)N2CCN(C3CCCC3)CC2)cc1
CC(C)(C)OC(=O)N1CCN(Cc2cccc(-c3ccnc(Cl)n3)c2)C(C(=O)O)C1,O=C(O)C1CNCCN1Cc1cccc(-c2ccnc(Cl)n2)c1
CC(C)(Br)C(=O)Br.Cc1cc(C)c(O)c(N)c1,Cc1cc(C)c(O)c(NC(=O)C(C)(C)Br)c1
CNc1cc(Cl)nnc1NN,CNc1ccnnc1NN
CCN.O=C1Cc2c(cccc2C(=O)O)N1,CCNC(=O)c1cccc2c1CC(=O)N2
COc1cccc(-c2nc(Nc3ccc(Cl)cc3)c3ccccc3n2)n1,Oc1cccc(-c2nc(Nc3ccc(Cl)cc3)c3ccccc3n2)n1
CNC.O=C(Cl)c1cccnc1C(=O)c1cccc(C(F)(F)F)c1,CN(C)C(=O)c1cccnc1C(=O)c1cccc(C(F)(F)F)c1
COC(=O)C1(NC(=O)c2cc3ccccc3cc2N)CCCCC1,Nc1cc2ccccc2cc1C(=O)NC1(C(=O)O)CCCCC1
CC(C)(C)OC(=O)N1CC[C@H](N)C1.COc1ccc(C2CC(C(F)(F)F)n3nc(-c4cccc(C(=O)O)c4)cc3N2)cc1OC,COc1ccc(C2CC(C(F)(F)F)n3nc(-c4cccc(C(=O)N[C@H]5CCN(C(=O)OC(C)(C)C)C5)c4)cc3N2)cc1OC
CC(C)(C)OC(=O)N[C@H](Cc1ccc(O)cc1)C(=O)O.Nc1cc2c3c(c(-c4ccccc4)[nH]c3c1)C=NNC2=O,CC(C)(C)OC(=O)N[C@H](Cc1ccc(O)cc1)C(=O)Nc1cc2c3c(c(-c4ccccc4)[nH]c3c1)C=NNC2=O
COc1cc(OC2CCN(C)CC2)ccc1[N+](=O)[O-],COc1cc(OC2CCN(C)CC2)ccc1N
CN1C(=O)C2(CCN(C(=O)/C=C/c3ccccc3C(F)(F)F)CC2)c2cc(C(=O)O)ccc21.NCCO,CN1C(=O)C2(CCN(C(=O)/C=C/c3ccccc3C(F)(F)F)CC2)c2cc(C(=O)NCCO)ccc21
COC(=O)c1ccc(OS(=O)(=O)C(F)(F)F)c(Cl)c1.OB(O)c1ccccc1,COC(=O)c1ccc(-c2ccccc2)c(Cl)c1
CCOC(=O)C[C@@H]1O[C@@H](c2cccc(OC)c2OC)c2cc(C(F)(F)F)ccc2-n2c1nnc2C(F)(F)Cl,COc1cccc([C@@H]2O[C@@H](CC(=O)O)c3nnc(C(F)(F)Cl)n3-c3ccc(C(F)(F)F)cc32)c1OC
COC(=O)C1=C(CBr)NC(c2nccs2)=N[C@H]1c1ccc(F)cc1Cl.FC1CC2COCC1N2,COC(=O)C1=C(CN2C3COCC2C(F)C3)NC(c2nccs2)=N[C@H]1c1ccc(F)cc1Cl
CCOC(=O)c1ccc2c(c1)nc1n2CCCC1,OCc1ccc2c(c1)nc1n2CCCC1
COC(=O)c1ccc(C)c(Nc2nc(-c3ccncc3)cs2)c1.N#Cc1ccc(N)cc1,Cc1ccc(C(=O)Nc2ccc(C#N)cc2)cc1Nc1nc(-c2ccncc2)cs1
Cn1c(Nc2c(Cl)ccc(CNC(=O)OC(C)(C)C)c2Cl)nc2cc(C(=O)N[C@@H]3CC[C@@H](C(F)(F)F)CC3)c(C34CNCC3C4)cc21,Cn1c(Nc2c(Cl)ccc(CN)c2Cl)nc2cc(C(=O)N[C@@H]3CC[C@@H](C(F)(F)F)CC3)c(C34CNCC3C4)cc21
COCC(C)n1c(C)c(Br)c2scnc21.N#[C][Cu],COCC(C)n1c(C)c(C#N)c2scnc21
Nc1nc(-c2sccc2Cl)cs1.O=S(=O)(Cl)c1c(Cl)cc(Cl)cc1Cl,O=S(=O)(Nc1nc(-c2sccc2Cl)cs1)c1c(Cl)cc(Cl)cc1Cl
Cn1c(C(C)(C)N)noc1=O.O=C(O)c1ccc(C2CC2)c(OCC2CC2)n1,Cn1c(C(C)(C)NC(=O)c2ccc(C3CC3)c(OCC3CC3)n2)noc1=O
CN(C(=O)OC(C)(C)C)c1ccc(-c2cc(Oc3ccc(NC(=O)NC(=O)C(C)(C)C)nc3)ccn2)cn1,CNc1ccc(-c2cc(Oc3ccc(NC(=O)NC(=O)C(C)(C)C)nc3)ccn2)cn1
CC(=O)O[C@@H]1[C@@H](C2CC2)O[C@@H](c2ccncc2[N+](=O)[O-])C[C@H]1OC(C)=O,CC(=O)O[C@@H]1[C@@H](OC(C)=O)C[C@@H](c2ccncc2N)O[C@H]1C1CC1
CC(C)(C)c1ccc(C#N)cc1.[N-]=[N+]=[N-],CC(C)(C)c1ccc(-c2nnn[nH]2)cc1
CCCN.COc1ccc2c(c1)CC(=O)CC2,CCCNC1CCc2ccc(OC)cc2C1
OCCN1CCOCC1.Oc1cnc2ccc(Cl)cc2c1,Clc1ccc2ncc(OCCN3CCOCC3)cc2c1
CCN[C@@H]1CCNC1.Fc1ccc(Br)cn1,CCN[C@@H]1CCN(c2ccc(Br)cn2)C1
CNN=C(c1sccc1Br)C1CCN(C(=O)OC(C)(C)C)CC1,Cn1nc(C2CCN(C(=O)OC(C)(C)C)CC2)c2sccc21
CC1(C)OB(c2cncc(F)c2)OC1(C)C.Cn1ccc2c(ncn2-c2ccc(F)c(Br)c2)c1=O,Cn1ccc2c(ncn2-c2ccc(F)c(-c3cncc(F)c3)c2)c1=O
COc1cc(C=O)ccc1O.O=C1CNC(=O)N1,COc1cc(C=C2NC(=O)NC2=O)ccc1O
CCOC(=O)Cc1cccc(Oc2ccc(Br)cc2CBr)c1.O=C1NCCO1,CCOC(=O)Cc1cccc(Oc2ccc(Br)cc2CN2CCOC2=O)c1
CCCC(C)COc1ccc([C@H](CN)NC(=O)[C@@H](C)c2ccccc2)cc1.O=CC1CC1,CCCC(C)COc1ccc([C@H](CNCC2CC2)NC(=O)[C@@H](C)c2ccccc2)cc1
COc1cc(C(C)=O)ccc1OCCCCl.N#CC(c1ccc(F)cc1)(c1ccc(F)cc1)C1CCNC1,COc1cc(C(C)=O)ccc1OCCCN1CCC(C(C#N)(c2ccc(F)cc2)c2ccc(F)cc2)C1
COC(=O)c1cn(Cc2ccc(-c3ccccc3)cc2)nn1,O=C(O)c1cn(Cc2ccc(-c3ccccc3)cc2)nn1
CCCCOCCOc1ccc(-c2ccc3c(c2)C=C(C(=O)OC)CCN3CC(C)C)cc1,CCCCOCCOc1ccc(-c2ccc3c(c2)C=C(C(=O)O)CCN3CC(C)C)cc1
CC(C)S(=O)(=O)Cl.CON(C)C(=O)c1ccc(N)c(N)c1,CON(C)C(=O)c1ccc(N)c(NS(=O)(=O)C(C)C)c1
CCCCCCCCCCCCCCCCO.CNCC(=O)O,CCCCCCCCCCCCCCCCOC(=O)CNC
CCOC(=O)c1c(C)cc(N2CCOCC2)cc1OC,CCOC(=O)c1c(C)cc(N2CCOCC2)cc1O
COP(OC)OC.Cc1cc(C(C)(C)C)c(O)c(C)c1CCl,COP(=O)(Cc1c(C)cc(C(C)(C)C)c(O)c1C)OC
CC(C)(C)OC(=O)C(C)(C)CNC(=O)c1nc(C#N)c2cc(OC3CCCCC3)ccc2c1O,CC(C)(CNC(=O)c1nc(C#N)c2cc(OC3CCCCC3)ccc2c1O)C(=O)O
C#CCCCOCc1ccccc1.CC(C)(C)OC(=O)NC1(/C=C/c2ccc(Br)cc2)COC(C)(C)OC1,CC(C)(C)OC(=O)NC1(/C=C/c2ccc(C#CCCCOCc3ccccc3)cc2)COC(C)(C)OC1
C[C@]12CC[C@@H](O)C[C@H]1CC[C@@H]1[C@@H]2CC[C@]2(C)[C@@H](C(=O)CBr)CC[C@@H]12.Oc1ccncc1,C[C@]12CC[C@@H](O)C[C@H]1CC[C@@H]1[C@@H]2CC[C@]2(C)[C@@H](C(=O)COc3ccncc3)CC[C@@H]12
C=Cc1ccnc(Cl)c1.COCCC(=O)N1CCN(c2nc(C3CC3)c(N)cc2C#N)C[C@H]1C,C=Cc1ccnc(Nc2cc(C#N)c(N3CCN(C(=O)CCOC)[C@H](C)C3)nc2C2CC2)c1
NCCN.O=C(O)c1ccc(Cl)cc1,NCCNC(=O)c1ccc(Cl)cc1
CCOC(=O)COc1ccc(CNC(=O)OC(C)(C)C)cc1,CCOC(=O)COc1ccc(CN)cc1
CC(=O)OC[C@H]1CC[C@H](O[C@H](C)c2cc(C(F)(F)F)cc(C(F)(F)F)c2)[C@@H](c2ccc(F)cc2)[C@@H]1CNCc1ccccc1,CC(=O)OC[C@H]1CC[C@H](O[C@H](C)c2cc(C(F)(F)F)cc(C(F)(F)F)c2)[C@@H](c2ccc(F)cc2)[C@@H]1CN
Cc1ccc([N+](=O)[O-])c(C)c1C(=O)O,Cc1ccc([N+](=O)[O-])c(C)c1CO
CC=NNc1ccc(OC)cc1.O=C(Cl)c1ccccc1,CC=NN(C(=O)c1ccccc1)c1ccc(OC)cc1
CC[C@@H](COC)n1cc(Cl)nc(Cl)c1=O.Clc1cc(Br)cc2c1NCC2,CC[C@@H](COC)n1cc(Cl)nc(N2CCc3cc(Br)cc(Cl)c32)c1=O
COC(=O)C1CCN1Cc1ccccc1,O=C(O)C1CCN1Cc1ccccc1
BrCc1ccsn1.NCCN,NCCNCc1ccsn1
COC(=O)CN1C(=O)CC1SCc1ccccc1,O=C(O)CN1C(=O)CC1SCc1ccccc1
COc1ccc2ccc(N)nc2n1.O=C(O)c1ccccc1,COc1ccc2ccc(NC(=O)c3ccccc3)nc2n1
Cc1cc(C)c(NC(=O)CCl)c(C)c1.Clc1ccc(C(c2ccccc2)N2CCNCC2)cc1,Cc1cc(C)c(NC(=O)CN2CCN(C(c3ccccc3)c3ccc(Cl)cc3)CC2)c(C)c1
CC(C)(O)c1ccc(C(=O)Nc2nc3ccc(Br)nc3s2)cc1.Cn1cc(B2OC(C)(C)C(C)(C)O2)cn1,Cn1cc(-c2ccc3nc(NC(=O)c4ccc(C(C)(C)O)cc4)sc3n2)cn1
Cc1ccc(Cl)cc1NN.O=C1CCNCC1,Cc1ccc(Cl)c2c3c([nH]c12)CCNC3
CCN(CC)C1CCC(Nc2c(C(=O)C3CC3)cnc3ccc(Br)cc23)CC1.COc1cc(B2OC(C)(C)C(C)(C)O2)cc(Cl)c1O,CCN(CC)C1CCC(Nc2c(C(=O)C3CC3)cnc3ccc(-c4cc(Cl)c(O)c(OC)c4)cc23)CC1
CO.Cn1c(C(F)(F)F)cc(=O)n(-c2ccc3snc(-c4sccc4CBr)c3c2)c1=O,COCc1ccsc1-c1nsc2ccc(-n3c(=O)cc(C(F)(F)F)n(C)c3=O)cc12
COC(=O)c1cc(-c2ccc(C)cn2)c2ncn(CC(C)C)c2c1,Cc1ccc(-c2cc(C(=O)O)cc3c2ncn3CC(C)C)nc1
CCOC(=O)Cl.NN1CCc2ccccc2C(Oc2ccc(C(F)(F)F)cc2)C1,CCOC(=O)NN1CCc2ccccc2C(Oc2ccc(C(F)(F)F)cc2)C1
CCCN(CCc1cccs1)C1CCc2c(cccc2OC)C1,CCCN(CCc1cccs1)[C@H]1CCc2c(O)cccc2C1
CC(Cl)OC(=O)Cl.COc1ccc(N(C)c2nc(CN)nc3ccccc23)cc1,COc1ccc(N(C)c2nc(CNC(=O)OC(C)Cl)nc3ccccc23)cc1
Fc1cccc(C2CCC3(CC2)OCCO3)c1,O=C1CCC(c2cccc(F)c2)CC1
CC(C)[C@H]1CNCCN1c1cccc(Cc2ccccc2)c1.CC(C)c1ccccc1Br,CC(C)c1ccccc1N1CCN(c2cccc(Cc3ccccc3)c2)[C@@H](C(C)C)C1
C#Cc1cc(NC(=O)Nc2ccc(C(=O)OCC)c(F)c2)cc2c1OC(C)(C)CC2(C)C,C#Cc1cc(NC(=O)Nc2ccc(C(=O)O)c(F)c2)cc2c1OC(C)(C)CC2(C)C
CC(C)(C)NS(=O)(=O)c1ccc(B2OC(C)(C)C(C)(C)O2)s1.FC(F)(F)c1ccc(-c2cc(C(F)(F)F)nc(-c3ccnc(Cl)c3)n2)cc1,CC(C)(C)NS(=O)(=O)c1ccc(-c2cc(-c3nc(-c4ccc(C(F)(F)F)cc4)cc(C(F)(F)F)n3)ccn2)s1
CCc1c(C(=O)OC)ccn(C2CCN(Cc3cc(C4CC4)c(C4CC4)c(F)c3OC(C)C)CC2)c1=O,CCc1c(C(=O)O)ccn(C2CCN(Cc3cc(C4CC4)c(C4CC4)c(F)c3OC(C)C)CC2)c1=O
COC(=O)c1c(N)ccc2c1ncc1occc12,COC(=O)c1c(N)ccc2c3c(cnc12)OCC3
O=S([O-])c1ccccc1.O=[N+]([O-])c1cccc2cc(I)cnc12,O=[N+]([O-])c1cccc2cc(S(=O)(=O)c3ccccc3)cnc12
C#C[C@]1(O)CCN(C)C1=O.NC(=O)c1nc2n(c1COc1ccccc1Cl)CCOc1ccc(Br)cc1-2,CN1CC[C@@](O)(C#Cc2ccc3c(c2)-c2nc(C(N)=O)c(COc4ccccc4Cl)n2CCO3)C1=O
COC(=O)c1ccc2c(C3CCCCC3)c(-c3cccn3C(=O)OC(C)(C)C)[nH]c2c1.ClCCCBr,COC(=O)c1ccc2c(C3CCCCC3)c(-c3cccn3C(=O)OC(C)(C)C)n(CCCCl)c2c1
Cc1cc(C)c(C(=O)CBr)c(C)c1.Cn1ccnc1S,Cc1cc(C)c(C(=O)CSc2nccn2C)c(C)c1
C=CCBr.Oc1ccc(CCl)c2cccnc12,C=CCOc1ccc(CCl)c2cccnc12
CCOC(=O)CC(NCCN(Cc1ccc2c(c1)OCO2)C(=O)OC(C)(C)C)c1cc(C)nc(-n2ccnc2)n1.CN,CNC(=O)CC(NCCN(Cc1ccc2c(c1)OCO2)C(=O)OC(C)(C)C)c1cc(C)nc(-n2ccnc2)n1
COC(=O)[C@@H]1CCCCN1C(=O)c1sc(-c2ccc(OC)cc2)cc1NC(=O)Nc1c(C)cc(C)cc1C,COc1ccc(-c2cc(NC(=O)Nc3c(C)cc(C)cc3C)c(C(=O)N3CCCC[C@H]3C(=O)O)s2)cc1
CCOC(=O)c1ccc2[nH]c3c(c2c1)CCCc1cn[nH]c1-3,O=C(O)c1ccc2[nH]c3c(c2c1)CCCc1cn[nH]c1-3
OC(COc1c(Cl)nc(Cl)nc1N1CCOCC1)C1CC1,Clc1nc2c(c(N3CCOCC3)n1)OCC(C1CC1)O2
CC(C)(C)OC(=O)N1CCC(n2cc(B3OC(C)(C)C(C)(C)O3)cn2)CC1.COc1ccc(COc2ccc(Cn3cnc4cc(I)cnc43)cc2OC)cn1,COc1ccc(COc2ccc(Cn3cnc4cc(-c5cnn(C6CCN(C(=O)OC(C)(C)C)CC6)c5)cnc43)cc2OC)cn1
COCC1(CBr)COC1.COc1ccc(-c2cccc3c2CCC3=O)c(O)c1OC(F)F,COCC1(COc2c(-c3cccc4c3CCC4=O)ccc(OC)c2OC(F)F)COC1
Fc1ccc(CBr)nc1.O=c1cc(O)cnn1C1CCCCO1,O=c1cc(OCc2ccc(F)cn2)cnn1C1CCCCO1
CCC(CC)(c1ccc(N)c(C)c1)c1ccc(OS(=O)(=O)C(F)(F)F)c(C)c1.COC(=O)CCCC(=O)O,CCC(CC)(c1ccc(NC(=O)CCCC(=O)OC)c(C)c1)c1ccc(OS(=O)(=O)C(F)(F)F)c(C)c1
CC(C)(C)OC(=O)N1CCC(COc2ncnc3sc4c(c23)[C@@H](CC(N)=O)CC4)CC1,NC(=O)C[C@H]1CCc2sc3ncnc(OCC4CCNCC4)c3c21
FC(F)(F)CNc1ccccc1.O=C(O)c1cc(Cl)ncn1,O=C(c1cc(Cl)ncn1)N(CC(F)(F)F)c1ccccc1
CCOC(=O)CCN(C)Cc1ccc(N)cc1.O=C(O)C1=Cc2cc(-c3ccc(N4CCOCC4)cc3)ccc2S(=O)(=O)CC1,CCOC(=O)CCN(C)Cc1ccc(NC(=O)C2=Cc3cc(-c4ccc(N5CCOCC5)cc4)ccc3S(=O)(=O)CC2)cc1
CB1OB(C)OB(C)O1.COc1cc(Br)c2[nH]c(=O)c3sccc3c2c1-c1ccc(CNC(=O)OC(C)(C)C)cc1,COc1cc(C)c2[nH]c(=O)c3sccc3c2c1-c1ccc(CNC(=O)OC(C)(C)C)cc1
O=[N+]([O-])c1ccc2nc(NC3=NCCN3)[nH]c2c1,Nc1ccc2nc(NC3=NCCN3)[nH]c2c1
CC(C)(C)OC(=O)N[C@@H](CC(=O)O)Cc1cc(F)c(F)cc1F.FC(F)(F)c1nnc2n1CCNC2,CC(C)(C)OC(=O)N[C@@H](CC(=O)N1CCn2c(nnc2C(F)(F)F)C1)Cc1cc(F)c(F)cc1F
CCOC(=O)c1c(O)c2ncc(Cc3ccc(F)cc3)cc2n(CC)c1=O.CN(CCN)S(C)(=O)=O,CCn1c(=O)c(C(=O)NCCN(C)S(C)(=O)=O)c(O)c2ncc(Cc3ccc(F)cc3)cc21
O=C(NC1CC1)[C@@H]1CCCN1C(=O)OCc1ccccc1,O=C(NC1CC1)[C@@H]1CCCN1
C=O.CC(=O)c1ccc(-c2ccc(N3C[C@H]4CN[C@H]4C3)cn2)cc1,CC(=O)c1ccc(-c2ccc(N3C[C@H]4CN(C)[C@H]4C3)cn2)cc1
COc1cc(F)c(B(O)O)c(F)c1.O=C(O)c1nc(Br)ccc1F,COc1cc(F)c(-c2ccc(F)c(C(=O)O)n2)c(F)c1
NO.O=C1Cc2ccccc2C=Cc2ccccc21,ON=C1Cc2ccccc2C=Cc2ccccc21
CN.COC(=O)[C@@H](CC(=O)O)C(C)C,CNC(=O)C[C@H](C(=O)OC)C(C)C
CC(C)(CC(O)(Cn1ccc(=O)c2ccccc21)C(F)(F)F)c1cccc(C2(C)OCCO2)c1,CC(=O)c1cccc(C(C)(C)CC(O)(Cn2ccc(=O)c3ccccc32)C(F)(F)F)c1
BrCCCBr.N#Cc1ccc(O)cc1,N#Cc1ccc(OCCCBr)cc1
C[C@@H]1OC(=O)N(C2CCNCC2)C1=O.O=C(O)c1nc2c(C(F)(F)F)cc(-c3ccoc3)cn2c1Cl,C[C@@H]1OC(=O)N(C2CCN(C(=O)c3nc4c(C(F)(F)F)cc(-c5ccoc5)cn4c3Cl)CC2)C1=O
C[C@]12CC[C@H]3[C@@H](CCC4=C/C(=C\F)CC[C@@]43C)[C@@H]1CC[C@@H]2O,C[C@]12CC/C(=C/F)C=C1CC[C@@H]1[C@@H]2CC[C@]2(C)C(=O)CC[C@@H]12
CC(=O)N1CC[C@@H](NC(=O)OC(C)(C)C)C1,CC(=O)N1CC[C@@H](N)C1
CCC(O)(CC)CCc1ccc(C(CC)(CC)c2ccc(B3OC(C)(C)C(C)(C)O3)c(C)c2)cc1C.COC(=O)Cc1ccc(Br)cc1,CCC(O)(CC)CCc1ccc(C(CC)(CC)c2ccc(-c3ccc(CC(=O)OC)cc3)c(C)c2)cc1C
CCCCNc1cc(C(=O)OC)ccc1[N+](=O)[O-],CCCCNc1cc(C(=O)OC)ccc1N
CNCCN(C)C.O=C(O)c1cc2nccc(Cl)c2s1,CN(C)CCN(C)C(=O)c1cc2nccc(Cl)c2s1
COCc1sc(N2CCOCC2)nc1CO[Si](C)(C)C(C)(C)C,COCc1sc(N2CCOCC2)nc1CO
COc1c(-c2cc(C(=O)O)c(C)o2)cccc1[N+](=O)[O-],COc1c(N)cccc1-c1cc(C(=O)O)c(C)o1
Brc1cccc(C2=CCOCC2)c1.O=C(OO)c1cccc(Cl)c1,Brc1cccc(C23CCOCC2O3)c1
CCCCNC(=O)c1ccc2c(c1)N=C(c1ccc(Cl)cc1)c1ccccc1S2.OO,CCCCNC(=O)c1ccc2c(c1)N=C(c1ccc(Cl)cc1)c1ccccc1S2=O
COC(=O)CCC(=O)Oc1c(C)c(C)c2c(c1C)SC(CCC(=O)OC)O2,COC(=O)CCC1Oc2c(C)c(C)c(O)c(C)c2S1
CSc1nc(-c2cccc(Cl)c2)c2c(N)c(C(=O)O)sc2n1.N,CSc1nc(-c2cccc(Cl)c2)c2c(N)c(C(N)=O)sc2n1
COCCn1cc(C(=O)O)c2c(C(=O)N3CCCC3)cccc21.O=C(NCc1ccc(F)c(C2CCNCC2)c1)C(F)(F)F,COCCn1cc(C(=O)N2CCC(c3cc(CNC(=O)C(F)(F)F)ccc3F)CC2)c2c(C(=O)N3CCCC3)cccc21
C=CCCc1ccccc1.O=C(O)c1ccc(Br)o1,O=C(O)c1ccc(C=CCCc2ccccc2)o1
CC1(C)OB(c2cnc(N)nc2)OC1(C)C.COCCN(C)C(=O)N1CCN(Cc2cc3nc(Cl)nc(N4CCOCC4)c3s2)CC1,COCCN(C)C(=O)N1CCN(Cc2cc3nc(-c4cnc(N)nc4)nc(N4CCOCC4)c3s2)CC1
CC(=O)Cl.Cn1cccc1C=O,CC(=O)c1cc(C=O)n(C)c1
CC(C)CCN.CSc1nc(Cl)c2ccnc-2[nH]1,CSc1nc(NCCC(C)C)c2ccnc-2[nH]1
CCOC(=O)CC(=O)C1CCN(C(=O)OC(C)(C)C)CC1,CCOC(=O)CC(O)C1CCN(C(=O)OC(C)(C)C)CC1
COc1ccc(COC(=O)C(O)CC(C)C)cc1.Cn1cc(Br)c(NC(=O)OCC(Cl)(Cl)Cl)n1,COc1ccc(COC(=O)[C@H](CC(C)C)N(C(=O)OCC(Cl)(Cl)Cl)c2nn(C)cc2Br)cc1
OC(CCCc1ccc(F)cc1)c1cncn1Cc1ccccc1,O=C(CCCc1ccc(F)cc1)c1cncn1Cc1ccccc1
COc1ccccc1B(O)O.OCc1cccnc1Cl,COc1ccccc1-c1ncccc1CO
CCOC(=O)C(=O)Nc1ccc(Oc2ccnc3ccsc23)c(F)c1.Nc1cccc(F)c1,O=C(Nc1cccc(F)c1)C(=O)Nc1ccc(Oc2ccnc3ccsc23)c(F)c1
CC(Cl)(Cl)C(=O)Cl.CC1NCCc2ccccc21,CC1c2ccccc2CCN1C(=O)C(C)(Cl)Cl
C=CCC1(C(C)C)CCN(C(C)c2ccc(Br)cc2)C(=O)O1.OB(O)c1ccc(F)cc1F,C=CCC1(C(C)C)CCN([C@@H](C)c2ccc(-c3ccc(F)cc3F)cc2)C(=O)O1
CC(C)n1nc(-c2cc(C(N)=O)c(Cl)nc2-c2ccccc2)ccc1=O,CC(C)n1nc(-c2cc(C(N)=O)cnc2-c2ccccc2)ccc1=O
Cn1ncc(Br)c1N.O=C(Cl)OCC(Cl)(Cl)Cl,Cn1ncc(Br)c1NC(=O)OCC(Cl)(Cl)Cl
C1CNCCN1.ClC1=Nc2ccccc2Sc2ccccc21,c1ccc2c(c1)N=C(N1CCNCC1)c1ccccc1S2
COc1ccccc1N1CCN(CCCO)CC1,COc1ccccc1N1CCN(CCC=O)CC1
CC1=NOC(c2ccc(NC(=O)OC(C)(C)C)c(C)c2)(C(F)(F)F)C1,CC1=NOC(c2ccc(N)c(C)c2)(C(F)(F)F)C1
Nc1ccc(F)cc1[N+](=O)[O-].OCC(O)CO,O=[N+]([O-])c1cc(F)cc2cccnc12
O=C(Cl)CCl.O=C1Nc2cc(Br)c(Br)cc2Nc2ncccc21,O=C1Nc2cc(Br)c(Br)cc2N(C(=O)CCl)c2ncccc21
C=CCNC.Nc1c(I)c(C(=O)Cl)c(I)c(C(=O)Cl)c1I,C=CCN(C)C(=O)c1c(I)c(N)c(I)c(C(=O)Cl)c1I
COC(=O)[C@@H](C)Oc1ccc(C#N)c(F)c1,C[C@@H](Oc1ccc(C#N)c(F)c1)C(=O)O
O=S(=O)(Cl)c1ccc(F)cc1.c1ccc2[nH]ccc2c1,O=S(=O)(c1ccc(F)cc1)n1ccc2ccccc21
N=S(c1ccccc1)c1ccccc1.O=C(Cl)CCl,O=C(CCl)N=S(c1ccccc1)c1ccccc1
BrCc1ccccc1-c1ccccc1.C=C[C@@H]1C[C@]1(NC(=O)[C@H]1CCNC1)C(=O)NS(=O)(=O)c1cccc(OCc2ccccc2)c1,C=C[C@@H]1C[C@]1(NC(=O)[C@H]1CCN(Cc2ccccc2-c2ccccc2)C1)C(=O)NS(=O)(=O)c1cccc(OCc2ccccc2)c1
Clc1ccc2nc(-c3ccccc3)nn2n1.NCCCN1CCC(OC(c2ccccc2)c2ccccc2)CC1,c1ccc(-c2nc3ccc(NCCCN4CCC(OC(c5ccccc5)c5ccccc5)CC4)nn3n2)cc1
COc1cc(-c2nnc(CN(C)C)o2)ccc1N.COc1ccc(-c2nc3ccccn3c2-c2ccnc(Cl)n2)cc1C(=O)Nc1c(F)cccc1F,COc1cc(-c2nnc(CN(C)C)o2)ccc1Nc1nccc(-c2c(-c3ccc(OC)c(C(=O)Nc4c(F)cccc4F)c3)nc3ccccn23)n1
Cc1ccc(S(=O)(=O)Cl)cc1.O=C(OCc1ccccc1)N1CCC[C@@H]1CO,Cc1ccc(S(=O)(=O)OC[C@H]2CCCN2C(=O)OCc2ccccc2)cc1
CCOC(=O)CP(=O)(OCC)OCC.O=C1CC2CCC(C1)N2Cc1ccccc1,CCOC(=O)C=C1CC2CCC(C1)N2Cc1ccccc1
CC(C)(C)OC(=O)N1C[C@@H](NC(=O)OCc2ccccc2)[C@H](c2ccccn2)C1,CC(C)(C)OC(=O)N1C[C@@H](N)[C@H](c2ccccn2)C1
CN(CCCl)CCCl.NC1=CC2=c3ccccc3=C1C2,CN1CCN(C2=CC3=c4ccccc4=C2C3)CC1
CCOC(=O)CN(CCCn1c(-c2ccc(F)cc2)csc1=Nc1ccc(Cl)cc1OC)C(=O)OC(C)(C)C,COc1cc(Cl)ccc1N=c1scc(-c2ccc(F)cc2)n1CCCN(CC(=O)O)C(=O)OC(C)(C)C
CC(C)(C)OC(=O)N1CCC(CBr)CC1.Cc1ncc[nH]1,Cc1nccn1CC1CCN(C(=O)OC(C)(C)C)CC1
COC(=O)[C@@H](C)N.O=C1CCCCC1,COC(=O)[C@@H](C)NC1CCCCC1
CCc1cc2[nH]c3c(cnc4c3cnn4CC)c(=O)n2n1.O=C(Br)c1ccccc1,CCc1cc2n(C(=O)c3ccccc3)c3c(cnc4c3cnn4CC)c(=O)n2n1
CCC[CH2][Sn]([CH2]CCC)([CH2]CCC)[c]1ncccn1.Fc1cccc(Cl)c1-c1c(Cl)cc(Cl)nc1Cl,Fc1cccc(Cl)c1-c1c(Cl)cc(-c2ncccn2)nc1Cl
C[C@@H](N)CO.O=C(N[C@H]1CC[C@@H](C(=O)O)C1)c1ccc(-c2cccc(F)c2)nc1,CC(CO)NC(=O)[C@@H]1CC[C@H](NC(=O)c2ccc(-c3cccc(F)c3)nc2)C1
CCCn1c(=O)c2[nH]c(C34CCC(CCCC(=O)OC)(CC3)CC4)nc2n(CCC)c1=O,CCCn1c(=O)c2[nH]c(C34CCC(CCCC(=O)O)(CC3)CC4)nc2n(CCC)c1=O
CC(C)COc1ccccc1C=O.CCOC(=O)CP(=O)(OCC)OCC,CCOC(=O)/C=C/c1ccccc1OCC(C)C
CC[C@H]1CN(C(=O)OC(C)(C)C)CCN1.OC(c1ccc(Br)cc1)(C(F)(F)F)C(F)(F)F,CC[C@H]1CN(C(=O)OC(C)(C)C)CCN1c1ccc(C(O)(C(F)(F)F)C(F)(F)F)cc1
CNCC1CCN(Cc2cc(Br)ccc2OCc2ccc(Cl)cc2)CC1.O=C=Nc1ccc(F)cc1,CN(CC1CCN(Cc2cc(Br)ccc2OCc2ccc(Cl)cc2)CC1)C(=O)Nc1ccc(F)cc1
C1CNC1.CC(C)(C)c1nc(Cl)c2nnn(Cc3ccccc3Cl)c2n1,CC(C)(C)c1nc(N2CCC2)c2nnn(Cc3ccccc3Cl)c2n1
CC(C)(C#N)c1ccc([N+](=O)[O-])cc1F,CC(C)(C#N)c1ccc(N)cc1F
CCOC(=O)C(=O)C(C)C(=O)c1ccccc1.NNc1cccnc1,CCOC(=O)c1nn(-c2cccnc2)c(-c2ccccc2)c1C
COC(=O)[C@@H](NC(=O)c1cccn(Cc2ccccc2)c1=O)c1cccc(NC(=N)NS(=O)(=O)c2c(C)c(C)c3c(c2C)CCC(C)(C)O3)c1,Cc1c(C)c(S(=O)(=O)NC(=N)Nc2cccc([C@H](NC(=O)c3cccn(Cc4ccccc4)c3=O)C(=O)O)c2)c(C)c2c1OC(C)(C)CC2
O=C(Cl)c1ccccc1Cl.c1ccc2c(c1)CCNC2,O=C(c1ccccc1Cl)N1CCc2ccccc2C1
COc1cc2c3c(c1)c(CCN1CCN(c4cc(C)ccn4)CC1)c(C)n3CCC2,Cc1ccnc(N2CCN(CCc3c(C)n4c5c(cc(O)cc35)CCC4)CC2)c1
CCOC(=O)COCc1cn2ncnc(N)c2c1-c1cc2cc(C)cc(OC)c2s1,COc1cc(C)cc2cc(-c3c(COCC(=O)O)cn4ncnc(N)c34)sc12
BrC(Br)(Br)Br.OCCCCCCC1=C(c2ccc(F)c(O)c2)CCCc2c1ccc(O)c2F,Oc1cc(C2=C(CCCCCCBr)c3ccc(O)c(F)c3CCC2)ccc1F
C=C(C)C.Cc1c(C)c2c(c(C)c1O)CC[C@@](C)(CCO)O2,Cc1c(C)c2c(c(C)c1O)CC[C@@](C)(CCOC(C)(C)C)O2
CS(=O)(=O)Cl.Cc1cc(Nc2nccc(C(F)F)n2)cc(-c2cnn(CCN)c2)c1,Cc1cc(Nc2nccc(C(F)F)n2)cc(-c2cnn(CCNS(C)(=O)=O)c2)c1
BrCC1CC1.COC(=O)c1cc(O)cc([N+](=O)[O-])c1,COC(=O)c1cc(OCC2CC2)cc([N+](=O)[O-])c1
CCc1nc2c(cnn2CC)c(NC2CCOCC2)c1CNC(=O)c1cccc(C(=O)O)c1.Cc1ccc(CN)cc1Br,CCc1nc2c(cnn2CC)c(NC2CCOCC2)c1CNC(=O)c1cccc(C(=O)NCc2ccc(C)c(Br)c2)c1
N#Cc1cc(Br)ccc1F.c1cn[nH]c1,N#Cc1cc(Br)ccc1-n1cccn1
CC1(C)[C@H]2CC[C@@H](CCCl)[C@@H]1C2.OCCCCCO,CC1(C)[C@H]2CC[C@@H](CCOCCCCCO)[C@@H]1C2
CCS(=O)(=O)c1ccc(F)cc1.Cc1c(C=O)cc2ccc(F)cc2c1O,CCS(=O)(=O)c1ccc(Oc2c(C)c(C=O)cc3ccc(F)cc23)cc1
CN.Oc1nc(-c2cccnc2)nc2cc(F)c(Br)cc12,CNc1nc(-c2cccnc2)nc2cc(F)c(Br)cc12
ClC1O[C@H](COCc2ccccc2)[C@@H](OCc2ccccc2)[C@H]1OCc1ccccc1.O=[N+]([O-])c1cc2nc(Cl)[nH]c2cc1[N+](=O)[O-],O=[N+]([O-])c1cc2nc(Cl)n([C@@H]3O[C@H](COCc4ccccc4)[C@@H](OCc4ccccc4)[C@H]3OCc3ccccc3)c2cc1[N+](=O)[O-]
COC(=O)c1cc(OCc2ccccc2)cc(C)c1C(=O)OC,COC(=O)c1c(C)cc(OCc2ccccc2)cc1C(=O)O
CC(C)(C)OC(=O)c1ccc(-c2noc(-c3cc(F)cc(C#N)c3)n2)nc1,N#Cc1cc(F)cc(-c2nc(-c3ccc(C(=O)O)cn3)no2)c1
COC(=O)Cl.Cc1cccc(Oc2c(F)cccc2C(O)(CCCN)[C@@H]2CCCN(C(=O)OC(C)(C)C)C2)c1,COC(=O)NCCCC(O)(c1cccc(F)c1Oc1cccc(C)c1)[C@@H]1CCCN(C(=O)OC(C)(C)C)C1
COC(=O)c1ccc(-n2cnc(-c3c(-c4ccccc4)noc3C(F)(F)F)c2)cc1.NCC(F)(F)F,O=C(NCC(F)(F)F)c1ccc(-n2cnc(-c3c(-c4ccccc4)noc3C(F)(F)F)c2)cc1
CCOC(=O)c1ccc(N2C[C@@H](C)N(C)[C@@H](C)C2)cc1.COc1cc(COc2cc(N)[nH]n2)cc(OC)c1,COc1cc(COc2cc(NC(=O)c3ccc(N4C[C@@H](C)N(C)[C@@H](C)C4)cc3)[nH]n2)cc(OC)c1
COc1ccc2c(=O)n(CCNC(=O)OC(C)(C)C)c(CN(C)C)c(-c3ccccc3)c2c1,COc1ccc2c(=O)n(CCN)c(CN(C)C)c(-c3ccccc3)c2c1
C=Cc1ccc(CCl)cc1.CCCCCCCCCCCCN(C)C,C=Cc1ccc(C[N+](C)(C)CCCCCCCCCCCC)cc1
Fc1cccc(Br)n1.NN,NNc1cccc(Br)n1
Cc1ncccc1Oc1ccc(N)cn1.O=C(Cl)Oc1ccccc1,Cc1ncccc1Oc1ccc(NC(=O)Oc2ccccc2)cn1
BrCCCCBr.CCc1cc(O)ccc1-c1noc(-c2ccc(OC(C)C)c(Cl)c2)n1,CCc1cc(OCCCCBr)ccc1-c1noc(-c2ccc(OC(C)C)c(Cl)c2)n1
COc1ccc(CBr)cc1F.Cc1ccnc2c(C(=O)N[C@H]3CCCC[C@@H]3O)c[nH]c12,COc1ccc(Cn2cc(C(=O)N[C@H]3CCCC[C@@H]3O)c3nccc(C)c32)cc1F
Nc1ccccc1.O=C(O)c1cc(Br)ccn1,O=C(Nc1ccccc1)c1cc(Br)ccn1
O=C(CN1C(=O)CS(=O)C[C@H]1c1cc(F)cc(F)c1)OCc1ccccc1,O=C(O)CN1C(=O)CS(=O)C[C@H]1c1cc(F)cc(F)c1
COC(=O)c1ccc2c(c1)C(SCCN1CCN(c3ccccc3)CC1)c1ccccc1CO2,O=C(O)c1ccc2c(c1)C(SCCN1CCN(c3ccccc3)CC1)c1ccccc1CO2
COc1ccc(C(=O)Cl)cc1.COc1ccc(N2CCN(C)CC2)c2c1CCN(C(=O)CCCN)C2,COc1ccc(C(=O)NCCCC(=O)N2CCc3c(OC)ccc(N4CCN(C)CC4)c3C2)cc1
Clc1nccc(OCc2ccccc2)n1.Cn1c(C(F)(F)F)cc(=O)n(-c2cc(O)c(Cl)cc2F)c1=O,Cn1c(C(F)(F)F)cc(=O)n(-c2cc(Oc3nccc(OCc4ccccc4)n3)c(Cl)cc2F)c1=O
CN1CCNCC1.ClC1=Nc2ccc(Cl)cc2N2CCN=C12,CN1CCN(C2=Nc3ccc(Cl)cc3N3CCN=C23)CC1
COC(=O)[C@H](CCSC)NC(=O)c1ccc([N+](=O)[O-])cc1C#Cc1ccc(F)cc1,COC(=O)[C@H](CCSC)NC(=O)c1ccc(N)cc1C#Cc1ccc(F)cc1
CC(C)(C)OC(=O)N1CCN(c2cccc3c2ccn3S(=O)(=O)c2ccccc2)CC1,O=S(=O)(c1ccccc1)n1ccc2c(N3CCNCC3)cccc21
CC(=O)OCc1nc(N2CCN(C(=O)OC(C)(C)C)CC2)c2cc(Cl)c(Br)c(F)c2n1,CC(C)(C)OC(=O)N1CCN(c2nc(CO)nc3c(F)c(Br)c(Cl)cc23)CC1
Cc1cc([N+](=O)[O-])cc(C#N)c1Oc1ccc(O)c(C(C)C)c1,Cc1cc(N)cc(C#N)c1Oc1ccc(O)c(C(C)C)c1
CCC(=O)Cl.NCC1CCC(Nc2nc3c(s2)CCOc2ccccc2-3)CC1,CCC(=O)NCC1CCC(Nc2nc3c(s2)CCOc2ccccc2-3)CC1
C#Cc1ccc(C(=O)N[C@@H](CCC(=O)OCC)C(=O)OCC)cc1.CC(C)(C)C(=O)Nc1nc(O)c2cc(Br)cnc2n1,CCOC(=O)CC[C@H](NC(=O)c1ccc(C#Cc2cnc3nc(NC(=O)C(C)(C)C)nc(O)c3c2)cc1)C(=O)OCC
CS(=O)(=O)c1cccc(C=O)c1.FC(F)(F)c1nnc2ccc(N3CCNCC3)nn12,CS(=O)(=O)c1cccc(CN2CCN(c3ccc4nnc(C(F)(F)F)n4n3)CC2)c1
Clc1ccnc(Cl)n1.OB(O)c1cccnc1Cl,Clc1nccc(-c2cccnc2Cl)n1
N[C@H]1CC[C@H](N)CC1.Nc1ncc(-c2cc(F)ncc2Cl)nc1NCC1CCOCC1,Nc1ncc(-c2cc(N[C@@H]3CC[C@@H](N)CC3)ncc2Cl)nc1NCC1CCOCC1
CC(=O)N1c2ccc(-c3cn(CCO[Si](C)(C)C(C)(C)C)nn3)cc2[C@H](N)C[C@@H]1C.Cc1ccc(Br)nc1,CC(=O)N1c2ccc(-c3cn(CCO[Si](C)(C)C(C)(C)C)nn3)cc2[C@H](Nc2ccc(C)cn2)C[C@@H]1C
CC[C@H](NC(=O)c1c(N2CCC[C@H]2C(=O)OC)c(-c2ccccc2)nc2ccccc12)c1ccccc1,CC[C@H](NC(=O)c1c(N2CCC[C@H]2CO)c(-c2ccccc2)nc2ccccc12)c1ccccc1
COC(=O)C1(CN)CCC1.COC(=O)c1nc(C#N)c2cc(Oc3ccccc3)ccc2c1O,COC(=O)C1(CNC(=O)c2nc(C#N)c3cc(Oc4ccccc4)ccc3c2O)CCC1
Cc1cc(C(=O)N[C@@H]2CCN(C(=O)OC(C)(C)C)C2)nn1Cc1cc(Cl)cc2cc(-c3ccccc3)oc12,Cc1cc(C(=O)N[C@@H]2CCNC2)nn1Cc1cc(Cl)cc2cc(-c3ccccc3)oc12
CCCCCCCCC(O)/C=C/c1cccc(C(=O)c2cccc(C(=O)OC)c2)n1,CCCCCCCCC(O)/C=C/c1cccc(C(=O)c2cccc(C(=O)O)c2)n1
COCCBr.COCCCc1cc(O)cc(CN(C(=O)[C@H]2CN(C(=O)OC(C)(C)C)CC[C@@H]2c2ccc(OCCOc3c(Cl)cc(C)cc3Cl)cc2)C2CC2)c1,COCCCc1cc(CN(C(=O)[C@H]2CN(C(=O)OC(C)(C)C)CC[C@@H]2c2ccc(OCCOc3c(Cl)cc(C)cc3Cl)cc2)C2CC2)cc(OCCOC)c1
CC(C)(C)OC(=O)NN(Cc1ccc(-c2cnccn2)cc1)C[C@H](O)[C@H](Cc1ccccc1)NC(=O)C(F)(F)F,CC(C)(C)OC(=O)NN(Cc1ccc(-c2cnccn2)cc1)C[C@H](O)[C@@H](N)Cc1ccccc1
O=C(O)CCCCCc1ccccc1,OCCCCCCc1ccccc1
Nc1cccc(OCCCOc2ncnc3scc(-c4ccc(F)cc4)c23)c1.O=C(Cl)C1CC1,O=C(Nc1cccc(OCCCOc2ncnc3scc(-c4ccc(F)cc4)c23)c1)C1CC1
CCOC(=O)c1ccc(Oc2ccc(Cl)c(Cl)c2)cc1,O=C(O)c1ccc(Oc2ccc(Cl)c(Cl)c2)cc1
COC(=O)c1ccc(C2([NH3+])CC2)cc1.Cc1sc(C)c(C(=O)O)c1Cc1ccc(C(F)(F)F)cc1,COC(=O)c1ccc(C2(NC(=O)c3c(C)sc(C)c3Cc3ccc(C(F)(F)F)cc3)CC2)cc1
CCOC(=O)CCCOc1cccc(CCCCCCBr)c1CCC(=O)OCC.Oc1cc(Br)cc(Br)c1,CCOC(=O)CCCOc1cccc(CCCCCCOc2cc(Br)cc(Br)c2)c1CCC(=O)OCC
CCCC(C(=O)OC)c1c(C)nc2cc(C(C)(C)C)nn2c1Cl.CCc1ccc(B(O)O)cc1,CCCC(C(=O)OC)c1c(C)nc2cc(C(C)(C)C)nn2c1-c1ccc(CC)cc1
CC(C)(C)OC(=O)N1CC2(CN(CC(O)CN3c4ccccc4Sc4ccc(C(F)(F)F)cc43)C2)C1,OC(CN1CC2(CNC2)C1)CN1c2ccccc2Sc2ccc(C(F)(F)F)cc21
CC(C)(C)OC(=O)NCCN.Nc1nccc(Cl)n1,CC(C)(C)OC(=O)NCCNc1ccnc(N)n1
CCc1cccc(CC)c1C=O.Cc1nc2cccc(N)c2[nH]1,CCc1cccc(CC)c1CNc1cccc2nc(C)[nH]c12
COc1ccc(F)cc1Oc1ccc([N+](=O)[O-])cc1Cl,COc1ccc(F)cc1Oc1ccc(N)cc1Cl
CC[C@@H]1COC(=O)N1.Cc1cnc(N2CCN(C(=O)c3ccc(Br)c(F)c3)CC2)c(C)c1,CC[C@@H]1COC(=O)N1c1ccc(C(=O)N2CCN(c3ncc(C)cc3C)CC2)cc1F
CC(C)(O)CCN(Cc1ccccc1)Cc1ccccc1.CI,COC(C)(C)CCN(Cc1ccccc1)Cc1ccccc1
CCCc1c(C=O)ncn1S(=O)(=O)N(C)C,CCCc1c(CO)ncn1S(=O)(=O)N(C)C
CC(=O)N(Cc1ccccc1)c1ncc(Br)cn1.OB(O)c1cc(Cl)ccc1O,CC(=O)N(Cc1ccccc1)c1ncc(-c2cc(Cl)ccc2O)cn1
CC1(NC(=O)OC(C)(C)C)CCN(C(=O)c2ccc(-c3ccc4ncc(-c5ccc(Cl)cc5)n4c3)cc2)CC1,CC1(N)CCN(C(=O)c2ccc(-c3ccc4ncc(-c5ccc(Cl)cc5)n4c3)cc2)CC1
O=[N+]([O-])c1ccc2nc(-c3ccc(Cl)cc3)c(CO)n2c1,Nc1ccc2nc(-c3ccc(Cl)cc3)c(CO)n2c1
CC(C)(C)OC(=O)NC(CNC(=O)OCc1ccccc1)COS(C)(=O)=O.[N-]=[N+]=[N-],CC(C)(C)OC(=O)NC(CN=[N+]=[N-])CNC(=O)OCc1ccccc1
CCOC(=O)c1c(C(=O)OCC)c2c(-c3ccccc3)cc(N3CCOCC3)nn2c1CCCO.CI,CCOC(=O)c1c(C(=O)OCC)c2c(-c3ccccc3)cc(N3CCOCC3)nn2c1CCCOC
CN(CCO)C(=O)OC(C)(C)C.Oc1cccc2[nH]ccc12,CN(CCOc1cccc2[nH]ccc12)C(=O)OC(C)(C)C
COc1ccc2cc(C(=O)O)c(NCCCNC(=O)OC(C)(C)C)nc2c1,COc1ccc2cc(C(=O)O)c(NCCCN)nc2c1
O=C(c1ccc([N+](=O)[O-])cc1)N1CCCC1,Nc1ccc(C(=O)N2CCCC2)cc1
O=C(Nc1ccc(Oc2ccc(F)cc2)cc1)[C@@H]1C[C@@H](Cc2ccc(F)cc2Cl)CN1.O=C(O)Cn1nccn1,O=C(Nc1ccc(Oc2ccc(F)cc2)cc1)[C@@H]1C[C@@H](Cc2ccc(F)cc2Cl)CN1C(=O)Cn1nccn1
Cc1nnc([C@H]2CCCN2)n1Cc1ccc(Cl)cc1.O=C=Nc1ccc(C(F)(F)F)cc1,Cc1nnc([C@H]2CCCN2C(=O)Nc2ccc(C(F)(F)F)cc2)n1Cc1ccc(Cl)cc1
CCCCOCCOc1ccc(-c2ccc3c(c2)C=C(C(=O)Nc2ccc(SCc4cccnn4)cc2)CCN3CC(C)C)cc1.O=C(OO)c1cccc(Cl)c1,CCCCOCCOc1ccc(-c2ccc3c(c2)C=C(C(=O)Nc2ccc(S(=O)Cc4cccnn4)cc2)CCN3CC(C)C)cc1
CCCC(C)COc1ccc([C@H](CO)NC(=O)OC(C)(C)C)cc1,CCCC(C)COc1ccc([C@@H](N)CO)cc1
CCOC(=O)c1nc2sc(C)cc2c(=O)[nH]1.COc1cccc(CN)c1,COc1cccc(CNC(=O)c2nc3sc(C)cc3c(=O)[nH]2)c1
C1COCCN1.Cn1c(=O)c2c(nc(N3CCC[C@@H](NC(=O)OC(C)(C)C)C3)n2Cc2ccccc2Cl)c2cc(C(=O)O)ccc21,Cn1c(=O)c2c(nc(N3CCC[C@@H](NC(=O)OC(C)(C)C)C3)n2Cc2ccccc2Cl)c2cc(C(=O)N3CCOCC3)ccc21
CC(C)(C)OC(=O)N1CCC(c2ncccc2-c2ccccc2)CC1,c1ccc(-c2cccnc2C2CCNCC2)cc1
CCOC(=O)CCN(C(=O)c1ccc2c(c1)nc(CN(C)c1ccc(C(=N)N)cc1)n2C)c1ccccn1.O=C(Cl)c1ccccc1,CCOC(=O)CCN(C(=O)c1ccc2c(c1)nc(CN(C)c1ccc(C(=N)NC(=O)c3ccccc3)cc1)n2C)c1ccccn1
CCOC(=O)c1nc(-c2ccc(N3CCOCC3)nc2)sc1NC(=O)OC(C)(C)C,CCOC(=O)c1nc(-c2ccc(N3CCOCC3)nc2)sc1N
CC(C)(C)OC(=O)NC(Cc1cnc(C(F)(F)F)s1)C(O)c1ccc(F)cc1,NC(Cc1cnc(C(F)(F)F)s1)C(O)c1ccc(F)cc1
CCOC(=O)C1=C(O)c2ccccc2N(c2ccccc2)C1.Nc1ccccc1,O=C(Nc1ccccc1)C1=C(O)c2ccccc2N(c2ccccc2)C1
COC(=O)CBr.Cc1cc(S(=O)(=O)c2cccc(F)c2)ccc1C1CCNC1,COC(=O)CN1CCC(c2ccc(S(=O)(=O)c3cccc(F)c3)cc2C)C1
Cc1csc2ncnc(CCN)c12.OB(O)c1ccc(Cl)cc1,Cc1csc2ncnc(CCNc3ccc(Cl)cc3)c12
CC(C)(C)OC(=O)C1(CCN2CCN(c3csc4cc(C(F)(F)F)ccc34)CC2)CC1,O=C(O)C1(CCN2CCN(c3csc4cc(C(F)(F)F)ccc34)CC2)CC1
Clc1ncnc2[nH]ccc12.N#CC1(c2ccc(Cl)cc2)CCNCC1,N#CC1(c2ccc(Cl)cc2)CCN(c2ncnc3[nH]ccc23)CC1
CN(C)C(=O)c1cc(I)cc(F)c1N.COc1ccccc1-c1cn(S(=O)(=O)c2ccc(C)cc2)c2ncc(B3OC(C)(C)C(C)(C)O3)cc12,COc1ccccc1-c1cn(S(=O)(=O)c2ccc(C)cc2)c2ncc(-c3cc(F)c(N)c(C(=O)N(C)C)c3)cc12
CCNC(=O)Nc1cc(-c2nc(-c3cccc(OC)n3)cs2)c(B(O)O)cn1.COC(=O)c1sc(Cl)nc1-c1ncnn1C,CCNC(=O)Nc1cc(-c2nc(-c3cccc(OC)n3)cs2)c(-c2nc(-c3ncnn3C)c(C(=O)OC)s2)cn1
CCOC(=O)CC(c1cccc(COc2ccc(-c3cc(OC)ccc3F)c(OS(=O)(=O)C(F)(F)F)c2)c1)C1CC1.OB(O)c1ccc(C(F)(F)F)cc1,CCOC(=O)CC(c1cccc(COc2ccc(-c3cc(OC)ccc3F)c(-c3ccc(C(F)(F)F)cc3)c2)c1)C1CC1
Cc1nc2c(N)nc3ccccc3c2n1CCOCCN.O=C=NC1CCCCC1,Cc1nc2c(N)nc3ccccc3c2n1CCOCCNC(=O)NC1CCCCC1
COc1cc(C(=O)O)ccc1Nc1ncc2c(n1)N(C1CCCC1)CC(F)(F)C(=O)N2C.NCCCN1CCCC1=O,COc1cc(C(=O)NCCCN2CCCC2=O)ccc1Nc1ncc2c(n1)N(C1CCCC1)CC(F)(F)C(=O)N2C
C=[CH][Sn]([CH2]CCC)([CH2]CCC)[CH2]CCC.COCOc1ccc(C=O)cc1Br,C=Cc1cc(C=O)ccc1OCOC
O=C(NCc1ccc(F)cc1)c1ccc(S(=O)(=O)n2cc(I)c3ccccc32)cc1.OB(O)c1ccccc1Cl,O=C(NCc1ccc(F)cc1)c1ccc(S(=O)(=O)n2cc(-c3ccccc3Cl)c3ccccc32)cc1
CC[Si](CC)(CC)O[C@@H](CI)c1ccc(F)c(NS(C)(=O)=O)c1.OCCNCc1ccccc1,CC[Si](CC)(CC)O[C@@H](CN(CCO)Cc1ccccc1)c1ccc(F)c(NS(C)(=O)=O)c1
CNCC(=O)OC(C)(C)C.COC(=O)CCCCCBr,COC(=O)CCCCCN(C)CC(=O)OC(C)(C)C
CC(C)n1nc(-c2ccc(Cl)nc2-c2ccccc2)ccc1=O.NN,CC(C)n1nc(-c2ccc(NN)nc2-c2ccccc2)ccc1=O
CCCCCCCCCCCCNC(=O)N(C)c1ccc2nc(CCCC)n(Cc3ccc(-c4ccccc4C(=O)OC(C)(C)C)cc3)c2c1,CCCCCCCCCCCCNC(=O)N(C)c1ccc2nc(CCCC)n(Cc3ccc(-c4ccccc4C(=O)O)cc3)c2c1
Cc1cc2c(cc1C(=O)N1CCc3cc(Cl)ccc31)[nH]c(=O)c1cnc([C@@H]3CC[C@@H](C(=O)OCc4ccccc4)CC3)n12,Cc1cc2c(cc1C(=O)N1CCc3cc(Cl)ccc31)[nH]c(=O)c1cnc([C@@H]3CC[C@@H](C(=O)O)CC3)n12
CCOC(=O)C=CC1CCC2CC=CC=C2N1C(=O)C(=O)OCC,CCOC(=O)CCC1CCC2CC=CC=C2N1C(=O)C(=O)OCC
C=Cc1ccc(F)c(OC)c1.COc1ccc(COC(=O)c2cc(OCc3ccc(OC)cc3)ccc2I)cc1,COc1ccc(COC(=O)c2cc(OCc3ccc(OC)cc3)ccc2/C=C/c2ccc(F)c(OC)c2)cc1
CCOc1ccc(Nc2ccc(CN)cc2)c(C(F)(F)F)c1.O=C(NC1(C(=O)O)CC1)c1cncnc1,CCOc1ccc(Nc2ccc(CNC(=O)C3(NC(=O)c4cncnc4)CC3)cc2)c(C(F)(F)F)c1
CCOC(=O)C(C)(C)c1ccc(-c2ccc(C(F)(F)F)cn2)cc1,CC(C)(C(=O)O)c1ccc(-c2ccc(C(F)(F)F)cn2)cc1
CC(C)(C)OC(=O)N1CCN(CCn2cnc(-c3cc4nccc(Cl)c4s3)c2)CC1.Nc1ccc(O)c(F)c1,CC(C)(C)OC(=O)N1CCN(CCn2cnc(-c3cc4nccc(Oc5ccc(N)cc5F)c4s3)c2)CC1
O=Cc1cn(C(c2ccccc2)(c2ccccc2)c2ccccc2)cn1.c1ccc(COCCC[P+](c2ccccc2)(c2ccccc2)c2ccccc2)cc1,C(=C\c1cn(C(c2ccccc2)(c2ccccc2)c2ccccc2)cn1)\CCOCc1ccccc1
Cn1c2c(c3ccccc31)CC(OC(=O)c1ccccc1)CC2,Cn1c2c(c3ccccc31)CC(O)CC2
COC(=O)COc1ncccc1Oc1cc(-n2c(=O)cc(C(F)(F)F)n(C)c2=O)c(F)cc1[N+](=O)[O-],COC(=O)COc1ncccc1Oc1cc(-n2c(=O)cc(C(F)(F)F)n(C)c2=O)c(F)cc1N
CC1(C)OB(c2ccc3sccc3c2)OC1(C)C.C[Si](C)(C)CCOC(=O)C[C@]1(c2ccc(Br)s2)CCCCS1(=O)=O,C[Si](C)(C)CCOC(=O)C[C@]1(c2ccc(-c3ccc4sccc4c3)s2)CCCCS1(=O)=O
CC(CNS(=O)(=O)C(C)C)c1ccc(CCCNC(=O)OCc2ccccc2)cc1,CC(CNS(=O)(=O)C(C)C)c1ccc(CCCN)cc1
C#CCNC(=O)C(F)(F)F.Nc1nc(=O)n(COCCO)cc1I,Nc1nc(=O)n(COCCO)cc1C#CCNC(=O)C(F)(F)F
CC(C)(C)OC(=O)N1CC(=O)Nc2ccccc2C1.CI,CN1C(=O)CN(C(=O)OC(C)(C)C)Cc2ccccc21
CC(C)Cn1c(CN2C(=O)c3ccccc3C2=O)nc2c(N)nc3cccnc3c21,CC(C)Cn1c(CN)nc2c(N)nc3cccnc3c21
CS(=O)(=O)Cl.OCc1c(Cl)cccc1C(F)(F)F,CS(=O)(=O)OCc1c(Cl)cccc1C(F)(F)F
O=C1c2ccccc2C(=O)N1CCCCCn1ccnc1,NCCCCCn1ccnc1
CCOC(=O)[C@@H]1C[C@H]1c1ccc(B2OC(C)(C)C(C)(C)O2)cc1.Cc1noc(-c2ccc(Br)cc2)c1CSCCc1ccccc1,CCOC(=O)[C@@H]1C[C@H]1c1ccc(-c2ccc(-c3onc(C)c3CSCCc3ccccc3)cc2)cc1
Clc1ccc2scc(-n3c4ccccc4c4ccccc43)c2c1.c1ccc2c(c1)[nH]c1ccccc12,c1ccc2c(c1)c1ccccc1n2-c1ccc2scc(-n3c4ccccc4c4ccccc43)c2c1
COC(=O)c1ccccc1S(=O)(=O)/N=c1\sc(CCN)cn1Cc1cccc2ccccc12.O=C(O)c1ccncc1,COC(=O)c1ccccc1S(=O)(=O)/N=c1\sc(CCNC(=O)c2ccncc2)cn1Cc1cccc2ccccc12
COc1cc2nc(Cl)nc(N)c2cc1OC.Nc1ccc(OCc2ccccc2)cc1,COc1cc2nc(Nc3ccc(OCc4ccccc4)cc3)nc(N)c2cc1OC
CC(=O)Nc1c(I)c(C(=O)[O-])c(I)c(N(C)C(C)=O)c1I.CCOC(=O)OC(C)Cl,CCOC(=O)OC(C)OC(=O)c1c(I)c(NC(C)=O)c(I)c(N(C)C(C)=O)c1I
COc1cc(C(=O)N2Cc3ccccc3C[C@H]2CN2CCOCC2)c(-c2cc(C(=O)N(c3ccccc3)c3cnc4c(ccn4C)c3)c(C)n2C)cc1F,Cc1c(C(=O)N(c2ccccc2)c2cnc3c(ccn3C)c2)cc(-c2cc(F)c(O)cc2C(=O)N2Cc3ccccc3C[C@H]2CN2CCOCC2)n1C
CC1(C)OB(c2ccc(N)cc2)OC1(C)C.O=S(=O)(c1ccncc1)C1(c2cc(N3CCOCC3)nc(Cl)n2)CC1,Nc1ccc(-c2nc(N3CCOCC3)cc(C3(S(=O)(=O)c4ccncc4)CC3)n2)cc1
CC(=O)OC1C(F)OC(C)CC1N(C)C.OC1CCCCCCCCCCCCC1,CC(=O)OC1C(OC2CCCCCCCCCCCCC2)OC(C)CC1N(C)C
CC(C)(C)OC(=O)NCC1CCNC1.FC(F)(F)c1ccc(Br)cc1,CC(C)(C)OC(=O)NCC1CCN(c2ccc(C(F)(F)F)cc2)C1
O=C(O)/C=C/C(O)c1ccc(-c2ccc(F)c(F)c2)cc1,O=C(O)CCC(O)c1ccc(-c2ccc(F)c(F)c2)cc1
Cc1cc(O)ccc1OCc1ccccc1.N#Cc1cccc(F)c1,Cc1cc(Oc2cccc(C#N)c2)ccc1OCc1ccccc1
CCOC(=O)CCCOc1ccc(C[C@H](NC(=O)OCC23CC4CC(CC(C4)C2)C3)C(=O)OC(C)(C)C)cc1.NC1=NCCN1,CC(C)(C)OC(=O)[C@H](Cc1ccc(OCCCC(=O)NC2=NCCN2)cc1)NC(=O)OCC12CC3CC(CC(C3)C1)C2
OC(CCl)COc1ccccc1,O=C(CCl)COc1ccccc1
NC=O.Nc1cc(F)ccc1C(=O)O,O=c1[nH]cnc2cc(F)ccc12
C1COCCN1.Cn1ncc(C(=O)O)c1C(=O)Nc1cc2nc(-c3ccccc3)cn2c(N2CCOCC2)n1,Cn1ncc(C(=O)N2CCOCC2)c1C(=O)Nc1cc2nc(-c3ccccc3)cn2c(N2CCOCC2)n1
O=C1CCCC1Oc1ccc(Cc2cc([C@@]3(O)O[C@H](CO)[C@@H](O)[C@H](O)[C@H]3O)ccc2Cl)cc1,OC[C@H]1O[C@](O)(c2ccc(Cl)c(Cc3ccc(O[C@@H]4CCC[C@@H]4O)cc3)c2)[C@H](O)[C@@H](O)[C@@H]1O
N[C@H]1CC[C@H](CCN2CCN(c3nccc4c3OCC4)CC2)CC1.O=C(O)c1ccc2ncccc2c1,O=C(N[C@@H]1CC[C@@H](CCN2CCN(c3nccc4c3OCC4)CC2)CC1)c1ccc2ncccc2c1
CCOC(=O)Cc1cnc(N=C2SC[C@@H]3Cc4ccccc4CN23)s1,O=C(O)Cc1cnc(N=C2SC[C@@H]3Cc4ccccc4CN23)s1
COc1ccc2c(N3CCN(CC#N)CC3)cccc2c1,COc1ccc2c(N3CCN(CCN)CC3)cccc2c1
CCCCNc1ccccc1.O=C(O)C1=COc2ccc(O)cc2O1,CCCCN(C(=O)C1=COc2ccc(O)cc2O1)c1ccccc1
COc1ccc(F)c2c1C(=O)CC2.C[P+](c1ccccc1)(c1ccccc1)c1ccccc1,C=C1CCc2c(F)ccc(OC)c21
CC(C)(C)OC(=O)c1ccc(-c2ccccc2)cc1NC(=O)c1cc(-c2cccc(N)n2)ccc1O,Nc1cccc(-c2ccc(O)c(C(=O)Nc3cc(-c4ccccc4)ccc3C(=O)O)c2)n1
Cc1ccc(C(=O)c2ccc(CBr)cc2)cc1.Cn1c(=O)c2[nH]cnc2n(C)c1=O,Cc1ccc(C(=O)c2ccc(Cn3cnc4c3c(=O)n(C)c(=O)n4C)cc2)cc1
CN1CCNCC1.Fc1ccc2c(c1)C(Cl)Cc1ccc(C(F)(F)F)cc1S2,CN1CCN(C2Cc3ccc(C(F)(F)F)cc3Sc3ccc(F)cc32)CC1
Cc1ccccc1B(O)O.O=C(NCCc1c[nH]c2ccc(Cl)cc12)c1ccc(CCl)cc1,Cc1ccccc1Cc1ccc(C(=O)NCCc2c[nH]c3ccc(Cl)cc23)cc1
C=CCN.O=C(Cl)c1ccccc1,C=CCNC(=O)c1ccccc1
CNC.O=C(O)c1c(-c2ccccc2)c(-c2ccccc2)n[nH]c1=O,CN(C)C(=O)c1c(-c2ccccc2)c(-c2ccccc2)n[nH]c1=O
CCCCCn1c(=O)n(-c2ccccc2)c(=O)c2c1ncn2Cc1ccc(OC)cc1,CCCCCn1c(=O)n(-c2ccccc2)c(=O)c2[nH]cnc21
CN[C@H](C(=O)N[C@H](C(=O)N(C)[C@H](/C=C(\C)C(=O)O)C(C)C)C(C)(C)C)C(C)(C)c1ccccc1.NCCc1ccccc1,CN[C@H](C(=O)N[C@H](C(=O)N(C)[C@H](/C=C(\C)C(=O)NCCc1ccccc1)C(C)C)C(C)(C)C)C(C)(C)c1ccccc1
CC(C)(C)OC(=O)N1CCCc2oc3ccc(S(=O)(=O)c4ccccc4)cc3c2C1,O=S(=O)(c1ccccc1)c1ccc2oc3c(c2c1)CNCCC3
Cn1c(N2CCNCC2)nc2ccc(F)cc21.O=C(NCc1ccc(F)cc1)C1(CCCCBr)c2ccccc2-c2ccccc21,Cn1c(N2CCN(CCCCC3(C(=O)NCc4ccc(F)cc4)c4ccccc4-c4ccccc43)CC2)nc2ccc(F)cc21
COC(=O)c1cnc(OCc2c(-c3ccc(F)cn3)noc2C)cn1,Cc1onc(-c2ccc(F)cn2)c1COc1cnc(C(=O)O)cn1
CC(C)CCNc1nc(-c2ccc(C(F)(F)F)cc2)cs1.COC(=O)CCc1ccc(OCc2ccc(CCl)cc2)cc1,COC(=O)CCc1ccc(OCc2ccc(CN(CCC(C)C)c3nc(-c4ccc(C(F)(F)F)cc4)cs3)cc2)cc1
CCOC(=O)c1cc(-c2c[nH]c(C)n2)n(-c2ccc(OC)nc2)n1,COc1ccc(-n2nc(C(=O)O)cc2-c2c[nH]c(C)n2)cn1
CC(Oc1cc(-n2cnc3cnc(CO[Si](C)(C)C(C)(C)C)cc32)sc1C(N)=O)c1ccccc1OC(F)F,CC(Oc1cc(-n2cnc3cnc(CO)cc32)sc1C(N)=O)c1ccccc1OC(F)F
CC1=NCCOc2c(F)cc3c(ccn3S(=O)(=O)c3ccccc3)c21,CC1NCCOc2c(F)cc3c(ccn3S(=O)(=O)c3ccccc3)c21
CC(C)(C)c1ccc(C(=O)Cl)cc1.NCc1ccc2c(c1)CN(C1CCC(=O)NC1=O)C2=O,CC(C)(C)c1ccc(C(=O)NCc2ccc3c(c2)CN(C2CCC(=O)NC2=O)C3=O)cc1
CCO[C@H](C(=O)N1C(=O)OC[C@@H]1Cc1ccccc1)[C@H](O)c1ccc(OCCc2nc(C(C)(C)C)oc2C)c2ccccc12,CCO[C@@H](Cc1ccc(OCCc2nc(C(C)(C)C)oc2C)c2ccccc12)C(=O)N1C(=O)OC[C@@H]1Cc1ccccc1
Cc1noc(N)c1C.O=S(=O)(Cl)c1ccco1,Cc1noc(NS(=O)(=O)c2ccco2)c1C
N[C@@H](CCCCNC(=O)OCc1ccccc1)C(=O)O.O=C(O)c1cc2cc(Cl)ccc2nc1Cl,O=C(NCCCC[C@H](Nc1nc2ccc(Cl)cc2cc1C(=O)O)C(=O)O)OCc1ccccc1
Brc1csc(Br)n1.Cc1cc(-c2ccc(C(F)(F)F)cc2)cc(I)n1,Cc1cc(-c2ccc(C(F)(F)F)cc2)cc(-c2nc(Br)cs2)n1
CC(C)(C)OC(=O)N1C2CCC1CNC2.Cc1cc(N)ncc1C(=O)O,Cc1cc(N)ncc1C(=O)N1CC2CCC(C1)N2C(=O)OC(C)(C)C
CC(C)S(=O)(=O)Nc1ccc(N/C(=C2\C(=O)Nc3ccccc32)c2ccccc2)cc1.CN(C)CCCl,CC(C)S(=O)(=O)N(CCN(C)C)c1ccc(N/C(=C2\C(=O)Nc3ccccc32)c2ccccc2)cc1
CCc1sc(C(=O)CCc2cc(C)c(OCCO)c(C)c2)c2c1CC(C)(C)CC2.CS(=O)(=O)Cl,CCc1sc(C(=O)CCc2cc(C)c(OCCOS(C)(=O)=O)c(C)c2)c2c1CC(C)(C)CC2
Cc1c(C)c(S(=O)(=O)NC(=N)NCCC[C@H](N)C(=O)OC(C)(C)C)c(C)c2c1OC(C)(C)CC2.Cc1ccccc1C(c1ccccc1C)n1cccc(C(=O)O)c1=O,Cc1ccccc1C(c1ccccc1C)n1cccc(C(=O)N[C@@H](CCCNC(=N)NS(=O)(=O)c2c(C)c(C)c3c(c2C)CCC(C)(C)O3)C(=O)OC(C)(C)C)c1=O
O=[N+]([O-])c1cccnc1Nc1cccc(/C=C/c2cncc(/C=C/c3ccncc3)c2)c1,Nc1cccnc1Nc1cccc(/C=C/c2cncc(/C=C/c3ccncc3)c2)c1
Cc1nc(C(=O)O)c(-c2ccccc2)s1.Cc1nc2sccn2c1C(=O)NC[C@H]1NC[C@@H]2CCC[C@@H]21,Cc1nc(C(=O)N2C[C@@H]3CCC[C@@H]3[C@H]2CNC(=O)c2c(C)nc3sccn23)c(-c2ccccc2)s1
N/C(=C\C(=O)N1CCn2c(nnc2C(F)(F)F)C1)Cc1cc(F)c(F)cc1F,N[C@@H](CC(=O)N1CCn2c(nnc2C(F)(F)F)C1)Cc1cc(F)c(F)cc1F
Cc1nc([C@H](CC2CC2)NC(=O)OC(C)(C)C)no1,Cc1nc([C@@H](N)CC2CC2)no1
NS(=O)(=O)c1ccc(C(F)(F)F)cc1.O=Cc1ccccc1I,O=S(=O)(/N=C/c1ccccc1I)c1ccc(C(F)(F)F)cc1
COc1ccc2cc(-c3ccnc(Cl)n3)sc2c1.OCCCF,COc1ccc2cc(-c3ccnc(OCCCF)n3)sc2c1
O=C1c2ncccc2-c2cccnc21,c1cnc2c(c1)-c1cccnc1C2
COc1cc([N+](=O)[O-])ccc1OCCN(C(C)C)C(C)C,COc1cc(N)ccc1OCCN(C(C)C)C(C)C
CC(C)(C)OC(=O)N(CCS(C)(=O)=O)C1CC1,CS(=O)(=O)CCNC1CC1
CC(C)(C)OC(=O)N1CCNCC1.Cc1nc(-c2ccc(Br)cc2)no1,Cc1nc(-c2ccc(N3CCN(C(=O)OC(C)(C)C)CC3)cc2)no1
CNC(=O)c1c(-c2ccc(F)cc2)oc2ccc(-c3ccc(Cl)c(C(=O)OC)c3)cc12.NC(=O)c1ccccc1B(O)O,CNC(=O)c1c(-c2ccc(F)cc2)oc2ccc(-c3ccc(-c4ccccc4C(N)=O)c(C(=O)OC)c3)cc12
Cc1nc2c(C#N)c(C)c(Br)c(F)c2o1.OB(O)c1ccccc1,Cc1nc2c(C#N)c(C)c(-c3ccccc3)c(F)c2o1
Brc1ccc2c(-c3ccc(N4CCOCC4)nc3)n[nH]c2c1.CCNC(=O)c1ccc(C)c(B2OC(C)(C)C(C)(C)O2)c1,CCNC(=O)c1ccc(C)c(-c2ccc3c(-c4ccc(N5CCOCC5)nc4)n[nH]c3c2)c1
CCc1ccccc1Nc1ccnc(Cl)n1.CN(C)CC(O)COc1ccc(N)cc1,CCc1ccccc1Nc1ccnc(Nc2ccc(OCC(O)CN(C)C)cc2)n1
COc1ccccc1OCC(F)(F)F,Oc1ccccc1OCC(F)(F)F
COC(=O)CCCOc1ccc(CC(C)=O)cc1.NCC(O)c1cc2ccccc2o1,COC(=O)CCCOc1ccc(CC(C)NCC(O)c2cc3ccccc3o2)cc1
CC(=O)OC(C)=O.Nc1ccccc1NC(=O)c1ccc(C2CCNCC2)cc1,CC(=O)N1CCC(c2ccc(C(=O)Nc3ccccc3N)cc2)CC1
CC(C)(C)OC(=O)N1CCC[C@@H](Cn2c(-c3c(Cl)cccc3Cl)cc3cnc(NCc4ccc(O)cc4)nc32)C1,Oc1ccc(CNc2ncc3cc(-c4c(Cl)cccc4Cl)n(C[C@@H]4CCCNC4)c3n2)cc1
CCC[CH2][Sn]([CH2]CCC)([CH2]CCC)[c]1ccc(C(N)=O)cc1.O=C(OCc1ccccc1)N1CCC[C@@H]1Cc1c[nH]c2ccc(Br)cc12,NC(=O)c1ccc(-c2ccc3[nH]cc(C[C@H]4CCCN4C(=O)OCc4ccccc4)c3c2)cc1
CI.C[C@@H](N[S@@](=O)C(C)(C)C)c1cc(Cl)cc(C(F)(F)F)c1,C[C@H](c1cc(Cl)cc(C(F)(F)F)c1)N(C)[S@@](=O)C(C)(C)C
C=Cc1ccccc1.Ic1ccccc1,C(=Cc1ccccc1)c1ccccc1
CC(C)(C)OC(=O)NCCCOc1cccc(C(=O)O)c1.COC(=O)[C@H](CN)NC(=O)c1c(C)nc(NCCCc2cccc(O)c2)nc1C,COC(=O)[C@H](CNC(=O)c1cccc(OCCCNC(=O)OC(C)(C)C)c1)NC(=O)c1c(C)nc(NCCCc2cccc(O)c2)nc1C
CCOC(=O)Cn1c(C)cc(S(=O)(=O)CCCl)c(N)c1=O,CCOC(=O)Cn1c(C)cc2c(c1=O)NCCS2(=O)=O
O=C1OC[C@@H]2C[C@]12c1cccc(F)c1,OC[C@@H]1C[C@@]1(CO)c1cccc(F)c1
CC(C)(C)OC(=O)Nc1cnc2c(c1)NCC(C(C)(C)O[SiH2]C(C)(C)C)C2.Cc1nn(C(F)F)cc1S(=O)(=O)Cl,Cc1nn(C(F)F)cc1S(=O)(=O)N1CC(C(C)(C)O[SiH2]C(C)(C)C)Cc2ncc(NC(=O)OC(C)(C)C)cc21
CC(=O)CCl.Sc1nc2ccccc2[nH]1,CC(=O)CSc1nc2ccccc2[nH]1
COC(=O)C(CN1C(=O)c2cccc(O)c2C1=O)C1(C)OCCO1,COC(=O)C(CN1C(=O)c2cccc(O)c2C1=O)C(C)=O
COC(=O)c1nc(C(F)(F)F)n2c1CNCC2.O=C(O)c1cc(Cc2n[nH]c(=O)c3ccccc23)ccc1F,COC(=O)c1nc(C(F)(F)F)n2c1CN(C(=O)c1cc(Cc3n[nH]c(=O)c4ccccc34)ccc1F)CC2
COC(=O)CN.O=Cc1ccccc1,COC(=O)CN=Cc1ccccc1
COc1ccc(S(=O)(=O)C(c2cnc(C(=O)O)cc2C)c2cc(F)ccc2F)cc1.NCCO,COc1ccc(S(=O)(=O)C(c2cnc(C(=O)NCCO)cc2C)c2cc(F)ccc2F)cc1
CC(C)(C)OC(=O)NC[C@@H]1C[C@@H](CO)N(C(=O)OC(C)(C)C)C1,CC(C)(C)OC(=O)NC[C@@H]1C[C@@H](C=O)N(C(=O)OC(C)(C)C)C1
COC(=O)c1ccc2c(C3CCCCC3)c(Br)[nH]c2c1.OB(O)c1ccc(Cl)cc1,COC(=O)c1ccc2c(C3CCCCC3)c(-c3ccc(Cl)cc3)[nH]c2c1
C#Cc1ccc(OCc2ccccc2)nn1.OCCc1ccc(I)cc1,OCCc1ccc(C#Cc2ccc(OCc3ccccc3)nn2)cc1
O=C(CCl)c1cccc(Cl)c1,O[C@H](CCl)c1cccc(Cl)c1
COC(=O)c1ccc(B(O)O)c(F)c1.O=C(c1c(Cl)cccc1C(F)(F)F)n1nc(Br)c2ncc(CO)cc21,COC(=O)c1ccc(-c2nn(C(=O)c3c(Cl)cccc3C(F)(F)F)c3cc(CO)cnc23)c(F)c1
N#Cc1ccc2c(c1)OC(c1ccccc1)(c1ccccc1)O2.[N-]=[N+]=[N-],c1ccc(C2(c3ccccc3)Oc3ccc(-c4nnn[nH]4)cc3O2)cc1
COC(=O)Cl.NCCc1ccccc1,COC(=O)NCCc1ccccc1
COc1ccc(S(=O)(=O)Cl)cc1.O=C(O)C1Cc2ccccc2CN1,COc1ccc(S(=O)(=O)N2Cc3ccccc3CC2C(=O)O)cc1
CCCCCCC(Br)C(=O)OCC.N#Cc1ccccc1-c1ccc2[nH]ccc2c1,CCCCCCC(C(=O)OCC)n1ccc2cc(-c3ccccc3C#N)ccc21
COc1ccnc(Cl)c1[N+](=O)[O-].Cc1c[nH]cn1,COc1ccnc(-n2cnc(C)c2)c1[N+](=O)[O-]
CCC[CH2][Sn]([CH2]CCC)([CH2]CCC)[c]1cccs1.N#CC(C#N)=Cc1ccc(Br)s1,N#CC(C#N)=Cc1ccc(-c2cccs2)s1
COc1nc(NCCN(C)C(=O)OC(C)(C)C)nc(OC)c1N.Cc1ccc(C(C)(C)C)cc1Oc1nc(C(=O)O)co1,COc1nc(NCCN(C)C(=O)OC(C)(C)C)nc(OC)c1NC(=O)c1coc(Oc2cc(C(C)(C)C)ccc2C)n1
C[C@@H](O[C@H]1CCN(C(=O)[C@@H]2CC[C@@H](NC(=O)CCCCCl)CC2)C[C@H]1c1ccccc1)c1cc(C(F)(F)F)cc(C(F)(F)F)c1,C[C@@H](O[C@H]1CCN(C(=O)[C@@H]2CC[C@@H](N3CCCCC3=O)CC2)C[C@H]1c1ccccc1)c1cc(C(F)(F)F)cc(C(F)(F)F)c1
CCO.COc1ccc(CC(=O)O)cc1Br,CCOC(=O)Cc1ccc(OC)c(Br)c1
CC1(c2cc(F)cc(F)c2)NC(=O)NC1=O.COc1ccc(CCl)cc1,COc1ccc(CN2C(=O)NC(C)(c3cc(F)cc(F)c3)C2=O)cc1
Fc1ccccc1N1CCNCC1.OCc1cc2ccccc2s1,Fc1ccccc1N1CCN(Cc2cc3ccccc3s2)CC1
COC(=O)CCc1cccc(OC(F)(F)F)c1,O=C(O)CCc1cccc(OC(F)(F)F)c1
BrCCCOc1ccccc1.COC(=O)c1ccc(O)cc1C(=O)OC,COC(=O)c1ccc(OCCCOc2ccccc2)cc1C(=O)OC
CCCn1ncc2c(N)cccc21.COc1ccc(S(C)(=O)=O)cc1N=C=S,CCCn1ncc2c(NC(=S)Nc3cc(S(C)(=O)=O)ccc3OC)cccc21
CC1CN(C(=O)OC(C)(C)C)CCN1.Clc1nccnc1Cl,CC1CN(C(=O)OC(C)(C)C)CCN1c1nccnc1Cl
O=C(OCc1ccccc1)N1C2CCC1C(Cn1ccc3cc(-c4cnn(C5CCCCO5)c4)ccc31)C2,c1cc2c(ccn2CC2CC3CCC2N3)cc1-c1cnn(C2CCCCO2)c1
CCOC(=O)c1cn(-c2ccc3c(c2)ncn3C)c(=O)[nH]c1=O.Cc1c(CBr)cccc1C(F)(F)F,CCOC(=O)c1cn(-c2ccc3c(c2)ncn3C)c(=O)n(Cc2cccc(C(F)(F)F)c2C)c1=O
NC1CCC(C(=O)O)CC1.O=C(Cl)OCc1ccccc1,O=C(NC1CCC(C(=O)O)CC1)OCc1ccccc1
CC(C)n1nc(C(=O)O)c2ccccc21.COC(=O)[C@@H]1C[C@H](N)CN1C(=O)OC(C)(C)C,COC(=O)[C@@H]1C[C@H](NC(=O)c2nn(C(C)C)c3ccccc23)CN1C(=O)OC(C)(C)C
CC(C)C(NC(=O)OC(C)(C)C)C(=O)CCNc1ccnc(-c2cc(-c3c(Cl)cccc3Cl)no2)c1.O=C(Cl)C(Cl)Cl,CC(C)C(NC(=O)OC(C)(C)C)C(=O)CCN(C(=O)C(Cl)Cl)c1ccnc(-c2cc(-c3c(Cl)cccc3Cl)no2)c1
C=O.CC(=O)c1c(-c2ccccc2)oc2c(C)cccc12.CNC,Cc1cccc2c(C(=O)CCN(C)C)c(-c3ccccc3)oc12
CCCc1ccc(-c2ccc(CBr)c(F)c2)c(F)c1.Oc1ccc(F)c(F)c1,CCCc1ccc(-c2ccc(COc3ccc(F)c(F)c3)c(F)c2)c(F)c1
CC1CCNCC1.O=C(O)c1cc2cc(C(=O)N3CCN(C4CCCC4)CC3)ccc2[nH]1,CC1CCN(C(=O)c2cc3cc(C(=O)N4CCN(C5CCCC5)CC4)ccc3[nH]2)CC1
CC(=O)Nc1cccc(C2=CCN(C(=O)OC(C)(C)C)CC2)c1,CC(=O)Nc1cccc(C2=CCNCC2)c1
CCC(=O)Cl.CCc1ccc(OCC2CC2)c(-c2ncnc3c(C(=O)N[C@@H]4CNC[C@H]4O)c(C)[nH]c23)c1,CCC(=O)N1C[C@@H](O)[C@H](NC(=O)c2c(C)[nH]c3c(-c4cc(CC)ccc4OCC4CC4)ncnc23)C1
CC(=O)Cl.CCC1CCSc2c(C)ccc(C)c21,CCC1CCSc2c(C)cc(C(C)=O)c(C)c21
CC(C)C[C@H]1CN[C@@H](CC(C)C)C(=O)N1.O=C(O)C=Cc1cccc(Cl)c1,CC(C)C[C@H]1CN(C(=O)C=Cc2cccc(Cl)c2)[C@@H](CC(C)C)C(=O)N1
CCOC(=O)c1nc(C(CCSC)OCCO)[nH]c(=O)c1OCc1ccccc1,CCOC(=O)c1nc2n(c(=O)c1OCc1ccccc1)CCOC2CCSC
FCCOCCOCCCl.Oc1ccc2cc(Br)ccc2c1,FCCOCCOCCOc1ccc2cc(Br)ccc2c1
COC(=O)Cc1ccc(OC)c(-c2ccc(C(F)(F)F)cc2CN(CC(C)(C)C)C(C)=O)c1,COc1ccc(CC(=O)O)cc1-c1ccc(C(F)(F)F)cc1CN(CC(C)(C)C)C(C)=O
CCCCCN.COc1ccc(CN2C(=O)CN(c3ccc(C[C@H](NC(=O)OC(C)(C)C)C(=O)O)cc3)S2(=O)=O)cc1,CCCCCNC(=O)[C@H](Cc1ccc(N2CC(=O)N(Cc3ccc(OC)cc3)S2(=O)=O)cc1)NC(=O)OC(C)(C)C
CC(C)C(=O)CBr.O=C1NC(=O)c2ccccc21,CC(C)C(=O)CN1C(=O)c2ccccc2C1=O
Cc1ccc(-c2noc(CCC(C)(C)O)n2)cc1N.Cc1ccn2c(C(=O)O)cnc2c1,Cc1ccn2c(C(=O)Nc3cc(-c4noc(CCC(C)(C)O)n4)ccc3C)cnc2c1
O=[N+]([O-])c1ccc(OCCOc2ccccn2)cc1,Nc1ccc(OCCOc2ccccn2)cc1
COc1cc(OC)cc(C(=CC#N)c2ccc(O[Si](C)(C)C(C)(C)C)c(OC)c2)c1,COc1cc(OC)cc(C(=CC#N)c2ccc(O)c(OC)c2)c1
COC(=O)c1ccc2c(c1)CCN(C(=O)C1CCCCC1)C2,O=C(O)c1ccc2c(c1)CCN(C(=O)C1CCCCC1)C2
NCC1(C(F)(F)F)OC(=O)Nc2ccc(Cl)cc21.O=C(O)c1ccc(F)cc1,O=C1Nc2ccc(Cl)cc2C(CNC(=O)c2ccc(F)cc2)(C(F)(F)F)O1
CC(C)(C)OC(=O)N1CCC(n2ncc3c(Cl)ncnc32)CC1.CS(=O)(=O)c1ccc(O)cc1F,CC(C)(C)OC(=O)N1CCC(n2ncc3c(Oc4ccc(S(C)(=O)=O)c(F)c4)ncnc32)CC1
CCOC(=O)c1c(O)c2cc(I)c(Cl)cc2[nH]c1=O.Cn1ccc2cc(B(O)O)ccc21,CCOC(=O)c1c(O)c2cc(-c3ccc4c(ccn4C)c3)c(Cl)cc2[nH]c1=O
COCCN(C)c1n[nH]c2ccc(C3OCCCO3)cc12,COCCN(C)c1n[nH]c2ccc(C=O)cc12
COC(=O)[C@H](Cc1c[nH]c2ccccc12)NC(=O)CCC(=O)[C@H](Cc1ccccc1)NC(=O)c1ccccc1,O=C(CCC(=O)[C@H](Cc1ccccc1)NC(=O)c1ccccc1)N[C@@H](Cc1c[nH]c2ccccc12)C(=O)O
CC(C)(C(=O)O)c1ccccc1.Nc1ccc(N2C(=O)CC(=O)Nc3c2ccc2ccccc32)cc1,CC(C)(C(=O)Nc1ccc(N2C(=O)CC(=O)Nc3c2ccc2ccccc32)cc1)c1ccccc1
CN(C)C=O.Fc1cccc(Oc2ccc(Br)cn2)c1,O=Cc1ccc(Oc2cccc(F)c2)nc1
C[C@H]1CCc2c(ccc(Br)c2O)N1C(=O)C1CC1.OB(O)c1ccccc1,C[C@H]1CCc2c(ccc(Br)c2Oc2ccccc2)N1C(=O)C1CC1
O=C(c1ccccc1)N1C[C@H]2OCCN(Cc3ccccc3)[C@H]2C1,c1ccc(CN2CCO[C@@H]3CNC[C@@H]32)cc1
COc1cc2ncc3c(N)nc(-c4cncc(Br)c4)cc3c2cc1OC.COc1cccc(N)c1,COc1cccc(Nc2cncc(-c3cc4c(cnc5cc(OC)c(OC)cc54)c(N)n3)c2)c1
CCCCCCN.COC(=O)C(c1ccc(F)c(F)c1)c1ccccn1,CCCCCCNC(=O)C(c1ccc(F)c(F)c1)c1ccccn1
CC(C)(C)OC(=O)Nc1ccc(B2OC(C)(C)C(C)(C)O2)cc1[N+](=O)[O-].Clc1ccc(O[C@H]2CN3CCC2CC3)nn1,CC(C)(C)OC(=O)Nc1ccc(-c2ccc(O[C@H]3CN4CCC3CC4)nn2)cc1[N+](=O)[O-]
Brc1cncc2ccccc12.C=C,C=Cc1cncc2ccccc12
CC(C)(C)CC(=O)Cl.Cc1c(C)c2c(c(C)c1N)C(=O)C(C)(C)O2,Cc1c(C)c2c(c(C)c1NC(=O)CC(C)(C)C)C(=O)C(C)(C)O2
CCOC(=O)[C@H](CCc1ccccc1)N[C@H]1CSc2ccccc2N(CC(=O)OC(C)(C)C)C1=O.O=C(OO)c1cccc(Cl)c1,CCOC(=O)[C@H](CCc1ccccc1)N[C@H]1CS(=O)c2ccccc2N(CC(=O)OC(C)(C)C)C1=O
NN.O=C(Cl)c1c(Cl)ccc(Cl)c1Cl,NNC(=O)c1c(Cl)ccc(Cl)c1Cl
CC(=O)NC(C)c1ccc(CCl)cc1.Fc1ccc(N2CCNCC2)cc1,CC(=O)NC(C)c1ccc(CN2CCN(c3ccc(F)cc3)CC2)cc1
N[C@H]1CCOC1.O=C(NC1C2CC3CC1CC(O)(C3)C2)c1cnc(Cl)nc1-n1cccn1,O=C(NC1C2CC3CC1CC(O)(C3)C2)c1cnc(N[C@H]2CCOC2)nc1-n1cccn1
Brc1csc2ccccc12.COc1ccc(B(O)O)cc1,COc1ccc(-c2csc3ccccc23)cc1
CC(=O)c1ccc2ccccc2c1.COc1ccc(CC[P+](c2ccccc2)(c2ccccc2)c2ccccc2)cc1,COc1ccc(CC=C(C)c2ccc3ccccc3c2)cc1
CNC(=O)CC#N.O=Cc1ccc2cn[nH]c2c1,CNC(=O)C(C#N)=Cc1ccc2cn[nH]c2c1
C1CCNC1.CN(C(=O)OC(C)(C)C)C(CCC=O)(CCCCB1OC(C)(C)C(C)(C)O1)C(=O)OC(C)(C)C,CN(C(=O)OC(C)(C)C)C(CCCCB1OC(C)(C)C(C)(C)O1)(CCCN1CCCC1)C(=O)OC(C)(C)C
CCOCCCl.COc1cc(C(=O)N2CCC(CCN3CCC(C(=O)c4nc5ccccc5[nH]4)CC3)(c3ccccc3)C2)cc(OC)c1OC,CCOCCn1c(C(=O)C2CCN(CCC3(c4ccccc4)CCN(C(=O)c4cc(OC)c(OC)c(OC)c4)C3)CC2)nc2ccccc21
CC(=O)Cl.C[C@H]1CC(c2ccncc2[N+](=O)[O-])=C[C@@H](O[Si](C)(C)C(C)(C)C)[C@@]1(O)CO,CC(=O)OC[C@@]1(O)[C@@H](C)CC(c2ccncc2[N+](=O)[O-])=C[C@H]1O[Si](C)(C)C(C)(C)C
CC(C)(C)OC(=O)CBr.CCn1c(C)c[nH]c1=O,CCn1c(C)cn(CC(=O)OC(C)(C)C)c1=O
COc1cc2oc(=O)c3c(c2cc1OCCCCl)CCC3.COc1ccc(N2CCNCC2)cc1,COc1ccc(N2CCN(CCCOc3cc4c5c(c(=O)oc4cc3OC)CCC5)CC2)cc1
CC(C)(C)OC(=O)N1CCC[C@H]1c1ncc(Br)[nH]1,Brc1cnc([C@@H]2CCCN2)[nH]1
CN(C)C(=O)c1cc2cnc(Nc3ccc(C(=O)O)cn3)nc2n1C1CCCC1.O[C@@H]1C[C@@H]2C[C@H]1CN2,CN(C)C(=O)c1cc2cnc(Nc3ccc(C(=O)N4C[C@@H]5C[C@H]4C[C@H]5O)cn3)nc2n1C1CCCC1
N#Cc1ccc(C2CCNCC2)cc1.Nc1cc(C(=O)O)ccc1OC(F)(F)F,N#Cc1ccc(C2CCN(C(=O)c3ccc(OC(F)(F)F)c(N)c3)CC2)cc1
CN(C)C(=O)c1cc(Cl)ccc1[N+](=O)[O-].OCc1ccccc1,CN(C)C(=O)c1cc(OCc2ccccc2)ccc1[N+](=O)[O-]
COC(=O)C(NS(=O)(=O)c1ccc(Cl)cc1)C(CC(F)(F)F)CC(F)(F)F,O=S(=O)(NC(CO)C(CC(F)(F)F)CC(F)(F)F)c1ccc(Cl)cc1
O=C(Cl)Oc1ccc([N+](=O)[O-])cc1.O=P(OCCO)(OCc1ccccc1)OCc1ccccc1,O=C(OCCOP(=O)(OCc1ccccc1)OCc1ccccc1)Oc1ccc([N+](=O)[O-])cc1
COc1ccc(Cn2cc(I)c(C(=O)N(C)OC)n2)cc1.Cc1cccc(Oc2nc(B3OC(C)(C)C(C)(C)O3)cs2)n1,COc1ccc(Cn2cc(-c3csc(Oc4cccc(C)n4)n3)c(C(=O)N(C)OC)n2)cc1
CCCCCCCCO.NCC(=O)CCC(=O)O,CCCCCCCCOC(=O)CCC(=O)CN
C=CC(=O)Cl.NCc1ccccc1,C=CC(=O)NCc1ccccc1
CC(C)(C)OC(=O)c1nn(C(C)(C)C)c2nc(F)ccc12,CC(C)(C)n1nc(C(=O)O)c2ccc(F)nc21
CC(C)(C)OC(=O)N1CCC(n2cc(-c3cccc(OCC4CCC(C)(C)O4)c3)c3c(N)ncnc32)CC1,CC1(C)CCC(COc2cccc(-c3cn(C4CCNCC4)c4ncnc(N)c34)c2)O1
COC(=O)C1(C(=O)OC)CC1.N,COC(=O)C1(C(N)=O)CC1
C#Cc1ccccc1.CCOC(=O)c1cnc(N)c(Br)c1,CCOC(=O)c1cnc(N)c(C#Cc2ccccc2)c1
O=C(CN1C(=O)CSC1=S)NCCc1ccccc1.O=Cc1ccc(-c2ccc(C(=O)O)c(O)c2)o1,O=C(CN1C(=O)C(=Cc2ccc(-c3ccc(C(=O)O)c(O)c3)o2)SC1=S)NCCc1ccccc1
C#CCN1CCOCC1.CCOC(=O)COc1cc(C)c(Sc2cc(Br)cc(OCC(C)C)c2)cc1C,CCOC(=O)COc1cc(C)c(Sc2cc(C#CCN3CCOCC3)cc(OCC(C)C)c2)cc1C
N#Cc1cccc(N)c1.O=C(O)c1ccc2ccccc2c1,N#Cc1cccc(NC(=O)c2ccc3ccccc3c2)c1
COc1cc2c(Oc3ccc(Cl)cc3F)ncnc2cc1C=CC(=O)OC(C)(C)C,COc1cc2c(Oc3ccc(Cl)cc3F)ncnc2cc1C=CC(=O)O
O=[N+]([O-])c1cccnc1NCc1ccc(Cl)cc1,Nc1cccnc1NCc1ccc(Cl)cc1
CC(C)(C)OC(=O)N1CCC(C)(C(N)=O)CC1,CC1(N)CCN(C(=O)OC(C)(C)C)CC1
Nc1cc(Cl)ccc1[N+](=O)[O-].Sc1ccccc1,Nc1cc(Sc2ccccc2)ccc1[N+](=O)[O-]
Fc1cnc(Cl)nc1Cl.Nc1ccc(CO)cc1,OCc1ccc(Nc2nc(Cl)ncc2F)cc1
NNC(=O)Nc1ccccc1.O=C(O)c1ccc2[nH]cc(-c3cncc(C4CC4)n3)c2c1,O=C(NNC(=O)c1ccc2[nH]cc(-c3cncc(C4CC4)n3)c2c1)Nc1ccccc1
CC(C)(C)OC(=O)N1CCc2ncn(Cc3ccc(-n4cc(Cl)ccc4=O)nc3)c2C1c1ccc(C#N)cc1,N#Cc1ccc(C2NCCc3ncn(Cc4ccc(-n5cc(Cl)ccc5=O)nc4)c32)cc1
CCCCO.CS(=O)(=O)NC(=O)C[C@@H](Cc1ccc(-c2cccc(Cl)c2)cc1)NC(=O)CCC(=O)O,CCCCOC(=O)CCC(=O)N[C@@H](CC(=O)NS(C)(=O)=O)Cc1ccc(-c2cccc(Cl)c2)cc1
CCCCN(CCCC)C(=O)c1nn(-c2ccc(OC)cc2C(=O)O)c(C)c1Cl.OC[C@@H]1Cc2ccccc2CN1,CCCCN(CCCC)C(=O)c1nn(-c2ccc(OC)cc2C(=O)N2Cc3ccccc3C[C@H]2CO)c(C)c1Cl
C=C(C)c1cnc2[nH]cc(C(=O)N[C@@H](C)C(C)(C)O)c2n1,CC(C)c1cnc2[nH]cc(C(=O)N[C@@H](C)C(C)(C)O)c2n1
NCCc1ccncc1.O=C(O)C1CCN(C(=O)c2cc3ccccc3n2Cc2ccc(Cl)cc2)CC1,O=C(NCCc1ccncc1)C1CCN(C(=O)c2cc3ccccc3n2Cc2ccc(Cl)cc2)CC1
COc1ccc2c(c1CCCC1CCN(C(=O)OC(C)(C)C)CC1)OCC2=O.O=Cc1n[nH]c2ccccc12,COc1ccc2c(c1CCCC1CCN(C(=O)OC(C)(C)C)CC1)O/C(=C\c1n[nH]c3ccccc13)C2=O
CCOC(=O)c1ccc(NC(=O)OC(C)(C)C)nc1,CC(C)(C)OC(=O)Nc1ccc(CO)cn1
COc1ccc(C)cc1S(=O)(=O)Cl.Nc1ccccc1NS(=O)(=O)c1cc2ccccc2s1,COc1ccc(C)cc1S(=O)(=O)Nc1ccccc1NS(=O)(=O)c1cc2ccccc2s1
CN(CCOc1ccc(C=C2SC(=O)NC2=O)cc1)C(=O)c1ccccc1,CN(CCOc1ccc(CC2SC(=O)NC2=O)cc1)C(=O)c1ccccc1
CC(C)(C)OC(=O)N1CCC[C@@H](OC(=O)c2ccc(OCc3ccccc3)cc2)[C@H](NC(=O)c2ccc(OC(=O)c3ccc(F)cc3)cc2)C1,CC(C)(C)OC(=O)N1CCC[C@@H](OC(=O)c2ccc(O)cc2)[C@H](NC(=O)c2ccc(OC(=O)c3ccc(F)cc3)cc2)C1
COCC(=O)Cl.Nc1ccc(-c2cc(Cc3ccc(OCc4ccccc4)nc3)no2)c(N)n1,COCC(=O)Nc1ccc(-c2cc(Cc3ccc(OCc4ccccc4)nc3)no2)c(N)n1
COCC(=O)CC(=O)OC.Nc1ccccc1N,COCC(CC(=O)OC)Nc1ccccc1N
COc1cc(C#Cc2nn(C3CCN(C(=O)OC(C)(C)C)C3)c3ncnc(N)c23)cc(OC)c1,COc1cc(C#Cc2nn(C3CCNC3)c3ncnc(N)c23)cc(OC)c1
Nc1ccccc1.O=[N+]([O-])c1cccnc1Cl,O=[N+]([O-])c1cccnc1Nc1ccccc1
CC1(C)CN(C2COC2)CCN1C(=O)c1nc2c(N3CCOCC3)nc(Cl)nc2s1.CCc1nc2ccccc2[nH]1,CCc1nc2ccccc2n1-c1nc(N2CCOCC2)c2nc(C(=O)N3CCN(C4COC4)CC3(C)C)sc2n1
C#CCc1ccccc1.O=c1c2cc(Br)ccc2ccn1Cc1ccc(F)cc1,O=c1c2cc(C#CCc3ccccc3)ccc2ccn1Cc1ccc(F)cc1
CCC(=O)NC1=C(Cl)C(=O)c2ccccc2C1=O.COCCO,CCC(=O)NC1=C(OCCOC)C(=O)c2ccccc2C1=O
C=[C](OCC)[Sn]([CH2]CCC)([CH2]CCC)[CH2]CCC.Fc1ccc2c(Cl)nc(Cl)nc2c1,C=C(OCC)c1nc(Cl)nc2cc(F)ccc12
CC(C)[C@H]1CC[C@@H](Oc2ccc3cc(C=O)ccc3c2)CC1.c1ccc(N2CCNCC2)nc1,CC(C)[C@@H]1CC[C@H](Oc2ccc3cc(CN4CCN(c5ccccn5)CC4)ccc3c2)CC1
C#CCOc1ccc(CC(=O)OC)cc1[N+](=O)[O-],C#CCOc1ccc(CC(=O)O)cc1[N+](=O)[O-]
N#CCc1cccc2ccccc12.[N-]=[N+]=[N-],c1ccc2c(Cc3nnn[nH]3)cccc2c1
CCOC(=O)N1CCC(N)CC1.COC(=O)c1cccc2nc(Cl)oc12,CCOC(=O)N1CCC(Nc2nc3cccc(C(=O)OC)c3o2)CC1
CC(C)(N)C#N.O=C(O)c1ccc(C2CC2)c(OCC2CC2)n1,CC(C)(C#N)NC(=O)c1ccc(C2CC2)c(OCC2CC2)n1
CC(C)[Si](OC1CCC(OS(=O)(=O)C(F)(F)F)=Cc2cccnc21)(C(C)C)C(C)C.OB(O)c1ccc(F)c(F)c1,CC(C)[Si](OC1CCC(c2ccc(F)c(F)c2)=Cc2cccnc21)(C(C)C)C(C)C
COc1ccc(Cc2nn3c(C(CCCc4ccccc4)C(C)=O)nc(C)c3c(=O)[nH]2)cc1,COc1ccc(Cc2nn3c(C(CCCc4ccccc4)C(C)O)nc(C)c3c(=O)[nH]2)cc1
CN1C(=O)CC(C)(c2cccc(Br)c2)N=C1N.COc1cc(OS(C)(=O)=O)cc(B2OC(C)(C)C(C)(C)O2)c1,COc1cc(OS(C)(=O)=O)cc(-c2cccc(C3(C)CC(=O)N(C)C(N)=N3)c2)c1
COC(=O)CBr.O=C(OCc1ccccc1)N1CCC(=Cc2ccc(O)c([N+](=O)[O-])c2)CC1,COC(=O)COc1ccc(C=C2CCN(C(=O)OCc3ccccc3)CC2)cc1[N+](=O)[O-]
CN(C)CCCl.O=c1c(-c2ccccc2Cl)cc(-c2ccccn2)cn1-c1ccc(O)cc1,CN(C)CCOc1ccc(-n2cc(-c3ccccn3)cc(-c3ccccc3Cl)c2=O)cc1
CC1CNCC(C)N1.O=Cc1ccc(OC(F)(F)F)cc1,CC1CN(Cc2ccc(OC(F)(F)F)cc2)CC(C)N1
Cc1ccc(Br)cc1NC(=O)COCC(=O)Nc1ccc(Cl)cc1C(=O)O.OB(O)c1cccc2cccnc12,Cc1ccc(-c2cccc3cccnc23)cc1NC(=O)COCC(=O)Nc1ccc(Cl)cc1C(=O)O
Nc1ccc(Cl)cn1.O=C(Cl)c1ccc(Cl)c([N+](=O)[O-])c1,O=C(Nc1ccc(Cl)cn1)c1ccc(Cl)c([N+](=O)[O-])c1
C#CC(C)(N)CC.CON=Cc1cc(C(=O)O)cc(Cl)c1N,C#CC(C)(CC)NC(=O)c1cc(Cl)c(N)c(C=NOC)c1
CC(C)c1cc(C(=O)O)oc1C(C)C.CCOC(=O)c1cccc(N)c1,CCOC(=O)c1cccc(NC(=O)c2cc(C(C)C)c(C(C)C)o2)c1
CS(=O)(=O)c1cc(F)c(OC2CCN(C3CCNCC3)C2=O)cc1F.N#CBr,CS(=O)(=O)c1cc(F)c(OC2CCN(C3CCN(C#N)CC3)C2=O)cc1F
CC(O)/C=C\[Si](C)(C)C,CC(=O)/C=C/[Si](C)(C)C
CC1(c2cccc(N)c2)C2CN(CCCC3CCCCC3)CC21.CCS(=O)(=O)Cl,CCS(=O)(=O)Nc1cccc(C2(C)C3CN(CCCC4CCCCC4)CC32)c1
COc1ccc(N)cc1OCCN1CCCC1.O=C(O)c1cc(-c2ccc(Cl)cc2)c[nH]1,COc1ccc(NC(=O)c2cc(-c3ccc(Cl)cc3)c[nH]2)cc1OCCN1CCCC1
C#Cc1ccc(Br)cc1.C[C@H]1C[C@@H](c2ncc(I)[nH]2)N(C(=O)OC(C)(C)C)C1,C[C@H]1C[C@@H](c2ncc(C#Cc3ccc(Br)cc3)[nH]2)N(C(=O)OC(C)(C)C)C1
CCOC(=O)/C=C/C=C/CCc1ccccc1,O=C(O)/C=C/C=C/CCc1ccccc1
C#CC(C)(C)NC(C)(C)C.CCc1cc2cc(C(=O)OC(C)C)ccn2c1C(=O)c1ccc(I)cc1,CCc1cc2cc(C(=O)OC(C)C)ccn2c1C(=O)c1ccc(C#CC(C)(C)NC(C)(C)C)cc1
CCCCc1cn(C(C)(C)C)s/c1=N\C(=O)C1(C)CCC(C(=O)O)C1(C)C.CN,CCCCc1cn(C(C)(C)C)s/c1=N\C(=O)C1(C)CCC(C(=O)NC)C1(C)C
CC(C)(C)OC(=O)N1CCCC(C(=O)Nc2ccc(-n3nc(-c4cccnc4)cc3C(F)(F)F)nn2)C1,O=C(Nc1ccc(-n2nc(-c3cccnc3)cc2C(F)(F)F)nn1)C1CCCNC1
CC1(C)COB(c2ccc(F)c(-n3ccnc3)c2)OC1.FC(F)(F)c1cnn2c(Br)cnc2n1,Fc1ccc(-c2cnc3nc(C(F)(F)F)cnn23)cc1-n1ccnc1
BrCCOc1ccc(OCc2ccc(-c3ccccc3)cc2)cc1.COC(=O)c1ccc(O)c(C(=O)N2CCC(C(=O)OC)CC2)c1,COC(=O)c1ccc(OCCOc2ccc(OCc3ccc(-c4ccccc4)cc3)cc2)c(C(=O)N2CCC(C(=O)OC)CC2)c1
CCCC1(C(=O)c2cnc3[nH]ccc3c2)CCCN1C(=O)OC(C)(C)C,CCCC1(C(=O)c2cnc3[nH]ccc3c2)CCCN1
CC(C)(C)OC(=O)N1[C@H](Cc2ccc(C(=O)O)nc2)CC[C@@H]1[C@H](O)c1ccccc1.c1ccc(CN2CCNCC2)nc1,CC(C)(C)OC(=O)N1[C@H](Cc2ccc(C(=O)N3CCN(Cc4ccccn4)CC3)nc2)CC[C@@H]1[C@H](O)c1ccccc1
CC(=O)Oc1ccc(C(=O)O)cc1.CCOC(=O)[C@H](Cc1ccccc1)NC(=O)[C@H](C)N,CCOC(=O)[C@H](Cc1ccccc1)NC(=O)[C@H](C)NC(=O)c1ccc(OC(C)=O)cc1
Cn1c(COc2ccc(C#N)cc2)nc2nc(CO)ccc21,Cn1c(COc2ccc(C#N)cc2)nc2nc(C=O)ccc21
CI.O=C1Cc2cc(OCc3cccc(F)c3)ccc2C=CN1,CN1C=Cc2ccc(OCc3cccc(F)c3)cc2CC1=O
Nc1ccc2c(c1)CN=CN2.O=C(O)C1CCN(c2ccc3ccccc3c2)CC1,O=C(Nc1ccc2c(c1)CN=CN2)C1CCN(c2ccc3ccccc3c2)CC1
CCCCOc1nc(N)c2[nH]c(=O)n(CCCCN(CCCN3CCOCC3)Cc3cccc(CC(=O)OC)c3)c2n1,CCCCOc1nc(N)c2[nH]c(=O)n(CCCCN(CCCN3CCOCC3)Cc3cccc(CC(=O)O)c3)c2n1
CCOC(=O)C(Cc1cc2c(cc1OC)OCO2)C(=O)OCC,CCOC(=O)C(Cc1cc2c(cc1OC)OCO2)C(=O)O
Brc1cccnc1.[CH3][Sn]([CH3])([CH3])[Cl],[CH3][Sn]([CH3])([CH3])[c]1cccnc1
CC(C)(C)OC(=O)N1CCC(CN2CCN(S(=O)(=O)c3ccc(CO)cc3)CC2=O)CC1,CC(C)(C)OC(=O)N1CCC(CN2CCN(S(=O)(=O)c3ccc(C=O)cc3)CC2=O)CC1
CN1CCNC1=O.Cc1cc(C2CC2)cnc1N1CCN(C(=O)c2ccc(Br)cc2F)CC1,Cc1cc(C2CC2)cnc1N1CCN(C(=O)c2ccc(N3CCN(C)C3=O)cc2F)CC1
CC1Sc2c(C(=O)O)c(=O)c3cc(F)c(N4CCNCC4)cc3n21.Cc1oc(=O)oc1CBr,Cc1oc(=O)oc1CN1CCN(c2cc3c(cc2F)c(=O)c(C(=O)O)c2n3C(C)S2)CC1
COc1ccc2cccc(C(CN)CO)c2c1.O=C(Cl)CF,COc1ccc2cccc(C(CO)CNC(=O)CF)c2c1
COC(=O)C1(OC)CCN(C(=O)OCc2ccccc2)C1,COC(=O)C1(OC)CCNC1
CCOC(=O)Cc1cccc(I)c1.OB(O)c1ccc(C(F)(F)F)cc1Cl,CCOC(=O)Cc1cccc(-c2ccc(C(F)(F)F)cc2Cl)c1
COC(=O)C(C)(C)c1ccc(C(=O)O)cc1.Nc1cn2cc(I)ccc2n1,COC(=O)C(C)(C)c1ccc(C(=O)Nc2cn3cc(I)ccc3n2)cc1
NO.O=C(Cl)Oc1ccccc1,O=C(NO)Oc1ccccc1
CC1(C)Cc2c(c(C(=O)O)cc3nc(Nc4c(Cl)cncc4Cl)[nH]c23)O1.Nc1ccc(Br)cc1,CC1(C)Cc2c(c(C(=O)Nc3ccc(Br)cc3)cc3nc(Nc4c(Cl)cncc4Cl)[nH]c23)O1
O=C(O)c1cn(C2CC2)c2c(F)c(F)c(F)cc2c1=O.O=CNCC1CNCCO1,O=CNCC1CN(c2c(F)cc3c(=O)c(C(=O)O)cn(C4CC4)c3c2F)CCO1
CCN(CC)CC(=O)O.COc1c(C)cnc(CS(=O)c2nc3ccccc3n2CO)c1C,CCN(CC)CC(=O)OCn1c(S(=O)Cc2ncc(C)c(OC)c2C)nc2ccccc21
O=[N+]([O-])c1ccc2nc(N3CCOCC3)ccc2c1,Nc1ccc2nc(N3CCOCC3)ccc2c1
CC(C)(C)c1ccc(C2CC2C(=O)Cl)o1.C[C@@H]1CNC[C@H](C)O1,C[C@@H]1CN(C(=O)C2CC2c2ccc(C(C)(C)C)o2)C[C@H](C)O1
CC(CCc1ccc(Br)cn1)(C(=O)NO)S(C)(=O)=O.OB(O)c1ccccc1,CC(CCc1ccc(-c2ccccc2)cn1)(C(=O)NO)S(C)(=O)=O
COC1=C(c2ccccc2)C(CCC(=O)O)OC1=O,COC1=C(c2ccccc2)C(CCCO)OC1=O
CC(C)(C)OC(=O)N1C[C@H](OCOCc2ccccc2)CC[C@@H]1C=O.O=[N+]([O-])CCc1cc(F)cc(F)c1,CC(C)(C)OC(=O)N1C[C@H](OCOCc2ccccc2)CC[C@@H]1C(O)C(Cc1cc(F)cc(F)c1)[N+](=O)[O-]
COC(=O)c1[nH]c(=O)n2c1CN=C(c1ccccc1Cl)c1cc(Cl)ccc1-2,O=C(O)c1[nH]c(=O)n2c1CN=C(c1ccccc1Cl)c1cc(Cl)ccc1-2
COc1ccc2c(Cl)nc(Nc3cc(C)[nH]n3)cc2c1.OB(O)c1cccnc1,COc1ccc2c(-c3cccnc3)nc(Nc3cc(C)[nH]n3)cc2c1
O=C([O-])Cc1ccccc1Nc1c(Cl)cccc1Cl,O=C1Cc2ccccc2N1c1c(Cl)cccc1Cl
CS(=O)(=O)c1ccc(B(O)O)cc1.Clc1cncc(Cl)n1,CS(=O)(=O)c1ccc(-c2cncc(Cl)n2)cc1
Nc1ccccc1C[P+](c1ccccc1)(c1ccccc1)c1ccccc1.O=C(Cl)CCCl,O=C(CCCl)Nc1ccccc1C[P+](c1ccccc1)(c1ccccc1)c1ccccc1
CN1C(=O)C(F)(F)CN(C2CCCC2)c2nc(Cl)ncc21.Nc1ccc2c(c1)NC(=O)CO2,CN1C(=O)C(F)(F)CN(C2CCCC2)c2nc(Nc3ccc4c(c3)NC(=O)CO4)ncc21
CC(O)c1nc2ccccc2[nH]1,CC(=O)c1nc2ccccc2[nH]1
CCOC(=O)c1c(NC(C)=O)sc2c(OCCN(CC)CC)c(Br)ccc12,CCOC(=O)c1c(N)sc2c(OCCN(CC)CC)c(Br)ccc12
C[Si](C)(CCl)c1ccc(Cl)cc1Cl.c1c[nH]cn1,C[Si](C)(Cn1ccnc1)c1ccc(Cl)cc1Cl
C[S-].N#Cc1cc(F)cc(Br)c1,CSc1cc(F)cc(C#N)c1
CCOC(=O)/C=C/c1cc(C(=O)NCc2ccc(S(=O)(=O)C3CC3)cc2)c(=O)n(-c2cccc(C(F)(F)F)c2)c1C,CCOC(=O)CCc1cc(C(=O)NCc2ccc(S(=O)(=O)C3CC3)cc2)c(=O)n(-c2cccc(C(F)(F)F)c2)c1C
COc1ccc(-c2nc(N)sc2Cc2ccccc2)cc1.COc1ccc(CCC(=O)Cl)cc1OC,COc1ccc(-c2nc(NC(=O)CCc3ccc(OC)c(OC)c3)sc2Cc2ccccc2)cc1
C#CC(C)O.COc1ncc(-c2ccc3ncc(I)n3c2)cc1NS(=O)(=O)c1ccc(F)cc1F,COc1ncc(-c2ccc3ncc(C#CC(C)O)n3c2)cc1NS(=O)(=O)c1ccc(F)cc1F
CC1(C)OB(c2ccc(O)cc2)OC1(C)C.NS(=O)(=O)c1ccc(CNc2nccn3c(Br)cnc23)cc1,NS(=O)(=O)c1ccc(CNc2nccn3c(-c4ccc(O)cc4)cnc23)cc1
COC(=O)c1cccc(C(O)c2c(-c3csc(C)c3)[nH]c3cc(OC)ccc23)n1,COC(=O)c1cccc(Cc2c(-c3csc(C)c3)[nH]c3cc(OC)ccc23)n1
CCOC(=O)c1cc(CCCO[Si](C)(C)C(C)(C)C)[nH]n1,CCOC(=O)c1cc(CCCO)[nH]n1
CC(C)[C@H](NC(=O)OC(C)(C)C)C(=O)O.CCC(O)c1cc2n(c(=O)c1C)Cc1cc3ccccc3nc1-2,CCC(OC(=O)C(NC(=O)OC(C)(C)C)C(C)C)c1cc2n(c(=O)c1C)Cc1cc3ccccc3nc1-2
CCCCCCN1CC2C(C1=O)C2(C)c1cccc(O)c1,CCCCCCN1CC2C(C1)C2(C)c1cccc(O)c1
CNc1cc(F)ccc1[N+](=O)[O-].Oc1ccc(C(F)(F)F)cc1Cn1cncn1,CNc1cc(Oc2ccc(C(F)(F)F)cc2Cn2cncn2)ccc1[N+](=O)[O-]
Brc1cnc(NCCN2CCOCC2)nc1.C#Cc1cncc(N)c1,Nc1cncc(C#Cc2cnc(NCCN3CCOCC3)nc2)c1
CCI.O=C(O)c1cn(C2CC2)c2c(F)c(N3CC4=C(CNC4)C3)c(F)cc2c1=O,CCN1CC2=C(C1)CN(c1c(F)cc3c(=O)c(C(=O)O)cn(C4CC4)c3c1F)C2
CN(C)CCCl.Cc1ccc(C(=O)NC2CC2)cc1-n1ccc2ccc(O)cc2c1=O,Cc1ccc(C(=O)NC2CC2)cc1-n1ccc2ccc(OCCN(C)C)cc2c1=O
CCOC(=O)c1cc2c([nH]1)C(c1ccc(C)cc1)CC2,Cc1ccc(C2CCc3cc(C(=O)O)[nH]c32)cc1
CCOC(=O)c1cc2cc(Oc3ccc(S(C)(=O)=O)cc3)cc(O)c2[nH]1.OCC1CCOCC1,CCOC(=O)c1cc2cc(Oc3ccc(S(C)(=O)=O)cc3)cc(OCC3CCOCC3)c2[nH]1
CC(C)(C)OC(=O)NC[C@@H]1CC[C@@H](CO)CC1,CC(C)(C)OC(=O)NC[C@@H]1CC[C@@H](C=O)CC1
Cc1nc2c3c(c(C(=O)O)cc2n1C)CCC(c1ccccc1)O3.NCC(O)CO,Cc1nc2c3c(c(C(=O)NCC(O)CO)cc2n1C)CCC(c1ccccc1)O3
CC(=O)OC(C)=O.CN1CCNCC1,CC(=O)N1CCN(C)CC1
Cc1sc2nc(-c3ccno3)nc(Cl)c2c1Cl.NCCc1ccccc1,Cc1sc2nc(-c3ccno3)nc(NCCc3ccccc3)c2c1Cl
CS(=O)(=O)Cl.OCCc1c(-c2ccccc2)[nH]c2ccccc12,CS(=O)(=O)OCCc1c(-c2ccccc2)[nH]c2ccccc12
CC(=O)N1CCC(C(=O)O)CC1.CN(C(=O)N(C)[C@@H]1CCNC[C@H]1c1ccc(F)cc1)c1cc(C(F)(F)F)cc(C(F)(F)F)c1,CC(=O)N1CCC(C(=O)N2CC[C@@H](N(C)C(=O)N(C)c3cc(C(F)(F)F)cc(C(F)(F)F)c3)[C@H](c3ccc(F)cc3)C2)CC1
CC=O.O=C(OCC1CCN(Cc2ccccc2)CC1)c1ccc2c(c1)CCNCC2,CCN1CCc2ccc(C(=O)OCC3CCN(Cc4ccccc4)CC3)cc2CC1
CCCCc1nnc(SCC(=O)OC)n1Cc1ccc([N+](=O)[O-])cc1,CCCCc1nnc(SCC(=O)OC)n1Cc1ccc(N)cc1
CCBr.O=c1c2ccccc2ccc2ccccc12,CCC1(O)c2ccccc2C=Cc2ccccc21
C1CCNC1.ClCc1cccc(I)c1,Ic1cccc(CN2CCCC2)c1
Cn1ccc(OCc2ccccc2)cc1=O,Cn1ccc(O)cc1=O
COc1nc(C#C[C@H]2CCC(=O)N2)ccc1Cl,COc1nc(/C=C\[C@H]2CCC(=O)N2)ccc1Cl
CC[C@@H]([C@@H](O)c1ccc(OC)cc1)[N+](=O)[O-],CC[C@H](N)[C@@H](O)c1ccc(OC)cc1
COC(=O)N1CCC(CO[Si](C)(C)C(C)(C)C)CC1CC(C)(C)c1ccccc1,COC(=O)N1CCC(CO)CC1CC(C)(C)c1ccccc1
CNC.Cc1nnc2n1-c1ccc(N=C=O)cc1C(c1ccccc1Cl)=NC2,Cc1nnc2n1-c1ccc(NC(=O)N(C)C)cc1C(c1ccccc1Cl)=NC2
COc1ccc(CN(Cc2ccc(OC)cc2)c2nc(C)c(C)c(NCc3cc(-c4ccc(F)cc4)no3)c2[N+](=O)[O-])cc1,COc1ccc(CN(Cc2ccc(OC)cc2)c2nc(C)c(C)c(NCc3cc(-c4ccc(F)cc4)no3)c2N)cc1
CC[C@H](N)C(=O)OC.C[C@H](NC(=O)Cc1cc(F)cc(F)c1)C(=O)O,CC[C@H](NC(=O)[C@H](C)NC(=O)Cc1cc(F)cc(F)c1)C(=O)OC
CCNC(=O)N(N)Cc1ccc(C(C)(C)C)cc1.O=C(O)COCc1ccc(Br)cc1,CCNC(=O)N(Cc1ccc(C(C)(C)C)cc1)NC(=O)COCc1ccc(Br)cc1
C#Cc1ccccc1.COC(=O)c1ccc(I)cc1,COC(=O)c1ccc(C#Cc2ccccc2)cc1
CCOC(=O)C1=C(CBr)NC(c2nccs2)=NC1c1ccc(F)cc1Br.NC(=O)CCC1CNCCO1,CCOC(=O)C1=C(CN2CCOC(CCC(N)=O)C2)NC(c2nccs2)=NC1c1ccc(F)cc1Br
NCc1ccc2c(c1)OCCO2.Oc1cccc(Nc2nc(Cl)ncc2F)c1,Oc1cccc(Nc2nc(NCc3ccc4c(c3)OCCO4)ncc2F)c1
Cn1ncc(NC(=O)c2nc(C3=CCCC3)sc2N)c1[C@@H]1CC[C@@H](N)[C@H](F)CO1,Cn1ncc(NC(=O)c2nc(C3CCCC3)sc2N)c1[C@@H]1CC[C@@H](N)[C@H](F)CO1
COC(=O)c1c[nH]c2cc(Cl)c(-c3ccc(OCCCN4CCOCC4)cc3)cc12,O=C(O)c1c[nH]c2cc(Cl)c(-c3ccc(OCCCN4CCOCC4)cc3)cc12
CCOc1ccc(Cc2nc3cc(C=O)ccc3n2CC2CC2)cc1.[CH3][Mg+],CCOc1ccc(Cc2nc3cc(C(C)O)ccc3n2CC2CC2)cc1
CCn1cc(S(=O)(=O)Cl)cn1.CN(Cc1c[nH]c(-c2cccnc2F)c1F)C(=O)OC(C)(C)C,CCn1cc(S(=O)(=O)n2cc(CN(C)C(=O)OC(C)(C)C)c(F)c2-c2cccnc2F)cn1
CCCCN(CCCC)C(=O)COCc1ccccc1,CCCCN(CCCC)C(=O)CO
O=C(Nc1cn2nc(Cl)ccc2n1)OCC(Cl)(Cl)Cl.c1ccc(-c2nsc(N3CCNCC3)n2)cc1,O=C(Nc1cn2nc(Cl)ccc2n1)N1CCN(c2nc(-c3ccccc3)ns2)CC1
CS(=O)(=O)Cl.C[C@H](CO)NC(=O)OC(C)(C)C,C[C@H](COS(C)(=O)=O)NC(=O)OC(C)(C)C
CC(C)c1ccc(N)cc1.CC1(C)CN(c2ccccc2)C(CC(=O)O)C(=O)O1,CC(C)c1ccc(NC(=O)CC2C(=O)OC(C)(C)CN2c2ccccc2)cc1
CN1CCNCC1.Cc1cccc2cc(Cl)[nH]c(=O)c12,Cc1cccc2cc(N3CCN(C)CC3)[nH]c(=O)c12
COC(=O)c1cccc2c1ccn2Cc1nc(-c2ccccc2)oc1C,Cc1oc(-c2ccccc2)nc1Cn1ccc2c(CO)cccc21
CC1CCC(C)N1.O=C(O)c1ccc(F)c([N+](=O)[O-])c1,CC1CCC(C)N1c1ccc(C(=O)O)cc1[N+](=O)[O-]
CN1CCN(c2ccc(Nc3ccn4ncc(C=O)c4n3)cc2)CC1.O=C1CNC(=O)N1,CN1CCN(c2ccc(Nc3ccn4ncc(C=C5NC(=O)NC5=O)c4n3)cc2)CC1
Cc1ccnc(Nc2ncc(Sc3ccnc(C(=O)O)c3F)s2)c1.NCC1(c2ccccc2)CCOCC1,Cc1ccnc(Nc2ncc(Sc3ccnc(C(=O)NCC4(c5ccccc5)CCOCC4)c3F)s2)c1
O=[N+]([O-])c1ccc(Cl)nc1Cl,Nc1ccc(Cl)nc1Cl
Cc1cncc(N)n1.O=C(Br)CBr,Cc1cncc(NC(=O)CBr)n1
CN(C(=O)OC(C)(C)C)c1cc(Cl)ccc1[N+](=O)[O-].Oc1ccc(-n2ccnc2)cc1,CN(C(=O)OC(C)(C)C)c1cc(Oc2ccc(-n3ccnc3)cc2)ccc1[N+](=O)[O-]
Cc1ccccc1NC(=NC#N)N1CCNC(c2ccccc2)C1.O=S(=O)(Cl)c1ccc(Cl)cc1,Cc1ccccc1NC(=NC#N)N1CCN(S(=O)(=O)c2ccc(Cl)cc2)C(c2ccccc2)C1
COC(=O)Cc1cccc(O)c1.OCCCl,COC(=O)Cc1cccc(OCCCl)c1
COc1cc2nc[nH]c(=O)c2cc1OC.OCCBr,COc1cc2ncn(CCO)c(=O)c2cc1OC
CC(=O)c1cccc(B(O)O)c1.O=S(=O)(Oc1cccc(-c2ccccc2)c1OCc1ccccc1)C(F)(F)F,CC(=O)c1cccc(-c2cccc(-c3ccccc3)c2OCc2ccccc2)c1
CCCN.Cc1ccc2nc(-c3cc([N+](=O)[O-])ccc3F)oc2c1,CCCNc1ccc([N+](=O)[O-])cc1-c1nc2ccc(C)cc2o1
COC(=O)c1cc(Cl)cc(I)c1.CS(=O)[O-],COC(=O)c1cc(Cl)cc(S(C)(=O)=O)c1
CNCC=O.O=C=Nc1nnc(C2CCCCCC2)s1,CN(CC=O)C(=O)Nc1nnc(C2CCCCCC2)s1
COC(=O)c1ccc2c(C3CCCCC3)c(B3OC(C)(C)C(C)(C)O3)[nH]c2c1.O=[N+]([O-])c1cccc(Br)c1OCCOC1CCCCO1,COC(=O)c1ccc2c(C3CCCCC3)c(-c3cccc([N+](=O)[O-])c3OCCOC3CCCCO3)[nH]c2c1
CN1CCC(=O)CC1.Cc1csc2ccc(NN)cc12,Cc1csc2ccc3[nH]c4c(c3c12)CN(C)CC4
CNC.CSc1nc(Cl)cc(Cl)n1,CSc1nc(Cl)cc(N(C)C)n1
CC(N)c1ccc(O)cc1.Fc1cnc(Cl)nc1Cl,CC(Nc1nc(Cl)ncc1F)c1ccc(O)cc1
C#CCNC(=O)c1cccc(F)c1Nc1nc(Cl)ncc1Cl.CC(C)OC(=O)N1CCCOc2cc(N)ccc21,C#CCNC(=O)c1cccc(F)c1Nc1nc(Nc2ccc3c(c2)OCCCN3C(=O)OC(C)C)ncc1Cl
CC1CC1CBr.Cc1cc(C(=O)CCc2ccc(F)cc2F)[nH]c1C,Cc1cc(C(=O)CCc2ccc(F)cc2F)n(CC2CC2C)c1C
Cn1c(=O)c(C(=O)NCC(=O)OC(C)(C)C)c(O)c2ccc(-c3cccc(C#N)c3)cc21,Cn1c(=O)c(C(=O)NCC(=O)O)c(O)c2ccc(-c3cccc(C#N)c3)cc21
CNc1nc(C)c(S(N)(=O)=O)s1.O=C(O)Cc1ccc(-c2ccccn2)cc1,Cc1nc(N(C)C(=O)Cc2ccc(-c3ccccn3)cc2)sc1S(N)(=O)=O
CC[Si](C#C[C@H](C)COCc1ccccc1)(CC)CC.COC(=O)C(C)(C)c1cnc(N)c(I)c1,CC[Si](CC)(CC)c1[nH]c2ncc(C(C)(C)C(=O)OC)cc2c1[C@H](C)COCc1ccccc1
BrCCOCCBr.Cc1c(Cn2c(C(C)C)nc3c(Br)cc(N)cc32)cccc1C(F)(F)F,Cc1c(Cn2c(C(C)C)nc3c(Br)cc(N4CCOCC4)cc32)cccc1C(F)(F)F
C=C(C)C.O=C(O)CCCOCc1ccccc1,CC(C)(C)OC(=O)CCCOCc1ccccc1
COC(=O)[C@@H](NC(=O)c1cc2ccccc2cc1NC(=O)OC(C)(C)C)C1CCCCC1,COC(=O)[C@@H](NC(=O)c1cc2ccccc2cc1N)C1CCCCC1
CCOC(=O)c1c(O)c2cccnc2n(OCc2ccccc2)c1=O.NCc1ccc(F)cc1,O=C(NCc1ccc(F)cc1)c1c(O)c2cccnc2n(OCc2ccccc2)c1=O
FC(F)Cl.Sc1nnc(-c2ccc(Cl)cc2)s1,FC(F)Sc1nnc(-c2ccc(Cl)cc2)s1
CC(C)(C)OC(=O)CC(=O)c1cccc(-n2cccn2)c1.CN(C)c1cc(NC(=O)OC(C)(C)C)c(N)cc1C(F)(F)F,CN(C)c1cc(NC(=O)OC(C)(C)C)c(NC(=O)CC(=O)c2cccc(-n3cccn3)c2)cc1C(F)(F)F
COc1cc(CCN)ccc1OCc1ccccc1.Cc1ccc(CC(=O)Cl)cc1,COc1cc(CCNC(=O)Cc2ccc(C)cc2)ccc1OCc1ccccc1
CC(=O)CCCCC(=O)O,CC(O)CCCCC(=O)O
CC(C)COc1ncc(N2CCOc3cc4c(N)noc4cc32)cc1Cl.CS(=O)(=O)Cl,CC(C)COc1ncc(N2CCOc3cc4c(NS(C)(=O)=O)noc4cc32)cc1Cl
COc1ccnc(Cl)n1.Cc1nc(C#Cc2ccnc(Cl)c2)c[nH]1,COc1ccnc(-n2cc(C#Cc3ccnc(Cl)c3)nc2C)n1
Cc1ccc([N+](=O)[O-])cc1Br.OB(O)c1ccncc1Cl,Cc1ccc([N+](=O)[O-])cc1-c1ccncc1Cl
CN1CCNCC1.Nc1ccc(Oc2ccnc3cc(I)sc23)c(F)c1,CN1CCN(c2cc3nccc(Oc4ccc(N)cc4F)c3s2)CC1
O=C(O)C1c2ccccc2Oc2ccccc21,OCC1c2ccccc2Oc2ccccc21
COC(=O)C(NC(=O)c1cc2ccccc2cc1NC(=O)OC(C)(C)C)[C@@H]1CC[C@@H](C(F)(F)F)CC1,COC(=O)C(NC(=O)c1cc2ccccc2cc1N)[C@@H]1CC[C@@H](C(F)(F)F)CC1
CC1(C)OB(c2ccc3ncsc3c2)OC1(C)C.COC(=O)C(OC(C)(C)C)c1c(C)nc2sc3c(c2c1Cl)CCCC3,COC(=O)C(OC(C)(C)C)c1c(C)nc2sc3c(c2c1-c1ccc2ncsc2c1)CCCC3
C=C(CO)c1ccccc1.CS(=O)(=O)Cl,C=C(COS(C)(=O)=O)c1ccccc1
N#CC(C#N)=Cc1ccc(OC(F)(F)F)cc1,N#CC(C#N)Cc1ccc(OC(F)(F)F)cc1
O=C(OCc1ccccc1)N1CC[C@@H](c2ccccc2)C[C@H]1C1CCCC(F)(F)C1,FC1(F)CCCC([C@@H]2C[C@H](c3ccccc3)CCN2)C1
BrC(Br)(Br)Br.CN(C)c1ccc(CCO)cc1,CN(C)c1ccc(CCBr)cc1
CI.c1ccc(CN2C3CCNCC2CC3)cc1,CN1CCC2CCC(C1)N2Cc1ccccc1
CC(NC(=O)OCc1ccccc1)c1nc2cnccn2c1-c1ccccn1,CC(N)c1nc2cnccn2c1-c1ccccn1
O=[N+]([O-])c1cnc2[nH]c(CO)nc2c1,Nc1cnc2[nH]c(CO)nc2c1
COC(=O)c1cccc(OCC(=O)O)c1.N#Cc1ccc(N)cc1,COC(=O)c1cccc(OCC(=O)Nc2ccc(C#N)cc2)c1
C#Cc1ccccc1.O=c1c(Br)cc(-c2ccccn2)cn1-c1ccccc1,O=c1c(C#Cc2ccccc2)cc(-c2ccccn2)cn1-c1ccccc1
CC(C)(C)OC(=O)N(CCOc1cc(Cl)cc(C(=O)O)c1)c1ccncc1.N#CCCNc1ccccc1F,CC(C)(C)OC(=O)N(CCOc1cc(Cl)cc(C(=O)N(CCC#N)c2ccccc2F)c1)c1ccncc1
O=C=Nc1ncc(Br)s1.O=CCNCCl,O=CCN(CCl)C(=O)Nc1ncc(Br)s1
CC(C)I.OCc1cccc(O)c1,CC(C)Oc1cccc(CO)c1
CCc1cccc(CC)c1NC(=O)c1cc(-c2ccnc(Nc3ccc(Br)cc3OC)n2)n(C)n1.CN1CCNCC1,CCc1cccc(CC)c1NC(=O)c1cc(-c2ccnc(Nc3ccc(N4CCN(C)CC4)cc3OC)n2)n(C)n1
NC(c1ccccn1)C(O)c1ccccc1.O=C(Cl)CCCCl,O=C1CCCN1C(c1ccccn1)C(O)c1ccccc1
CC(C)(C)OC(=O)N1CC[C@@H](n2nc(-c3ccc(C(=O)Nc4cc(C(F)(F)F)ccn4)cc3)c3c(N)ncnc32)C1,Nc1ncnc2c1c(-c1ccc(C(=O)Nc3cc(C(F)(F)F)ccn3)cc1)nn2[C@@H]1CCNC1
COC(=O)C1CCC2C=Cc3ccccc3C(=O)N2C1,O=C(O)[C@@H]1CC[C@H]2C=Cc3ccccc3C(=O)N2C1
C#C[C@@H](O)CCO.COC(=O)[C@@H](NC(=O)c1ccc(C#CBr)cc1)C(C)(C)N,COC(=O)[C@@H](NC(=O)c1ccc(C#CC#C[C@@H](O)CCO)cc1)C(C)(C)N
NCc1cccc2c1CN(C1CCC(=O)NC1=O)C2=O.O=C(Cl)c1ccccn1,O=C1CCC(N2Cc3c(CNC(=O)c4ccccn4)cccc3C2=O)C(=O)N1
C[C@]12CN(Cc3ccccc3)C(=O)[C@H]1c1ccc(Br)c(Cl)c1CO2,C[C@]12CN(Cc3ccccc3)C[C@H]1c1ccc(Br)c(Cl)c1CO2
CO[C@@H](Cc1ccccc1)Cc1cccc(-c2cncc(OC[C@H]3CCN3C(=O)OC(C)(C)C)c2)c1,CO[C@H](Cc1ccccc1)Cc1cccc(-c2cncc(OC[C@@H]3CCN3)c2)c1
COc1ccc(F)cc1C(C)(C)CC(O)(CNc1cc(C)cc2c1cnn2-c1cccc(C(=O)O)c1)C(F)(F)F.C[C@@H](N)C(N)=O,COc1ccc(F)cc1C(C)(C)CC(O)(CNc1cc(C)cc2c1cnn2-c1cccc(C(=O)N[C@H](C)C(N)=O)c1)C(F)(F)F
NCCNc1ccc(-c2ncc[nH]2)c(-c2ccc(Cl)cc2Cl)n1.Nc1nc(Cl)ccc1[N+](=O)[O-],Nc1nc(NCCNc2ccc(-c3ncc[nH]3)c(-c3ccc(Cl)cc3Cl)n2)ccc1[N+](=O)[O-]
NCC(=O)O.O=C(O)c1ccc(Cl)cc1Cl,O=C(O)CNc1cc(Cl)ccc1C(=O)O
C[C@@H]1CCCN1CCCOc1ccc(-c2nc3c(s2)CN(C(=O)OC(C)(C)C)CC3)cc1,C[C@@H]1CCCN1CCCOc1ccc(-c2nc3c(s2)CNCC3)cc1
CN1CCC(C(=O)OC(c2cccc(F)c2)c2cccc(F)c2)CC1.O=C(CCl)c1cccs1,C[N+]1(CC(=O)c2cccs2)CCC(C(=O)OC(c2cccc(F)c2)c2cccc(F)c2)CC1
CCCC(C(=O)OC)[C@@H]1CCCN(Cc2cc(C(F)(F)F)ccc2C(F)(F)F)[C@H]1c1ccc(C(F)(F)F)cc1,CCCC(C(=O)O)[C@@H]1CCCN(Cc2cc(C(F)(F)F)ccc2C(F)(F)F)[C@H]1c1ccc(C(F)(F)F)cc1
COC(=O)C1=C(O)c2ccccc2S(=O)(=O)N1C.Nc1cccccc1=O,CN1C(C(=O)Nc2cccccc2=O)=C(O)c2ccccc2S1(=O)=O
Cc1cccnc1C.O=C(OO)c1cccc(Cl)c1,Cc1ccc[n+]([O-])c1C
BrC(Br)(Br)Br.CCOP(=O)(OCC)C(Nc1ccc(CCCO)cn1)P(=O)(OCC)OCC,CCOP(=O)(OCC)C(Nc1ccc(CCCBr)cn1)P(=O)(OCC)OCC
O=[N+]([O-])c1ccc(F)cc1.SC1CCCC1,O=[N+]([O-])c1ccc(SC2CCCC2)cc1
O=C(OCc1ccccc1)C1(CN2C[C@H](CO)[C@@H](c3cccc(F)c3)C2)CCCCC1,O=C[C@H]1CN(CC2(C(=O)OCc3ccccc3)CCCCC2)C[C@@H]1c1cccc(F)c1
COC(=O)Cl.Cc1c(Cl)cc(-c2ccc(=O)[nH]n2)cc1Cl,COC(=O)n1nc(-c2cc(Cl)c(C)c(Cl)c2)ccc1=O
CC(C)(C)C(=O)OC(=O)C(C)(C)C.Nc1ccc2c(ccn2-c2ccc(NC(=O)N(O)c3ccc(Cl)c(C(F)(F)F)c3)cc2)c1,CC(C)(C)C(=O)Nc1ccc2c(ccn2-c2ccc(NC(=O)N(O)c3ccc(Cl)c(C(F)(F)F)c3)cc2)c1
C1CNCCN1.O=S(=O)(Cl)c1cccc2cnccc12,O=S(=O)(c1cccc2cnccc12)N1CCNCC1
CCOC(=O)C1CCc2sc3ccccc3c2C1,O=C(O)C1CCc2sc3ccccc3c2C1
Brc1ccn2nccc2n1.CCOC(=O)c1ccc(B(O)O)cc1,CCOC(=O)c1ccc(-c2ccn3nccc3n2)cc1
CCOC(=O)c1c(O)c2ncc(Cc3ccc(F)cc3)cc2n(CC(=O)N(C)C)c1=O.C[C@@H](N)CO,C[C@H](CO)NC(=O)c1c(O)c2ncc(Cc3ccc(F)cc3)cc2n(CC(=O)N(C)C)c1=O
CNC.Cn1c2ccccc2c2c(CC(=O)O)nn(-c3ccccc3)c(=O)c21,CN(C)C(=O)Cc1nn(-c2ccccc2)c(=O)c2c1c1ccccc1n2C
CCN(CC)C(=O)Cc1c(-c2ccc(O)cc2)nn2c(C)cc(C)nc12.Cc1ccc(S(=O)(=O)OCCO)cc1,CCN(CC)C(=O)Cc1c(-c2ccc(OCCOS(=O)(=O)c3ccc(C)cc3)cc2)nn2c(C)cc(C)nc12
CNC.O=c1nc(Cl)ccn1Cc1c(-c2ccc(Cl)cc2)nc2ccccn12,CN(C)c1ccn(Cc2c(-c3ccc(Cl)cc3)nc3ccccn23)c(=O)n1
CC(C)(N=C=O)c1ccc(Cl)c(Cl)c1.CCNC1CCCCC1,CCN(C(=O)NC(C)(C)c1ccc(Cl)c(Cl)c1)C1CCCCC1
C=CCBr.O=[N+]([O-])c1ccc2c(c1)C1CN(C3CCOCC3)CCC1N2,C=CCN1c2ccc([N+](=O)[O-])cc2C2CN(C3CCOCC3)CCC21
Cc1cc(N2CCC(N)CC2)ncn1.Clc1ccc(-c2cc(C3CC3)cn3nc(Br)nc23)cc1,Cc1cc(N2CCC(Nc3nc4c(-c5ccc(Cl)cc5)cc(C5CC5)cn4n3)CC2)ncn1
C1=COCCC1.Oc1ccccc1I,Ic1ccccc1OC1CCCCO1
OCc1cn2c(n1)sc1cc(Cl)ccc12,O=Cc1cn2c(n1)sc1cc(Cl)ccc12
CC(C)(C)OC(=O)N1CCc2c([nH]c3ccccc23)C1.COC(=O)CBr,COC(=O)Cn1c2c(c3ccccc31)CCN(C(=O)OC(C)(C)C)C2
N#CC1CCNCC1.O=C(NCC1CCCCC1)c1c(Cl)ccc2nc(Cl)ccc12,N#CC1CCN(c2ccc3c(C(=O)NCC4CCCCC4)c(Cl)ccc3n2)CC1
CC(C)(C)OC(=O)N1CCn2c(nnc2-c2ncns2)C1,c1nsc(-c2nnc3n2CCNC3)n1
CCOC(=O)C1CN(Cc2ccccc2)CC1c1ccc([N+](=O)[O-])cc1,CCOC(=O)C1CN(Cc2ccccc2)CC1c1ccc(N)cc1
Cc1cccc2c(=O)[nH]c3c(c12)COC(C(C)(C)OCc1ccccc1)C3,Cc1cccc2c(=O)[nH]c3c(c12)COC(C(C)(C)O)C3
COc1cccc([C@H](C)[N+](C)(C)[C@@H](C)c2ccccc2)c1,C[C@@H](c1ccccc1)[N+](C)(C)[C@@H](C)c1cccc(O)c1
CC(C)(C)N.CS(=O)(=O)OC[C@H]1CN(c2ccc(N3CCOCC3=O)cc2)C(=O)O1,CC(C)(C)NC[C@H]1CN(c2ccc(N3CCOCC3=O)cc2)C(=O)O1
NC(=O)C1CCC2CSc3ccccc3C(=O)N2C1,N#CC1CCC2CSc3ccccc3C(=O)N2C1
O=C1COc2ccc(Br)cc2N1,Brc1ccc2c(c1)NCCO2
CN(C)CCCN.Cc1nnc(-c2ccc(C)c(-c3ccc(C(=O)O)cc3)c2)o1,Cc1nnc(-c2ccc(C)c(-c3ccc(C(=O)NCCCN(C)C)cc3)c2)o1
CCCI.O=C1Nc2ccccc2Nc2cscc21,CCCN1C(=O)c2cscc2Nc2ccccc21
Cc1nc(-c2ccccc2)oc1-c1cc(CNC(=O)OC(C)(C)C)[nH]n1,Cc1nc(-c2ccccc2)oc1-c1cc(CN)[nH]n1
NCCCl.O=S(=O)(Cl)c1ccc(Nc2cnnc3cc(Cl)ccc23)cc1,O=S(=O)(NCCCl)c1ccc(Nc2cnnc3cc(Cl)ccc23)cc1
Cc1cc(C)cc(-c2c(OCCC3CCCCN3C(=O)OC(C)(C)C)c3cc(C=Nc4ccncn4)c(Cl)cc3[nH]c2=O)c1,Cc1cc(C)cc(-c2c(OCCC3CCCCN3C(=O)OC(C)(C)C)c3cc(CNc4ccncn4)c(Cl)cc3[nH]c2=O)c1
NN.O=C(O)[C@](O)(c1ccccc1)C1CCCCC1,NNC(=O)[C@](O)(c1ccccc1)C1CCCCC1
CS(=O)(=O)Cl.N#Cc1cccc(-c2nc(N)c3cc(CCO)sc3n2)c1,CS(=O)(=O)OCCc1cc2c(N)nc(-c3cccc(C#N)c3)nc2s1
CCNc1ccc(C#N)cc1N.O=C(O)Cc1ccnn1-c1cccc(F)c1,CCn1c(Cc2ccnn2-c2cccc(F)c2)nc2cc(C#N)ccc21
C1CCN(C2CCNCC2)CC1.COC(=O)C(Cc1cnc(OC)nc1)NC(=O)N1CCC(N2Cc3ccccc3NC2=O)CC1,COc1ncc(CC(NC(=O)N2CCC(N3Cc4ccccc4NC3=O)CC2)C(=O)N2CCC(N3CCCCC3)CC2)cn1
CN(C)C(=O)[C@@H](N)CC1CC1.O=C(O)c1ccc(N2CC(F)(F)C2)c(OCC2CC2)n1,CN(C)C(=O)[C@H](CC1CC1)NC(=O)c1ccc(N2CC(F)(F)C2)c(OCC2CC2)n1
CS(=O)(=O)Cl.Cc1noc(=O)n1CC=CCCO,Cc1noc(=O)n1CC=CCCOS(C)(=O)=O
COc1ccc([N+](=O)[O-])cc1OCC(=O)N1CCC(C)CC1,COc1ccc([N+](=O)[O-])cc1OCCN1CCC(C)CC1
COC(=O)C1(C)CCN(C(=O)OC(C)(C)C)CC1,COC(=O)C1(C)CCNCC1
CC(C)(C)OC(=O)C(C)(C)Sc1ccc(CCN(CC(=O)O)Cc2ccco2)cc1.COc1cc(C)c(N)cc1C,COc1cc(C)c(NC(=O)CN(CCc2ccc(SC(C)(C)C(=O)OC(C)(C)C)cc2)Cc2ccco2)cc1C
C=CCOC1(C)CCN(c2c([C@H](OC(C)(C)C)C(=O)OCC)c(C)nc3cc(CO)nn23)CC1.CS(=O)(=O)Cl,C=CCOC1(C)CCN(c2c([C@H](OC(C)(C)C)C(=O)OCC)c(C)nc3cc(COS(C)(=O)=O)nn23)CC1
O=[N+]([O-])c1cc(Br)ccc1Cl,Nc1cc(Br)ccc1Cl
CCOC(=O)[C@H]1O[C@@H]1C(=O)NC(c1ccccc1)c1ccccc1,O=C(O)[C@H]1O[C@@H]1C(=O)NC(c1ccccc1)c1ccccc1
CCOC(=O)Cl.CCOC(C(=O)NCc1ccc(C(=N)N)cc1)c1c(F)cc(-c2ccc(N)nc2)cc1F,CCOC(=O)N=C(N)c1ccc(CNC(=O)C(OCC)c2c(F)cc(-c3ccc(N)nc3)cc2F)cc1
C1COCCN1.O=CCCc1nc2cc3c(cc2[n+]([O-])n1)CCO3,[O-][n+]1nc(CCCN2CCOCC2)nc2cc3c(cc21)CCO3
COC(=O)[C@H]1N(C(=O)OC(C)(C)C)CC(F)(F)C1(C)C,CC(C)(C)OC(=O)N1CC(F)(F)C(C)(C)[C@H]1C(=O)O
NC(=O)c1ccc(Oc2ccc(C=O)cc2Cl)cn1.NCCc1cccnc1,NC(=O)c1ccc(Oc2ccc(CNCCc3cccnc3)cc2Cl)cn1
CNC(=O)c1cccc(F)c1Nc1nc(Cl)ncc1Cl.COCCN1CCc2ccc(N)cc2CC1,CNC(=O)c1cccc(F)c1Nc1nc(Nc2ccc3c(c2)CCN(CCOC)CC3)ncc1Cl
CC(C)C(=O)Nc1cccc(C2CCN(CC[C@H](N)c3ccccc3)CC2)c1.O=C(Cl)c1cccs1,CC(C)C(=O)Nc1cccc(C2CCN(CC[C@H](NC(=O)c3cccs3)c3ccccc3)CC2)c1
CCOC(=O)c1c[nH]nc1N.ICI,CCOC(=O)c1c[nH]nc1I
Nc1cccc(N)c1.O=[N+]([O-])c1ccc(Cl)nc1Cl,Nc1cccc(Nc2nc(Cl)ccc2[N+](=O)[O-])c1
COCCN.O=Cc1ccc(-c2noc(-c3nnn(-c4ccccc4F)c3-c3ccncc3)n2)cc1,COCCNCc1ccc(-c2noc(-c3nnn(-c4ccccc4F)c3-c3ccncc3)n2)cc1
COc1ccc2c(Nc3c(Cl)cncc3Cl)cc(=O)oc2c1O.O=[N+]([O-])c1ccc(CBr)cc1,COc1ccc2c(Nc3c(Cl)cncc3Cl)cc(=O)oc2c1OCc1ccc([N+](=O)[O-])cc1
CC(=O)NCCc1cccc2cc(CCl)oc12.COc1ccccc1COCCCOc1ccc(C2CCN(C(=O)OC(C)(C)C)CC2O)cc1,COc1ccccc1COCCCOc1ccc(C2CCN(C(=O)OC(C)(C)C)CC2OCc2cc3cccc(CCNC(C)=O)c3o2)cc1
CCC(O)(c1nnc(N)o1)C(F)(F)F.CCOC(=O)c1cn2cc(C=O)ccc2c1-c1ccc(F)cc1,CCOC(=O)c1cn2cc(CNc3nnc(C(O)(CC)C(F)(F)F)o3)ccc2c1-c1ccc(F)cc1
CCCCCCn1c2ccc(Br)cc2c2cc(Br)ccc21.CCC[CH2][Sn]([CH2]CCC)([CH2]CCC)[c]1cccn1C,CCCCCCn1c2ccc(Br)cc2c2cc(-c3cccn3C)ccc21
Clc1ncc(Br)c(Nc2ccccc2)n1.Nc1ccc(CC(=O)O)cc1,O=C(O)Cc1ccc(Nc2ncc(Br)c(Nc3ccccc3)n2)cc1
C[C@H](Oc1ccc(C#N)cn1)[C@H]1CN(Cc2ccccc2)C[C@@H]1c1ccc(F)c(Cl)c1,C[C@H](Oc1ccc(C#N)cn1)[C@H]1CNC[C@@H]1c1ccc(F)c(Cl)c1
CCOC(=O)c1ccc(B(O)O)cc1.FC(F)(F)c1ccc(Cl)cc1CN1CCNc2ncc(I)cc21,CCOC(=O)c1ccc(-c2cnc3c(c2)N(Cc2cc(Cl)ccc2C(F)(F)F)CCN3)cc1
CC[C@@H](N)CC(=O)O.FC(F)(F)c1ccc(Br)cc1,CC[C@H](CC(=O)O)Nc1ccc(C(F)(F)F)cc1
COC(=O)Cl.Nc1ccc(-c2noc(-c3ccccn3)n2)cc1,COC(=O)Nc1ccc(-c2noc(-c3ccccn3)n2)cc1
CC(C)CN(c1cccc(C(O)(C#CC=O)C(F)(F)F)c1)S(=O)(=O)c1ccccc1.CC(C)N,CC(C)CN(c1cccc(C(O)(C#CCNC(C)C)C(F)(F)F)c1)S(=O)(=O)c1ccccc1
CC(=O)Cl.CCC1(CC)CC(C)(C)c2cc(Br)ccc2O1,CCC1(CC)CC(C)(C)c2cc(Br)cc(C(C)=O)c2O1
CC1(C)CC(=O)c2ccccc21.[NH4+],CC1(C)CC(N)c2ccccc21
COC(=O)c1c(CN2CCC(N3CCCCC3=O)CC2)c(-c2ccccc2)nc2ccccc12,O=C(O)c1c(CN2CCC(N3CCCCC3=O)CC2)c(-c2ccccc2)nc2ccccc12
Nc1ccccc1/C=C/c1n[nH]c2ccccc12.O=C1OC(=O)C2=C1CCCC2,O=C1C2=C(CCCC2)C(=O)N1c1ccccc1/C=C/c1n[nH]c2ccccc12
CN1CC(c2cnc(N)c(Br)c2)CCC1=O.O=C(N[C@H](CO)c1cccc(Cl)c1)c1ccc(B(O)O)cc1F,CN1CC(c2cnc(N)c(-c3ccc(C(=O)N[C@H](CO)c4cccc(Cl)c4)c(F)c3)c2)CCC1=O
CS(=O)(=O)Cl.O,CS(=O)(=O)O
COC(=O)c1sc(Br)c(Br)c1Cl,COC(=O)c1scc(Br)c1Cl
CCOC(=O)CCc1ccccc1COCCN1CCCC1,O=C(O)CCc1ccccc1COCCN1CCCC1
COc1ccc2ncc(=O)n(CCN3CCC(N)CC3)c2n1.O=Cc1ccc2c(n1)NC(=O)CS2,COc1ccc2ncc(=O)n(CCN3CCC(NCc4ccc5c(n4)NC(=O)CS5)CC3)c2n1
COC(=O)c1ccc(NC(=O)c2sc3ccc(OC)cc3c2OC(C)C)cc1,COc1ccc2sc(C(=O)Nc3ccc(C(=O)O)cc3)c(OC(C)C)c2c1
COC(=O)c1ccc(CO[C@H]2C[C@@H](C(=O)N[C@@H]3CCCc4ccccc43)N(C(=O)OC(C)(C)C)C2)cc1,COC(=O)c1ccc(CO[C@@H]2CN[C@H](C(=O)N[C@@H]3CCCc4ccccc43)C2)cc1
CCC(CC)(c1ccc(O)c(C)c1)c1ccc(C#CC2(O)CCCC2)c(C)c1,CCC(CC)(c1ccc(O)c(C)c1)c1ccc(/C=C/C2(O)CCCC2)c(C)c1
Cc1ccc(S(=O)(=O)Cl)cc1.OCC(F)(F)C(F)F,Cc1ccc(S(=O)(=O)OCC(F)(F)C(F)F)cc1
CC(C)(C)OC(=O)N1CCC(=O)CC1.O=C(O)[C@@H]1CCCCN1,CC(C)(C)OC(=O)N1CCC(N2CCCCC2C(=O)O)CC1
CC(C)CN([C@H](CO)CCCNC(=O)[C@@H](N)Cc1cccc2ccccc12)S(=O)(=O)c1ccc(N)cc1.COC(=O)C(=O)Cl,COC(=O)C(=O)N[C@@H](Cc1cccc2ccccc12)C(=O)NCCC[C@@H](CO)N(CC(C)C)S(=O)(=O)c1ccc(N)cc1
CCOC(=O)c1c(OS(=O)(=O)C(F)(F)F)nc2ccc(Cl)cc2c1Cc1ccccc1Cl.CNC,CCOC(=O)c1c(N(C)C)nc2ccc(Cl)cc2c1Cc1ccccc1Cl
COC(=O)c1cc(C2CC2)c(OCC2CCNCC2)cc1F.Nc1ccc(F)cc1C(=O)O,COC(=O)c1cc(C2CC2)c(OCC2CCN(C(=O)c3cc(F)ccc3N)CC2)cc1F
FC(F)(F)c1ccc2c(SCc3ccccc3CBr)ccnc2c1.O=c1cc(CN2CCOCC2)occ1O,O=c1cc(CN2CCOCC2)occ1OCc1ccccc1CSc1ccnc2cc(C(F)(F)F)ccc12
CCCCCCCCCCCCCCCCCCN(C)C(=O)c1ccccc1CO.Cc1ccc(S(=O)(=O)Cl)cc1,CCCCCCCCCCCCCCCCCCN(C)C(=O)c1ccccc1COS(=O)(=O)c1ccc(C)cc1
CCCCCCCCCCCCCCCCCCOc1cc(C(=O)O)cc([N+](=O)[O-])c1.COC(=O)CNCC(=O)OC,CCCCCCCCCCCCCCCCCCOc1cc(C(=O)N(CC(=O)OC)CC(=O)OC)cc([N+](=O)[O-])c1
Cc1ccc(NC(=O)c2cccc(Cl)c2)cc1OC(=O)c1cccc(Cl)c1,Cc1ccc(NC(=O)c2cccc(Cl)c2)cc1O
Nc1c[nH]c2cccnc12.ON=C(CCl)CCCl,O/N=C1/CCN(c2c[nH]c3cccnc23)C1
CC(C)(C)OC(=O)c1ccc(-c2ccccc2)cc1NC(=O)c1ccc(I)cc1OCc1ccccc1.CNCCN(C)C,CN(C)CCN(C)c1ccc(C(=O)Nc2cc(-c3ccccc3)ccc2C(=O)OC(C)(C)C)c(OCc2ccccc2)c1
Cc1ccc(S(=O)(=O)Cl)cc1.OCCC1(O)CCCCC1,Cc1ccc(S(=O)(=O)OCCC2(O)CCCCC2)cc1
COC(=O)c1ccc2c(c1)OCC1C2=NN(c2ccc(C#N)c(C)c2)C1C1=CCCC1,Cc1cc(N2N=C3c4ccc(C(=O)O)cc4OCC3C2C2=CCCC2)ccc1C#N
Nc1cc(C(F)(F)F)ccc1O.O=C(O)c1ccncc1I,O=C(Nc1cc(C(F)(F)F)ccc1O)c1ccncc1I
COc1cc2oc(=O)c3c(c2cc1OC)CCNC3.ClCCN1CC2CCCC(C2)C1,COc1cc2oc(=O)c3c(c2cc1OC)CCN(CCN1CC2CCCC(C2)C1)C3
COc1ccc(C(=O)CBr)cc1.N#Cc1ccccc1-c1cc(F)c(Cn2c(=O)[nH]c(=O)c3cc(CC(F)(F)F)sc32)c(F)c1,COc1ccc(C(=O)Cn2c(=O)c3cc(CC(F)(F)F)sc3n(Cc3c(F)cc(-c4ccccc4C#N)cc3F)c2=O)cc1
CCOC(=O)Cn1c2c(c3ccccc31)CN(C(=O)OC(C)(C)C)CC2,CC(C)(C)OC(=O)N1CCc2c(c3ccccc3n2CC(=O)O)C1
COc1cc([N+](=O)[O-])c(C#N)cc1OCc1ccccc1,COc1cc(N)c(C#N)cc1OCc1ccccc1
C[C@H](NC(=O)c1cc(C(F)(F)F)cnc1Cl)c1ccc(F)cc1.NCc1ccc(-c2cnc3[nH]ncc3c2)cc1,C[C@H](NC(=O)c1cc(C(F)(F)F)cnc1NCc1ccc(-c2cnc3[nH]ncc3c2)cc1)c1ccc(F)cc1
CC1(C)OC2CNCC2O1.N#Cc1ccc(C(=O)NCc2ccc(OCC(=O)O)cc2)cc1,CC1(C)OC2CN(C(=O)COc3ccc(CNC(=O)c4ccc(C#N)cc4)cc3)CC2O1
CC(C)Cn1cnc2c(N)nc3ccc(C=Cc4ccncc4)cc3c21,CC(C)Cn1cnc2c(N)nc3ccc(CCc4ccncc4)cc3c21
CCCCCCC/C=C/C=C(\CC(=O)OC)C(=O)OC.O=C(OO)c1cccc(Cl)c1,CCCCCCCC1OC1/C=C(\CC(=O)OC)C(=O)OC
COc1ccc(-c2cc(=O)c3ccc(O)cc3o2)cc1,O=c1cc(-c2ccc(O)cc2)oc2cc(O)ccc12
COc1cc2c(cc1OC)N(Cc1ccccc1)C(=O)N(CCCCl)CC2.NCCNc1cc(Cl)c(N)c(Cl)c1,COc1cc2c(cc1OC)N(Cc1ccccc1)C(=O)N(CCCNCCNc1cc(Cl)c(N)c(Cl)c1)CC2
Clc1ncccn1.NCCCNc1cc(C(c2cc(F)ccc2F)S(=O)(=O)c2ccc(Cl)cc2)c(Cl)cn1,O=S(=O)(c1ccc(Cl)cc1)C(c1cc(F)ccc1F)c1cc(NCCCNc2ncccn2)ncc1Cl
COc1cc(C(=O)N[C@H](C)CO)ccc1[N+](=O)[O-].CS(=O)(=O)Cl,COc1cc(C(=O)N[C@H](C)COS(C)(=O)=O)ccc1[N+](=O)[O-]
C1CCNC1.CCOC(=O)N1c2ccc(OC)nc2[C@@H](Nc2ncc(Br)c(Cc3cc(C(F)(F)F)cc(C(F)(F)F)c3)n2)C[C@H]1CC,CCOC(=O)N1c2ccc(OC)nc2[C@@H](Nc2ncc(N3CCCC3)c(Cc3cc(C(F)(F)F)cc(C(F)(F)F)c3)n2)C[C@H]1CC
CCOc1ccc2[nH]c(=O)n(C3CCCC3)c2c1.COC(=O)c1ccc(S(=O)(=O)Cl)c(OC)c1,CCOc1ccc2c(c1)n(C1CCCC1)c(=O)n2S(=O)(=O)c1ccc(C(=O)OC)cc1OC
FC(F)(F)c1nc2cc(Cl)c(I)cc2[nH]1.OB(O)c1ccc(Cl)cc1Cl,FC(F)(F)c1nc2cc(Cl)c(-c3ccc(Cl)cc3Cl)cc2[nH]1
Cc1cccc(-n2nnn(C)c2=O)c1CBr.Oc1ccn(-c2cccc(F)c2)n1,Cc1cccc(-n2nnn(C)c2=O)c1COc1ccn(-c2cccc(F)c2)n1
COc1ccc(-c2cnc(NC(=O)Cc3ccccc3)c(Cc3ccccc3)n2)cc1,O=C(Cc1ccccc1)Nc1ncc(-c2ccc(O)cc2)nc1Cc1ccccc1
O=C1NC(=O)C(=Cc2ccccn2)S1,O=C1NC(=O)C(Cc2ccccn2)S1
O=C(O)c1cc([N+](=O)[O-])ccc1Br,O=[N+]([O-])c1ccc(Br)c(CO)c1
CC(C)I.COC(=O)c1ccc(O)cc1O,COC(=O)c1ccc(OC(C)C)cc1O
CC1(C)OB(c2ccc(OC3CCN(C4COC4)CC3)cc2)OC1(C)C.O=C(Nc1ccc2[nH]nc(I)c2c1)C(c1ccsc1)N1CCCC1,O=C(Nc1ccc2[nH]nc(-c3ccc(OC4CCN(C5COC5)CC4)cc3)c2c1)C(c1ccsc1)N1CCCC1
N#CCO.O=[N+]([O-])c1cccc(S(=O)(=O)Cl)c1,N#CCOS(=O)(=O)c1cccc([N+](=O)[O-])c1
CCOC(=O)CCNC(=O)c1cn2nc(Cl)ccc2n1.NCCCN1CCC(OC(c2ccccc2)c2ccccc2)CC1,CCOC(=O)CCNC(=O)c1cn2nc(NCCCN3CCC(OC(c4ccccc4)c4ccccc4)CC3)ccc2n1
CC1(C)OCc2cc([C@@H]3CN(CCc4ccc5c(c4)O[C@H](COCc4cncc(Br)c4)CO5)C(=O)O3)ccc2O1.CS(=O)c1ccc(B(O)O)cc1,CS(=O)c1ccc(-c2cncc(COC[C@@H]3COc4ccc(CCN5C[C@@H](c6ccc7c(c6)COC(C)(C)O7)OC5=O)cc4O3)c2)cc1
CC(C)(C)OC(=O)NCc1ccc(Br)cc1.CC1(C)OB(c2ccoc2)OC1(C)C,CC(C)(C)OC(=O)NCc1ccc(-c2ccoc2)cc1
CCCCCCCCC1(CCCCCCCC)c2ccccc2-c2ccc(C(=O)Cl)cc21.NNC(=O)c1cc(Cl)ccc1Cl,CCCCCCCCC1(CCCCCCCC)c2ccccc2-c2ccc(C(=O)NNC(=O)c3cc(Cl)ccc3Cl)cc21
CCn1nc(CO)c(=O)c2c(Cl)c(OCc3ccc(OC)cc3)c(OCc3ccc(OC)cc3)cc21,CCn1nc(C=O)c(=O)c2c(Cl)c(OCc3ccc(OC)cc3)c(OCc3ccc(OC)cc3)cc21
CC(C)(C)[Si](C)(C)Oc1ccc(-c2ccc(C=O)cn2)cc1C12CC3CC(CC(C3)C1)C2,O=Cc1ccc(-c2ccc(O)c(C34CC5CC(CC(C5)C3)C4)c2)nc1
C[C@@H](NC(=O)c1cn(COCC[Si](C)(C)C)c2ncc(Br)nc12)C(=O)N1CC(C#N)C1.O=C(O)c1cccc(B(O)O)c1,C[C@@H](NC(=O)c1cn(COCC[Si](C)(C)C)c2ncc(-c3cccc(C(=O)O)c3)nc12)C(=O)N1CC(C#N)C1
Fc1ccc(C(F)F)c(CN2CCN(c3ccc4nnc(C(F)(F)F)n4n3)CC2)c1,Fc1ccc(C(F)F)c(CN2CCN(c3ccc4nnc(C(F)F)n4n3)CC2)c1
C=[N+]=[N-].O=C(O)c1cc(-c2c[nH]c3ccccc23)nc2ccccc12,COC(=O)c1cc(-c2c[nH]c3ccccc23)nc2ccccc12
CC(C)(C)OC(=O)N1CCN(c2ccccc2OC2CCCNC2)CC1.O=C(Cl)c1ccccc1,CC(C)(C)OC(=O)N1CCN(c2ccccc2OC2CCCN(C(=O)c3ccccc3)C2)CC1
CC(C)Oc1ccc(-c2nnc(-n3cc4c(n3)CCNC4)s2)cc1C#N.CCOC(=O)CCCBr,CCOC(=O)CCCN1CCc2nn(-c3nnc(-c4ccc(OC(C)C)c(C#N)c4)s3)cc2C1
C1CCNCC1.O=C(CCl)c1cnn(-c2ccc(Cl)cc2)c1,O=C(CN1CCCCC1)c1cnn(-c2ccc(Cl)cc2)c1
CCC(CC)[C@H](NS(=O)(=O)c1ccc(Cl)s1)C(=O)O,CCC(CC)[C@@H](CO)NS(=O)(=O)c1ccc(Cl)s1
CC1(C)NC(=O)N(c2ccc(OC(F)(F)F)cc2)C1=O.Clc1cc(CBr)ccn1,CC1(C)C(=O)N(c2ccc(OC(F)(F)F)cc2)C(=O)N1Cc1ccnc(Cl)c1
COc1ccc(CCC(=O)Cl)cc1OC.NCc1ccc(Cl)cc1,COc1ccc(CCC(=O)NCc2ccc(Cl)cc2)cc1OC
NCC12CC3CC(CC(C3)C1)C2.O=C(O)c1cc(F)ccc1Br,O=C(NCC12CC3CC(CC(C3)C1)C2)c1cc(F)ccc1Br
Cc1nc(N2CCN(Cc3ccc(C(F)F)o3)C2=O)sc1C(=O)O.NCc1cccnc1,Cc1nc(N2CCN(Cc3ccc(C(F)F)o3)C2=O)sc1C(=O)NCc1cccnc1
COC(=O)c1cc2cccc([N+](=O)[O-])c2s1,O=C(O)c1cc2cccc([N+](=O)[O-])c2s1
BrCCCCSc1ccccc1.CC1(C)OC(=O)Nc2ccc(O)cc21,CC1(C)OC(=O)Nc2ccc(OCCCCSc3ccccc3)cc21
COc1nc(Cl)ncc1Br.Nc1cccc(F)c1,COc1nc(Nc2cccc(F)c2)ncc1Br
Cc1ccc(S(=O)(=O)Cl)cc1.OC(CCCCOC1CCCCO1)CCCc1cccnc1,Cc1ccc(S(=O)(=O)OC(CCCCOC2CCCCO2)CCCc2cccnc2)cc1
CN(C)C(=S)Cl.N#Cc1ccc(C(=O)c2cc(C(F)(F)F)ccc2O)cc1,CN(C)C(=S)Oc1ccc(C(F)(F)F)cc1C(=O)c1ccc(C#N)cc1
CC(c1ccc(-c2ccc(Br)c(F)c2)cc1)N1CCCC1.COc1ncc(B(O)O)cn1,COc1ncc(-c2ccc(-c3ccc(C(C)N4CCCC4)cc3)cc2F)cn1
NC(=O)c1cc([N+](=O)[O-])cc([N+](=O)[O-])c1Cl,NC(=O)c1cc([N+](=O)[O-])cc([N+](=O)[O-])c1
NCCCN1CCN(Cc2ccc(Cl)cc2)CC1.S=C=NC1CCCCC1,S=C(NCCCN1CCN(Cc2ccc(Cl)cc2)CC1)NC1CCCCC1
COC(=O)Cc1nc(-c2ccc(OC)cc2)c(-c2ccc(OC)cc2)s1,COc1ccc(-c2nc(CCO)sc2-c2ccc(OC)cc2)cc1
COC(=O)C(C#N)=CC(C)(C)C,COC(=O)C(C#N)CC(C)(C)C
Nc1c(C(O)(C(F)(F)F)C(F)(F)F)ccc2ccccc12.O=C(Cl)c1cccs1,O=C(Nc1c(C(O)(C(F)(F)F)C(F)(F)F)ccc2ccccc12)c1cccs1
Cc1nc2ccccc2[nH]1.Clc1nc(N2CCOCC2)c2sccc2n1,Cc1nc2ccccc2n1-c1nc(N2CCOCC2)c2sccc2n1
O=C(Cl)OCc1ccccc1.O=C(O)C1(C2CCCCC2)CCNCC1,O=C(OCc1ccccc1)N1CCC(C(=O)O)(C2CCCCC2)CC1
CC(=O)Nc1nc(N(C(C)=O)C(C)=O)c(CCC=O)c(=O)[nH]1.CCOC(=O)CC[C@H](NC(=O)c1ccc(N)c(C)c1)C(=O)OCC,CCOC(=O)CC[C@H](NC(=O)c1ccc(NCCCc2c(N(C(C)=O)C(C)=O)nc(NC(C)=O)[nH]c2=O)c(C)c1)C(=O)OCC
CC(C)(C)S(N)=O.Cc1cnc(C#N)c(C(=O)c2cccc(Br)c2)c1,Cc1cnc(C#N)c(C(=NS(=O)C(C)(C)C)c2cccc(Br)c2)c1
O=C(Cl)CO.O=C1Nc2ncccc2C1=Cc1ccc(O)cc1,O=C(CO)Oc1ccc(C=C2C(=O)Nc3ncccc32)cc1
CCOC(OCC)[C@H](C)N(Cc1cccc2cccnc12)C(=O)[C@H](C)NC(=O)OCC1c2ccccc2-c2ccccc21,CCOC(OCC)[C@H](C)N(Cc1cccc2cccnc12)C(=O)[C@H](C)N
CCC(=O)O.CCOC(=O)CC(=O)CCl,CCOC(=O)CC(=O)COC(=O)CC
FC(F)(F)c1cccc(C2CCCNC2)c1.O=CO,O=CN1CCCC(c2cccc(C(F)(F)F)c2)C1
CC(C)(C)OC[C@H](N)C(=O)OC(C)(C)C.O=C(Nc1cccc(-c2ccc(C(=O)O)cc2)c1)OCC1c2ccccc2-c2ccccc21,CC(C)(C)OC[C@H](NC(=O)c1ccc(-c2cccc(NC(=O)OCC3c4ccccc4-c4ccccc43)c2)cc1)C(=O)OC(C)(C)C
CCNCCCN1CCc2cccc3c2C1CC3.Cc1ccc(S(=O)(=O)Cl)cc1,CCN(CCCN1CCc2cccc3c2C1CC3)S(=O)(=O)c1ccc(C)cc1
COC(=O)Cc1ccc(OCC=C(C)CCC=C(C)C)cc1,CC(C)=CCCC(C)=CCOc1ccc(CC(=O)O)cc1
CCOC(=O)c1cc2cccc(Br)c2[nH]1,O=C(O)c1cc2cccc(Br)c2[nH]1
CC(C)(C)OC(=O)N1CCC(N)CC1.O=C1C2CC3CC(C2)CC1C3,CC(C)(C)OC(=O)N1CCC(NC2C3CC4CC(C3)CC2C4)CC1
Cn1cc(-c2ccc(F)cc2)c(C(=O)O)n1.c1ccc2sc(CC3CCCCN3)cc2c1,Cn1cc(-c2ccc(F)cc2)c(C(=O)N2CCCCC2Cc2cc3ccccc3s2)n1
CC(=O)n1ccc2c(I)ccnc21,Ic1ccnc2[nH]ccc12
C[C@@H](O)[C@@H](C)Oc1nc(Cl)ncc1Br.Cc1cc(N)cc(C)c1S(N)(=O)=O,Cc1cc(Nc2ncc(Br)c(O[C@H](C)[C@@H](C)O)n2)cc(C)c1S(N)(=O)=O
COC(=O)c1cc2ccccc2n1N.O=C(N=C=S)c1ccccc1,COC(=O)c1cc2ccccc2n1NC(=S)NC(=O)c1ccccc1
O=[N+]([O-])c1ccc(F)c(Cl)c1.Oc1ccccc1,O=[N+]([O-])c1ccc(Oc2ccccc2)c(Cl)c1
COc1ccc(Oc2ccnc3cc(O)c(OC)cc23)c(C(C)=O)c1.ClCCCBr,COc1ccc(Oc2ccnc3cc(OCCCCl)c(OC)cc23)c(C(C)=O)c1
CCOC(=O)C1CCc2cc(OC)ccc2C1=O,CCOC(=O)C1CCc2cc(OC)ccc2C1
C#CCCn1ccnn1.FC(F)(F)c1ccc(C=Cc2nc(COc3ncc(Br)cn3)co2)cc1,FC(F)(F)c1ccc(C=Cc2nc(COc3ncc(C#CCCn4ccnn4)cn3)co2)cc1
CCOC(=O)C1(c2ccc(-c3ccc(COCc4cccnc4)cc3)cc2)CC1,O=C(O)C1(c2ccc(-c3ccc(COCc4cccnc4)cc3)cc2)CC1
C#Cc1ccccc1.CCOC(=O)c1ccc2nc(C)n(Cc3ccc(I)cc3Cl)c2c1,CCOC(=O)c1ccc2nc(C)n(Cc3ccc(C#Cc4ccccc4)cc3Cl)c2c1
Cc1ccc(F)cc1O.Cn1nccc(NCC(=O)N2CCC(O)CC2)c1=O,Cc1ccc(F)cc1OC1CCN(C(=O)CNc2ccnn(C)c2=O)CC1
C#CCCCOS(C)(=O)=O.c1cnc(N2CCNCC2)nc1,C#CCCCN1CCN(c2ncccn2)CC1
CCOC(=O)CCc1cc(OC(C)C)n[nH]1.Fc1ccc(CBr)c(F)c1,CCOC(=O)CCc1cc(OC(C)C)nn1Cc1ccc(F)cc1F
COC(=O)C=P(c1ccccc1)(c1ccccc1)c1ccccc1.O=Cc1ccc(I)cc1,COC(=O)C=Cc1ccc(I)cc1
CC(C)C1=NCCOc2ccc3c(ccn3S(=O)(=O)c3ccccc3)c21,CC(C)C1NCCOc2ccc3c(ccn3S(=O)(=O)c3ccccc3)c21
COC(=O)c1cncc(Cl)n1.OB(O)c1ccco1,COC(=O)c1cncc(-c2ccco2)n1
Cn1nnc2ccc(CCl)cc21.O=[N+]([O-])c1ccc(Nn2cnnc2)cc1,Cn1nnc2ccc(CN(c3ccc([N+](=O)[O-])cc3)n3cnnc3)cc21
CCO.O=C(O)c1cc(F)cc([N+](=O)[O-])c1,CCOC(=O)c1cc(F)cc([N+](=O)[O-])c1
N[C@@H](CCl)C(=O)O.SC1CCC2(CC1)CCC(CCc1ccoc1)CC2,NC(CSC1CCC2(CCC(CCc3ccoc3)CC2)CC1)C(=O)O
COc1ccc2c(CC(=O)O)coc2c1,COc1ccc2c(c1)OCC2CC(=O)O
CCOC(=O)c1cccnc1Oc1ccc(F)cc1,O=C(O)c1cccnc1Oc1ccc(F)cc1
CC(C)(C)N.CC(C)(C)OC(=O)N1C(Cc2ccccc2)C(CC2CCC(=O)CC2C(=O)O)OC1(C)C,CC(C)(C)NC(=O)C1CC(=O)CCC1CC1OC(C)(C)N(C(=O)OC(C)(C)C)C1Cc1ccccc1
CCOC(=O)c1nn(-c2ccccc2Cl)c(Br)c1C=O.OB(O)c1ccc(C(F)(F)F)cc1,CCOC(=O)c1nn(-c2ccccc2Cl)c(-c2ccc(C(F)(F)F)cc2)c1C=O
C#CC(C)(C)O.Clc1nc(I)nc2[nH]cnc12,CC(C)(O)C#Cc1nc(Cl)c2nc[nH]c2n1
CCOC(=O)CCNC.O=C(O)c1cc[nH]c1,CCOC(=O)CCN(C)C(=O)c1cc[nH]c1
Nc1ccc2[nH]c(=O)c3[nH]ccc3c2c1.O=C(Cl)c1ccccc1,O=C(Nc1ccc2[nH]c(=O)c3[nH]ccc3c2c1)c1ccccc1
CC(=O)c1cc(Cl)c(F)c(Br)c1O.CI,COc1c(C(C)=O)cc(Cl)c(F)c1Br
CN1CCN(c2ccc([N+](=O)[O-])c(N3CCC(F)CC3)c2)CC1,CN1CCN(c2ccc(N)c(N3CCC(F)CC3)c2)CC1
CCN(CC)C(=O)CBr.O=C(O)CCS,CCN(CC)C(=O)CSCCC(=O)O
CC1(C)OC(=O)C(=CC(=O)Cl)O1.NCc1ccc(F)c(F)c1,CC1(C)OC(=O)C(=CC(=O)NCc2ccc(F)c(F)c2)O1
CCI.Cc1[nH]cnc1C=O,CCn1cnc(C=O)c1C
CC(=O)NC(C)(C)c1ccc(Br)cc1.c1cc(OC2CNC2)ccc1OCC1CC1,CC(=O)NC(C)(C)c1ccc(N2CC(Oc3ccc(OCC4CC4)cc3)C2)cc1
COCOCCBr.O=Cc1c(O)ccc(F)c1F,COCOCCOc1ccc(F)c(F)c1C=O
COc1ccc(CO)cc1.Fc1cc(F)cc(Br)c1,COc1ccc(COc2cc(F)cc(Br)c2)cc1
Cc1cnc(N2CCN(C(=O)c3ccc(Cl)nn3)CC2)c(C)c1.O=C1CCCN1,Cc1cnc(N2CCN(C(=O)c3ccc(N4CCCC4=O)nn3)CC2)c(C)c1
Cn1c2c(c3ccc(Br)cc31)CN(C(=O)OC(C)(C)C)CC2.O=c1cc(OCc2ccccc2)cn[nH]1,Cn1c2c(c3ccc(-n4ncc(OCc5ccccc5)cc4=O)cc31)CN(C(=O)OC(C)(C)C)CC2
COC(=O)CSC1CCCc2nc3ccccc3c(N)c21,O=C1CSC2CCCc3nc4ccccc4c(c32)N1
CN(C)C(=O)C1(c2ccccc2)CCCCC1,CN(C)CC1(c2ccccc2)CCCCC1
COc1ccc(C(N)=C(C)C(N)=S)cc1,COc1ccc(-c2nsc(N)c2C)cc1
CCOC(=O)c1cnc2cc(C3CCCCC3)ccc2c1O,O=C(O)c1cnc2cc(C3CCCCC3)ccc2c1O
CCn1cc(-c2cc3nccc(Cl)c3s2)nc1C=O.CNC,CCn1cc(-c2cc3nccc(Cl)c3s2)nc1CN(C)C
C#CC1(C2CCCC2)CC(=O)CC(=O)O1.Cc1cccc(I)c1,Cc1cccc(C#CC2(C3CCCC3)CC(=O)CC(=O)O2)c1
CC(=O)OC(C)=O.O=C1Cc2cc(Cl)ccc2N1,CC(=O)N1C(=O)Cc2cc(Cl)ccc21
CCOc1cc2c(cc1OC)C(c1cccc(C(=O)O)c1)=N[C@@H]1CCSC[C@H]21.COc1c(F)cc(Cn2c(=O)n(C3CCNCC3)c(=O)c3sc(-c4ccccc4)cc32)cc1F,CCOc1cc2c(cc1OC)C(c1cccc(C(=O)N3CCC(n4c(=O)c5sc(-c6ccccc6)cc5n(Cc5cc(F)c(OC)c(F)c5)c4=O)CC3)c1)=N[C@@H]1CCSC[C@H]21
CCOC(=O)c1cc(-c2ccc(C)cn2)n(-c2ccc(Cl)nn2)n1,CCOC(=O)c1cc(-c2ccc(C)cn2)n(-c2cccnn2)n1
COC(=O)c1ccc(C(C)Oc2ccccc2)nc1,CC(Oc1ccccc1)c1ccc(C(=O)O)cn1
COc1ccc(COC2(c3ncc(-c4c(Cl)cnc5c4cc(-c4cnn(CCN6CCCC6)c4)n5S(=O)(=O)c4ccc(C)cc4)s3)COC2)cc1,Cc1ccc(S(=O)(=O)n2c(-c3cnn(CCN4CCCC4)c3)cc3c(-c4cnc(C5(O)COC5)s4)c(Cl)cnc32)cc1
COc1cc(-c2ccccc2)ccc1C(=O)O.Nc1cc(C(F)(F)F)cc(C(F)(F)F)c1,COc1cc(-c2ccccc2)ccc1C(=O)Nc1cc(C(F)(F)F)cc(C(F)(F)F)c1
CCCc1nn(-c2ccc(C(F)(F)F)cn2)cc1CO,CCCc1nn(-c2ccc(C(F)(F)F)cn2)cc1C=O
O=C(Cl)c1ccc(-c2ccccc2)cc1.O=C1OC2(CCNC2)c2ccccc21,O=C1O[C@]2(CCN(C(=O)c3ccc(-c4ccccc4)cc3)C2)c2ccccc21
COC(=O)c1cccc(O)c1.N#Cc1ccc(CBr)cc1,COC(=O)c1cccc(OCc2ccc(C#N)cc2)c1
COC(=O)c1ccc(C(=O)O)nc1.COCCOc1ccc(-c2ccc(C(=O)NN)cc2)cc1,COCCOc1ccc(-c2ccc(C(=O)NNC(=O)c3ccc(C(=O)OC)cn3)cc2)cc1
C#CCO.COC(=O)c1ccccc1I,COC(=O)c1ccccc1C#CCO
CCOC(=O)c1cc(-c2cccc(Cl)c2)c(OCCO)c(-c2cccc(Cl)c2)c1.NCCCCCCCCc1ccccc1,O=C(NCCCCCCCCc1ccccc1)c1cc(-c2cccc(Cl)c2)c(OCCO)c(-c2cccc(Cl)c2)c1
C#C[C@H]1O[C@@H](n2cnc3c(Cl)ncnc32)[C@H](OC(C)=O)[C@@H]1OC(C)=O.CO[C@H]1CC[C@H](N)CC1,C#C[C@H]1O[C@@H](n2cnc3c(N[C@@H]4CC[C@@H](OC)CC4)ncnc32)[C@H](OC(C)=O)[C@@H]1OC(C)=O
CC(C)N1C(=O)c2ccc([N+](=O)[O-])cc2C1=O,CC(C)N1C(=O)c2ccc(N)cc2C1=O
CN.O=Cc1cc(-c2ccccc2)n(S(=O)(=O)c2ccccc2)c1Cl,CNCc1cc(-c2ccccc2)n(S(=O)(=O)c2ccccc2)c1Cl
BrC(Br)(Br)Br.COc1cccc(-c2nn(COCC[Si](C)(C)C)nc2CO)c1,COc1cccc(-c2nn(COCC[Si](C)(C)C)nc2CBr)c1
CCCCCCCCCI.O=Cc1ccc(O)c(OC2CC2)c1,CCCCCCCCCOc1ccc(C=O)cc1OC1CC1
Cc1onc(-c2c(Cl)cncc2Cl)c1C(=O)O.NC1CCCC(CNC(=O)OCc2ccccc2)C1,Cc1onc(-c2c(Cl)cncc2Cl)c1C(=O)NC1CCCC(CNC(=O)OCc2ccccc2)C1
CCC[CH2][Sn]([CH2]CCC)([CH2]CCC)[c]1ccnc(-c2ccc3c(cnn3C)c2)n1.COC(=O)[C@@H](OC(C)(C)C)c1c(C)cc2nc(Br)sc2c1-c1ccc(Cl)cc1,COC(=O)[C@@H](OC(C)(C)C)c1c(C)cc2nc(-c3ccnc(-c4ccc5c(cnn5C)c4)n3)sc2c1-c1ccc(Cl)cc1
NCCNS(=O)(=O)c1cc(Br)cc2cnccc12.c1ccc(B2OCCCO2)cc1,NCCNS(=O)(=O)c1cc(-c2ccccc2)cc2cnccc12
CC(NC(=O)c1cc(N)ncn1)c1ccc(OCC(F)(F)F)nc1.O=C(Cl)C1CC1,CC(NC(=O)c1cc(NC(=O)C2CC2)ncn1)c1ccc(OCC(F)(F)F)nc1
CC(C)(C)OC(=O)C[C@H](NC(=O)OC(C)(C)C)C(=O)O.NC[C@@H]1CC(c2ccc(-c3ccc(N4C[C@H](Cn5ccnn5)OC4=O)cc3F)cn2)=NO1,CC(C)(C)OC(=O)C[C@H](NC(=O)OC(C)(C)C)C(=O)NC[C@@H]1CC(c2ccc(-c3ccc(N4C[C@H](Cn5ccnn5)OC4=O)cc3F)cn2)=NO1
C=Cc1nc(-c2ccccc2)c(CN(Cc2cccc(OCC)c2)Cc2ccc3c(c2)OCCO3)n1CCCC,CCCCn1c(CC)nc(-c2ccccc2)c1CN(Cc1cccc(OCC)c1)Cc1ccc2c(c1)OCCO2
CC[C@H](C)Nc1cc(C(=O)OC)cc(Cl)n1.CS(N)(=O)=O,CC[C@H](C)Nc1cc(C(=O)OC)cc(NS(C)(=O)=O)n1
CCCCCCCCOc1ccc(C(=O)O)cc1C#N.CCCCCC[C@@H]1CC[C@H](O)C(=O)O1,CCCCCCCCOc1ccc(C(=O)O[C@@H]2CC[C@@H](CCCCCC)OC2=O)cc1C#N
CCOC(=O)C(CC1CCCC1)c1ccc([N+](=O)[O-])cc1.CNC(N)=O,CNC(=O)NC(=O)C(CC1CCCC1)c1ccc([N+](=O)[O-])cc1
O=CCCCOc1nc2c(cc1F)CCC(=O)N2.c1ccc2c(N3CCNCC3)cccc2c1,O=C1CCc2cc(F)c(OCCCCN3CCN(c4cccc5ccccc45)CC3)nc2N1
COc1ccc(Cl)c(N)c1.Cc1cc(Cl)nc(-c2ccccn2)n1,COc1ccc(Cl)c(Nc2cc(C)nc(-c3ccccn3)n2)c1
COc1ccsc1C(=O)c1ccc(OC(F)(F)F)cc1,O=C(c1ccc(OC(F)(F)F)cc1)c1sccc1O
CC1(C)OB(c2cccc(C(O)C(F)(F)F)c2)OC1(C)C.CSc1sc(C(=N)NC(=O)OC(C)(C)C)cc1S(=O)(=O)c1cccc(Br)c1,CSc1sc(C(=N)NC(=O)OC(C)(C)C)cc1S(=O)(=O)c1cccc(-c2cccc(C(O)C(F)(F)F)c2)c1
Cc1ccc(C(=O)O)c(Br)c1.O=C(NC[C@H]1NC[C@H]2C[C@H]21)C(F)(F)F,Cc1ccc(C(=O)N2C[C@H]3C[C@H]3[C@H]2CNC(=O)C(F)(F)F)c(Br)c1
COc1cc2c(cc1OCc1ccccc1)CCN=C2C,COc1cc2c(cc1OCc1ccccc1)CCNC2C
CCOC(=O)/C=C/c1cc(F)c(OC)cc1CCC(C)C,CCOC(=O)CCc1cc(F)c(OC)cc1CCC(C)C
CC(C)(C)OC(=O)CBr.Clc1ccc2[nH]nc(I)c2n1,CC(C)(C)OC(=O)Cn1nc(I)c2nc(Cl)ccc21
Cc1noc(C)c1Cn1cc(N2C(=O)NC(C)(C)C2=O)cn1.Fc1ccc(CBr)cc1,Cc1noc(C)c1Cn1cc(N2C(=O)N(Cc3ccc(F)cc3)C(C)(C)C2=O)cn1
C1CNCCN1.ClCc1nc(-c2ccc3c(c2)OCO3)c2cc3c(cc2n1)OCO3,c1cc2c(cc1-c1nc(CN3CCNCC3)nc3cc4c(cc13)OCO4)OCO2
CC(C)c1ccc(S(N)(=O)=O)cc1.CCCc1c(OC(C(=O)O)c2ccc3c(c2)OCO3)ccc(C(C)(C)C)c1CO[SiH](C)C,CCCc1c(OC(C(=O)NS(=O)(=O)c2ccc(C(C)C)cc2)c2ccc3c(c2)OCO3)ccc(C(C)(C)C)c1CO[SiH](C)C
CCOC(=O)CNCc1ccc(Br)cc1[N+](=O)[O-].O=C(Cl)c1ccc(Cl)cc1,CCOC(=O)CN(Cc1ccc(Br)cc1[N+](=O)[O-])C(=O)c1ccc(Cl)cc1
C1CCNCC1.Cc1ccc(S(=O)(=O)N2CCNC(=O)C2CC(=O)N[C@@H]2CCCc3c2cnn3CCOS(C)(=O)=O)cc1,Cc1ccc(S(=O)(=O)N2CCNC(=O)C2CC(=O)N[C@@H]2CCCc3c2cnn3CCN2CCCCC2)cc1
Cc1ccn(-c2cc(Br)ccc2[C@@H](O)C(F)(F)F)n1.Nc1nc(Cl)cc(Cl)n1,Cc1ccn(-c2cc(Br)ccc2[C@@H](Oc2cc(Cl)nc(N)n2)C(F)(F)F)n1
O=C(O)CCl.O=C(O)c1ccccc1O,O=C(O)COc1ccccc1C(=O)O
N#Cc1ccnc(OCC2CCOCC2)c1,NCc1ccnc(OCC2CCOCC2)c1
COc1ccc(CCBr)cc1.O=C(c1nc2ccccc2s1)C1CCNCC1,COc1ccc(CCN2CCC(C(=O)c3nc4ccccc4s3)CC2)cc1
CC(C)N.O=C1c2ccccc2C(OCCCl)N1c1ccccc1,CC(C)NCCOC1c2ccccc2C(=O)N1c1ccccc1
NC1CC1.O=C(O)c1cc([N+](=O)[O-])n[nH]1,O=C(NC1CC1)c1cc([N+](=O)[O-])n[nH]1
NC(=O)c1cc2[nH]c(-c3ccc(OCc4ccccc4)cc3)c(C3CCCCC3)c(=O)n2n1,N#Cc1cc2[nH]c(-c3ccc(OCc4ccccc4)cc3)c(C3CCCCC3)c(=O)n2n1
CC(=O)NCCc1ccc(OCc2ccccc2)cc1-c1ccccc1,CC(=O)NCCc1ccc(O)cc1-c1ccccc1
COc1ccc(CCN2CC[C@H](OC(=O)c3ccc([N+](=O)[O-])cc3)C2)cc1,COc1ccc(CCN2CC[C@H](O)C2)cc1
Nc1ccc(N2CCN(C(=O)c3ccccc3C(F)(F)F)CC2)nn1.O=C(O)COCCC(F)(F)F,O=C(COCCC(F)(F)F)Nc1ccc(N2CCN(C(=O)c3ccccc3C(F)(F)F)CC2)nn1
Fc1ccc2c(c1)CNC2.O=C(Cl)c1ccc(OCCCN2CCCCC2)cc1,O=C(c1ccc(OCCCN2CCCCC2)cc1)N1Cc2ccc(F)cc2C1
COC(=O)CNC(=O)C(C#N)C(=O)c1nn(-c2ccccc2)c2c1Cc1ccccc1-2,N#CC(C(=O)NCC(=O)O)C(=O)c1nn(-c2ccccc2)c2c1Cc1ccccc1-2
FC(F)(F)c1cc(Cl)c(-n2cnc(S)n2)c(Cl)c1.FC(F)Cl,FC(F)Sc1ncn(-c2c(Cl)cc(C(F)(F)F)cc2Cl)n1
N[C@@H](CC(=O)O)C(=O)O.O=C(O)CNC(=O)c1ccccc1,O=C(O)C[C@H](NC(=O)CNC(=O)c1ccccc1)C(=O)O
CC(C)(C)OC(=O)N1CCN(C(=O)CCl)CC1.CSc1ncc2cc(-c3ccc(-c4cccc(C)n4)cc3C)c(=O)[nH]c2n1,CSc1ncc2cc(-c3ccc(-c4cccc(C)n4)cc3C)c(=O)n(CC(=O)N3CCN(C(=O)OC(C)(C)C)CC3)c2n1
CC(C)(C)OC(=O)N1CCC(c2ccc(Nc3ncc(C(F)(F)F)c(CCc4ccccc4C4(C(N)=O)CC4)n3)cn2)CC1,NC(=O)C1(c2ccccc2CCc2nc(Nc3ccc(C4CCNCC4)nc3)ncc2C(F)(F)F)CC1
Nc1cn2nc(Cl)ccc2n1.O=C(Cl)CBr,O=C(CBr)Nc1cn2nc(Cl)ccc2n1
N#Cc1ccc(F)cc1.c1cc(N2CCNCC2)ccn1,N#Cc1ccc(N2CCN(c3ccncc3)CC2)cc1
NNC(=O)c1ccc(O)cc1.O=C(O)CCOCCOc1ccccc1,O=C(CCOCCOc1ccccc1)NNC(=O)c1ccc(O)cc1
COC(=O)c1cc(N(Cc2ccc(OC)cc2)C(=O)c2ccc(Oc3ccccc3)cc2)ccc1O,COc1ccc(CN(C(=O)c2ccc(Oc3ccccc3)cc2)c2ccc(O)c(C(=O)O)c2)cc1
COc1ccc(C(N)=O)cc1C(=O)O.Nc1ccccc1Cl,COc1ccc(C(N)=O)cc1C(=O)Nc1ccccc1Cl
COc1ncnc(Cn2cc(C(=O)O)c3ncccc32)c1C.NCCF,COc1ncnc(Cn2cc(C(=O)NCCF)c3ncccc32)c1C
O=C(NCc1cccc([N+](=O)[O-])c1)C(F)(F)F,Nc1cccc(CNC(=O)C(F)(F)F)c1
CI.Cc1ccnc([N+](=O)[O-])c1O,COc1c(C)ccnc1[N+](=O)[O-]
CCCCC(Cc1ccc(OCCNC(=O)c2c[nH]c3ccccc23)cc1)C(=O)OCC,CCCCC(Cc1ccc(OCCNC(=O)c2c[nH]c3ccccc23)cc1)C(=O)O
NCC(=O)N1C[C@H](NC(=O)c2ccccc2)C[C@H]1C(=O)O.O=CO,O=CNCC(=O)N1C[C@H](NC(=O)c2ccccc2)C[C@H]1C(=O)O
COC(=O)c1cccc([N+](=O)[O-])c1N,COC(=O)c1cccc(N)c1N
O=C1NC(=O)C(c2cn3c4c(cccc24)CCC3)=C1c1c[nH]c2ccccc12,O=C1NC(=O)[C@@H](c2cn3c4c(cccc24)CCC3)[C@@H]1c1c[nH]c2ccccc12
COc1c(F)cc(Br)cc1[N+](=O)[O-],COc1c(N)cc(Br)cc1F
CCCN(CCC)CCCCNCc1ccc(C#N)cc1.O=Cc1ccc(Br)cc1,CCCN(CCC)CCCCN(Cc1ccc(Br)cc1)Cc1ccc(C#N)cc1
CC(C)OC(=O)CBr.C[C@@H](O[C@H]1CCN(C(=O)C2CCNCC2)C[C@H]1c1ccccc1)c1cc(C(F)(F)F)cc(C(F)(F)F)c1,CC(C)OC(=O)CN1CCC(C(=O)N2CC[C@H](O[C@H](C)c3cc(C(F)(F)F)cc(C(F)(F)F)c3)[C@H](c3ccccc3)C2)CC1
C[C@@H](C(=O)O)N(C)C(=O)OC(C)(C)C.N[C@H](C(=O)N1C[C@H]2C[C@@H](O)CN2C[C@H]1C(=O)N[C@@H]1CCOc2ccccc21)C1CCC(F)(F)CC1,C[C@@H](C(=O)N[C@H](C(=O)N1C[C@H]2C[C@@H](O)CN2C[C@H]1C(=O)N[C@@H]1CCOc2ccccc21)C1CCC(F)(F)CC1)N(C)C(=O)OC(C)(C)C
COC(=O)c1cc(C(F)(F)F)cnc1N1CC(Oc2cc(C)on2)C1,Cc1cc(OC2CN(c3ncc(C(F)(F)F)cc3C(=O)O)C2)no1
NNc1ccccc1.O=C1CCCC1,c1ccc2c3c([nH]c2c1)CCC3
Cc1cc(NS(=O)(=O)c2cccc(Cl)c2)c2c(Br)c(C)sc2n1.OB(O)c1ccc2cc[nH]c2c1,Cc1cc(NS(=O)(=O)c2cccc(Cl)c2)c2c(-c3ccc4cc[nH]c4c3)c(C)sc2n1
CCOC(=O)[C@H]1C[C@@H](O)C[C@H]1CC,CC[C@@H]1C[C@H](O)C[C@@H]1C(=O)O
CC(C)(C)OC(=O)NCCCn1c(=O)c(-c2ccccc2)cn(Cc2ccccc2)c1=O,NCCCn1c(=O)c(-c2ccccc2)cn(Cc2ccccc2)c1=O
CCCc1c(C(=O)O)nnn1-c1ccc(C(=O)NCCc2ccccc2)cc1.NC1CC1,CCCc1c(C(=O)NC2CC2)nnn1-c1ccc(C(=O)NCCc2ccccc2)cc1
COC(OC)c1ccnc(N)n1,Nc1nccc(C=O)n1
CC(C)CCn1c(=O)c(C2=NS(=O)(=O)c3cc(N)ccc3N2)c(O)c2cccnc21.O=S(=O)(Cl)c1cccs1,CC(C)CCn1c(=O)c(C2=NS(=O)(=O)c3cc(NS(=O)(=O)c4cccs4)ccc3N2)c(O)c2cccnc21
CC(C)n1ncnc1-c1cc2n(n1)-c1cc(C(=O)O)ccc1OCC2.OC1CCNCC1,CC(C)n1ncnc1-c1cc2n(n1)-c1cc(C(=O)N3CCC(O)CC3)ccc1OCC2
COC(=O)Cc1c(C)n(Cc2ccc([N+](=O)[O-])cc2)c2ncccc12,Cc1c(CC(=O)O)c2cccnc2n1Cc1ccc([N+](=O)[O-])cc1
N#Cc1ccc2[nH]cc(C(=O)CCCCl)c2c1,N#Cc1ccc2[nH]cc(CCCCCl)c2c1
C=CC#N.CN(CCO)c1ccccc1,CN(CCOCCC#N)c1ccccc1
COc1ccc(C(C(N)=O)(C(C)C)N2C(=O)C(NC(=O)Nc3cccc(C(=O)OC(C)(C)C)c3)C(=O)N(c3cccnc3)c3cc(F)ccc32)cc1,COc1ccc(C(C(N)=O)(C(C)C)N2C(=O)C(NC(=O)Nc3cccc(C(=O)O)c3)C(=O)N(c3cccnc3)c3cc(F)ccc32)cc1
CCC[C@H](NC(=O)C1CC(Oc2cc(-c3ccccc3)nc3cc(OC)ccc23)C=C1C(=O)O)C(=O)OC(C)(C)C.COC(=O)C(NC(=O)C(N)C(C)C)C1CCCCC1,CCC[C@H](NC(=O)[C@H]1C[C@H](Oc2cc(-c3ccccc3)nc3cc(OC)ccc23)C=C1C(=O)N[C@H](C(=O)N[C@H](C(=O)OC)C1CCCCC1)C(C)C)C(=O)OC(C)(C)C
CCc1nn(-c2ccc(C#N)c(Br)c2)c2c1C(=O)CC(C)(C)C2.N[C@H]1CCCC[C@@H]1OCc1ccccc1,CCc1nn(-c2ccc(C#N)c(N[C@H]3CCCC[C@@H]3OCc3ccccc3)c2)c2c1C(=O)CC(C)(C)C2
CCN1CCCC1CN.COC(=O)c1sc(C(=O)OC)c(C(=O)OC)c1OC,CCN1CCCC1CNC(=O)c1sc(C(=O)OC)c(C(=O)OC)c1OC
CCCC(=O)c1ccc(Br)cc1O.CI,CCCC(=O)c1ccc(Br)cc1OC
O=[N+]([O-])c1ccccc1S(=O)(=O)N1CC=CC1,Nc1ccccc1S(=O)(=O)N1CC=CC1
COC(=O)c1cc(CN2CCOCC2)co1,OCc1cc(CN2CCOCC2)co1
COc1cc(F)c(C#N)c(F)c1.OCC(F)(F)F,COc1cc(F)c(C#N)c(OCC(F)(F)F)c1
CS(=O)(=O)Oc1cc(C(=O)O)ccc1OCc1ccccc1.[O-][n+]1cc(Cl)c(C[C@H](O)c2ccc(OC(F)F)c(OCC3CC3)c2)c(Cl)c1,CS(=O)(=O)Oc1cc(C(=O)O[C@@H](Cc2c(Cl)c[n+]([O-])cc2Cl)c2ccc(OC(F)F)c(OCC3CC3)c2)ccc1OCc1ccccc1
CO.O=C(O)c1ccc(Cl)c(Cl)c1Sc1ccccc1,COC(=O)c1ccc(Cl)c(Cl)c1Sc1ccccc1
CCOC(=O)CCCN(CC)c1cccc(C)c1,CCN(CCCC(=O)O)c1cccc(C)c1
CCOP(=O)(Cc1ccc(N)cc1)OCC.O=C(O)C1=Cc2cc(C3CCCCC3)ccc2CC1,CCOP(=O)(Cc1ccc(NC(=O)C2=Cc3cc(C4CCCCC4)ccc3CC2)cc1)OCC
C1COCCN1.CS(=O)(=O)c1ccc(-n2nc(C(=O)O)cc2-c2ccc(-c3ccco3)cc2)cc1F,CS(=O)(=O)c1ccc(-n2nc(C(=O)N3CCOCC3)cc2-c2ccc(-c3ccco3)cc2)cc1F
CCOC(=O)CI.OCCc1cccc(F)c1,CCOC(=O)COCCc1cccc(F)c1
CC(C)(C)OC(=O)N1CCC(n2nc(I)c3c(N)ncnc32)CC1,Nc1ncnc2c1c(I)nn2C1CCNCC1
CC(C)(C)OC(=O)N1CCC(N)CC1.Clc1cc2ccccc2c(Cl)n1,CC(C)(C)OC(=O)N1CCC(Nc2nc(Cl)cc3ccccc23)CC1
O=C1CN(c2ccc(-n3cc(-c4ccc(Cl)cc4Cl)nc3Cc3ccc(Br)cc3)cc2)S(=O)(=O)N1.OB(O)c1ccc(Cl)nc1,O=C1CN(c2ccc(-n3cc(-c4ccc(Cl)cc4Cl)nc3Cc3ccc(-c4ccc(Cl)nc4)cc3)cc2)S(=O)(=O)N1
CC(C)(C)CC=O.CCOC(=O)C1CCNCC1,CCOC(=O)C1CCN(CCC(C)(C)C)CC1
COCCOc1ccn2c(C(=O)O)cnc2c1.Nc1cccc2c1cnn2Cc1ccccc1,COCCOc1ccn2c(C(=O)Nc3cccc4c3cnn4Cc3ccccc3)cnc2c1
CC(C)(C)OC(=O)N[C@H]1CC[C@H](N)CC1.COCCOc1cc(OC)ccc1-c1ncnc2c(C(=O)O)c[nH]c12,COCCOc1cc(OC)ccc1-c1ncnc2c(C(=O)N[C@@H]3CC[C@@H](NC(=O)OC(C)(C)C)CC3)c[nH]c12
COc1cc(OC)nc(N2CC3CNCC3C2)n1.O=C(O)c1c(F)cccc1-n1nccn1,COc1cc(OC)nc(N2CC3CN(C(=O)c4c(F)cccc4-n4nccn4)CC3C2)n1
CCOCCN.Cc1cc(C#N)ccc1-c1cnn(-c2ccc(C(=O)O)cn2)c1O,CCOCCNC(=O)c1ccc(-n2ncc(-c3ccc(C#N)cc3C)c2O)nc1
ClCc1cccnc1.O=[N+]([O-])c1ccc(O)cc1,O=[N+]([O-])c1ccc(OCc2cccnc2)cc1
CC1CN(C(=O)OC(C)(C)C)CCN1.CS(=O)(=O)c1ccc(I)c(C(=O)O)c1,CC1CN(C(=O)OC(C)(C)C)CCN1C(=O)c1cc(S(C)(=O)=O)ccc1I
CS(=O)(=O)Cl.Nc1cc(C(F)(F)F)ccc1-c1cc(Oc2ccc3cccnc3c2)ncn1,CS(=O)(=O)Nc1cc(C(F)(F)F)ccc1-c1cc(Oc2ccc3cccnc3c2)ncn1
CC(C)(C)c1cc(OCc2ccccc2)n(Cc2ccc(CO)cc2)n1.CCOC(=O)CCc1ccc(O)cc1F,CCOC(=O)CCc1ccc(OCc2ccc(Cn3nc(C(C)(C)C)cc3OCc3ccccc3)cc2)cc1F
O=C(Cl)c1cccc(Cl)c1.OCCBr,O=C(OCCBr)c1cccc(Cl)c1
Cc1cccc(N2CCN(c3ccc(Cl)nn3)CC2)c1.Oc1ccccc1,Cc1cccc(N2CCN(c3ccc(Oc4ccccc4)nn3)CC2)c1
BrC1CCCC1.COC(=O)c1ccc(SC)c(O)c1,COC(=O)c1ccc(SC)c(OC2CCCC2)c1
CN=C=S.NCCSCc1ncccc1N,CNC(=S)NCCSCc1ncccc1N
CC[C@H](O)C(=O)O.O=C(N[C@@H]1Cc2ccccc2[C@H]1NCCOC1CCCCO1)c1cc2cc(Cl)ccc2[nH]1,CC[C@H](O)C(=O)N(CCOC1CCCCO1)[C@@H]1c2ccccc2C[C@H]1NC(=O)c1cc2cc(Cl)ccc2[nH]1
COC(=O)C(N)Cc1ccccc1.COCC(=O)Cl,COCC(=O)N[C@@H](Cc1ccccc1)C(=O)OC
COc1ccc2c(c1)C(c1ccc(Cl)cc1)=N[C@@H](CC(=O)O)c1nnc(C)n1-2.NCc1cccc(O)c1O,COc1ccc2c(c1)C(c1ccc(Cl)cc1)=N[C@@H](CC(=O)NCc1cccc(O)c1O)c1nnc(C)n1-2
COC(=O)c1cccc([C@@H]2C[C@H]2NC(=O)OC(C)(C)C)c1,CC(C)(C)OC(=O)N[C@@H]1C[C@H]1c1cccc(C(=O)O)c1
Cc1ccc(-c2nc3c(nc2-c2ccc(C)cc2)N(C(=O)OC(C)(C)C)CCC3)cc1.O=C1CCC(=O)N1Br,Cc1ccc(-c2nc3c(nc2-c2ccc(C)cc2)N(C(=O)OC(C)(C)C)CCC3Br)cc1
O=C(O)CC1CCc2c1[nH]c1ccc(-c3noc(-c4cc(Br)cc(OC(F)(F)F)c4)n3)cc21.OB(O)c1cccnc1F,O=C(O)CC1CCc2c1[nH]c1ccc(-c3noc(-c4cc(OC(F)(F)F)cc(-c5cccnc5F)c4)n3)cc21
COC(=O)c1cnc(-c2ccc([NH3+])cc2)s1.Cc1[nH]c(C(=O)Cl)c(Cl)c1Cl,COC(=O)c1cnc(-c2ccc(NC(=O)c3[nH]c(C)c(Cl)c3Cl)cc2)s1
COc1c(C2CCC2)ccc(B(O)O)c1F.Nc1ncc(Br)cn1,COc1c(C2CCC2)ccc(-c2cnc(N)nc2)c1F
CNCC1CCSc2c1n(Cc1ccccc1)c1ccccc21,CNCC1CCSc2c1[nH]c1ccccc21
Brc1cccc(-c2nccn2-c2ccccc2)c1.c1ccc(Nc2cccc(-c3nccn3-c3ccccc3)c2)cc1,c1ccc(N(c2cccc(-c3nccn3-c3ccccc3)c2)c2cccc(-c3nccn3-c3ccccc3)c2)cc1
CN1CCN(C(=O)c2cc(C(C)(C)C)sc2NC(=O)OC(C)(C)C)C(C)(C)C1=O,CN1CCN(C(=O)c2cc(C(C)(C)C)sc2N)C(C)(C)C1=O
CCOC(=O)CCc1cccc(NC(=O)c2cccc(Br)n2)c1.OB(O)c1ccccc1,CCOC(=O)CCc1cccc(NC(=O)c2cccc(-c3ccccc3)n2)c1
CC(C)(C)OC(=O)N1CCNCC1.N#Cc1c[nH]c2ccc(CCNC(=O)c3ccc(-c4ccnc(Cl)n4)cc3)cc12,CC(C)(C)OC(=O)N1CCN(c2nccc(-c3ccc(C(=O)NCCc4ccc5[nH]cc(C#N)c5c4)cc3)n2)CC1
CC[C@@H]1C[C@H](Nc2ncc(N3CCOCC3)c(Cc3cc(C(F)(F)F)cc(C(F)(F)F)c3)n2)c2cc(C(F)(F)F)ccc2N1C(=O)CCCC(=O)OC,CC[C@@H]1C[C@H](Nc2ncc(N3CCOCC3)c(Cc3cc(C(F)(F)F)cc(C(F)(F)F)c3)n2)c2cc(C(F)(F)F)ccc2N1C(=O)CCCC(=O)O
CC(=O)CCC(C)=O.CC1CN(c2ccc(NN)nn2)CC(C)O1,Cc1ccc(C)n1Nc1ccc(N2CC(C)OC(C)C2)nn1
COc1ccc(O)c([N+](=O)[O-])c1,COc1ccc(O)c(N)c1
CC(C)(C)OC(=O)Nc1nc(C(=NOC2CCCC2)C(=O)O)ns1,Nc1nc(C(=NOC2CCCC2)C(=O)O)ns1
O=C(NCC1COc2ccccc2O1)c1ccc(Nc2ccccc2C(=O)O)c([N+](=O)[O-])c1,Nc1cc(C(=O)NCC2COc3ccccc3O2)ccc1Nc1ccccc1C(=O)O
CC(=CC(=O)OCc1ccccc1)C(F)(F)F,CC(=CCO)C(F)(F)F
C[C@H](N)c1nc2cccc(F)c2c(=O)n1-c1cccc(OCC(F)(F)F)c1.Clc1ncnc2[nH]ccc12,C[C@H](Nc1ncnc2[nH]ccc12)c1nc2cccc(F)c2c(=O)n1-c1cccc(OCC(F)(F)F)c1
Cc1cccc(C2CC2)c1O.Oc1cc(Cl)nnc1Cl,Cc1cccc(C2CC2)c1Oc1nnc(Cl)cc1O
C1CSCCN1.O=[N+]([O-])c1ccc(Cl)cc1,O=[N+]([O-])c1ccc(N2CCSCC2)cc1
COc1cc2c(Nc3cc(OC)c(Cl)cc3Cl)c(C#N)cnc2cc1F.O=S1(=O)CCN(CCCO)CC1,COc1cc(Nc2c(C#N)cnc3cc(OCCCN4CCS(=O)(=O)CC4)c(OC)cc23)c(Cl)cc1Cl
CC(C)(C)OC(=O)NC1CN(Cc2cccc(F)c2F)CCN(CC(F)(F)F)C1=O,NC1CN(Cc2cccc(F)c2F)CCN(CC(F)(F)F)C1=O
CI.COc1cc(N2CCN(C(=O)OC(C)(C)C)[C@@H](CO)C2)ccc1Cl,COCC1CN(c2ccc(Cl)c(OC)c2)CCN1C(=O)OC(C)(C)C
Cn1c(N2CC[C@H](O)C2)nc2oc(-c3ccc(C4(NC(=O)OC(C)(C)C)CCC4)cc3)c(-c3ccccc3)c2c1=O,Cn1c(N2CC[C@H](O)C2)nc2oc(-c3ccc(C4(N)CCC4)cc3)c(-c3ccccc3)c2c1=O
COC(Cc1ccc(OCCO[Si](C)(C)C(C)(C)C)cc1)C(=O)O,CO[C@@H](Cc1ccc(OCCO)cc1)C(=O)O
COC(Cc1c(C(C)(C)C)[nH]c2cc([N+](=O)[O-])ccc12)OC,CC(C)(C)c1[nH]c2cc([N+](=O)[O-])ccc2c1CC=O
C[C@@H]1Cc2cc3c(cc2C(c2ccc([N+](=O)[O-])cc2)=NN1c1nc2ccccc2[nH]1)OCO3,C[C@@H]1Cc2cc3c(cc2C(c2ccc(N)cc2)=NN1c1nc2ccccc2[nH]1)OCO3
CC1CCc2ccccc2S1.CCC(=O)Cl,CCC(=O)c1ccc2c(c1)CCC(C)S2
CC(C)(C)OC(=O)N1CC(n2nnc(-c3ccc(F)cc3F)n2)CC1C(=O)N1CCN(c2ccccc2C#N)CC1,N#Cc1ccccc1N1CCN(C(=O)[C@@H]2C[C@H](n3nnc(-c4ccc(F)cc4F)n3)CN2)CC1
COCCc1c[nH]c2nccc(Oc3ccc(N)cc3F)c12.Nc1nc(Cl)cc(C(F)(F)F)n1,COCCc1c[nH]c2nccc(Oc3ccc(Nc4cc(C(F)(F)F)nc(N)n4)cc3F)c12
O=[N+]([O-])c1ccc2[nH]nc(-c3ncco3)c2c1,Nc1ccc2[nH]nc(-c3ncco3)c2c1
COC(=O)C(C(=O)c1ccc(C(C)(C)C)cc1)c1ccc(OC)cc1,COc1ccc(CC(=O)c2ccc(C(C)(C)C)cc2)cc1
CC(C)c1cc[c]([Mg+])cc1.CC1(C)Cc2nc(C3CCCC3)c(C=O)c(I)c2[C@@H](O[Si](C)(C)C(C)(C)C)C1,CC(C)c1ccc(C(O)c2c(C3CCCC3)nc3c(c2I)[C@@H](O[Si](C)(C)C(C)(C)C)CC(C)(C)C3)cc1
CNC(=O)c1ccc2cc([C@@](O)(CC(=O)OC(C)(C)C)c3cn(C(c4ccccc4)(c4ccccc4)c4ccccc4)cn3)ccc2c1,CNC(=O)c1ccc2cc([C@@](O)(CCO)c3cn(C(c4ccccc4)(c4ccccc4)c4ccccc4)cn3)ccc2c1
CN(c1cc2c(cn1)ncn2C)c1ccc(C2=CCN(C(=O)OC(C)(C)C)CC2)cc1OC(F)F,CN(c1cc2c(cn1)ncn2C)c1ccc(C2CCN(C(=O)OC(C)(C)C)CC2)cc1OC(F)F
Fc1nc(OCCN2CCOCC2)c(F)c(N2CCOCC2)c1F.NN,NNc1nc(OCCN2CCOCC2)c(F)c(N2CCOCC2)c1F
[N-]=[N+]=NCC1=CC[C@@H](c2ccc(Cl)cc2Cl)[C@H]([N+](=O)[O-])C1,NCC1=CC[C@@H](c2ccc(Cl)cc2Cl)[C@H]([N+](=O)[O-])C1
O=C(CCBr)Nc1ccc(F)cc1,O=C1CCN1c1ccc(F)cc1
COC(=O)c1ccc(NC(=O)Cc2ccc(OC)cc2C(F)(F)F)cn1,COc1ccc(CC(=O)Nc2ccc(C(=O)O)nc2)c(C(F)(F)F)c1
C=O.O=C1S/C(=C\c2ccc3c(cnn3Cc3ccc(Cl)cc3C(F)(F)F)c2)C(=O)N1[C@@H]1CCNC[C@H]1F,CN1CC[C@@H](N2C(=O)S/C(=C\c3ccc4c(cnn4Cc4ccc(Cl)cc4C(F)(F)F)c3)C2=O)[C@H](F)C1
CCOP(=O)(OCC)C(Cl)(Cl)C(=O)OC(C)(C)C,CCOP(=O)(OCC)C(Cl)C(=O)OC(C)(C)C
O=C1CSC(=O)N1.O=[N+]([O-])c1ccc(CBr)cc1,O=C1CSC(=O)N1Cc1ccc([N+](=O)[O-])cc1
COc1cc2c(cc1N)CCN(CC(=O)N1CCOCC1)CC2.NC(=O)[C@@H]1[C@H](Nc2nc(Cl)ncc2Cl)[C@H]2C=C[C@@H]1C2,COc1cc2c(cc1Nc1ncc(Cl)c(N[C@H]3[C@@H](C(N)=O)[C@@H]4C=C[C@H]3C4)n1)CCN(CC(=O)N1CCOCC1)CC2
CC(N)=S.O=C1c2ccccc2N(C(=O)c2ccccc2)CCC1Br,Cc1nc2c(s1)CCN(C(=O)c1ccccc1)c1ccccc1-2
Cc1nc2c(Nc3ccc(F)c([C@]4(C)CS(=O)(=O)C(C)(C)C(NC(=O)OC(C)(C)C)=N4)c3)cccc2s1,Cc1nc2c(Nc3ccc(F)c([C@]4(C)CS(=O)(=O)C(C)(C)C(N)=N4)c3)cccc2s1
CC(=O)n1ncc2cc(Oc3ccc(F)cc3C#N)ccc21,N#Cc1cc(F)ccc1Oc1ccc2[nH]ncc2c1
NC(=O)c1cnc(N)c2c1sc1ccc(Cl)cc12.OB(O)c1ccccc1,NC(=O)c1cnc(N)c2c1sc1ccc(-c3ccccc3)cc12
CC1(C)C(=O)Oc2ccc3cc([N+](=O)[O-])c(Cn4cncn4)cc3c21,CC1(C)C(=O)Oc2ccc3cc(N)c(Cn4cncn4)cc3c21
C#Cc1cccc(Nc2ncnc3cc(OC)c(OC(C)=O)cc23)c1,C#Cc1cccc(Nc2ncnc3cc(OC)c(O)cc23)c1
CCOC(=O)c1ccc(Nc2cc3c(cc2C)C(C)=CCC3(C)C)cc1.O=CC1CC1,CCOC(=O)c1ccc(N(CC2CC2)c2cc3c(cc2C)C(C)=CCC3(C)C)cc1
CC(C)(C)OC(=O)Nc1cc(OCC(F)(F)F)c(I)cc1[N+](=O)[O-].OB(O)c1ccccc1F,CC(C)(C)OC(=O)Nc1cc(OCC(F)(F)F)c(-c2ccccc2F)cc1[N+](=O)[O-]
CCN(CC)CCCOc1ccc(N)cc1.Cc1cccc2c1C(=CO)C(=O)N2,CCN(CC)CCCOc1ccc(NC=C2C(=O)Nc3cccc(C)c32)cc1
CN1C(=O)C2(CC(C)(C)C(F)(F)c3ccc(Br)cc32)N=C1N.OB(O)c1cncnc1,CN1C(=O)C2(CC(C)(C)C(F)(F)c3ccc(-c4cncnc4)cc32)N=C1N
CI.OCCc1cn[nH]c1,Cn1cc(CCO)cn1
CC1(C)Cc2nc(-c3cc(Cl)ccc3F)nc(I)c2C1.Cc1cnccc1N,Cc1cnccc1Nc1nc(-c2cc(Cl)ccc2F)nc2c1CC(C)(C)C2
COCCN.O=[N+]([O-])c1cc(-c2ccccc2)ccc1F,COCCNc1ccc(-c2ccccc2)cc1[N+](=O)[O-]
COc1ccc2c(c1)OC[C@@H](c1ccc(C)cc1)[C@H]2c1ccc(OCCN2CCCCC2)cc1,Cc1ccc([C@@H]2COc3cc(O)ccc3[C@@H]2c2ccc(OCCN3CCCCC3)cc2)cc1
COc1cc(OC)c2c(=O)[nH]c(-c3ccc(C4=CCN(C(=O)OC(C)(C)C)CC4)cc3)nc2c1,COc1cc(OC)c2c(=O)[nH]c(-c3ccc(C4CCN(C(=O)OC(C)(C)C)CC4)cc3)nc2c1
CNCCNC.Clc1ccccn1,CNCCN(C)c1ccccn1
COCOc1cccc(C=O)c1,COCOc1cccc(CO)c1
O=C1CN2CCC1CC2,OC1CN2CCC1CC2
NO.O=C(Cl)OCc1ccccc1,O=C(NO)OCc1ccccc1
CC(=O)N1CCC(C(=O)Cl)CC1.Fc1ccccc1,CC(=O)N1CCC(C(=O)c2ccc(F)cc2)CC1
CC(C)(C)OC(=O)NCCc1cccc(Br)c1.CON(C)C(=O)c1cc(Cl)ccc1N,CC(C)(C)OC(=O)NCCc1cccc(C(=O)c2cc(Cl)ccc2N)c1
C[C@H]1COCCN1.Clc1nc(Cl)c2c(n1)CCSC2,C[C@H]1COCCN1c1nc(Cl)nc2c1CSCC2
CCOC(=O)C1(CO[C@@H]2CCC[C@H](OCc3nc(-c4cccc(C)c4)oc3C)C2)CC1,Cc1cccc(-c2nc(CO[C@H]3CCC[C@@H](OCC4(C(=O)O)CC4)C3)c(C)o2)c1
CC(C)(C)OC(=O)N1CCC(Oc2ccnc(Nc3cc(-c4cnc(C5(O)CCC5)s4)cc([N+](=O)[O-])c3)n2)CC1,CC(C)(C)OC(=O)N1CCC(Oc2ccnc(Nc3cc(N)cc(-c4cnc(C5(O)CCC5)s4)c3)n2)CC1
CC(C)(C)OC(=O)NCCCOc1ccc(Cl)cc1NC(=O)Nc1cnc(C#N)cn1,N#Cc1cnc(NC(=O)Nc2cc(Cl)ccc2OCCCN)cn1
C#CCNC(=O)OC(C)(C)C.COC(=O)c1ccc(Br)s1,COC(=O)c1ccc(C#CCNC(=O)OC(C)(C)C)s1
CCC(=O)c1cc2cc(OC)ccc2n1COC.C[P+](c1ccccc1)(c1ccccc1)c1ccccc1,C=C(CC)c1cc2cc(OC)ccc2n1COC
O=S(=O)(Cl)c1ccc2cc(Cl)ccc2c1,Sc1ccc2cc(Cl)ccc2c1
CC(C)(C)OC(=O)N1CCC2(CC1)CNC2.Cc1cc(Nc2nc(Cl)nc3ncccc23)[nH]n1,Cc1cc(Nc2nc(N3CC4(CCN(C(=O)OC(C)(C)C)CC4)C3)nc3ncccc23)[nH]n1
CCN1C(=O)C(F)(F)CN(C2CCCC2)c2nc(Cl)ncc21.Nc1ccc(C(=O)NC2CCOCC2)cc1,CCN1C(=O)C(F)(F)CN(C2CCCC2)c2nc(Nc3ccc(C(=O)NC4CCOCC4)cc3)ncc21
COc1ccc(Oc2ncc(Br)cn2)cc1,Oc1ccc(Oc2ncc(Br)cn2)cc1
CC(C)(C)C(=O)OCCl.O=C(O)Cc1ccc(O)cc1,CC(C)(C)C(=O)OCOC(=O)Cc1ccc(O)cc1
NC12CC3CC(CC(C3)C1)C2.O=Cc1c(F)c(F)c(O)c(F)c1F,Oc1c(F)c(F)c(CNC23CC4CC(CC(C4)C2)C3)c(F)c1F
CI.Cc1c(C)c2c(c(C)c1O)CC(O)C1(CCC1)O2,COC1Cc2c(C)c(O)c(C)c(C)c2OC12CCC2
CC(C)(C)OC(=O)NCc1ccccc1-c1ccc(CO)cc1.CC(C)(CC(=O)N[C@@H]1CCc2ccccc2NC1=O)NC(=O)OCc1ccccc1,CC(C)(CC(=O)N[C@@H]1CCc2ccccc2N(Cc2ccc(-c3ccccc3CNC(=O)OC(C)(C)C)cc2)C1=O)NC(=O)OCc1ccccc1
COc1cc2c(Oc3cc(C)c(C)nc3-c3cccnc3)ccnc2cc1O.OCCCCBr,COc1cc2c(Oc3cc(C)c(C)nc3-c3cccnc3)ccnc2cc1OCCCCO
C[C@@H]1CC2(CC[C@@H]1N1CCC(Cc3ccc(Cl)cc3Cl)C1=O)OCCO2,C[C@H]1CC(=O)CC[C@H]1N1CCC(Cc2ccc(Cl)cc2Cl)C1=O
CC(C)(C)OC(=O)N[C@@H]1C[C@@H](Oc2cc(F)ccc2[N+](=O)[O-])C1,N[C@H]1C[C@H](Oc2cc(F)ccc2[N+](=O)[O-])C1
COc1cc2c(Nc3ccc4cc[nH]c4c3)ncnc2cc1O.OCCN1CCCCC1,COc1cc2c(Nc3ccc4cc[nH]c4c3)ncnc2cc1OCCN1CCCCC1
COc1ccc(S(=O)(=O)N2CCCC2C(=O)O)cc1,COc1ccc(S(=O)(=O)N2CCCC2CO)cc1
CN(CCc1ccccc1)C(=O)OC(C)(C)C,CNCCc1ccccc1
CCC(C)n1cnc2c(Cl)nc(Cl)nc21.CCCN,CCCNc1nc(Cl)nc2c1ncn2C(C)CC
C=O.O=[N+]([O-])c1ccc(OC2CCNCC2F)cc1,CN1CCC(Oc2ccc([N+](=O)[O-])cc2)C(F)C1
CN1C2CCC1CNC2.Clc1ccc2oc3c(Cl)ncnc3c2c1,CN1C2CCC1CN(c1ncnc3c1oc1ccc(Cl)cc13)C2
C=[N+]=[N-].CCCCCC(O)CCCC(Cl)(CCCCCCC(=O)O)C(C)=O,CCCCCC(O)CCCC(Cl)(CCCCCCC(=O)OC)C(C)=O
CCOC(=O)/C=C/c1ccc(OCCOC)cc1O.Cc1cc([N+](=O)[O-])cnc1Cl,CCOC(=O)/C=C/c1ccc(OCCOC)cc1Oc1ncc([N+](=O)[O-])cc1C
COC(=O)c1ccc2c(C)c[nH]c2c1.COCCCBr,COCCCn1cc(C)c2ccc(C(=O)OC)cc21
CCOC(=O)Cn1cc(CC(=O)OCc2ccccc2)c2ccccc21,CCOC(=O)Cn1cc(CC(=O)O)c2ccccc21
C[O-].O=C(O)c1cc([N+](=O)[O-])ccc1Cl,COc1ccc([N+](=O)[O-])cc1C(=O)O
CC(=O)NC(CCc1ccc(-c2cccc3c(OCc4ccccc4)cccc23)cc1)(COC(C)=O)COC(C)=O,CC(=O)NC(CCc1ccc(-c2cccc3c(O)cccc23)cc1)(COC(C)=O)COC(C)=O
COc1ccc2c(c1)CCn1c-2cc(Cl)nc1=O.N#Cc1cncc(Oc2ccc(CO)cc2F)c1,COc1ccc2c(c1)CCn1c-2cc(OCc2ccc(Oc3cncc(C#N)c3)c(F)c2)nc1=O
CCC[CH2][Sn]([Cl])([CH2]CCC)[CH2]CCC.Ic1cc(C2=CCCC2)ccn1,CCC[CH2][Sn]([CH2]CCC)([CH2]CCC)[c]1cc(C2=CCCC2)ccn1
COC(=O)c1ccc(Cn2c(=Nc3ccc(O)cc3)n(C)c3cc(Cl)c(Cl)cc32)cc1.OC1CCCC1,COC(=O)c1ccc(Cn2c(=Nc3ccc(OC4CCCC4)cc3)n(C)c3cc(Cl)c(Cl)cc32)cc1
CC(C)(C)OC(=O)NC1(c2ccc(-c3nc4c(cc3-c3ccccc3)-n3c(nnc3-c3ccncc3)CO4)cc2)CCC1,NC1(c2ccc(-c3nc4c(cc3-c3ccccc3)-n3c(nnc3-c3ccncc3)CO4)cc2)CCC1
COCCC(=O)N1c2ccccc2N(Cc2c(OC)ccc3cc(Br)ccc23)C(=O)[C@@H](NC(=O)[C@H](C)N(C)C(=O)OC(C)(C)C)[C@@H]1C,CN[C@@H](C)C(=O)N[C@@H]1C(=O)N(Cc2c(OC)ccc3cc(Br)ccc23)c2ccccc2N(C(=O)CCOC)[C@H]1C
COC(=O)C1(C)CCN(C(=O)OC(C)(C)C)CC1,COC(=O)C1(C)CCNCC1
CC(C)C[C@H](NC(=O)c1ccc(Br)c(Cl)n1)C(N)=O.Oc1ccc(F)cc1,CC(C)C[C@H](NC(=O)c1ccc(Br)c(Oc2ccc(F)cc2)n1)C(N)=O
CC(C)(C)[Si](c1ccccc1)(c1ccccc1)N1C(=O)C[C@H]1C(=O)OCc1ccccc1,CC(C)(C)[Si](c1ccccc1)(c1ccccc1)N1C(=O)C[C@H]1CO
O=C(CBr)c1ccc(CO)cc1.O=c1cc(OCc2ccccc2)nc[nH]1,O=C(Cn1cnc(OCc2ccccc2)cc1=O)c1ccc(CO)cc1
CCOC(=O)CNCC(=O)OCC.Nc1ncc(Br)cc1CBr,CCOC(=O)CN(CC(=O)OCC)Cc1cc(Br)cnc1N
CC(C)(C)OC(=O)N[C@]1(C(=O)OC(C)(C)C)[C@@H]2[C@@H](C(=O)OC(C)(C)C)[C@@H]2[C@@H](OS(C)(=O)=O)[C@H]1OCc1ccc(Cl)c(Cl)c1.[N-]=[N+]=[N-],CC(C)(C)OC(=O)N[C@]1(C(=O)OC(C)(C)C)[C@@H]2[C@@H](C(=O)OC(C)(C)C)[C@@H]2[C@H](N=[N+]=[N-])[C@H]1OCc1ccc(Cl)c(Cl)c1
CC1CC(=O)NN=C1c1ccc(NCc2ccccc2)c([N+](=O)[O-])c1,CC1CC(=O)NN=C1c1ccc(NCc2ccccc2)c(N)c1
CC(C)(C)[C@H]1CC[C@H](Oc2ccc3cc(C=O)ccc3c2)CC1.CCOC(=O)C1CCNCC1C,CCOC(=O)C1CCN(Cc2ccc3cc(O[C@@H]4CC[C@@H](C(C)(C)C)CC4)ccc3c2)CC1C
COc1ccc(Nc2cc(Cl)n(-c3ccccc3)n2)cc1,COc1ccc(Nc2ccn(-c3ccccc3)n2)cc1
Cc1ccc(-c2ccc(C3(c4nnc5n4CCSC(C)(CO[Si](C)(C)C(C)(C)C)C5)CC3)cc2)cn1,Cc1ccc(-c2ccc(C3(c4nnc5n4CCSC(C)(CO)C5)CC3)cc2)cn1
COc1ccc2c(Cl)nc(Nc3cc(C)[nH]n3)cc2c1.Nc1ccc(F)cc1,COc1ccc2c(Nc3ccc(F)cc3)nc(Nc3cc(C)[nH]n3)cc2c1
BrCCCCCBr.CCOC(=O)CCCCc1ccc(O)c(CCC(=O)OCC)c1,CCOC(=O)CCCCc1ccc(OCCCCCBr)c(CCC(=O)OCC)c1
N#Cc1cccc(CBr)c1.O=C1Nc2ccccc2C12COc1cc3c(cc12)OCCO3,N#Cc1cccc(CN2C(=O)C3(COc4cc5c(cc43)OCCO5)c3ccccc32)c1
C=C(F)CN(CC(OC)OC)C(=O)OCC,C=C(F)CN(CC=O)C(=O)OCC
OC1(c2ccccn2)CCC2(CC1)OCCO2,O=C1CCC(O)(c2ccccn2)CC1
CCOC(=O)CBr.O=[N+]([O-])c1ccc(O)cc1,CCOC(=O)COc1ccc([N+](=O)[O-])cc1
ClCc1cn2cc(Cl)ccc2n1.Fc1ccccc1N1CCNCC1,Fc1ccccc1N1CCN(Cc2cn3cc(Cl)ccc3n2)CC1
Cc1cccc(C(=O)O)c1.O=C1CCC(=O)N1Br,O=C(O)c1cccc(CBr)c1
COC(=O)CN1C(=O)COc2c(C(C)C)cccc21,CC(C)c1cccc2c1OCC(=O)N2CC(=O)O
OC1CCNC1.Oc1ccc(F)cc1,Fc1ccc(O[C@@H]2CCNC2)cc1
Cc1cc(C)c(N)c(C)c1.Clc1nc(Cl)c2sccc2n1,Cc1cc(C)c(Nc2nc(Cl)nc3ccsc23)c(C)c1
C[C@H](O)COC(C)(C)C.N#Cc1cc(F)cc(Br)c1,C[C@@H](COC(C)(C)C)Oc1cc(Br)cc(C#N)c1
CCOC(=O)c1ccc(NCCCOc2ccccc2)cc1,O=C(O)c1ccc(NCCCOc2ccccc2)cc1
C[C@H](Oc1cc(-n2cnc3cnc(CO[Si](C)(C)C(C)(C)C)cc32)sc1C(N)=O)c1ccccc1C(F)(F)F,C[C@H](Oc1cc(-n2cnc3cnc(CO)cc32)sc1C(N)=O)c1ccccc1C(F)(F)F
C1COCCN1.COc1ccc(C(C)C)cc1-c1ccc(OCc2ccccc2)cc1CN(Cc1cc(C(F)(F)F)cc(C(F)(F)F)c1)c1ncc(Br)cn1,COc1ccc(C(C)C)cc1-c1ccc(OCc2ccccc2)cc1CN(Cc1cc(C(F)(F)F)cc(C(F)(F)F)c1)c1ncc(N2CCOCC2)cn1
[N-]=[N+]=NCC(O)CCOc1cccc(CN2CCCCC2)c1,NCC(O)CCOc1cccc(CN2CCCCC2)c1
CI.O=C(c1ccc(Cl)cc1)c1ccc2[nH]c(=O)cc(-c3cccs3)c2c1,Cn1c(=O)cc(-c2cccs2)c2cc(C(=O)c3ccc(Cl)cc3)ccc21
CCI.CCOc1ccc(NC(=O)c2c[nH]c3c2C(=O)CCC3)cc1,CCOc1ccc(NC(=O)c2cn(CC)c3c2C(=O)CCC3)cc1
NC1CCN(CCn2c(=O)ccc3ccncc32)CC1.O=Cc1nc2c(cc1Cl)SCC(=O)N2,O=C1CSc2cc(Cl)c(CNC3CCN(CCn4c(=O)ccc5ccncc54)CC3)nc2N1
CC(C)(C)OC(=O)N1CCN(CC(c2ccc(-c3cccc(C#N)c3)cc2)C2(O)CCCCC2)CC1,N#Cc1cccc(-c2ccc(C(CN3CCNCC3)C3(O)CCCCC3)cc2)c1
Cc1sc2nc(-c3ccccn3)nc(Cl)c2c1Cl.NCc1cccc([N+](=O)[O-])c1,Cc1sc2nc(-c3ccccn3)nc(NCc3cccc([N+](=O)[O-])c3)c2c1Cl
COc1ccc(N2CCc3c(Cl)nc4c(OC(F)(F)F)cccc4c32)c(C)c1.NCCCO,COc1ccc(N2CCc3c(NCCCO)nc4c(OC(F)(F)F)cccc4c32)c(C)c1
COC(=O)C(C)(C(=O)OC)C(Cc1cc(C(F)(F)F)ccc1[N+](=O)[O-])c1ccc(OC)cc1,COC(=O)C(C)(C(=O)OC)C(Cc1cc(C(F)(F)F)ccc1N)c1ccc(OC)cc1
COCCCn1c(SC)nc(-c2ccc(F)cc2)c1-c1ccnc(NC(C)=O)c1,COCCCn1c(SC)nc(-c2ccc(F)cc2)c1-c1ccnc(N)c1
COc1ccc2c(Cc3c(Cl)cncc3Cl)nncc2c1C#Cc1ccccc1,COc1ccc2c(Cc3c(Cl)cncc3Cl)nncc2c1C=Cc1ccccc1
CI.O=c1cc(-c2cccc(C(F)(F)F)c2)[nH]c(=O)n1-c1ccc(Cl)cc1F,Cn1c(-c2cccc(C(F)(F)F)c2)cc(=O)n(-c2ccc(Cl)cc2F)c1=O
COC(=O)c1cc(-c2nc(CCl)c(C)o2)ccc1C.COc1cc(C=O)ccc1O,COC(=O)c1cc(-c2nc(COc3ccc(C=O)cc3OC)c(C)o2)ccc1C
C=CCBr.Cc1nc(-c2ccc(N)cn2)nc(O)c1Cl,C=CCOc1nc(-c2ccc(N)cn2)nc(C)c1Cl
C1CCNC1.CC(C)(C)OC(=O)N1Cc2ccc(CO)cc2C1,CC(C)(C)OC(=O)N1Cc2ccc(CN3CCCC3)cc2C1
CC(C)(C)OC(=O)C(CNc1ncnc(N2CCC(c3ccc4c(n3)NCCC4)CC2)c1C=O)NC(=O)OCc1ccccc1,CC(C)(C)OC(=O)C(CNc1ncnc(N2CCC(c3ccc4c(n3)NCCC4)CC2)c1CO)NC(=O)OCc1ccccc1
NS(=O)(=O)c1ccc(Cl)c([N+](=O)[O-])c1.Nc1ccccc1Oc1ccccc1,NS(=O)(=O)c1ccc(Nc2ccccc2Oc2ccccc2)c([N+](=O)[O-])c1
CNOC.O=C(Cl)C1CCCC1,CON(C)C(=O)C1CCCC1
N#Cc1cc([N+](=O)[O-])c(N)cc1F,N#Cc1cc(N)c(N)cc1F
COC(=O)c1ccc(C(=O)OC)c(SCc2ccccc2)c1,COC(=O)c1ccc(C(=O)O)cc1SCc1ccccc1
CCO.Clc1cncc(Cl)c1,CCOc1cncc(Cl)c1
CC(C)(F)C[C@@H](N)CO.C[C@H](Sc1nc(Cl)c2sc(N)nc2n1)c1ccccc1,C[C@H](Sc1nc(N[C@@H](CO)CC(C)(C)F)c2sc(N)nc2n1)c1ccccc1
CON(C)C(=O)CCl.c1c[nH]cn1,CON(C)C(=O)Cn1ccnc1
CN1CCN(c2cc(CS(=O)(=O)c3cccc4ccccc34)c([N+](=O)[O-])c(OCCCl)c2)CC1,CN1CCN(c2cc(CS(=O)(=O)c3cccc4ccccc34)c(N)c(OCCCl)c2)CC1
O=C(O)COc1ccc(N2CCN(CCC3CCNCC3)CC2)cc1.OC1CCCC1,O=C(COc1ccc(N2CCN(CCC3CCNCC3)CC2)cc1)OC1CCCC1
Brc1cccc(Br)c1.c1ccc2c(c1)[nH]c1ccccc12,Brc1cccc(-n2c3ccccc3c3ccccc32)c1
CC(C)(C)OC(=O)N1CCN(c2ccc(F)c(C(F)(F)F)c2)CC1,Fc1ccc(N2CCNCC2)cc1C(F)(F)F
COC(=O)COc1cccc(Nc2ncnc3oc(-c4ccc(Br)cc4)c(-c4ccc(F)cc4)c23)c1,COC(=O)COc1cccc(Nc2ncnc3oc(-c4ccccc4)c(-c4ccc(F)cc4)c23)c1
CN(c1ccccc1)C(C(=O)O)c1ccccc1.O[C@H]1CN2CCC1CC2,CN(c1ccccc1)C(C(=O)O[C@H]1CN2CCC1CC2)c1ccccc1
COc1c(F)c(F)cc2c(=O)c(C(=O)O)cn(C3CC3)c12.Cc1cnnn1C1CCNC1,COc1c(N2CCC(n3nncc3C)C2)c(F)cc2c(=O)c(C(=O)O)cn(C3CC3)c12
C1COCCN1.Cn1c(-c2ccc(Cl)cc2)c(CCC(=O)N2CCC(O)(Cc3ccccc3)CC2)c2cc(Br)ccc21,Cn1c(-c2ccc(Cl)cc2)c(CCC(=O)N2CCC(O)(Cc3ccccc3)CC2)c2cc(N3CCOCC3)ccc21
CCOC(=O)CC(c1cccc(COc2ccc(-c3cc(OC)ccc3F)c(C3CCOCC3)c2)c1)C1CC1,COc1ccc(F)c(-c2ccc(OCc3cccc(C(CC(=O)O)C4CC4)c3)cc2C2CCOCC2)c1
CC(C)[C@H](NC(=O)[C@H](C)NC(=O)OC(C)(C)C)C(=O)N1c2ncccc2C[C@H]1C(=O)Nc1ccccc1,CC(C)[C@H](NC(=O)[C@H](C)N)C(=O)N1c2ncccc2C[C@H]1C(=O)Nc1ccccc1
CN(c1ccnc(F)n1)c1ccnc(Cl)n1.C[C@H](N)Cc1cccc(CNC(=O)OC(C)(C)C)c1,C[C@@H](Cc1cccc(CNC(=O)OC(C)(C)C)c1)Nc1nccc(N(C)c2ccnc(Cl)n2)n1
BrCc1ccccc1.O=[N+]([O-])c1ccc(Br)c(O)c1,O=[N+]([O-])c1ccc(Br)c(OCc2ccccc2)c1
Cc1ccc2[nH]cc(-c3ccc(F)cc3)c2c1,Cc1ccc2c(c1)C(c1ccc(F)cc1)CN2
CCCCC(CC)CC1(CC(CC)CCCC)c2cc(Br)ccc2-c2ccc(I)cc21.c1ccc(Nc2ccccc2)cc1,CCCCC(CC)CC1(CC(CC)CCCC)c2cc(Br)ccc2-c2ccc(N(c3ccccc3)c3ccccc3)cc21
CCN(CC)CCNC(=O)c1ccc(-c2n[nH]c3c2Cc2ccccc2-3)cc1,CCN(CC)CCNCc1ccc(-c2n[nH]c3c2Cc2ccccc2-3)cc1
Cc1cc2ccccc2[nH]1.Ic1ccc(OCc2ccccc2)cc1,Cc1cc2ccccc2n1-c1ccc(OCc2ccccc2)cc1
COC(=O)CCCCCNc1ccc([N+](=O)[O-])c(C)c1,COC(=O)CCCCCNc1ccc(N)c(C)c1
COC(=O)CCCc1ccccc1N.COc1ccc(-c2c(-c3ccccc3)oc3ncnc(Cl)c23)cc1,COC(=O)CCCc1ccccc1Nc1ncnc2oc(-c3ccccc3)c(-c3ccc(OC)cc3)c12
CC(=O)CC(C)=O.NNc1c(Cl)cc(C(F)(F)F)cc1Cl,Cc1cc(C)n(-c2c(Cl)cc(C(F)(F)F)cc2Cl)n1
COC(=O)[C@@H](OC(C)(C)C)c1c(C)c(C=O)c2nc3cn2c1N1CCC(C)(CC1)OCCCC[C@H](C)Oc1ccc(F)c(F)c1-c1cccc-3c1,COC(=O)[C@@H](OC(C)(C)C)c1c(C)c(C=O)c2nc3cn2c1N1CCC(C)(CC1)OCCCC[C@H](C)Oc1ccc(F)cc1-c1cccc-3c1
N.O=C(Cl)Cc1ccccc1,NC(=O)Cc1ccccc1
CC(C)CCC(=O)c1ccc(Br)cc1,CC(C)CCCc1ccc(Br)cc1
CCOC(=O)c1ccc2c(c1)nc(-c1ccc(Oc3cccc(OC(C)=O)c3)cc1)n2C1CCCCC1,CCOC(=O)c1ccc2c(c1)nc(-c1ccc(Oc3cccc(O)c3)cc1)n2C1CCCCC1
CCOC(=O)C(Br)CCC(Br)C(=O)OCC.COc1ccccc1N,CCOC(=O)[C@H]1CC[C@@H](C(=O)OCC)N1c1ccccc1OC
COc1ccc2c(c1)CCN=C2C1CCN(C(=O)C(F)(F)F)CC1,COc1ccc2c(c1)CCN=C2C1CCNCC1
CCOC(=O)c1csc(-c2cccnc2)n1,OCc1csc(-c2cccnc2)n1
O=C(OCC1c2ccccc2-c2ccccc21)N1CCOC2(CCN(Cc3ccccc3)CC2)C1,O=C(OCC1c2ccccc2-c2ccccc21)N1CCOC2(CCNCC2)C1
COc1cc2c(c(Cl)c1Cl)C(=O)C(C)(C(C)C)C2,CC(C)C1(C)Cc2cc(O)c(Cl)c(Cl)c2C1=O
CCc1nc2c(C)cc(C)nn2c1C(O)c1ccc(O)cc1,CCc1nc2c(C)cc(C)nn2c1Cc1ccc(O)cc1
CCOC(=O)/C=C/c1cc(OC)cc2c1ccc(=O)n2CCN1CCC(N(Cc2ccc3c(c2)OCCO3)C(=O)OC(C)(C)C)CC1,CCOC(=O)/C=C/c1cc(OC)cc2c1ccc(=O)n2CCN1CCC(NCc2ccc3c(c2)OCCO3)CC1
CC1(N)CCN(C(=O)OC(C)(C)C)CC1,CC1(N)CCNCC1
COC(=O)c1cc(C#CC(N)C(C)=O)c2cccc([N+](=O)[O-])c2n1,COC(=O)c1cc(C#CC(N)C(C)=O)c2cccc(N)c2n1
COCOc1ccc(C=CC(=O)c2c(OCOC)cc(OCOC)c(CC=C(C)C)c2OC(C)=O)cc1,COCOc1ccc(CCC(=O)c2c(OCOC)cc(OCOC)c(CC=C(C)C)c2OC(C)=O)cc1
CCOC(COCCCCOc1c(Cl)cc(OCC=C(Cl)Cl)cc1Cl)OCC,O=CCOCCCCOc1c(Cl)cc(OCC=C(Cl)Cl)cc1Cl
COC(=O)c1ccccc1NC(=O)Cc1ccc(Oc2ccc(OCc3ccccc3)cc2)cc1,O=C(Cc1ccc(Oc2ccc(OCc3ccccc3)cc2)cc1)Nc1ccccc1C(=O)O
CCOC(=O)C(N)C=C(CCF)CP(=O)(O)O,NC(C=C(CCF)CP(=O)(O)O)C(=O)O
COC(Cc1cccc(C#CCCCOc2ccc(Oc3ccccc3)cc2)c1)C(=O)O,COC(Cc1cccc(CCCCCOc2ccc(Oc3ccccc3)cc2)c1)C(=O)O
COc1ccc(C=C(C)C(=O)c2cc(OC)c(OC)c(OC)c2)cc1NC(=O)C(N)C(=O)OC(C)(C)C,COc1ccc(C=C(C)C(=O)c2cc(OC)c(OC)c(OC)c2)cc1NC(=O)CN
COC(=O)COc1cc(N)nc(C)c1C#N,COC(=O)COc1cc(N)nc(C)c1CN
CCCCCCCCC(C)C(=O)Cl.[NH4+],CCCCCCCCC(C)C(N)=O
CC1(C)CC(c2cc(-c3ccc(Cl)cc3)n(-c3ccccc3[N+](=O)[O-])n2)CC(C)(C)O1,CC1(C)CC(c2cc(-c3ccc(Cl)cc3)n(-c3ccccc3N)n2)CC(C)(C)O1
COC(=O)c1c(CN2CCC(NC(=O)OCC3c4ccccc4-c4ccccc43)CC2)c(-c2ccccc2)nc2ccccc12,O=C(NC1CCN(Cc2c(-c3ccccc3)nc3ccccc3c2C(=O)O)CC1)OCC1c2ccccc2-c2ccccc21
CCOC(=O)C1C(c2ccccc2)=CC(=O)N1C,CCOC(=O)[C@H]1[C@@H](c2ccccc2)CC(=O)N1C
CCOC(OCC)c1cc2cnc(Br)cc2[nH]1,O=Cc1cc2cnc(Br)cc2[nH]1
Cc1nc(S(=O)(=O)Cl)cn1C,Cc1nc(S)cn1C
CC(C)(C)n1cc(C(=O)c2cncc(Br)c2)c2cncnc21.N,CC(C)(C)n1cc(C(=O)c2cncc(N)c2)c2cncnc21
COC(=O)c1cc(N2CCN3CCC2CC3)ncc1[N+](=O)[O-],O=C(O)c1cc(N2CCN3CCC2CC3)ncc1[N+](=O)[O-]
O=C1C[C@@H](C(=O)O)N(C(=O)OCc2ccccc2)C1,O=C1CN[C@H](C(=O)O)C1
C[C@]12CC[C@H]3[C@@H](CC=C4C[C@@H](O)CC[C@@]43CO)[C@@H]1CCC2=O,C[C@]12CC[C@H]3[C@@H](CC[C@H]4C[C@@H](O)CC[C@@]43CO)[C@@H]1CCC2=O
C=C(C)C[C@@H](C(=O)OC)[C@H](O)CCC,CCC[C@@H](O)[C@@H](CC(C)C)C(=O)OC
COc1cccc(-c2cc(C)c3nc(C)n(Cc4ccc(Cl)cc4Cl)c3c2)c1,Cc1cc(-c2cccc(O)c2)cc2c1nc(C)n2Cc1ccc(Cl)cc1Cl
CS(=O)(=O)c1ccc(C(=O)O)c(O)c1,CS(=O)(=O)c1ccc(CO)c(O)c1
CC(=O)N1CC[C@H](Oc2ccc([N+](=O)[O-])cc2)C1,CC(=O)N1CC[C@H](Oc2ccc(N)cc2)C1
COC(=O)CC(Cc1ccc(OCc2ccccc2)cc1)c1nc(C(F)(F)F)cs1,COC(=O)CC(Cc1ccc(O)cc1)c1nc(C(F)(F)F)cs1
O=C(CSc1ncccc1C(=O)NC1CCCCC1)c1ccccc1,O=C(NC1CCCCC1)c1cccnc1SCC(O)c1ccccc1
CC(C)(C)OC(=O)N1CCC2(CC1)CN(Cc1ccccc1)CC(CO)O2,CC(C)(C)OC(=O)N1CCC2(CC1)CNCC(CO)O2
COc1ccc(Cc2ccc(I)cc2)cc1,Oc1ccc(Cc2ccc(I)cc2)cc1
O=[N+]([O-])c1cccc(-c2nc3n(n2)Cc2ccccc2-3)c1,Nc1cccc(-c2nc3n(n2)Cc2ccccc2-3)c1
O=C(NCCCc1ccccc1)Nc1ccc(CCNC[C@H](O)c2ccc(OCc3ccccc3)c3[nH]c(=O)ccc23)cc1,O=C(NCCCc1ccccc1)Nc1ccc(CCNC[C@H](O)c2ccc(O)c3[nH]c(=O)ccc23)cc1
Cc1cc2c3n1C(c1ccccc1)=CN(n1c(C)nc4cc(C(=O)O)ccc4c1=O)C(=O)C3=CCC2,Cc1cc2c3n1C(c1ccccc1)=CN(n1c(C)nc4cc(CO)ccc4c1=O)C(=O)C3=CCC2
CCCCCCc1cccc(-c2nc(C#CCO)c(C(=O)N3CCC(N4CCCC4)CC3)n2C)c1,CCCCCCc1cccc(-c2nc(CCCO)c(C(=O)N3CCC(N4CCCC4)CC3)n2C)c1
O=S(=O)(Nc1cccc(-c2nc(N3CCOCC3)sc2-c2ccnc(Cl)n2)c1Cl)c1c(F)cccc1F,O=S(=O)(Nc1cccc(-c2nc(N3CCOCC3)sc2-c2ccncn2)c1Cl)c1c(F)cccc1F
Cc1c(O)cccc1Cl.N#[C][Cu],Cc1c(O)cccc1C#N
CC(C)OC(=O)C[C@@H](c1cc(F)cc(F)c1)C1CCN(S(C)(=O)=O)CC1,CS(=O)(=O)N1CCC([C@@H](CCO)c2cc(F)cc(F)c2)CC1
CCC(Nc1nccc(-c2cc(F)c(N(C)C)cc2Cl)c1[N+](=O)[O-])C1CC1,CCC(Nc1nccc(-c2cc(F)c(N(C)C)cc2Cl)c1N)C1CC1
COC(=O)C[C@@H]1CC[C@@H](N(C(=O)c2cccc(F)c2)C2CC2)CC1,O=C(c1cccc(F)c1)N(C1CC1)[C@@H]1CC[C@@H](CCO)CC1
[N-]=[N+]=NCCOc1ccc([N+](=O)[O-])cc1,NCCOc1ccc([N+](=O)[O-])cc1
CN(C(=O)OC(C)(C)C)c1cc(Oc2ccc(Oc3ccccc3)cc2)ccc1[N+](=O)[O-],CN(C(=O)OC(C)(C)C)c1cc(Oc2ccc(Oc3ccccc3)cc2)ccc1N
Cc1cccc2c(=O)c3ccccc3oc12.O=C1CCC(=O)N1Br,O=c1c2ccccc2oc2c(CBr)cccc12
C[Si](C)(C)N=[N+]=[N-].N#CCc1ccc(Nc2nc(-c3ccc(Cl)s3)nc3c2CCC3)cc1,Clc1ccc(-c2nc3c(c(Nc4ccc(Cc5nnn[nH]5)cc4)n2)CCC3)s1
COc1ccc(CCCc2nc(Cl)cc(N3CCOCC3)n2)cc1OC.NN,COc1ccc(CCCc2nc(NN)cc(N3CCOCC3)n2)cc1OC
CC(=O)CCC(C)=O.Cc1cccc(N)n1,Cc1cccc(-n2c(C)ccc2C)n1
CC(=O)c1ccc(-c2ccc([N+](=O)[O-])cc2)o1,CC(=O)c1ccc(-c2ccc(N)cc2)o1
C#CC(O)c1ccc(N2CCN(C)CC2)cc1,C#CCc1ccc(N2CCN(C)CC2)cc1
O=C(O)Cc1cc(-c2ccc(OC(F)(F)F)cc2)nn1CC(F)(F)F,OCCc1cc(-c2ccc(OC(F)(F)F)cc2)nn1CC(F)(F)F
O=C1NC(=O)c2ccccc21,O=C1NCc2ccccc21
CCCN(CCC)C(C)CCC1Cc2cc(Br)ccc2C1OCOC.[C-]#N,CCCN(CCC)C(C)CCC1Cc2cc(C#N)ccc2C1OCOC
O=[N+]([O-])c1ccc(N2CC(O)C2)nc1,Nc1ccc(N2CC(O)C2)nc1
CCOC(=O)/C(C)=C/c1ccc([N+](=O)[O-])cc1,CCOC(=O)/C(C)=C/c1ccc(N)cc1
Clc1ccc2c(c1)Nc1ccccc1S2.N#[C][Cu],N#Cc1ccc2c(c1)Nc1ccccc1S2
COc1ccc(C(NC(C)c2cccs2)c2cccc([N+](=O)[O-])c2)cc1,COc1ccc(C(NC(C)c2cccs2)c2cccc(N)c2)cc1
Fc1nc(F)c(Cl)c(F)c1F,Fc1cc(Cl)c(F)nc1F
CC(C)(C)OC(=O)N[C@@](C)(C=O)Cc1ccccc1.NO,CC(C)(C)OC(=O)N[C@@](C)(C=NO)Cc1ccccc1
CC(C)(C)OC(=O)C1(C(=O)O)CC1,CC(C)(C)OC(=O)C1(CO)CC1
COc1ccc(C(C)(O)CN2C=C(C)c3c(nnn3-c3ccc(F)cc3)C2C)cc1,COc1ccc(C(C)(O)CN2CC(C)c3c(nnn3-c3ccc(F)cc3)C2C)cc1
COCCCCCN1CCC(=O)CC1.NO,COCCCCCN1CCC(=NO)CC1
Cc1noc2nc(C(N=[N+]=[N-])C(C)C)n(Cc3cccc(F)c3)c(=O)c12,Cc1noc2nc(C(N)C(C)C)n(Cc3cccc(F)c3)c(=O)c12
N.O=C(O)c1cccc(-c2cnn3c(-c4cccc(NC(=O)c5cccc(C(F)(F)F)c5)c4)ccnc23)c1,NC(=O)c1cccc(-c2cnn3c(-c4cccc(NC(=O)c5cccc(C(F)(F)F)c5)c4)ccnc23)c1
CC(C)Oc1ccc(OCc2ccccc2)cc1C(=O)O.Nc1cccnc1N,CC(C)Oc1ccc(OCc2ccccc2)cc1-c1nc2cccnc2[nH]1
COC(=O)c1sc(-n2cnc3cnc(CO[Si](C)(C)C(C)(C)C)cc32)cc1OC(C)c1ccccc1C.N,Cc1ccccc1C(C)Oc1cc(-n2cnc3cnc(CO[Si](C)(C)C(C)(C)C)cc32)sc1C(N)=O
Clc1nccn2c(C3CCCCC3)nc(-c3ccc(Oc4ccccc4)cc3)c12.N,Nc1nccn2c(C3CCCCC3)nc(-c3ccc(Oc4ccccc4)cc3)c12
Cc1cc(C#N)cc(C)c1Oc1cc(Cl)nc(Nc2ccc(C#N)cc2)n1.N,Cc1cc(C#N)cc(C)c1Oc1cc(N)nc(Nc2ccc(C#N)cc2)n1
CCC(C)(C)c1nc2cc(S(=O)(=O)n3cc(C(=O)O)cn3)ccc2n1CC1CCOCC1.N,CCC(C)(C)c1nc2cc(S(=O)(=O)n3cc(C(N)=O)cn3)ccc2n1CC1CCOCC1
Cc1cc(C)c(C#N)c(Cl)n1,Cc1cc(C)c(C#N)cn1
O=C(OCc1ccccc1)N1CC=CCC1.O=C(OO)c1cccc(Cl)c1,O=C(OCc1ccccc1)N1CCC2OC2C1
NC(=O)c1cc(-c2ccc(Cl)cc2)c(-c2ccccc2Cl)nc1N,N#Cc1cc(-c2ccc(Cl)cc2)c(-c2ccccc2Cl)nc1N
COC(=O)c1ccc(C#CC(O)(C2CC2)C2CC2)c(OCCC(F)(F)F)c1,COC(=O)c1ccc(C#CC(C2CC2)C2CC2)c(OCCC(F)(F)F)c1
N.O=C(O)Cc1ccc(C2CCC(N3CC(NC(=O)CNC(=O)c4cccc(C(F)(F)F)c4)C3)CC2)cc1,NC(=O)Cc1ccc(C2CCC(N3CC(NC(=O)CNC(=O)c4cccc(C(F)(F)F)c4)C3)CC2)cc1
Clc1ccc(Cl)nn1.NN,NNc1ccc(Cl)nn1
BrCCOCCBr.COc1ncc(N)cc1Br,COc1ncc(N2CCOCC2)cc1Br
COC(=O)CCC(C(N)=O)N1Cc2c(OCc3ccc(CBr)cc3)cccc2C1=O.[N-]=[N+]=[N-],COC(=O)CCC(C(N)=O)N1Cc2c(OCc3ccc(CN=[N+]=[N-])cc3)cccc2C1=O
COc1ccc2cc(Br)ccc2c1Br,COc1ccc2cc(Br)ccc2c1
CCC(O)CCCCCCC=CCCCCC(=O)O,CCCCCCCCC/C=C\CCCCC(=O)O
BrC(Br)(Br)Br.OCCCCCC1=C(c2ccc(O)cc2)CCCc2cc(O)ccc21,Oc1ccc(C2=C(CCCCCBr)c3ccc(O)cc3CCC2)cc1
COC(=O)c1ccnc([N+](=O)[O-])c1.N,NC(=O)c1ccnc([N+](=O)[O-])c1
COC(=O)[C@H](CCCCNC(=O)OCc1ccccc1)NC(=O)Nc1cc(OC)cc(C(C)(C)C)c1O,COC(=O)[C@H](CCCCN)NC(=O)Nc1cc(OC)cc(C(C)(C)C)c1O
Nc1cccc2cnccc12.O=C(O)c1cc([N+](=O)[O-])c(Sc2c(Cl)cncc2Cl)s1,O=C(Nc1cccc2cnccc12)c1cc([N+](=O)[O-])c(Sc2c(Cl)cncc2Cl)s1
CCNCC.Cc1nc(-c2ccc(C=O)cc2)sc1COc1ccc([C@H](CC(=O)N2C(=O)OC[C@@H]2Cc2ccccc2)c2ccon2)cc1,CCN(CC)Cc1ccc(-c2nc(C)c(COc3ccc([C@H](CC(=O)N4C(=O)OC[C@@H]4Cc4ccccc4)c4ccon4)cc3)s2)cc1
CC1(C)CCC(CN2CCN(c3ccc(C(=O)NS(=O)(=O)c4ccc(NCC5CNC5)c([N+](=O)[O-])c4)c(Oc4cnc5[nH]ccc5c4)c3)CC2)=C(c2ccc(Cl)cc2)C1.O=C(CF)CF,CC1(C)CCC(CN2CCN(c3ccc(C(=O)NS(=O)(=O)c4ccc(NCC5CN(C(CF)CF)C5)c([N+](=O)[O-])c4)c(Oc4cnc5[nH]ccc5c4)c3)CC2)=C(c2ccc(Cl)cc2)C1
CCOc1ccc(Oc2ncnc3c2cnn3C2CCNCC2)c(F)c1.O=C(Cl)OC1CCCC1,CCOc1ccc(Oc2ncnc3c2cnn3C2CCN(C(=O)OC3CCCC3)CC2)c(F)c1
Cn1cnc(-c2cc(C#N)ccn2)c1Br.OB(O)c1ccc(-n2cccn2)cc1,Cn1cnc(-c2cc(C#N)ccn2)c1-c1ccc(-n2cccn2)cc1
CC1(C)OB(c2ccc(OCc3ccc4ccccc4n3)cc2)OC1(C)C.N#Cc1ccc(OC2CCCCO2)c(Br)c1,N#Cc1ccc(OC2CCCCO2)c(-c2ccc(OCc3ccc4ccccc4n3)cc2)c1
COc1ccc(C(=O)Cc2c(Cl)c[n+]([O-])cc2Cl)c2c1OC1(CCCC1)O2,COc1ccc(C(O)Cc2c(Cl)c[n+]([O-])cc2Cl)c2c1OC1(CCCC1)O2
CC(C)(C)OC(=O)NN.O=C(O)c1ccc(Br)cc1Cl,CC(C)(C)OC(=O)NNC(=O)c1ccc(Br)cc1Cl
CCOP(=O)(CO)OCC.Nc1ncnc2c1nc(CBr)n2CCc1ccccc1,CCOP(=O)(COCc1nc2c(N)ncnc2n1CCc1ccccc1)OCC
CC(C)(C)OC(=O)CONC(=O)NCc1cccc2ccccc12,O=C(O)CONC(=O)NCc1cccc2ccccc12
CCOC(=O)c1nnn(Cc2ccc(OC)cc2)c1C(=O)c1ccc(OC)c(OC)c1,CCOC(=O)c1nn[nH]c1C(=O)c1ccc(OC)c(OC)c1
CC(C)[C@H](NC(=O)CNC(=O)[C@@H]1CCCN1C(=O)[C@@H](NC(=O)OCc1ccccc1)C(C)C)C(=O)O.COC(=O)CN,COC(=O)CNC(=O)[C@@H](NC(=O)CNC(=O)[C@@H]1CCCN1C(=O)[C@@H](NC(=O)OCc1ccccc1)C(C)C)C(C)C
NC1CCN(Cc2ccccc2)CC1.O=Cc1c[nH]cn1,c1ccc(CN2CCC(NCc3c[nH]cn3)CC2)cc1
BrCc1ccccc1.Oc1ccc(O)c(Br)c1,Oc1ccc(OCc2ccccc2)c(Br)c1
COc1ccc(-c2nn(C(C)C)c3c(Cl)cccc23)cc1,CC(C)n1nc(-c2ccc(O)cc2)c2cccc(Cl)c21
Cc1ccccc1C(=O)Cl.Nc1ccc(C(=O)N2Cc3ccccc3Sc3ncccc32)cc1,Cc1ccccc1C(=O)Nc1ccc(C(=O)N2Cc3ccccc3Sc3ncccc32)cc1
Fc1ccc(C(F)(F)F)cc1Br.c1ccc2c(c1)NCCO2,FC(F)(F)c1ccc(N2CCOc3ccccc32)c(Br)c1
CC(C)S.Fc1cccnc1F,CC(C)Sc1ncccc1F
COC(=O)C(C)(C)CN1CCNCC1.Cc1cc2n(c1)Cc1cc(Cl)ccc1N=C2Cl,COC(=O)C(C)(C)CN1CCN(C2=Nc3ccc(Cl)cc3Cn3cc(C)cc32)CC1
CCN(c1nc(F)ccc1NC(C)C)C1CCN(Cc2ccccc2)CC1,CCN(c1nc(F)ccc1NC(C)C)C1CCNCC1
O=C1CNC(=O)N1.O=Cc1cnn2c(NC3CC3)cc(NC3CCCC3)nc12,O=C1NC(=O)/C(=C/c2cnn3c(NC4CC4)cc(NC4CCCC4)nc23)N1
CC(C)(C)OC(=O)C(Br)Oc1cc(Cl)cc(Cl)c1.C[O-],COC(Oc1cc(Cl)cc(Cl)c1)C(=O)OC(C)(C)C
N.O=[N+]([O-])c1cccc(CBr)c1,NCc1cccc([N+](=O)[O-])c1
C[Si](C)(C)C#Cc1coc2ccc(C(=O)N[C@H]3CN4CCC3CC4)cc12,C#Cc1coc2ccc(C(=O)N[C@H]3CN4CCC3CC4)cc12
CC(=O)OC(COCCO)c1cccc(Cl)c1.CS(=O)(=O)Cl,CC(=O)OC(COCCOS(C)(=O)=O)c1cccc(Cl)c1
Clc1cnc2nc1Nc1ccc(OCCC3CCNCC3)c(c1)CCc1cncc(c1)N2.O=C=NCc1ccco1,O=C(NCc1ccco1)N1CCC(CCOc2ccc3cc2CCc2cncc(c2)Nc2ncc(Cl)c(n2)N3)CC1
Brc1ccc(OCc2ccccc2)cc1.O=C1CN(c2ccncc2)CCN1,O=C1CN(c2ccncc2)CCN1c1ccc(OCc2ccccc2)cc1
CC(C)(C)OC(=O)NCCCN.CCC(O)c1nn2cccc2c(=O)n1Cc1ccccc1,CCC(NCCCNC(=O)OC(C)(C)C)c1nn2cccc2c(=O)n1Cc1ccccc1
COC(=O)C(CC1CCCC1)n1ncc(Oc2ccccc2C(C)=O)cc1=O,CC(=O)c1ccccc1Oc1cnn(C(CC2CCCC2)C(=O)O)c(=O)c1
Nc1ccc(Cl)c(-c2ccccn2)c1.O=C(O)c1ccc(-n2cncn2)nc1,O=C(Nc1ccc(Cl)c(-c2ccccn2)c1)c1ccc(-n2cncn2)nc1
C=C1C(=C)C2OC1C(=C)C2=C.C=CC(C)=O,C=C1C(=C)C2OC1C1=C2CC(C(C)=O)CC1
CCOC(=O)C=P(c1ccccc1)(c1ccccc1)c1ccccc1.O=CCc1ccc(Br)cc1,CCOC(=O)C=CCc1ccc(Br)cc1
CC(C)(C)OC(=O)N1CCN(c2nc(-c3ccnc(Cl)c3)cc3cnccc23)CC1.NC1CCOCC1,CC(C)(C)OC(=O)N1CCN(c2nc(-c3ccnc(NC4CCOCC4)c3)cc3cnccc23)CC1
C=O.Clc1ccc2c(c1)CNCc1nnc(Br)n1-2,CN1Cc2cc(Cl)ccc2-n2c(Br)nnc2C1
CNC.O=C(O)[C@@H]1CCCN1C(=O)OCc1ccccc1,CN(C)C(=O)[C@@H]1CCCN1C(=O)OCc1ccccc1
CCOC(=O)Cc1ccc(OC)c(Oc2ccc([N+](=O)[O-])cc2CBr)c1.FC(F)(F)CS,CCOC(=O)Cc1ccc(OC)c(Oc2ccc([N+](=O)[O-])cc2CSCC(F)(F)F)c1
CC(C)(C)OC(=O)NCC1CCNCC1.O=S(=O)(Cl)c1cccc2cncc(Cl)c12,CC(C)(C)OC(=O)NCC1CCN(S(=O)(=O)c2cccc3cncc(Cl)c23)CC1
CCOC(=O)c1ccc(Cl)c([N+](=O)[O-])c1.N[C@H]1CC[C@H](O)CC1,CCOC(=O)c1ccc(N[C@@H]2CC[C@@H](O)CC2)c([N+](=O)[O-])c1
CC(=O)N1CCC(=O)CC1.COc1cc(C(F)(F)F)cc(C(F)(F)F)c1C(=O)N[C@@H]1CCCC[C@@H]1N,COc1cc(C(F)(F)F)cc(C(F)(F)F)c1C(=O)N[C@@H]1CCCC[C@@H]1NC1CCN(C(C)=O)CC1
CCCCCc1nc2c(N)nc3ccccc3c2n1CCCCN.O=S(=O)(Cl)c1ccccc1,CCCCCc1nc2c(N)nc3ccccc3c2n1CCCCNS(=O)(=O)c1ccccc1
CC(C)Cn1c(=O)n(C)c(=O)c2c(-c3cc(C(=O)O)cn3C)n(Cc3c[nH]c4ccc(Cl)cc34)nc21.CC(C)NCCN,CC(C)Cn1c(=O)n(C)c(=O)c2c(-c3cc(C(=O)NCCNC(C)C)cn3C)n(Cc3c[nH]c4ccc(Cl)cc34)nc21
ClCCCN1CCN(c2ccccc2)CC1.O=C1NC(=O)C(c2ccccc2)(c2ccccc2)N1,O=C1NC(c2ccccc2)(c2ccccc2)C(=O)N1CCCN1CCN(c2ccccc2)CC1
CC(=O)Cl.Cc1ccccc1O,CC(=O)Oc1ccccc1C
CC(C)(C)OC(=O)OC(=O)OC(C)(C)C.CN[C@H]1CC[C@@H](c2ccc(Cl)c(Cl)c2)c2ccc(C(=O)OC)cc21,COC(=O)c1ccc2c(c1)[C@@H](N(C)C(=O)OC(C)(C)C)CC[C@H]2c1ccc(Cl)c(Cl)c1
COCOc1ccc(C2(C)COc3cc(OCOC)ccc3C2CCCCCCCCO)cc1.Cc1ccc(S(=O)(=O)Cl)cc1,COCOc1ccc(C2(C)COc3cc(OCOC)ccc3C2CCCCCCCCOS(=O)(=O)c2ccc(C)cc2)cc1
CNC.Cc1ccc(C(=O)N2CCC(c3ccc(C#N)cc3)CC2)cc1NS(=O)(=O)c1cccc(C(=O)O)c1,Cc1ccc(C(=O)N2CCC(c3ccc(C#N)cc3)CC2)cc1NS(=O)(=O)c1cccc(C(=O)N(C)C)c1
Ic1c[nH]cn1.OB(O)c1cc(C(F)(F)F)cc(C(F)(F)F)c1,FC(F)(F)c1cc(-c2c[nH]cn2)cc(C(F)(F)F)c1
N#CC1CCNCC1.O=C(Cl)OCc1ccccc1,N#CC1CCN(C(=O)OCc2ccccc2)CC1
CCSc1nc(Cl)cc(C)c1C(=O)NCc1cccc(F)c1.OC[C@H]1COCCN1,CCSc1nc(N2CCOC[C@@H]2CO)cc(C)c1C(=O)NCc1cccc(F)c1
C#CC1CC1.CC1(C)[C@@]2(C)CC[C@]1(C(=O)Nc1ccc(Cl)cc1C(=O)C(F)(F)F)OC2=O,CC1(C)[C@@]2(C)CC[C@]1(C(=O)Nc1ccc(Cl)cc1[C@@](O)(C#CC1CC1)C(F)(F)F)OC2=O
Cc1ccc(C(C)(C)C)cc1[N+](=O)[O-],Cc1ccc(C(C)(C)C)cc1N
CNc1cccc(N)c1C#N.O=C=NC(=O)c1ccccc1,CNc1cccc(NC(=O)NC(=O)c2ccccc2)c1C#N
CC1=C(C#N)C(c2ccc3c(c2)c(N)nn3C(=O)OC(C)(C)C)C(C#N)=C(C)N1.O=S(=O)(Cl)Cc1ccc(F)cc1,CC1=C(C#N)C(c2ccc3c(c2)c(NS(=O)(=O)Cc2ccc(F)cc2)nn3C(=O)OC(C)(C)C)C(C#N)=C(C)N1
N[C@H]1C(=O)Nc2ccccc2S[C@H]1c1ccccc1.O=C(Cc1cc(F)cc(F)c1)N[C@@H](Cc1cc2ccccc2[nH]1)C(=O)O,O=C(Cc1cc(F)cc(F)c1)N[C@@H](Cc1cc2ccccc2[nH]1)C(=O)N[C@@H]1C(=O)Nc2ccccc2S[C@@H]1c1ccccc1
CCN.CCOC(=O)c1c(OCc2ccccc2)c(OCc2ccccc2)c(C(=O)N(C)C)n1-c1ccc(OC)cc1,CCNC(=O)c1c(OCc2ccccc2)c(OCc2ccccc2)c(C(=O)N(C)C)n1-c1ccc(OC)cc1
CN(Cc1ccccc1)c1nc2oc3c(Cl)ncnc3c2c2c1COC(C)(C)C2.NCCN1CCOCC1,CN(Cc1ccccc1)c1nc2oc3c(NCCN4CCOCC4)ncnc3c2c2c1COC(C)(C)C2
Clc1nccc(NC2CCCC2)n1.OB(O)c1ccc(OCc2ccccc2)cc1,c1ccc(COc2ccc(-c3nccc(NC4CCCC4)n3)cc2)cc1
C#CCNC(=O)c1cccc(F)c1Nc1nc(Cl)ncc1Cl.CCN1CC(O)(CO)COc2cc(N)ccc21,C#CCNC(=O)c1cccc(F)c1Nc1nc(Nc2ccc3c(c2)OCC(O)(CO)CN3CC)ncc1Cl
NCCC1CC1.O=C(O)c1ccc(N2CC3=C(CN(C(=O)c4ccccc4C(F)(F)F)C3)C2)nc1,O=C(NCCC1CC1)c1ccc(N2CC3=C(CN(C(=O)c4ccccc4C(F)(F)F)C3)C2)nc1
CC(C)(C)c1noc(N2CCC(NC3CC3)CC2)n1.N#Cc1ccc(-c2cc(C(=O)O)on2)c(F)c1,CC(C)(C)c1noc(N2CCC(N(C(=O)c3cc(-c4ccc(C#N)cc4F)no3)C3CC3)CC2)n1
Cc1ccc(C(=O)O)cc1F.O=C1CCC(=O)N1Br,O=C(O)c1ccc(CBr)c(F)c1
COC(=O)CS(=O)(=O)Nc1cc(C(=O)N2CCC(c3ccc(C#N)cc3)CC2)ccc1C,Cc1ccc(C(=O)N2CCC(c3ccc(C#N)cc3)CC2)cc1NS(=O)(=O)CC(=O)O
COc1ccc(B(O)O)cc1.O=S(=O)(OC1=CCC2(CC1)OCCO2)C(F)(F)F,COc1ccc(C2=CCC3(CC2)OCCO3)cc1
CC(C)(C)OC(=O)N1CCC(N2C(=O)NC[C@H]2c2ccccc2)CC1.CN=C=O,CNC(=O)N1C[C@@H](c2ccccc2)N(C2CCN(C(=O)OC(C)(C)C)CC2)C1=O
NCC1(O)CCCC1.O=[N+]([O-])c1cc(Br)ccc1Br,O=[N+]([O-])c1cc(Br)ccc1NCC1(O)CCCC1
C=CC(=O)Cl.OCC(Cl)(Cl)Cl,C=CC(=O)OCC(Cl)(Cl)Cl
NCC1CCCCN1.O=C(OCC(F)(F)F)c1cc(OCC(F)(F)F)ccc1OCC(F)(F)F,O=C(NCC1CCCCN1)c1cc(OCC(F)(F)F)ccc1OCC(F)(F)F
Cc1nc2c(nc1Br)c(C(=O)NC(C)(C)C)cn2COCC[Si](C)(C)C.Cn1cc(N)cn1,Cc1nc2c(nc1Nc1cnn(C)c1)c(C(=O)NC(C)(C)C)cn2COCC[Si](C)(C)C
C[C@@H]([NH3+])C1CCOCC1.Fc1ncccc1I,C[C@@H](Nc1ncccc1I)C1CCOCC1
CC(C)(C)OC(=O)NC1(c2ccc(-c3c(Cl)nc4n3-c3cccnc3Nc3ccccc3-4)cc2)CCC1.O=C(OCc1ccccc1)c1ccc(B(O)O)cc1,CC(C)(C)OC(=O)NC1(c2ccc(-c3c(-c4ccc(C(=O)OCc5ccccc5)cc4)nc4n3-c3cccnc3Nc3ccccc3-4)cc2)CCC1
CCOC(=O)CCc1c(/C=C2\C(=O)Nc3ccccc32)[nH]c2c1C(=O)CCC2,O=C(O)CCc1c(/C=C2\C(=O)Nc3ccccc32)[nH]c2c1C(=O)CCC2
COC(=O)c1ncc(-c2cccc(-c3ccccc3C(F)(F)F)c2)[nH]1.N,NC(=O)c1ncc(-c2cccc(-c3ccccc3C(F)(F)F)c2)[nH]1
C1=C(c2ccccn2)CCC2(C1)OCCO2,c1ccc(C2CCC3(CC2)OCCO3)nc1
C[C@H]1CN(C(=O)OC(C)(C)C)CCN1C1CCc2ccc(C(F)(F)F)cc21,C[C@H]1CNCCN1C1CCc2ccc(C(F)(F)F)cc21
BrCCBr.COC(=O)c1cc(C(F)(F)F)n[nH]1,COC(=O)c1cc(C(F)(F)F)nn1CCBr
CC(NC(c1ccc(F)cc1)c1cccc([N+](=O)[O-])c1)c1ccc(F)c(F)c1,CC(NC(c1ccc(F)cc1)c1cccc(N)c1)c1ccc(F)c(F)c1
COc1nc(Cl)cnc1N.O=S(=O)(Cl)c1ccc(Br)s1,COc1nc(Cl)cnc1NS(=O)(=O)c1ccc(Br)s1
CCC(=O)CBr.CCN(CC)CCNC(=O)c1cc(Cl)c(N)cc1O,CCC(=O)COc1cc(N)c(Cl)cc1C(=O)NCCN(CC)CC
N[C@@H](COCc1ccccc1)C(=O)Nc1ccc(Oc2ccc(F)cc2)cc1.O=C(O)Cc1cnccn1,O=C(Cc1cnccn1)N[C@@H](COCc1ccccc1)C(=O)Nc1ccc(Oc2ccc(F)cc2)cc1
CCN=C=S.NCc1ccccc1,CCNC(=S)NCc1ccccc1
C=CC(=O)Nc1ccc2c(c1)C(C)(c1ccccc1)CC(C)(C)N2C(C)=O.CCOCCO,CCOCCOCCC(=O)Nc1ccc2c(c1)C(C)(c1ccccc1)CC(C)(C)N2C(C)=O
COC(=O)C(N)c1cccc(NC2CCCCC2)c1,NC(CO)c1cccc(NC2CCCCC2)c1
C=O.COc1ccc(N)c(C)c1,CNc1ccc(OC)cc1C
CCNCC1CCNC1.CCn1cc(C(=O)O)c(=O)c2cc(F)c(Cl)nc21,CCNCC1CCN(c2nc3c(cc2F)c(=O)c(C(=O)O)cn3CC)C1
CN1CCN(Cc2ccc(-c3cc(CCl)on3)cc2)CC1.Fc1cccc(-c2nc3cn[nH]cc-3n2)c1F,CN1CCN(Cc2ccc(-c3cc(Cn4cc5nc(-c6cccc(F)c6F)nc-5cn4)on3)cc2)CC1
CCOC(=O)c1csc(N)n1.ICI,CCOC(=O)c1csc(I)n1
CC(C)(C)C(=O)ON[C@@H](CSc1c(N)cccc1-c1ccccc1)C(=O)O,CC(C)(C)C(=O)ON[C@H]1CSc2c(cccc2-c2ccccc2)NC1=O
CC1(C)OB(c2cn[nH]c2)OC1(C)C.O=[N+]([O-])c1ccc2c(c1)c(Br)nn2C(c1ccccc1)(c1ccccc1)c1ccccc1,O=[N+]([O-])c1ccc2c(c1)c(-c1cn[nH]c1)nn2C(c1ccccc1)(c1ccccc1)c1ccccc1
CCCCCc1ccc(-c2cc3cn([C@H]4C[C@H](OC(=O)OCc5ccccc5)[C@@H](CO[Si](C)(C)C(C)(C)C)O4)c(=O)nc3o2)cc1,CCCCCc1ccc(-c2cc3cn([C@H]4C[C@H](OC(=O)OCc5ccccc5)[C@@H](CO)O4)c(=O)nc3o2)cc1
CN(C)c1ccc(-c2cnc3ccc(O[Si](C)(C)C(C)(C)C)cc3n2)cc1,CN(C)c1ccc(-c2cnc3ccc(O)cc3n2)cc1
COC(=O)c1sc2cc(C(F)(F)F)ccc2c1C,Cc1c(C(=O)O)sc2cc(C(F)(F)F)ccc12
COc1ccc([C@@H](O)[C@H](NC(=O)[C@H](CO)NC(=O)OC(C)(C)C)C(=O)OCc2ccccc2)cc1,COc1ccc([C@@H](O)[C@H](NC(=O)[C@@H](N)CO)C(=O)OCc2ccccc2)cc1
CCCOc1ccc(C)cc1-c1nc(N)c(N=O)c(=O)[nH]1,CCCOc1ccc(C)cc1-c1nc(N)c(N)c(=O)[nH]1
CCCc1nc2c(cc1C(=O)OC)C(=O)N(C1CCN(Cc3cc(C4CC4)c(-c4ccc(F)cc4F)c(F)c3OC)CC1)CC2,CCCc1nc2c(cc1C(=O)O)C(=O)N(C1CCN(Cc3cc(C4CC4)c(-c4ccc(F)cc4F)c(F)c3OC)CC1)CC2
Cc1ccc(-n2ccc(N)n2)cc1C.O=C(Cl)c1cc(Cl)ccc1[N+](=O)[O-],Cc1ccc(-n2ccc(NC(=O)c3cc(Cl)ccc3[N+](=O)[O-])n2)cc1C
COc1cc2c(cc1[N+](=O)[O-])CCNCC2.OC(CF)CF,COc1cc2c(cc1[N+](=O)[O-])CCN(C(CF)CF)CC2
C#CCNC(=O)OC(C)(C)C.CCOC(=O)c1cn2c3c(cc(Br)cc3c1=O)CCC2,CCOC(=O)c1cn2c3c(cc(C#CCNC(=O)OC(C)(C)C)cc3c1=O)CCC2
BrCc1ccccc1.CC(C)c1c(C(=O)NCc2ccc(F)c(F)c2)c2ccc(O)cc2n1Cc1ccccc1,CC(C)c1c(C(=O)NCc2ccc(F)c(F)c2)c2ccc(OCc3ccccc3)cc2n1Cc1ccccc1
CCOC(=O)CNC(=O)c1cccs1,O=C(O)CNC(=O)c1cccs1
Nc1nnn[nH]1.O=C(O)c1cccc([N+](=O)[O-])c1O,O=C(Nc1nnn[nH]1)c1cccc([N+](=O)[O-])c1O
CC(C)c1ccc(NCc2ccc(OCc3ccccc3)c(OCc3ccccc3)c2)cc1.O=C(O)C1CCCc2c(OCc3ccccc3)cccc21,CC(C)c1ccc(N(Cc2ccc(OCc3ccccc3)c(OCc3ccccc3)c2)C(=O)C2CCCc3c(OCc4ccccc4)cccc32)cc1
CC(C)(C)OC(=O)NCCc1ccc(Oc2ncccc2C(N)=O)cc1,NCCc1ccc(Oc2ncccc2C(N)=O)cc1
CC(=O)OC(C)=O.N#Cc1ccc(C(F)(F)F)cc1N=NNc1cc(C(F)(F)F)ccc1C#N,CC(=O)N(N=Nc1cc(C(F)(F)F)ccc1C#N)c1cc(C(F)(F)F)ccc1C#N
CCc1nc2c(C)cc(CC(C)=O)nc2n1[C@H]1CCc2cc(-c3ccccc3-c3nnnn3C(c3ccccc3)(c3ccccc3)c3ccccc3)ccc21,CCc1nc2c(C)cc(CC(C)O)nc2n1[C@H]1CCc2cc(-c3ccccc3-c3nnnn3C(c3ccccc3)(c3ccccc3)c3ccccc3)ccc21
C=CCNc1nc(OCc2ccc(F)cc2F)c(Cl)c(=O)n1-c1cc(C(=O)OC)ccc1C,C=CCNc1nc(OCc2ccc(F)cc2F)c(Cl)c(=O)n1-c1cc(C(=O)O)ccc1C
COC(=O)c1ccc2c(c1)C[C@H]1[C@@H]2CCCN1C(=O)c1ccc2[nH]cnc2c1,O=C(O)c1ccc2c(c1)C[C@H]1[C@@H]2CCCN1C(=O)c1ccc2[nH]cnc2c1
ClCc1ccccc1.O=Cc1cc(F)c(O)c(F)c1,O=Cc1cc(F)c(OCc2ccccc2)c(F)c1
CC(=O)Cl.Oc1ccc(-c2ccccc2)cc1,CC(=O)Oc1ccc(-c2ccccc2)cc1
CC(C)(C)OC(=O)CSc1nc2cc(-c3ccc(-c4ccccc4O)cc3)c(Cl)cc2[nH]1,O=C(O)CSc1nc2cc(-c3ccc(-c4ccccc4O)cc3)c(Cl)cc2[nH]1
C[C@@H]1CN2c3c(cc4c(N5CCN(C(=O)OC(C)(C)C)CC5)noc4c3F)CC3(C(=O)NC(=O)NC3=O)[C@H]2[C@H](C)O1,C[C@@H]1CN2c3c(cc4c(N5CCNCC5)noc4c3F)CC3(C(=O)NC(=O)NC3=O)[C@H]2[C@H](C)O1
COC(=O)c1c(CBr)n(S(=O)(=O)c2ccccc2)c2ncccc12.Cc1ccc(S(=O)(=O)NCC#N)cc1,COC(=O)c1c(CN(CC#N)S(=O)(=O)c2ccc(C)cc2)n(S(=O)(=O)c2ccccc2)c2ncccc12
CC(C)O.O=C(O)c1sc(Cl)nc1C(F)(F)F,CC(C)OC(=O)c1sc(Cl)nc1C(F)(F)F
FC1(F)CCNC1.O=c1c(-n2ccnc2)c[nH]n1-c1cc(Cl)ncn1,O=c1c(-n2ccnc2)c[nH]n1-c1cc(N2CCC(F)(F)C2)ncn1
BrCC1CCCO1.O=C1C(=O)c2ccccc2C2=C1SCC1(CCNCC1)O2,O=C1C(=O)c2ccccc2C2=C1SCC1(CCN(CC3CCCO3)CC1)O2
Cc1cc(Cl)nc(Cl)c1[N+](=O)[O-].F[C@@H]1CCNC1,Cc1cc(Cl)nc(N2CC[C@@H](F)C2)c1[N+](=O)[O-]
COc1c(OC(F)F)ccc(-c2cccc3c2CCC3=O)c1O.CS(=O)(=O)c1ccc(CBr)cc1,COc1c(OC(F)F)ccc(-c2cccc3c2CCC3=O)c1OCc1ccc(S(C)(=O)=O)cc1
CI.CN1CC2CN(C(=O)OC(C)(C)C)CCc3c(Br)cc(Br)c1c32,Cc1cc(Br)c2c3c1N(C)CC3CN(C(=O)OC(C)(C)C)CC2
CCc1cnc(Cl)nc1.CS(=O)(=O)N1CC=C(c2cc3c(cn2)O[C@@H](C2CCNCC2)C3)CC1,CCc1cnc(N2CCC([C@H]3Cc4cc(C5=CCN(S(C)(=O)=O)CC5)ncc4O3)CC2)nc1
C=O.COc1ccccc1N1CCNCC1.Nc1cc(C2CC2)nn1-c1ccccc1,COc1ccccc1N1CCN(Cc2c(C3CC3)nn(-c3ccccc3)c2N)CC1
CC(=O)Nc1ccc(O)cc1.O=[N+]([O-])c1ccc(Br)cn1,CC(=O)Nc1ccc(Oc2ccc([N+](=O)[O-])nc2)cc1
COc1ccc(C(NC2=N[C@](C)(c3cc(Br)ccc3F)[C@@H](F)CO2)(c2ccccc2)c2ccc(OC)cc2)cc1.COc1ccccc1N,COc1ccc(C(NC2=N[C@](C)(c3cc(Nc4ccccc4OC)ccc3F)[C@@H](F)CO2)(c2ccccc2)c2ccc(OC)cc2)cc1
COc1ccc([C@H]2SC=C(c3ccccc3)N(CCN(C)C)C(=O)[C@H]2OC(C)=O)cc1,COc1ccc([C@H]2SC=C(c3ccccc3)N(CCN(C)C)C(=O)[C@H]2O)cc1
CCCCN1CCCC(=O)C1.Cc1cc(-n2ccnc2)ccc1N,CCCCN1CCCC(Nc2ccc(-n3ccnc3)cc2C)C1
CC(C)(C)OC(=O)N1CCNCC1.CCOC(=O)CC1OB(O)c2cc(Oc3cccc(C=O)c3)ccc21,CCOC(=O)CC1OB(O)c2cc(Oc3cccc(CN4CCN(C(=O)OC(C)(C)C)CC4)c3)ccc21
COc1ccc(B(O)O)c(OC)c1.Cc1nc[nH]c1/C=C1\C(=O)Nc2ccc(F)c(I)c21,COc1ccc(-c2c(F)ccc3c2/C(=C/c2[nH]cnc2C)C(=O)N3)c(OC)c1
BrCc1ccccn1.Cc1cc2c(ccc3nnc(C)n32)[nH]1,Cc1cc2c(ccc3nnc(C)n32)n1Cc1ccccn1
CC(C)(C)OC(=O)N1CCC[C@@H]1CO.CC(C)(C)[Si](C)(C)OCc1cccc(Br)n1,CC(C)(C)OC(=O)N1CCC[C@@H]1COc1cccc(CO[Si](C)(C)C(C)(C)C)n1
C1CN(CCN2CCOCC2)CCN1.COc1ccccc1[C@H](c1cccc2ccccc12)[C@@](C)(C#N)C(=O)O,COc1ccccc1[C@H](c1cccc2ccccc12)[C@@](C)(C#N)C(=O)N1CCN(CCN2CCOCC2)CC1
C[C@H](O)C(=O)N(C)C.Cc1ccc(Oc2ccc(Nc3ncnc4cccc(F)c34)cc2C)cn1,Cc1ccc(Oc2ccc(Nc3ncnc4cccc(O[C@@H](C)C(=O)N(C)C)c34)cc2C)cn1
CC(C)[P+](c1ccccc1)(c1ccccc1)c1ccccc1.O=Cc1ccc2c(c1)OCO2,CC(C)=Cc1ccc2c(c1)OCO2
CC(C)(C)OC(=O)N1CCC(CCO)CC1.O=C(OCc1ccccc1)c1ccc(O)cc1,CC(C)(C)OC(=O)N1CCC(CCOc2ccc(C(=O)OCc3ccccc3)cc2)CC1
CCc1ccc(-c2coc3ncnc(Cl)c23)cc1.C[C@@H](O)CCCCC(=O)OC(C)(C)C,CCc1ccc(-c2coc3ncnc(O[C@H](C)CCCCC(=O)OC(C)(C)C)c23)cc1
Fc1cncc(Br)c1.O=c1[nH]ccc2ccc(C(F)(F)F)cc12,O=c1c2cc(C(F)(F)F)ccc2ccn1-c1cncc(F)c1
CCOC(=O)c1sc(Cl)nc1C(=O)NNC=O,CCOC(=O)c1sc(Cl)nc1-c1nnco1
CCCS(=O)(=O)c1cc(Br)cc(OCCCCCCc2cccc(OCCCC(=O)OCC)c2CCC(=O)OCC)c1.OB(O)c1ccsc1,CCCS(=O)(=O)c1cc(OCCCCCCc2cccc(OCCCC(=O)OCC)c2CCC(=O)OCC)cc(-c2ccsc2)c1
N[C@@H]1CN(C(=O)OCc2ccccc2)CC[C@H]1C1CCCCC1.O=C(Cl)Oc1ccc([N+](=O)[O-])cc1,O=C(N[C@@H]1CN(C(=O)OCc2ccccc2)CC[C@H]1C1CCCCC1)Oc1ccc([N+](=O)[O-])cc1
CCOC(=O)C1=C[C@@H](OC(CC)CC)[C@@H](NC(C)=O)[C@H](N=[N+]=[N-])[C@@H]1O.CS(=O)(=O)Cl,CCOC(=O)C1=C[C@@H](OC(CC)CC)[C@@H](NC(C)=O)[C@H](N=[N+]=[N-])[C@@H]1OS(C)(=O)=O
CN.O=C(Nc1ccc(Br)cc1)c1ccc(F)c([N+](=O)[O-])c1,CNc1ccc(C(=O)Nc2ccc(Br)cc2)cc1[N+](=O)[O-]
CC(=O)N1c2ccc(NC(=O)c3cccc(C)c3Br)cc2C(C)(c2ccccc2)CC1(C)C.OB(O)c1ccccc1,CC(=O)N1c2ccc(NC(=O)c3cccc(C)c3-c3ccccc3)cc2C(C)(c2ccccc2)CC1(C)C
O=C(NCCOc1ccc(-c2cnoc2)cc1)OCc1ccccc1,NCCOc1ccc(-c2cnoc2)cc1
C=[C](OCC)[Sn]([CH2]CCC)([CH2]CCC)[CH2]CCC.O=[N+]([O-])c1cccnc1Cl,C=C(OCC)c1ncccc1[N+](=O)[O-]
CNCc1cccc(-c2ccc(CC3SC(=O)NC3=O)cc2)c1.O=C(O)c1ccno1,CN(Cc1cccc(-c2ccc(CC3SC(=O)NC3=O)cc2)c1)C(=O)c1ccno1
COc1ccccc1N1CCN(C2CCC(O)(c3ccc(C)cc3C)CC2)CC1,COc1ccccc1N1CCN([C@@H]2CC[C@@H](c3ccc(C)cc3C)CC2)CC1
CCOC(=O)C(Br)C(=O)c1cccc(C#N)c1.NC(N)=S,CCOC(=O)c1sc(N)nc1-c1cccc(C#N)c1
C#C[C@H]1CC[C@@H](C#N)N1C(=O)CCl.NC1CCCC1,C#C[C@H]1CC[C@@H](C#N)N1C(=O)CNC1CCCC1
CC(C)(C)OC(=O)N1CCC(CO)CC1.Cc1cc(O)cc(OS(=O)(=O)c2ccccc2)c1,Cc1cc(OCC2CCN(C(=O)OC(C)(C)C)CC2)cc(OS(=O)(=O)c2ccccc2)c1
CC(C)(C)OC(=O)N[C@@H](CCO[Si](C)(C)C(C)(C)C)C(=O)O.CC1CCC(C(C)C)C(O)C1,CC(C)[C@@H]1CC[C@@H](C)C[C@H]1OC(=O)[C@H](CCO[Si](C)(C)C(C)(C)C)NC(=O)OC(C)(C)C
COC(=O)Cc1cc(OCc2ccc(F)cc2)ccc1C(=O)O,COC(=O)Cc1cc(OCc2ccc(F)cc2)ccc1CO
COc1cc(C)cc2c(=O)oc3c(c12)C(=O)c1cccc(O)c1C3=O,Cc1cc(O)c2c3c(oc(=O)c2c1)C(=O)c1c(O)cccc1C3=O
CCOC(=O)c1ncc2[nH]c3ccc([N+](=O)[O-])cc3c2c1C,CCOC(=O)c1ncc2[nH]c3ccc(N)cc3c2c1C
Clc1ccc(C23CNCC2C3)cc1.O=C(Cl)c1cccc(F)c1,O=C(c1cccc(F)c1)N1CC2CC2(c2ccc(Cl)cc2)C1
CC(C)(C)OC(=O)N1CCN(c2nccc3ccc(Br)cc23)CC1.CC(C)(C)c1ccccc1S,CC(C)(C)OC(=O)N1CCN(c2nccc3ccc(Sc4ccccc4C(C)(C)C)cc23)CC1
COc1cc2ncnc(Cl)c2cc1OC.Nc1nc2ccc(NC(=O)Nc3ccc(Cl)c(C(F)(F)F)c3)cc2s1,COc1cc2ncnc(Nc3nc4ccc(NC(=O)Nc5ccc(Cl)c(C(F)(F)F)c5)cc4s3)c2cc1OC
Nc1cccc(Oc2ccc3nc(NC(=O)C4CC4)cn3n2)c1.O=C(O)c1cc(C(F)(F)F)cc(C(F)(F)F)c1,O=C(Nc1cccc(Oc2ccc3nc(NC(=O)C4CC4)cn3n2)c1)c1cc(C(F)(F)F)cc(C(F)(F)F)c1
CC(=O)Nc1cccc(-n2c(=O)c(C)nc3cccnc32)c1,Cc1nc2cccnc2n(-c2cccc(N)c2)c1=O
N[C@@H](CCc1ccccc1)C(=O)O.O=S(=O)(Cl)c1ccc2c(c1)Sc1ccccc1O2,O=C(O)[C@H](CCc1ccccc1)NS(=O)(=O)c1ccc2c(c1)Sc1ccccc1O2
Brc1csc2ccncc12.CN(C)C=O,O=Cc1csc2ccncc12
ClCc1ccc(Cl)cc1.O=C1CCNCC1,O=C1CCN(Cc2ccc(Cl)cc2)CC1
C1COCCN1.Fc1cccc2nc(CN3CCC[C@@H]4CCc5cccnc5[C@@H]43)cn12,c1cnc2c(c1)CC[C@H]1CCCN(Cc3cn4c(N5CCOCC5)cccc4n3)[C@@H]21
COc1ccc(CN2CCN(c3cc(Cl)cc(Cl)c3)CC2CO)cc1OC.O=[N+]([O-])c1ccc(CCl)cc1,COc1ccc(CN2CCN(c3cc(Cl)cc(Cl)c3)CC2COCc2ccc([N+](=O)[O-])cc2)cc1OC
NCCCl.O=C(c1c[nH]c2cc(Cl)ccc12)N1CCC(c2cccc3c2OCC3)CC1,NCCn1cc(C(=O)N2CCC(c3cccc4c3OCC4)CC2)c2ccc(Cl)cc21
Oc1ccc2[nH]ccc2c1,Oc1ccc2c(c1)CCN2
CCOC(=O)CCCC1C(=O)c2ccccc2N(CCCN(C)C)c2ccccc21,CCOC(=O)CCCC1Cc2ccccc2N(CCCN(C)C)c2ccccc21
COC(=O)C(Cc1ccccc1)NC(=S)Nc1nc(C#N)cs1,N#Cc1csc(N2C(=O)C(Cc3ccccc3)NC2=S)n1
CC(C)(C)O.O=C(Cl)c1ccccc1[N+](=O)[O-],CC(C)(C)OC(=O)c1ccccc1[N+](=O)[O-]
NC1CCC(CCN2CCC(Oc3ccc(F)cc3F)CC2)CC1.O=C(O)c1ccnc2ccccc12,O=C(N[C@@H]1CC[C@@H](CCN2CCC(Oc3ccc(F)cc3F)CC2)CC1)c1ccnc2ccccc12
CCOC(=O)CC1OB(O)c2cc(OCCC(=O)OC(C)(C)C)cc(C)c21,Cc1cc(OCCC(=O)OC(C)(C)C)cc2c1C(CC(=O)O)OB2O
Cc1nnc(-c2ccccc2F)n2nc(O)c(Br)c12.Cn1ncnc1CCl,Cc1nnc(-c2ccccc2F)n2nc(OCc3ncnn3C)c(Br)c12
CCN1CCN(C(=O)Cl)CC1.O=C1C2=C(SCCS2)C(O)N1c1ccc(Cl)cn1,CCN1CCN(C(=O)OC2C3=C(SCCS3)C(=O)N2c2ccc(Cl)cn2)CC1
CCS(=O)(=O)Cl.N[C@@H]1CCOC[C@H]1c1ccc(-c2ccccc2)cc1,CCS(=O)(=O)N[C@@H]1CCOC[C@H]1c1ccc(-c2ccccc2)cc1
COC(=O)c1sc(C#CC(C)(C)C)cc1NC(=O)c1ccc(Cl)cc1Cl.COCCBr,COCCN(C(=O)c1ccc(Cl)cc1Cl)c1cc(C#CC(C)(C)C)sc1C(=O)OC
COc1cc(C(=O)NC2COC2)ccc1N.Cc1nc2ccc(-c3cn(COCC[Si](C)(C)C)c4nc(Cl)nc(OC5(C)CCC5)c34)cc2o1,COc1cc(C(=O)NC2COC2)ccc1Nc1nc(OC2(C)CCC2)c2c(-c3ccc4nc(C)oc4c3)cn(COCC[Si](C)(C)C)c2n1
C#CCC(CC#C)(C(=O)OC)C(=O)OC,C#CCC(CC#C)C(=O)OC
CCOC(=O)CCCOc1cccc(-c2noc(-c3ccc(OC(C)C)c(Cl)c3)n2)c1CC,CCc1c(OCCCC(=O)O)cccc1-c1noc(-c2ccc(OC(C)C)c(Cl)c2)n1
Brc1cncc(N2CC3CC4CC2CN(C4)C3)c1.COc1ccccc1B(O)O,COc1ccccc1-c1cncc(N2CC3CC4CC2CN(C4)C3)c1
CC(C)(C)OC(=O)N1CCC(N)CC1.CN(C)c1ccc(C=O)cc1[N+](=O)[O-],CN(C)c1ccc(CNC2CCN(C(=O)OC(C)(C)C)CC2)cc1[N+](=O)[O-]
Nc1cccc(-c2ccccn2)c1.O=[N+]([O-])c1cc(I)ccc1F,O=[N+]([O-])c1cc(I)ccc1Nc1cccc(-c2ccccn2)c1
FC(F)(F)c1ccc2c(c1)CC(Cl)c1ccccc1S2.O=C1OCCN1CCN1CCNCC1,O=C1OCCN1CCN1CCN(C2Cc3cc(C(F)(F)F)ccc3Sc3ccccc32)CC1
CC(C)(C)OC(=O)N1CC[C@@H](NC(=O)OCc2ccccc2)[C@@H](C(=O)N2CCC[C@@H](Cc3ccc(F)cc3)C2)C1,CC(C)(C)OC(=O)N1CC[C@@H](N)[C@@H](C(=O)N2CCC[C@@H](Cc3ccc(F)cc3)C2)C1
CCCC(C(=O)OC)c1c(C)nc(Cl)nc1-c1ccc(C)cc1.OB(O)c1cccc2ncccc12,CCCC(C(=O)OC)c1c(C)nc(-c2cccc3ncccc23)nc1-c1ccc(C)cc1
N#Cc1ccc(F)cc1C(F)(F)F.OCCCN1CCCCC1,N#Cc1ccc(OCCCN2CCCCC2)cc1C(F)(F)F
CC(C)CC=O.c1cnc2c(c1)CCCC2NCc1nc2ccccc2[nH]1,CC(C)CCN(Cc1nc2ccccc2[nH]1)C1CCCc2cccnc21
NC(=O)c1cccc(N)c1N.O=C(O)C(F)(F)Cl,NC(=O)c1cccc2[nH]c(C(F)(F)Cl)nc12
CC(C)(C)[Si](C)(C)OC(CCC1CCC(=O)N1)Cc1cccc(Oc2ccccc2)c1.COC(=O)c1ccc(CCCBr)cc1,COC(=O)c1ccc(CCCN2C(=O)CCC2CCC(Cc2cccc(Oc3ccccc3)c2)O[Si](C)(C)C(C)(C)C)cc1
NCCCCCNc1c2c(nc3ccccc13)CCCC2.O=C(O)CCc1c[nH]c2ccccc12,O=C(CCc1c[nH]c2ccccc12)NCCCCCNc1c2c(nc3ccccc13)CCCC2
CC(C)(C)c1nc2cc(C(=O)O)ccc2n1CC1CCC(F)(F)CC1.COC(=O)CC1CCNCC1,COC(=O)CC1CCN(C(=O)c2ccc3c(c2)nc(C(C)(C)C)n3CC2CCC(F)(F)CC2)CC1
CC(C)(C)OC(=O)N1CCNCC1.Clc1cncnc1Cl,CC(C)(C)OC(=O)N1CCN(c2ncncc2Cl)CC1
C#CCBr.O=C(O)c1ccccc1S,C#CCSc1ccccc1C(=O)O
C=CC[C@@H](C)O.O=Cc1cc(F)c(F)cc1O,C=CC[C@H](C)Oc1cc(F)c(F)cc1C=O
CC[C@@H](C(N)=O)N1CN(Cc2ccccc2)CC1=O,CC[C@@H](C(N)=O)N1CNCC1=O
COc1ccc2cc(-c3cnc(-c4ccccc4)o3)ccc2c1,Oc1ccc2cc(-c3cnc(-c4ccccc4)o3)ccc2c1
CC(C)(C)OC(=O)Nc1ccc(CCN2CCCC(Cc3ccccc3)C2)cc1,Nc1ccc(CCN2CCCC(Cc3ccccc3)C2)cc1
CC(C)(C)OC(=O)N[C@H](Cc1c[nH]c2ccccc12)c1nc(-c2ccc(F)cc2)c[nH]1,N[C@H](Cc1c[nH]c2ccccc12)c1nc(-c2ccc(F)cc2)c[nH]1
CC(C)(C)OC(=O)NC1(COS(C)(=O)=O)COC(C)(C)OC1.COc1ccc2c(C(=O)c3cc(OC)c(OC)c(OC)c3)c[nH]c2c1,COc1ccc2c(C(=O)c3cc(OC)c(OC)c(OC)c3)cn(CC3(NC(=O)OC(C)(C)C)COC(C)(C)OC3)c2c1
CC(=O)NCCCS(=O)(=O)OCC(C)(C)[C@@H](O[Si](C)(C)C(C)(C)C)C(=O)O.Cc1oc(=O)oc1CBr,CC(=O)NCCCS(=O)(=O)OCC(C)(C)[C@@H](O[Si](C)(C)C(C)(C)C)C(=O)OCc1oc(=O)oc1C
CC(NC(=O)c1coc(Cl)n1)c1cc(F)c(NS(C)(=O)=O)c(F)c1.CCc1cccc(O)c1,CCc1cccc(Oc2nc(C(=O)NC(C)c3cc(F)c(NS(C)(=O)=O)c(F)c3)co2)c1
COc1cc(OC)c2c3c(c(=O)oc2c1)CNCC3.ClCCN1CCCCC1,COc1cc(OC)c2c3c(c(=O)oc2c1)CN(CCN1CCCCC1)CC3
CCOC(OCC)c1cc2ccc(C(=O)O)cc2o1.N[C@H]1CN2CCC1CC2,CCOC(OCC)c1cc2ccc(C(=O)N[C@H]3CN4CCC3CC4)cc2o1
Cc1ccccc1C(N)c1ccccc1C.O=Cc1ccccn1,Cc1ccccc1C(/N=C/c1ccccn1)c1ccccc1C
Brc1c[nH]c2ncccc12.Nc1ccccc1,c1ccc(Nc2c[nH]c3ncccc23)cc1
COc1ccc(Cn2cc(-c3ccnc4[nH]ccc34)c(-c3ccc(N)cc3)n2)cc1.O=C=Nc1ccccc1,COc1ccc(Cn2cc(-c3ccnc4[nH]ccc34)c(-c3ccc(NC(=O)Nc4ccccc4)cc3)n2)cc1
CCCCN(CCCC)C(=O)c1ncn(C)c1Br.COC(=O)c1ccc(B2OCC(C)(C)CO2)c(C(=O)N2CCc3ccccc3C2)c1,CCCCN(CCCC)C(=O)c1ncn(C)c1-c1ccc(C(=O)OC)cc1C(=O)N1CCc2ccccc2C1
CCc1cccc(N)c1.COCCOc1cc2ncnc(Cl)c2cc1OCCOC,CCc1cccc(Nc2ncnc3cc(OCCOC)c(OCCOC)cc23)c1
Nc1nnn[nH]1.O=C(O)COc1cccc(CCNC(=O)OCc2ccccc2)c1,O=C(COc1cccc(CCNC(=O)OCc2ccccc2)c1)Nc1nnn[nH]1
CS(=O)(=O)c1cc(F)c(F)cc1F.C[C@@H](CO)Oc1cc(O)cc(C(=O)Nc2ccn(C)n2)c1,C[C@@H](CO)Oc1cc(Oc2cc(F)c(S(C)(=O)=O)cc2F)cc(C(=O)Nc2ccn(C)n2)c1
O=C(CC1CCN(CC2CC2)CC1)c1ccc(F)cc1.[Mg+][c]1ccccc1,OC(CC1CCN(CC2CC2)CC1)(c1ccccc1)c1ccc(F)cc1
COc1ccc2c(c1)CCN=C2c1ccc(OCc2ccccc2)cc1,COc1ccc2c(c1)CCNC2c1ccc(OCc2ccccc2)cc1
COCN1c2cc(CN3C(=O)c4ccccc4C3=O)ccc2Sc2nccnc21,COCN1c2cc(CN)ccc2Sc2nccnc21
CN(Cc1cn2c(N3CC[C@@H](NC(=O)OC(C)(C)C)C3)cccc2n1)[C@H]1CCCc2cccnc21,CN(Cc1cn2c(N3CC[C@@H](N)C3)cccc2n1)[C@H]1CCCc2cccnc21
CCOC(=O)c1nnc(N)s1.NC1CC1,Nc1nnc(C(=O)NC2CC2)s1
C=C(C)OC(=O)Cl.CC(C)(C)c1cc(N)n(-c2ccc3ncccc3c2)n1,C=C(C)OC(=O)Nc1cc(C(C)(C)C)nn1-c1ccc2ncccc2c1
O=C1CSC(=O)N1.O=Cc1cccs1,O=C1NC(=O)C(=Cc2cccs2)S1
CC(C)=O.CN(c1ccnc(N[C@@H](CN)Cc2ccccc2)n1)c1ccnc(-c2ccccc2)n1,CC(C)NC[C@@H](Cc1ccccc1)Nc1nccc(N(C)c2ccnc(-c3ccccc3)n2)n1
CC(=O)O.c1ccc(-c2ncc3c(n2)N(c2ccnc(NC4CCNCC4)n2)CCO3)cc1,CC(=O)N1CCC(Nc2nccc(N3CCOc4cnc(-c5ccccc5)nc43)n2)CC1
C1CC2(CCN1)OCCO2.COc1ccc(C#N)cc1Br,COc1ccc(C#N)cc1N1CCC2(CC1)OCCO2
ClCc1csc(-c2ccccc2)n1.O=[N+]([O-])c1ccccc1O,O=[N+]([O-])c1ccccc1OCc1csc(-c2ccccc2)n1
COC(=O)c1cc(-c2nc(COc3ccc(CCl)cc3OC)c(C)o2)ccc1C.O=Cc1cn(-c2ccccc2)nc1O,COC(=O)c1cc(-c2nc(COc3ccc(COc4nn(-c5ccccc5)cc4C=O)cc3OC)c(C)o2)ccc1C
CC1(C)CN(Cc2ccccc2)C[C@H]1O,CC1(C)CNC[C@H]1O
O=C1CCc2ccccc21,OC1CCc2ccccc21
C1CN[C@@H](CN2CCCC2)C1.CC1(C)OB(c2ccc(C(=O)O)cc2)OC1(C)C,CC1(C)OB(c2ccc(C(=O)N3CCC[C@@H]3CN3CCCC3)cc2)OC1(C)C
COC(=O)c1ccc2c(c1)OCC2(C)C,CC1(C)COc2cc(C(=O)O)ccc21
CC(C)(Br)C(=O)Br.O=[N+]([O-])c1ccccc1NNC1C2CC3CC(C2)CC1C3,CC(C)(Br)C(=O)N(Nc1ccccc1[N+](=O)[O-])C1C2CC3CC(C2)CC1C3
CC(C)(C)C(=O)OC[C@H]1O[C@@H](Oc2n[nH]c3nccc(CCc4ccc(OCCCO)cc4)c23)[C@H](OC(=O)C(C)(C)C)[C@@H](OC(=O)C(C)(C)C)[C@@H]1OC(=O)C(C)(C)C.CS(=O)(=O)Cl,CC(C)(C)C(=O)OC[C@H]1O[C@@H](Oc2n[nH]c3nccc(CCc4ccc(OCCCOS(C)(=O)=O)cc4)c23)[C@H](OC(=O)C(C)(C)C)[C@@H](OC(=O)C(C)(C)C)[C@@H]1OC(=O)C(C)(C)C
O=C(O)c1cccnc1.O=c1cc(CNc2cccc(Cl)c2)c2cccc(F)c2[nH]1,O=C(c1cccnc1)N(Cc1cc(=O)[nH]c2c(F)cccc12)c1cccc(Cl)c1
N=C(N)c1ccnc2[nH]c3ncc(F)cc3c12.O=C(O)c1c(F)cncc1C1CCC1,N=C(NC(=O)c1c(F)cncc1C1CCC1)c1ccnc2[nH]c3ncc(F)cc3c12
O=C(OC[C@H]1O[C@H](OC(=O)c2ccccc2)[C@H](O)[C@@H]1OC(=O)c1ccccc1)c1ccccc1,O=C(OC[C@H]1O[C@H](OC(=O)c2ccccc2)C(=O)[C@@H]1OC(=O)c1ccccc1)c1ccccc1
CNS(C)(=O)=O.N#Cc1ccccc1CBr,CN(Cc1ccccc1C#N)S(C)(=O)=O
NC(=O)[C@@H]1CN(C(=O)OCc2ccccc2)CCN1c1ccc2c(c1)OCCn1cc(-c3ncnn3CC(F)(F)F)nc1-2,NC(=O)[C@@H]1CNCCN1c1ccc2c(c1)OCCn1cc(-c3ncnn3CC(F)(F)F)nc1-2
CC(C)[C@H](NC(=O)[C@H](C)N(C)C(=O)OC(C)(C)C)C(=O)N1c2ncccc2C[C@H]1CNC(=O)c1ccccc1,CN[C@@H](C)C(=O)N[C@H](C(=O)N1c2ncccc2C[C@H]1CNC(=O)c1ccccc1)C(C)C
CC(C)(C)OC(=O)NNC(=O)C1CCCN(C(=O)c2ccc(F)cc2)C1,NNC(=O)C1CCCN(C(=O)c2ccc(F)cc2)C1
C=CCC(COc1ccc(F)cc1)OCc1ccccc1.O,OCCCC(COc1ccc(F)cc1)OCc1ccccc1
CSc1nccc(-c2c(CC(C)C)nn3ccccc23)n1.O=C(OO)c1cccc(Cl)c1,CC(C)Cc1nn2ccccc2c1-c1ccnc(S(C)=O)n1
Nc1c(F)cc(F)c2oc(-c3ccc(NCCCN4C(=O)c5ccccc5C4=O)c(F)c3)cc(=O)c12,NCCCNc1ccc(-c2cc(=O)c3c(N)c(F)cc(F)c3o2)cc1F
COCCOCCNC(=O)[C@@H](NC(=O)OCc1ccccc1)C(C)(C)C,COCCOCCNC(=O)[C@@H](N)C(C)(C)C
COc1ccc2cc(C(C)C#N)ccc2c1Br,COc1ccc2cc(C(C)C#N)ccc2c1
CC(=O)c1ccccn1.CC(C)CN1C(=O)C(=O)c2cc(Cl)ccc21,CC(C)CN1C(=O)C(O)(CC(=O)c2ccccn2)c2cc(Cl)ccc21
CC(C)(C)OC(=O)OC(=O)OC(C)(C)C.Nc1ccc(O)cc1C(=O)O,CC(C)(C)OC(=O)Nc1ccc(O)cc1C(=O)O
Brc1ccc2oc(Cc3ccccc3)cc2c1.O=Cc1ccc(B(O)O)c(F)c1,O=Cc1ccc(-c2ccc3oc(Cc4ccccc4)cc3c2)c(F)c1
C=CCC1(O)CCN(C(=O)OC(C)(C)C)CC1.O=C(OO)c1cccc(Cl)c1,CC(C)(C)OC(=O)N1CCC(O)(CC2CO2)CC1
CCOC(=O)c1c(Cl)cc(C(F)(F)F)nc1C(F)(F)F.O=[N+]([O-])c1ccc(O)cc1,CCOC(=O)c1c(Oc2ccc([N+](=O)[O-])cc2)cc(C(F)(F)F)nc1C(F)(F)F
Cc1ccc(S(=O)(=O)OCC2Cc3cccc(Br)c3O2)cc1.OB(O)c1ccc(F)cc1,Cc1ccc(S(=O)(=O)OCC2Cc3cccc(-c4ccc(F)cc4)c3O2)cc1
COC(=O)c1ccc(C(=O)O)cc1.COc1ccc(Nc2cc(N3CCCC(N)C3)nn3ccnc23)nc1OC,COC(=O)c1ccc(C(=O)NC2CCCN(c3cc(Nc4ccc(OC)c(OC)n4)c4nccn4n3)C2)cc1
O=c1[nH]nc(Cl)c2ccccc12.Sc1ccncc1,O=c1[nH]nc(Sc2ccncc2)c2ccccc12
O=S([O-])c1ccc2cc(-c3ccc(F)cc3)ccc2c1.OCc1ccsc1Br,O=S(=O)(c1ccc2cc(-c3ccc(F)cc3)ccc2c1)c1sccc1CO
O=C(OCc1ccccc1)N1CCN(C(c2ccccc2)(c2ccccc2)c2ccccc2)[C@H](CO)C1,O=C[C@@H]1CN(C(=O)OCc2ccccc2)CCN1C(c1ccccc1)(c1ccccc1)c1ccccc1
Cc1oc(=O)oc1C.O=C1CCC(=O)N1Br,Cc1oc(=O)oc1CBr
CCCC(C)C(=O)N=C=S.COc1cc2ncnc(Oc3ccc(N)cc3)c2cc1OC,CCCC(C)C(=O)NC(=S)Nc1ccc(Oc2ncnc3cc(OC)c(OC)cc23)cc1
CC(C)(C)OC(=O)CC(=O)c1cccc(-c2ccncc2)c1.COc1ccc(NC(=O)OC(C)(C)C)c(N)c1,COc1ccc(NC(=O)OC(C)(C)C)c(NC(=O)CC(=O)c2cccc(-c3ccncc3)c2)c1
CC(C)(O)CCCOCCC1CC2C(O)CCCC2(C)C1(C)C,CC(C)(O)CCCOCCC1CC2C(=O)CCCC2(C)C1(C)C
CC(C)(C)OC(=O)CBr.Cc1c(-c2nc(-c3ccc(OC(C)C)c(Cl)c3)no2)nc2n1CCNC2,Cc1c(-c2nc(-c3ccc(OC(C)C)c(Cl)c3)no2)nc2n1CCN(CC(=O)OC(C)(C)C)C2
CCOC(=O)c1cc(-c2ccn(CC)c2)n(-c2ccc(C)nc2)n1,CCn1ccc(-c2cc(C(=O)O)nn2-c2ccc(C)nc2)c1
CC(C)(C)OC(=O)CBr.CC(C)(C)OC(=O)c1cccc(CCN)c1,CC(C)(C)OC(=O)CNCCc1cccc(C(=O)OC(C)(C)C)c1
CCC[CH2][SnH]([CH2]CCC)[CH2]CCC.CCc1ccc(Br)cn1,CCC[CH2][Sn]([CH2]CCC)([CH2]CCC)[c]1ccc(CC)nc1
O=C(CCNC(=O)OCc1ccccc1)NC[C@H]1CCCNC1.O=CC1CCCCC1,O=C(CCNC(=O)OCc1ccccc1)NC[C@H]1CCCN(CC2CCCCC2)C1
CC(C)(C)OC(=O)N(CCF)[C@H]1CCN([C@H](c2ccc(NN)nc2)C(F)(F)F)C1.COc1cccc2ccc(C=O)nc12,COc1cccc2ccc(-c3nnc4ccc([C@@H](N5CC[C@H](N(CCF)C(=O)OC(C)(C)C)C5)C(F)(F)F)cn34)nc12
COC(=O)c1ccc(CN2CCCCC2)cc1C,Cc1cc(CN2CCCCC2)ccc1C(=O)O
C=O.COc1ccc2c(c1)CNCC2c1ccccc1,COc1ccc2c(c1)CN(C)CC2c1ccccc1
Cc1ccc(N)c(C(=O)O)c1.O=S(=O)(Cl)c1ccc(F)cc1,Cc1ccc(NS(=O)(=O)c2ccc(F)cc2)c(C(=O)O)c1
CCOC(=O)c1cc2cc(C3CCCN(C(C)C)C3)ccc2[nH]1.Nc1cc(F)cc(F)c1,CC(C)N1CCCC(c2ccc3[nH]c(C(=O)Nc4cc(F)cc(F)c4)cc3c2)C1
CC(C)(C)OC(=O)OC(=O)OC(C)(C)C.OC[C@@H]1CCCN1,CC(C)(C)OC(=O)N1CCC[C@H]1CO
CC(C)(C)OC(=O)NC1CCN(C2CCC2)CC1,NC1CCN(C2CCC2)CC1
CCOC(=O)CCN(C(=O)c1ccc2c(c1)nc(CCc1ccc(C(=N)N)cc1)n2C)c1ccccn1,Cn1c(CCc2ccc(C(=N)N)cc2)nc2cc(C(=O)N(CCC(=O)O)c3ccccn3)ccc21
CC(C)(C)OC(=O)c1ccc(C#N)cc1C(F)(F)F,N#Cc1ccc(C(=O)O)c(C(F)(F)F)c1
C#C[Si](C)(C)C.Cc1cccc(-c2sc(Br)nc2C(=O)N2C[C@H]3C[C@H]3[C@H]2CNC(=O)c2c(C)nc3sccn23)c1,Cc1cccc(-c2sc(C#C[Si](C)(C)C)nc2C(=O)N2C[C@H]3C[C@H]3[C@H]2CNC(=O)c2c(C)nc3sccn23)c1
CCCc1nc(C)n(-c2ccc(OC(C)(C)C(C)O)cc2)c(=O)c1Cc1ccc(-c2ccccc2-c2noc(=O)[nH]2)cc1,CCCc1nc(C)n(-c2ccc(OC(C)(C)C(C)=O)cc2)c(=O)c1Cc1ccc(-c2ccccc2-c2noc(=O)[nH]2)cc1
CCOC(=O)C(F)(F)F.OCCNCc1ccccc1,O=C(N(CCO)Cc1ccccc1)C(F)(F)F
CCOC(=O)CCc1cccc2c1B(O)OC2,OCCCc1cccc2c1B(O)OC2
CC1NCCc2sc(F)cc21.O=C(O)c1cc2ncc(Cl)cn2n1,CC1c2cc(F)sc2CCN1C(=O)c1cc2ncc(Cl)cn2n1
CC(C)(C)OC(=O)CNS(=O)(=O)c1ccc2c(Cl)cnc(Cl)c2c1.N=C(N)N,CC(C)(C)OC(=O)CNS(=O)(=O)c1ccc2c(Cl)cnc(NC(=N)N)c2c1
CCC1C(=O)N(CC)CCc2cc([N+](=O)[O-])c(OC)cc21,CCC1C(=O)N(CC)CCc2cc(N)c(OC)cc21
COC(=O)[C@@H]1CSc2c(C3CC3)c(Cc3cccc4ccccc34)c(N)c(=O)n21.CS(=O)(=O)Cl,COC(=O)[C@@H]1CSc2c(C3CC3)c(Cc3cccc4ccccc34)c(NS(C)(=O)=O)c(=O)n21
CNC.CS(=O)(=O)c1ccc(-n2ncc3c(O)ncnc32)c(F)c1,CN(C)c1cc(S(C)(=O)=O)ccc1-n1ncc2c(O)ncnc21
COC(=O)CCCCCCCOc1nc(-c2ccccc2)c(-c2ccccc2)n1-c1ccccc1,O=C(O)CCCCCCCOc1nc(-c2ccccc2)c(-c2ccccc2)n1-c1ccccc1
CC(C)(C)OC(=O)N1CCC(Nc2cccc3c(N)nccc23)CC1,Nc1nccc2c(NC3CCNCC3)cccc12
N#Cc1cccc(C(=O)O)c1.Nc1cccc(-c2nnn[nH]2)c1,N#Cc1cccc(C(=O)Nc2cccc(-c3nnn[nH]3)c2)c1
CC(C)(C)OC(=O)N1CCC(N)(c2ccccc2)CC1.COc1ncc2cc(C(=O)Nc3cc(C(=O)O)ccc3Cl)c(=O)[nH]c2n1,COc1ncc2cc(C(=O)Nc3cc(C(=O)NC4(c5ccccc5)CCN(C(=O)OC(C)(C)C)CC4)ccc3Cl)c(=O)[nH]c2n1
CS(=O)(=O)c1ccc(-n2nccc2-c2ccc(Br)cc2)cc1F.OB(O)c1ccco1,CS(=O)(=O)c1ccc(-n2nccc2-c2ccc(-c3ccco3)cc2)cc1F
COC(=O)c1ccc2c(c1)n(CCC(C)C)c(=O)n2CCC(C)C,CC(C)CCn1c(=O)n(CCC(C)C)c2cc(C(=O)O)ccc21
CC(C#N)N1CCC(C(=O)c2ccc(F)cc2)CC1,CC(CN)N1CCC(C(=O)c2ccc(F)cc2)CC1
CCOC(=O)c1ccc2c(c1)[nH]c1c(C#N)ccc(N3CCC[C@@H](NC(=O)OCc4ccccc4)C3)c12,N#Cc1ccc(N2CCC[C@@H](NC(=O)OCc3ccccc3)C2)c2c1[nH]c1cc(C(=O)O)ccc12
BrCCBr.Sc1cccs1,BrCCSc1cccs1
C[C@@H](c1ccc(Br)cc1)N1CC[C@](CC(C)(C)O)(c2ccc(F)cc2)OC1=O.OB(O)c1ccccn1,C[C@@H](c1ccc(-c2ccccn2)cc1)N1CC[C@](CC(C)(C)O)(c2ccc(F)cc2)OC1=O
NCCc1ccc(CN2CCCC2)cc1.O=C(O)c1ccc(-c2ccc(Cl)cc2)cc1[N+](=O)[O-],O=C(NCCc1ccc(CN2CCCC2)cc1)c1ccc(-c2ccc(Cl)cc2)cc1[N+](=O)[O-]
CC(=O)CC(=O)N[C@@H](CC(=O)O)C(=O)O,CC(=O)CC(=O)N[C@H]1CC(=O)OC1=O
CO.Cc1cccc([C@@H](C)C(=O)O)c1,COC(=O)[C@H](C)c1cccc(C)c1
CC(C)(C)OC(=O)N1CCC(n2ncc3c(Cl)ncnc32)CC1.Cc1nc(-c2ccc(O)cc2)no1,Cc1nc(-c2ccc(Oc3ncnc4c3cnn4C3CCN(C(=O)OC(C)(C)C)CC3)cc2)no1
CCCCNC(=O)[C@H](C)C[C@H](O)[C@H](C[C@H](CNC(=O)c1ccccc1OCCCOC)C(C)C)NC(=O)OC(C)(C)C,CCCCNC(=O)[C@H](C)C[C@H](O)[C@@H](N)C[C@H](CNC(=O)c1ccccc1OCCCOC)C(C)C
CC1(C)C(=O)Nc2cc3[nH]c(-c4n[nH]c5ccc(C(=O)O)cc45)nc3cc21.CCN,CCNC(=O)c1ccc2[nH]nc(-c3nc4cc5c(cc4[nH]3)NC(=O)C5(C)C)c2c1
CC(C)(C)OC(=O)N1CCC2(CC1)CC(n1nc(-c3ccc(Oc4ccccc4)cc3)c3c(N)ncnc31)C2,Nc1ncnc2c1c(-c1ccc(Oc3ccccc3)cc1)nn2C1CC2(CCNCC2)C1
CCOC(=O)c1c[nH]c2ccc(OCC)nc2c1=O.NCc1ccccc1,CCOc1ccc2[nH]cc(C(=O)NCc3ccccc3)c(=O)c2n1
CCOC(=O)[C@H]1CCC(c2cc(F)c(F)c(F)c2)=N1,CCOC(=O)[C@H]1CC[C@@H](c2cc(F)c(F)c(F)c2)N1
CS(=O)(=O)OCCCC#Cc1ccc(C#N)cc1.[N-]=[N+]=[N-],N#Cc1ccc(C#CCCCN=[N+]=[N-])cc1
CCCCCCCCCCCCCCCCCCCCC(=O)OC(=O)CCCCCCCCCCCCCCCCCCCC.Nc1ccn([C@@H]2O[C@H](CO)[C@@H](O)[C@@H]2O)c(=O)n1,CCCCCCCCCCCCCCCCCCCCC(=O)Nc1ccn([C@@H]2O[C@H](CO)[C@@H](O)[C@@H]2O)c(=O)n1
CCCCS(=O)(=O)NC1Cc2ccc(-c3ccc(=O)n(CC#N)n3)cc2C1.[N-]=[N+]=[N-],CCCCS(=O)(=O)NC1Cc2ccc(-c3ccc(=O)n(Cc4nnn[nH]4)n3)cc2C1
CS(=O)(=O)Cl.O=[N+]([O-])c1cn2c(n1)O[C@@H](COc1ccc(N3CCNCC3)cc1)CC2,CS(=O)(=O)N1CCN(c2ccc(OC[C@H]3CCn4cc([N+](=O)[O-])nc4O3)cc2)CC1
CN(c1cccc2cc(C3=NCC(CC(=O)O)S3)[nH]c12)S(=O)(=O)c1cccs1.CS(N)(=O)=O,CN(c1cccc2cc(C3=NCC(CC(=O)NS(C)(=O)=O)S3)[nH]c12)S(=O)(=O)c1cccs1
COc1ccc(CSC2COCC2C#N)cc1,COc1ccc(CS[C@H]2COC[C@H]2CN)cc1
CN1C(=O)C(C)(F)CN(C2CCCCC2)c2nc(Cl)ncc21.COc1cc(C(=O)O)ccc1N,COc1cc(C(=O)O)ccc1Nc1ncc2c(n1)N(C1CCCCC1)CC(C)(F)C(=O)N2C
CN1CCCNCC1.O=C(NCc1cn(-c2ccccc2)c2cc(Cl)ccc2c1=O)c1ccc(Cl)nc1,CN1CCCN(c2ccc(C(=O)NCc3cn(-c4ccccc4)c4cc(Cl)ccc4c3=O)cn2)CC1
Cc1nc(-c2c(F)cc(Cl)cc2-c2ccc3c(c2)CC[C@@H]3NC(=O)C2(N)CC2)no1.O=C(O)c1ccno1,Cc1nc(-c2c(F)cc(Cl)cc2-c2ccc3c(c2)CC[C@@H]3NC(=O)C2(NC(=O)c3ccno3)CC2)no1
O=CC=P(c1ccccc1)(c1ccccc1)c1ccccc1.O=CCCCCOC1CCCCO1,O=C/C=C/CCCCOC1CCCCO1
Cc1ccccc1CN.Nc1ncccc1C(=O)O,Cc1ccccc1CNC(=O)c1cccnc1N
CC(C)(C)OC(=O)CBr.COC(=O)c1cc(-c2ccccc2)c(O)c(-c2ccccc2)c1,COC(=O)c1cc(-c2ccccc2)c(OCC(=O)OC(C)(C)C)c(-c2ccccc2)c1
O=C(CCl)NC[C@H](O)CO,O=C1CO[C@H](CO)CN1
CS(=O)(=O)Cl.O=C1O[C@@H](CO)CN1c1ccc2c(c1)CCN(C1CCC1)CC2,CS(=O)(=O)OC[C@H]1CN(c2ccc3c(c2)CCN(C2CCC2)CC3)C(=O)O1
C1CCNC1.Cc1cc(S(=O)(=O)N2C=CNC(=O)[C@H]2CC(=O)N2CCC(COS(C)(=O)=O)CC2)c(C)cc1Cl,Cc1cc(S(=O)(=O)N2C=CNC(=O)[C@H]2CC(=O)N2CCC(CN3CCCC3)CC2)c(C)cc1Cl
CCCCCCCCCCCCS(=O)(=O)C(F)(C(=O)OC)c1ccccc1,CCCCCCCCCCCCS(=O)(=O)C(F)(C(=O)O)c1ccccc1
CNC(=O)c1c(-c2ccc(F)cc2)oc2ccc(-c3cc(C(=O)O)ccc3C)cc12.NC1(c2ncc(F)cn2)CC1,CNC(=O)c1c(-c2ccc(F)cc2)oc2ccc(-c3cc(C(=O)NC4(c5ncc(F)cn5)CC4)ccc3C)cc12
CC1(C)CC(c2cccc(N)c2)Nc2ccc(Cl)cc21.CCS(=O)(=O)Cl,CCS(=O)(=O)Nc1cccc(C2CC(C)(C)c3cc(Cl)ccc3N2)c1
c1ccc(CN2CCc3ncnc(Nc4ccccc4)c3C2)cc1,c1ccc(Nc2ncnc3c2CNCC3)cc1
C1CNCCN1.O=[N+]([O-])c1cccnc1Cl,O=[N+]([O-])c1cccnc1N1CCNCC1
C=[CH][Sn]([CH2]CCC)([CH2]CCC)[CH2]CCC.COc1ccc2ccc(OS(=O)(=O)C(F)(F)F)cc2c1,C=Cc1ccc2ccc(OC)cc2c1
CC(C)Cc1ccc(C(C)C(=O)[O-])cc1.O=C1OC(Br)c2ccccc21,CC(C)Cc1ccc(C(C)C(=O)OC2OC(=O)c3ccccc32)cc1
COC(=O)Cn1nncc1/C=C1\CNCCC1SC(C)=O.O=C(C1CC1)C(Br)c1ccccc1F,COC(=O)Cn1nncc1/C=C1\CN(C(C(=O)C2CC2)c2ccccc2F)CCC1SC(C)=O
CC(C)(C)C(=O)Cl.O=C(c1ccccc1)c1ccc(O)cc1,CC(C)(C)C(=O)Oc1ccc(C(=O)c2ccccc2)cc1
Nc1c(C(O)(C(F)(F)F)C(F)(F)F)ccc2ccccc12.O=C(Cl)c1cc(Cl)cc(Cl)c1,O=C(Nc1c(C(O)(C(F)(F)F)C(F)(F)F)ccc2ccccc12)c1cc(Cl)cc(Cl)c1
C=Cc1nc(C)ccc1C#N,CCc1nc(C)ccc1C#N
CCOc1ccc2c(C)c(CCCl)c(=O)oc2c1OCC.COc1ccccc1N1CCNCC1,CCOc1ccc2c(C)c(CCN3CCN(c4ccccc4OC)CC3)c(=O)oc2c1OCC
COC(=O)c1nc(Br)cnc1N,Nc1ncc(Br)nc1CO
CCOC(=O)c1ccc(SCC)nc1C(F)(F)F.O=C(OO)c1cccc(Cl)c1,CCOC(=O)c1ccc(S(=O)CC)nc1C(F)(F)F
COC(=O)[C@H](C)Oc1cc(Oc2c(C=O)c(C)nn2C)c(Cl)cc1Cl.N#CCN,COC(=O)[C@H](C)Oc1cc(Oc2c(/C=N/CC#N)c(C)nn2C)c(Cl)cc1Cl
CN1CC(CN=[N+]=[N-])Oc2c(Br)cccc21.Cc1ccccc1B(O)O,Cc1ccccc1-c1cccc2c1OC(CN=[N+]=[N-])CN2C
C[C@@H]1NC(=O)C[C@]1(C)O.N#Cc1ccc(Br)cc1Cl,C[C@@H]1N(c2ccc(C#N)c(Cl)c2)C(=O)C[C@]1(C)O
CCC[CH2][Sn]([CH2]CCC)([CH2]CCC)[C]1=CCOCC1.COc1ccc(C2COCCO2)c2sc(NC(=O)c3ccnc(Br)c3)nc12,COc1ccc(C2COCCO2)c2sc(NC(=O)c3ccnc(C4=CCOCC4)c3)nc12
CC(C)(C)OC(=O)n1cc(B2OC(C)(C)C(C)(C)O2)c2ccc(F)cc21.O=C1NS(=O)(=O)c2ccc(Br)cc21,CC(C)(C)OC(=O)n1cc(-c2ccc3c(c2)C(=O)NS3(=O)=O)c2ccc(F)cc21
COC(=O)CBr.O=C(CN1C(=O)COc2c(O)cccc21)NC(c1ccccc1)c1ccccc1,COC(=O)COc1cccc2c1OCC(=O)N2CC(=O)NC(c1ccccc1)c1ccccc1
CC(=O)Cl.N=S(=O)(CCO)c1ccc(C(=O)Nc2ccc(Cl)cc2C(=O)Nc2ccc(Cl)cn2)cc1,CC(=O)N=S(=O)(CCO)c1ccc(C(=O)Nc2ccc(Cl)cc2C(=O)Nc2ccc(Cl)cn2)cc1
CCN.O=C1CCN(C(=O)OCc2ccccc2)CC1,CCNC1CCN(C(=O)OCc2ccccc2)CC1
Cc1cccc(C)c1NCC(C)O.O=C(Cl)c1ccccc1,Cc1cccc(C)c1N(CC(C)O)C(=O)c1ccccc1
CCOC(=O)c1cc2c(n1CC#N)CCCC2,CCOC(=O)c1cc2c(n1CCN)CCCC2
CCN(Cc1cccc(-c2ccc(C=O)cc2)c1)C(=O)OC(C)(C)C.O=C1CSC(=O)N1,CCN(Cc1cccc(-c2ccc(C=C3SC(=O)NC3=O)cc2)c1)C(=O)OC(C)(C)C
N#CCCCl.Sc1ccc(Cl)cc1,N#CCCSc1ccc(Cl)cc1
CC(C)n1ccc(NC(=O)c2cc(Oc3ccc(C(=O)N4CCC4)cc3Cl)cc(O[C@@H](C)CO)c2)n1,CC(C)n1ccc(NC(=O)c2cc(Oc3ccc(C(=O)N4CCC4)cc3)cc(O[C@@H](C)CO)c2)n1
CC(C)(C)[Si](C)(C)OCCNc1ccc(N)cc1.O=C(Nc1cnccc1C(=O)O)c1ccc(Cl)s1,CC(C)(C)[Si](C)(C)OCCNc1ccc(NC(=O)c2ccncc2NC(=O)c2ccc(Cl)s2)cc1
CCOC(=O)c1ncc(C(=O)OC(C)(C)C)[nH]1,CCOC(=O)c1ncc(C(=O)O)[nH]1
COc1cc2nc(Cl)nc(N)c2cc1OC.O=C(C1CCCO1)N1CCNCC1,COc1cc2nc(N3CCN(C(=O)C4CCCO4)CC3)nc(N)c2cc1OC
CN(C)Cc1cc(N2CCNCC2)ccc1Cl.Cc1c(Cl)c(C(F)(F)F)nn1CC(=O)O,Cc1c(Cl)c(C(F)(F)F)nn1CC(=O)N1CCN(c2ccc(Cl)c(CN(C)C)c2)CC1
CC(C)(C)OC(=O)N1C[C@@H]2C[C@@H]2[C@H]1CNCc1ccccc1,CC(C)(C)OC(=O)N1C[C@@H]2C[C@@H]2[C@H]1CN
CCOC(=O)c1nc2n(c(=O)c1O)C[C@H]1CC[C@@](C)(C2NC(=O)OCc2ccccc2)C1(C)C.NCc1ccc(F)cc1,CC1(C)[C@@H]2CC[C@@]1(C)[C@@H](NC(=O)OCc1ccccc1)c1nc(C(=O)NCc3ccc(F)cc3)c(O)c(=O)n1C2
CCN.N#CC(NC(=O)c1sc(Br)nc1C(F)(F)F)c1cccs1,CCNc1nc(C(F)(F)F)c(C(=O)NC(C#N)c2cccs2)s1
CC(C)(C)OC(=O)N1CCC([C@H]2C[C@@H]2CCNc2ncc(-n3cnnn3)cn2)CC1,c1nc(NCC[C@H]2C[C@@H]2C2CCNCC2)ncc1-n1cnnn1
CCCCN1CC[C@@H](N(C(=O)OC(C)(C)C)c2ccc(/C=C/C(=O)OCC)cn2)C1,CCCCN1CC[C@@H](N(C(=O)OC(C)(C)C)c2ccc(/C=C/C(=O)O)cn2)C1
O=C(O)c1ccc(C(=O)c2ccccc2)cc1.c1cc2c(o1)CNCCC2,O=C(c1ccccc1)c1ccc(C(=O)N2CCCc3ccoc3C2)cc1
CCCCc1nc2c(N)nc3cccnc3c2n1CCCCN.O=C(Cl)c1cccnc1,CCCCc1nc2c(N)nc3cccnc3c2n1CCCCNC(=O)c1cccnc1
CC(C)N1Cc2c(NCc3cnc4ccccc4c3)nc(Cl)nc2C1=O,CC(C)N1Cc2c(NCc3cnc4ccccc4c3)ncnc2C1=O
COC(=O)c1nc(NC[C@@H](N)Cc2ccc(C(F)(F)F)cc2)sc1-c1ccc2cnc(F)cc2c1,N[C@H](CNc1nc(CO)c(-c2ccc3cnc(F)cc3c2)s1)Cc1ccc(C(F)(F)F)cc1
Cc1cc2nc(CC[C@H](NC(=O)OC(C)(C)C)C(=O)OCc3ccccc3)[nH]c2cc1C.O=[N+]([O-])c1cccc(B(O)O)c1,Cc1cc2nc(CC[C@H](NC(=O)OC(C)(C)C)C(=O)OCc3ccccc3)n(-c3cccc([N+](=O)[O-])c3)c2cc1C
CNc1ncnc2ccc(C=O)cc12.O=C1CSC(=O)N1,CNc1ncnc2ccc(C=C3SC(=O)NC3=O)cc12
CCOC(=O)C1(c2ccc(-c3ccc(-c4onc(C)c4N)cc3)cc2)CC1.O=C(NC1CC1)c1cccc(Br)n1,CCOC(=O)C1(c2ccc(-c3ccc(-c4onc(C)c4Nc4cccc(C(=O)NC5CC5)n4)cc3)cc2)CC1
O=C(O)C1(O)CCN(Cc2cc(Br)ccc2OCc2ccc(Cl)cc2)CC1.OCCN1CCNCC1,O=C(N1CCN(CCO)CC1)C1(O)CCN(Cc2cc(Br)ccc2OCc2ccc(Cl)cc2)CC1
O=[N+]([O-])c1cn(CC[C@@H](O)COc2ccc3nc(N4CCN(Cc5ccc(OC(F)(F)F)cc5)CC4)sc3c2)c(Cl)n1,O=[N+]([O-])c1cn2c(n1)O[C@@H](COc1ccc3nc(N4CCN(Cc5ccc(OC(F)(F)F)cc5)CC4)sc3c1)CC2
COCCO.COc1ccc(N2CCOCC2)c2sc(NC(=O)c3ccnc(Cl)c3)nc12,COCCOc1cc(C(=O)Nc2nc3c(OC)ccc(N4CCOCC4)c3s2)ccn1
CN(C)CCn1cc(OC(c2ccccc2)c2ccccc2)c(=O)cc1CO,CN(C)CCn1cc(OC(c2ccccc2)c2ccccc2)c(=O)cc1C=O
C#Cc1ccc(C(F)(F)F)cc1.COc1ccc(CN2CCCN(c3ccc(Oc4ccc(Br)cn4)c(C)c3)C2=O)cc1OC,COc1ccc(CN2CCCN(c3ccc(Oc4ccc(C#Cc5ccc(C(F)(F)F)cc5)cn4)c(C)c3)C2=O)cc1OC
CCOC(=O)CBr.O=C(CCC#Cc1ccc(C(F)(F)F)cc1)NCc1ccc2cc[nH]c2c1,CCOC(=O)Cn1ccc2ccc(CNC(=O)CCC#Cc3ccc(C(F)(F)F)cc3)cc21
CCCN(CCC)C(=O)c1cc(CBr)cc(C(=O)OCC)c1.[C-]#N,CCCN(CCC)C(=O)c1cc(CC#N)cc(C(=O)OCC)c1
CCN.CS(=O)(=O)OCCCOc1cccc(-c2cc(C(=O)N3CNC(=O)C3)nn2-c2cccc(Cl)c2)c1,CCNCCCOc1cccc(-c2cc(C(=O)N3CNC(=O)C3)nn2-c2cccc(Cl)c2)c1
CCOC(=O)C(O)C([NH3+])Cc1ccccc1.O=C(O)c1cccnc1-c1csc(-c2ccccc2)n1,CCOC(=O)C(O)C(Cc1ccccc1)NC(=O)c1cccnc1-c1csc(-c2ccccc2)n1
Cc1noc(-c2ccc(-c3ccc(C4(C(=O)O)CC4)cc3)cc2)c1NC(=O)O[C@H](C)c1ccccc1.NS(=O)(=O)c1ccccc1,Cc1noc(-c2ccc(-c3ccc(C4(C(=O)NS(=O)(=O)c5ccccc5)CC4)cc3)cc2)c1NC(=O)O[C@H](C)c1ccccc1
CCCc1c(OCCBr)ccc(C(C)=O)c1O.CCOC(=O)c1ccc2nc(S)[nH]c2c1,CCCc1c(OCCSc2nc3ccc(C(=O)OCC)cc3[nH]2)ccc(C(C)=O)c1O
Cc1ncc(-c2cc(Cl)nc3c2CCC3)cn1.N#Cc1ccc(CO)nc1,Cc1ncc(-c2cc(OCc3ccc(C#N)cn3)nc3c2CCC3)cn1
OCc1ccccc1.Oc1cc2cn[nH]c2cc1Br,Brc1cc2[nH]ncc2cc1OCc1ccccc1
COc1cc(C(=O)O)ccc1O,COc1cc(C=O)ccc1O
CC(=O)c1ccc(C(=O)OC(C)(C)C)cc1.CCOC(=O)CP(=O)(OCC)OCC,CCOC(=O)C=C(C)c1ccc(C(=O)OC(C)(C)C)cc1
Cc1ccc2ccc(C#N)cc2c1.O=C1CCC(=O)N1Br,N#Cc1ccc2ccc(CBr)cc2c1
CN(C)S(=O)(=O)c1ccc(C(=O)O)cc1,CN(C)S(=O)(=O)c1ccc(CO)cc1
Cc1oc(=O)oc1CCl.Sc1ccc(Cl)cc1,Cc1oc(=O)oc1CSc1ccc(Cl)cc1
CC(=O)Cl.COc1ncc(N2CCOc3ccc(O[C@H]4CCN(C(=O)[C@H]5CCNC5)C4)cc32)cc1C#N,COc1ncc(N2CCOc3ccc(O[C@H]4CCN(C(=O)[C@H]5CCN(C(C)=O)C5)C4)cc32)cc1C#N
CC(C)(C)OC(=O)N1CCNCC1.O=Cc1ccc2[nH]ccc2c1,CC(C)(C)OC(=O)N1CCN(Cc2ccc3[nH]ccc3c2)CC1
CC(C)S(=O)(=O)Cl.CC(C)S(=O)(=O)NC1CCCC=C1c1ccc(OCCN)cc1,CC(C)S(=O)(=O)NCCOc1ccc(C2=CCCCC2NS(=O)(=O)C(C)C)cc1
CC(C)(C)OC(=O)NCCc1cc2c(O)ncnc2s1.ClC(Cl)(Cl)Cl,CC(C)(C)OC(=O)NCCc1cc2c(Cl)ncnc2s1
CC(C)c1n[nH]c2cccc(B(O)O)c12.Cc1ccc(C(C)C)cc1OCc1c(OC(C)C)cc(Cl)nc1C,Cc1ccc(C(C)C)cc1OCc1c(OC(C)C)cc(-c2cccc3[nH]nc(C(C)C)c23)nc1C
C1CCN(C2CCCNC2)CC1.Cc1cc(C#N)ccc1-c1cnn(-c2ccc(C(=O)O)cn2)c1O,Cc1cc(C#N)ccc1-c1cnn(-c2ccc(C(=O)N3CCCC(N4CCCCC4)C3)cn2)c1O
COC(OC)c1nc([C@@H]2C[C@@H](OS(C)(=O)=O)CN2C(=O)OCc2ccc([N+](=O)[O-])cc2)cs1,CS(=O)(=O)O[C@@H]1C[C@@H](c2csc(C=O)n2)N(C(=O)OCc2ccc([N+](=O)[O-])cc2)C1
CCOC(=O)C1(NC(=O)c2cccc3cc(C)oc23)Cc2ccccc2C1,Cc1cc2cccc(C(=O)NC3(C(=O)O)Cc4ccccc4C3)c2o1
Clc1ccc(CSc2nsc(Cl)n2)cc1.OCc1ccccc1,Clc1ccc(CSc2nsc(OCc3ccccc3)n2)cc1
Cc1ccccc1NN.O=C1COc2ccc(C(=O)CC(=O)C(F)(F)F)cc2N1,Cc1ccccc1-n1nc(C(F)(F)F)cc1-c1ccc2c(c1)NC(=O)CO2
COc1cc(-c2cncc(CCl)c2)cc(OC)c1OC.COc1cccc(NC2CCN(C(=O)OC(C)(C)C)CC2)c1,COc1cccc(N(Cc2cncc(-c3cc(OC)c(OC)c(OC)c3)c2)C2CCN(C(=O)OC(C)(C)C)CC2)c1
CC(C)=CC(=O)NCc1ccccc1[N+](=O)[O-].O=C(OO)c1cccc(Cl)c1,CC1(C)OC1C(=O)NCc1ccccc1[N+](=O)[O-]
COC(=O)c1cc(F)cc(N)c1Br.O=C(OC(=O)C(F)(F)F)C(F)(F)F,COC(=O)c1cc(F)cc(NC(=O)C(F)(F)F)c1Br
CCOC(=O)/C=C/c1ccc(OCCOC)cc1NC(=O)c1ccc(Cl)cc1Cl,COCCOc1ccc(/C=C/C(=O)O)c(NC(=O)c2ccc(Cl)cc2Cl)c1
CC(C)(C)OC(=O)OC(=O)OC(C)(C)C.COC(=O)C([NH3+])c1ccccc1F,COC(=O)C(NC(=O)OC(C)(C)C)c1ccccc1F
CCn1cc(C(=O)O)c(=O)c2cc(F)c(N3CCNCC3)c(F)c21.OCCBr,CCn1cc(C(=O)O)c(=O)c2cc(F)c(N3CCN(CCO)CC3)c(F)c21
CC(C)COC(=O)CCC1NC(=O)[C@H](Cc2ccccc2)N1,O=C1NC2CCC(=O)N2[C@H]1Cc1ccccc1
CCOC(=O)CC(C)(C)c1ccc(C(=O)Nc2cn3cc(Cl)ccc3n2)cc1,CC(C)(CC(=O)O)c1ccc(C(=O)Nc2cn3cc(Cl)ccc3n2)cc1
C1CNCCN1.O=[N+]([O-])c1ccc(Br)cc1Nc1ccccc1,O=[N+]([O-])c1ccc(N2CCNCC2)cc1Nc1ccccc1
O=[N+]([O-])c1ccc(Cl)cc1.c1ccc2c(c1)[nH]c1ccccc12,O=[N+]([O-])c1ccc(-n2c3ccccc3c3ccccc32)cc1
CCOC(=O)C(=O)Cl.Nc1ccc(Cl)cc1C(=O)C(F)(F)F,CCOC(=O)C(=O)Nc1ccc(Cl)cc1C(=O)C(F)(F)F
CC(C)Oc1ccc(-c2nnc(Br)s2)cc1Cl.CCc1c(/C=C/OC)cccc1B1OC(C)(C)C(C)(C)O1,CCc1c(/C=C/OC)cccc1-c1nnc(-c2ccc(OC(C)C)c(Cl)c2)s1
CC(=O)OC[C@H]1O[C@@H](n2cnc3c(Cl)nc(Cl)nc32)[C@H](OC(C)=O)[C@@H]1OC(C)=O.N#[C][Cu],CC(=O)OC[C@H]1O[C@@H](n2cnc3c(Cl)nc(C#N)nc32)[C@H](OC(C)=O)[C@@H]1OC(C)=O
O=C(O)c1cccnc1Cl.Oc1cccc(C(F)(F)F)c1,O=C(O)c1cccnc1Oc1cccc(C(F)(F)F)c1
CCc1nc2ccccc2[nH]1.O=S(=O)(Nc1nccnc1-c1ccc(CCl)cc1)c1ccccc1C(F)(F)F,CCc1nc2ccccc2n1Cc1ccc(-c2nccnc2NS(=O)(=O)c2ccccc2C(F)(F)F)cc1
COC(=O)c1ccccc1Nc1cc(Cl)c(OCc2ccccc2)c(Cl)c1,COC(=O)c1ccccc1Nc1cc(Cl)c(O)c(Cl)c1
CO.COc1ccc(-c2cc(=O)c3c(O)c(I)c(OC)cc3o2)cc1,COc1ccc(-c2cc(=O)c3c(OC)c(I)c(OC)cc3o2)cc1
CCN1CCN(c2ccc(Nc3cc(N)ncn3)cc2)CC1.COc1cc(OC)c(Cl)c(N=C=O)c1Cl,CCN1CCN(c2ccc(Nc3cc(NC(=O)Nc4c(Cl)c(OC)cc(OC)c4Cl)ncn3)cc2)CC1
CCOC(=O)C(=O)c1c(CC)cc(C)cc1CC.NN,CCc1cc(C)cc(CC)c1C(=O)C(=O)NN
C#Cc1cnc(N)nc1.Cc1ccc(C(=O)Nc2cccc(C(F)(F)F)c2)cc1I,Cc1ccc(C(=O)Nc2cccc(C(F)(F)F)c2)cc1C#Cc1cnc(N)nc1
CCCCCCCNC(=O)N(C)c1cccc(-c2ccc(CCC(=O)OC)cc2C)c1,CCCCCCCNC(=O)N(C)c1cccc(-c2ccc(CCC(=O)O)cc2C)c1
C=Cc1ccccc1.Cc1ccc(Br)cc1[N+](=O)[O-],Cc1ccc(C=Cc2ccccc2)cc1[N+](=O)[O-]
C[C@@H]1CN(Cc2ccc3c(Cl)cc(C#N)nc3c2)C[C@H](C(F)(F)F)O1.Cn1cc(B2OC(C)(C)C(C)(C)O2)cn1,C[C@@H]1CN(Cc2ccc3c(-c4cnn(C)c4)cc(C#N)nc3c2)C[C@H](C(F)(F)F)O1
CCN(CC)CCCl.O=[N+]([O-])c1ccc(S)cc1,CCN(CC)CCSc1ccc([N+](=O)[O-])cc1
COC(=O)Cc1cccc(NC(=O)NCC(=O)N2C(C(=O)NCC(C)C)CC(S(=O)(=O)c3ccccc3)C2c2ccccc2F)c1,CC(C)CNC(=O)C1CC(S(=O)(=O)c2ccccc2)C(c2ccccc2F)N1C(=O)CNC(=O)Nc1cccc(CC(=O)O)c1
BrCCBr.NC(=O)c1nn(-c2cccc(I)c2)c2ccc(O)cc12,NC(=O)c1nn(-c2cccc(I)c2)c2ccc(OCCBr)cc12
C#Cc1ccccc1.N#Cc1ccc(NC(=O)C(=O)C2CCCCC2)cc1Cl,N#Cc1ccc(NC(=O)C(O)(C#Cc2ccccc2)C2CCCCC2)cc1Cl
FC(F)(F)CCl.Sc1ccc(Cl)cc1,FC(F)(F)CSc1ccc(Cl)cc1
CN.Fc1ccc(C2OCc3c(Cl)nc(Cl)nc32)cc1,CNc1nc(Cl)nc2c1COC2c1ccc(F)cc1
C[Si](C)(C)C#Cc1ccc(OC2CCCCO2)cc1,C#Cc1ccc(OC2CCCCO2)cc1
CN(CCCCNC1CCCc2cccnc21)C(=O)OC(C)(C)C.Cc1cnc(C=O)c(C)c1,Cc1cnc(CN(CCCCN(C)C(=O)OC(C)(C)C)C2CCCc3cccnc32)c(C)c1
CCI.COc1ccc(CC2c3c(O)ccc(OC)c3CCN2CC(=O)NCc2ccccn2)cc1OC,CCOc1ccc(OC)c2c1C(Cc1ccc(OC)c(OC)c1)N(CC(=O)NCc1ccccn1)CC2
COc1cc(CN2CCC(O)CC2)ccc1[N+](=O)[O-],COc1cc(CN2CCC(O)CC2)ccc1N
CCc1cc([N+](=O)[O-])c(N)cc1Cl,CCc1cc(N)c(N)cc1Cl
COc1ccc(Oc2ccc3c(C(=O)Cl)cccc3c2)cn1.Nc1ccc(F)c(Cl)c1,COc1ccc(Oc2ccc3c(C(=O)Nc4ccc(F)c(Cl)c4)cccc3c2)cn1
CCSCCOc1cc2ncnc(Nc3ccc(Br)cc3F)c2cc1OC.O=S([O-])OO,CCS(=O)CCOc1cc2ncnc(Nc3ccc(Br)cc3F)c2cc1OC
COC[C@@H](NC(N)=O)c1ccccc1.Cn1cc(-c2nn(C(c3ccccc3)(c3ccccc3)c3ccccc3)c3cc(Cl)ncc23)cn1,COC[C@@H](NC(=O)Nc1cc2c(cn1)c(-c1cnn(C)c1)nn2C(c1ccccc1)(c1ccccc1)c1ccccc1)c1ccccc1
NCCc1ccncc1.O=C(Nc1cccc(C(F)(F)F)c1)c1ccccc1Br,O=C(Nc1cccc(C(F)(F)F)c1)c1ccccc1NCCc1ccncc1
C#C[Si](C)(C)C.OCC(CO)Nc1nnc(-c2ccc(F)c(F)c2Nc2ccc(I)cc2F)o1,C[Si](C)(C)C#Cc1ccc(Nc2c(-c3nnc(NC(CO)CO)o3)ccc(F)c2F)c(F)c1
CC(=O)O.COCCCC(N)c1cc(Br)ccn1,COCCCC(NC(C)=O)c1cc(Br)ccn1
CCCc1ccc(-n2ncc3c2CCc2cc(OC)ccc2-3)cc1,CCCc1ccc(-n2ncc3c2CCc2cc(O)ccc2-3)cc1
CC(C)(C)OC(=O)N[C@H](C(=O)N1CC=C[C@H]1C#N)C(C)(C)C,CC(C)(C)[C@H](N)C(=O)N1CC=C[C@H]1C#N
CS(N)(=O)=O.O=C(O)C1(c2ccc(Br)cc2)CC1,CS(=O)(=O)NC(=O)C1(c2ccc(Br)cc2)CC1
BrCc1ccc(Br)cc1.COCCCNC(=O)c1ccc(Cn2c(=O)[nH]c3ccccc3c2=O)cc1,COCCCNC(=O)c1ccc(Cn2c(=O)c3ccccc3n(Cc3ccc(Br)cc3)c2=O)cc1
CN(C)[C@H]1CCNC1.CN(Cc1cn2c(F)cccc2n1)[C@H]1CCCc2cccnc21,CN(C)[C@H]1CCN(c2cccc3nc(CN(C)[C@H]4CCCc5cccnc54)cn23)C1
CN.Cc1cc(S(=O)(=O)Cl)ccc1Br,CNS(=O)(=O)c1ccc(Br)c(C)c1
CC(C)(C)OC(=O)N1CCC[C@@H]([C@@](C)(OCCO)c2cccc(Cl)c2)C1.O=C1NC(=O)c2ccccc21,CC(C)(C)OC(=O)N1CCC[C@@H]([C@@](C)(OCCN2C(=O)c3ccccc3C2=O)c2cccc(Cl)c2)C1
C#C[Si](C)(C)C.Nc1ncc(Br)cc1I,C[Si](C)(C)C#Cc1cc(Br)cnc1N
BrCc1ccccc1.COC(=O)c1cc(O)cc(Oc2ccc([N+](=O)[O-])cc2)c1,COC(=O)c1cc(OCc2ccccc2)cc(Oc2ccc([N+](=O)[O-])cc2)c1
O=C1CNC(=O)N1.O=Cc1cnn2c(NC3CC3)cc(Nc3cc(F)cc(F)c3)nc12,O=C1NC(=O)/C(=C/c2cnn3c(NC4CC4)cc(Nc4cc(F)cc(F)c4)nc23)N1
COc1cc2nccc(Cl)c2cc1OC.Cc1ccc(C(=O)c2ccc(O)cc2)cc1,COc1cc2nccc(Oc3ccc(C(=O)c4ccc(C)cc4)cc3)c2cc1OC
CCCCCCN.COC(=O)c1ccnc(N2CCN(C(=O)c3cc(F)ccc3C(F)(F)F)CC2)c1,CCCCCCNC(=O)c1ccnc(N2CCN(C(=O)c3cc(F)ccc3C(F)(F)F)CC2)c1
CCOCCn1c(N2CCCNCC2)nc2ccccc21.CS(=O)(=O)OCCC1(c2ccccc2)CCN(C(=O)OCc2ccccc2)C1,CCOCCn1c(N2CCCN(CCC3(c4ccccc4)CCN(C(=O)OCc4ccccc4)C3)CC2)nc2ccccc21
CC(C)(C)OC(=O)N1CCOC2(CN(CCc3cccc(CCO)c3)C2)C1,OCCc1cccc(CCN2CC3(CNCCO3)C2)c1
CN(C)C=O.O=C1CCCCc2c1[nH]c1ccccc21,CN(C)C=C1CCCc2c([nH]c3ccccc23)C1=O
CC(C)(C)OC(=O)OC(=O)OC(C)(C)C.CC(N)CN,C[C@H](N)CNC(=O)OC(C)(C)C
Cc1cccc(N2CCNCC2)c1C.O=CCCc1cc(-c2ccc(Cl)cc2)n(-c2ccccc2)n1,Cc1cccc(N2CCN(CCCc3cc(-c4ccc(Cl)cc4)n(-c4ccccc4)n3)CC2)c1C
CC(C)(C)[Si](C)(C)OCCCNC(=O)c1cc([N+](=O)[O-])c(Sc2c(Cl)cncc2Cl)s1,O=C(NCCCO)c1cc([N+](=O)[O-])c(Sc2c(Cl)cncc2Cl)s1
CCc1cc(C(F)(F)F)cc(CC)c1C=CC(=O)O.C[C@@H](N)c1cc(F)c(NS(C)(=O)=O)c(F)c1,CCc1cc(C(F)(F)F)cc(CC)c1C=CC(=O)N[C@H](C)c1cc(F)c(NS(C)(=O)=O)c(F)c1
C[C@H]1OC[C@]2(c3cc([N+](=O)[O-])ccc3F)N=C(NC(=O)OC(C)(C)C)N(C)C(=O)[C@H]12,C[C@H]1OC[C@]2(c3cc(N)ccc3F)N=C(NC(=O)OC(C)(C)C)N(C)C(=O)[C@H]12
Cc1cn(-c2cc(Oc3ccc([N+](=O)[O-])nc3C)ccn2)cn1,Cc1cn(-c2cc(Oc3ccc(N)nc3C)ccn2)cn1
COc1ccc(-c2nocc2C(=O)O)cc1Cl.Cc1cc(C2(O)CCNC2)ccc1F,COc1ccc(-c2nocc2C(=O)N2CCC(O)(c3ccc(F)c(C)c3)C2)cc1Cl
CCOC(=O)c1nn(-c2ccc(Cl)cc2Cl)c(-c2ccc(OCCCF)cc2)c1C,Cc1c(C(=O)O)nn(-c2ccc(Cl)cc2Cl)c1-c1ccc(OCCCF)cc1
COc1c(Br)cc(C(=O)Cl)cc1Br.Cc1ccc2c(n1)OCCN2,COc1c(Br)cc(C(=O)N2CCOc3nc(C)ccc32)cc1Br
O=C(NC12CC3CC(CC(CO)(C3)C1)C2)c1cccc(Cl)c1,O=CC12CC3CC(C1)CC(NC(=O)c1cccc(Cl)c1)(C3)C2
CC(=O)c1cc(CCl)ccc1O.O=C1NCCN1,CC(=O)c1cc(CN2CCNC2=O)ccc1O
CC1(C)CCC(C)(C)c2cc(-c3csc(N4CCC(N)CC4)n3)ccc21.O=CCCCCO,CC1(C)CCC(C)(C)c2cc(-c3csc(N4CCC(NCCCCCO)CC4)n3)ccc21
CCC1(C=O)CSc2ccccc2C(c2ccccc2)=N1.C[P+](c1ccccc1)(c1ccccc1)c1ccccc1,C=CC1(CC)CSc2ccccc2C(c2ccccc2)=N1
CC(C)(C)OC(=O)NCCCN1CCC[C@@H]1Cn1nc(Cc2ccc(Cl)cc2)c2ccccc2c1=O,NCCCN1CCC[C@@H]1Cn1nc(Cc2ccc(Cl)cc2)c2ccccc2c1=O
C[C@@H](O)C(F)(F)F.Fc1cccc(CBr)c1,C[C@@H](OCc1cccc(F)c1)C(F)(F)F
CCOC(=O)[C@@H]1CC2(CCN(c3cc(OC(c4ccc(C#N)cc4-n4ccc(C)n4)C(F)(F)F)nc(N)n3)CC2)CN1,Cc1ccn(-c2cc(C#N)ccc2[C@@H](Oc2cc(N3CCC4(CC3)CN[C@H](C(=O)O)C4)nc(N)n2)C(F)(F)F)n1
BrCc1ccccc1.O=C(O)[C@@H](O)CC1CCC1,O=C(OCc1ccccc1)[C@@H](O)CC1CCC1
CNC(=O)COc1cc(C#N)ccc1CN.Cc1nc(C(=O)O)co1,CNC(=O)COc1cc(C#N)ccc1CNC(=O)c1coc(C)n1
C=Cc1cccnc1.COC(=O)[C@H](CCSC)NC(=O)c1ccc(I)cc1-c1ccccc1,COC(=O)[C@H](CCSC)NC(=O)c1ccc(C=Cc2cccnc2)cc1-c1ccccc1
C[C@H]1COCCN1c1cc(C2(S(=O)(=O)CCCOC(F)F)CC2)nc(-c2ccc(N)cc2)n1.O=C(Cl)Oc1ccccc1,C[C@H]1COCCN1c1cc(C2(S(=O)(=O)CCCOC(F)F)CC2)nc(-c2ccc(NC(=O)Oc3ccccc3)cc2)n1
CCOC(=O)C1COc2ccccc2C1=O,CCOC(=O)C1COc2ccccc2C1
CC1(C)OB(c2cnn(CCCl)c2)OC1(C)C.CNC,CN(C)CCn1cc(B2OC(C)(C)C(C)(C)O2)cn1
CNOC.C[C@@H](OC(C)(C)C)[C@@H](C(=O)O)N(C(=O)OCc1ccccc1)[SiH](C)C,CON(C)C(=O)[C@H]([C@@H](C)OC(C)(C)C)N(C(=O)OCc1ccccc1)[SiH](C)C
CCC(C)[C@@H]1CCCC[C@H]1N.Cc1nc(C(F)(F)F)c(C(=O)Cl)s1,CCC(C)[C@@H]1CCCC[C@H]1NC(=O)c1sc(C)nc1C(F)(F)F
Fc1cccc(CBr)c1.O=C(NCCc1ccc([N+](=O)[O-])cc1)C(F)(F)F,O=C(N(CCc1ccc([N+](=O)[O-])cc1)Cc1cccc(F)c1)C(F)(F)F
COc1cc(F)ccc1-c1nc(Cl)ncc1F.CSCc1cc(N)cc(Br)c1,COc1cc(F)ccc1-c1nc(Nc2cc(Br)cc(CSC)c2)ncc1F
COC(=O)C[C@@H]1Cc2ccc(OCCCNc3ccccn3)cc2CN(CCc2ccccc2)C1=O,O=C(O)C[C@@H]1Cc2ccc(OCCCNc3ccccn3)cc2CN(CCc2ccccc2)C1=O
CC1(C)OB(c2ccc(P(C)(C)=O)cc2)OC1(C)C.Cc1n[nH]c(C(=O)Nc2cnc3[nH]c(I)cc3c2)c1C,Cc1n[nH]c(C(=O)Nc2cnc3[nH]c(-c4ccc(P(C)(C)=O)cc4)cc3c2)c1C
COC(=O)[C@H](CNC(=O)OC(C)(C)C)N1CCN(C(=O)C(C)C)CC1,CC(C)C(=O)N1CCN([C@@H](CNC(=O)OC(C)(C)C)C(=O)O)CC1
COC(=O)c1cc([N+](=O)[O-])ccc1Br,COC(=O)c1cc(N)ccc1Br
CC(C)(C)OC(=O)NCCC[C@H](N)C(=O)O.O=Cc1ccccc1,CC(C)(C)OC(=O)NCCC[C@H](NCc1ccccc1)C(=O)O
CCC(N)C(C)O.COC(=O)c1c(Cl)cc(C)nc1Oc1c(C)cc(C)cc1C,CCC(Nc1cc(C)nc(Oc2c(C)cc(C)cc2C)c1C(=O)OC)C(C)O
CCOC(=O)CBr.Oc1cccc(NCc2cc(-c3cccc(F)c3)ccc2F)c1,CCOC(=O)COc1cccc(NCc2cc(-c3cccc(F)c3)ccc2F)c1
CC(C)NCCO.O=C(Cl)c1cccc(Br)c1,CC(C)N(CCO)C(=O)c1cccc(Br)c1
N#Cc1ccc(F)cc1Cl.OCc1sc(-c2ccc(C(F)(F)F)nc2)nc1CCCOCc1ccccc1,N#Cc1ccc(OCc2sc(-c3ccc(C(F)(F)F)nc3)nc2CCCOCc2ccccc2)cc1Cl
CCOC(=O)CCCc1ccc(-c2ccccc2)cc1,O=C(O)CCCc1ccc(-c2ccccc2)cc1
CCOC(=O)c1coc2cc(OC)ccc12,CCOC(=O)c1coc2cc(O)ccc12
CC(=O)OCC(=O)[C@@]12CNC[C@@H]1C[C@H]1[C@@H]3C[C@H](F)C4=CC(=O)C=C[C@]4(C)[C@@]3(F)[C@@H](O)C[C@@]12C.CC(C)(C)CC=O,CC(=O)OCC(=O)[C@@]12CN(CCC(C)(C)C)C[C@@H]1C[C@H]1[C@@H]3C[C@H](F)C4=CC(=O)C=C[C@]4(C)[C@@]3(F)[C@@H](O)C[C@@]12C
CC(C)(C)OC(=O)N1CCNCC1.Clc1nc(-c2ccoc2)ns1,CC(C)(C)OC(=O)N1CCN(c2nc(-c3ccoc3)ns2)CC1
C=CCC(c1ccc2c(cnn2-c2ccc(F)cc2)c1)C(C)(C)CNC(=O)NC(C)(C)C.O,CC(C)(C)NC(=O)NCC(C)(C)C(CCCO)c1ccc2c(cnn2-c2ccc(F)cc2)c1
CC(C)(C)OC(=O)C[C@@H](CCCC1CCCCC1)c1nc(C(=O)N2CCC(c3ccncc3)CC2)no1,O=C(O)C[C@@H](CCCC1CCCCC1)c1nc(C(=O)N2CCC(c3ccncc3)CC2)no1
O=C1CCC(C(=O)O)N1.O=C1c2ccccc2C(Cl)N1c1ccc2ccc(Cl)nc2n1,O=C1CCC(C(=O)OC2c3ccccc3C(=O)N2c2ccc3ccc(Cl)nc3n2)N1
CCc1nc2ccccc2n1-c1nc(N2CCOCC2)c2nc(CN3CCNCC3(C)C)n(C)c2n1.C[C@@H](O)C(=O)O,CCc1nc2ccccc2n1-c1nc(N2CCOCC2)c2nc(CN3CCN(C(=O)[C@@H](C)O)CC3(C)C)n(C)c2n1
CNC.O=[N+]([O-])c1ccc(CCBr)cc1,CN(C)CCc1ccc([N+](=O)[O-])cc1
Nc1cc([N+](=O)[O-])cc([N+](=O)[O-])c1.O=C(O)Cc1ccccc1Br,O=C(O)Cc1ccccc1Nc1cc([N+](=O)[O-])cc([N+](=O)[O-])c1
OCc1cc(Br)ccc1Cl,O=Cc1cc(Br)ccc1Cl
CCOC(=O)c1[nH]c(C)c(-c2ccc(C(=O)O)cc2)c1C.N#Cc1ccc(N)cc1,CCOC(=O)c1[nH]c(C)c(-c2ccc(C(=O)Nc3ccc(C#N)cc3)cc2)c1C
CCOC(=O)C1(NC(=O)c2c(C)cc(C)nc2N(C)CC)Cc2ccccc2C1,CCN(C)c1nc(C)cc(C)c1C(=O)NC1(C(=O)O)Cc2ccccc2C1
C=CCBr.O=C1Nc2ccc(C(F)(F)F)cc2C2=NCCCN12,C=CCN1C(=O)N2CCCN=C2c2cc(C(F)(F)F)ccc21
C1COCCN1.CC(C)CN(C(=O)c1cnc(C(C)(C)C)nc1NCc1ncco1)[C@H]1C[C@@H](C(=O)O)CN(C(=O)OC(C)(C)C)C1,CC(C)CN(C(=O)c1cnc(C(C)(C)C)nc1NCc1ncco1)[C@H]1C[C@@H](C(=O)N2CCOCC2)CN(C(=O)OC(C)(C)C)C1
CC(=O)OCC(=O)C1C(=O)CC(C)(C)CC1=O.N#Cc1ccc(NN)cc1NC1CCC(O)CC1,CC(=O)OCc1nn(-c2ccc(C#N)c(NC3CCC(O)CC3)c2)c2c1C(=O)CC(C)(C)C2
BrCCCOc1ccccc1.OC(c1ccc(F)cc1)(c1ccc(F)cc1)C12CCN(CC1)CC2,OC(c1ccc(F)cc1)(c1ccc(F)cc1)C12CC[N+](CCCOc3ccccc3)(CC1)CC2
CCCCCCCCCCCCO.C[C@H](NCc1ccccc1O)C(=O)O,CCCCCCCCCCCCOC(=O)[C@H](C)NCc1ccccc1O
O=C1Nc2ccc3ccccc3c2CCC1(Cl)Cl,O=C1Nc2ccc3ccccc3c2CCC1Cl
Cc1cc(C(=O)O)ccc1C(=O)N1CCCC1.N[C@@H](CCc1nnn[nH]1)c1nc2cc(Cl)ccc2[nH]1,Cc1cc(C(=O)N[C@@H](CCc2nnn[nH]2)c2nc3cc(Cl)ccc3[nH]2)ccc1C(=O)N1CCCC1
O=C(O)C1(c2ccc(Cl)cc2)CC1,OCC1(c2ccc(Cl)cc2)CC1
Nc1ccccc1.O=C(O)C#Cc1ccccc1,O=C(C#Cc1ccccc1)Nc1ccccc1
COC(=O)[C@H](C)Cl.O=C(NCC12CC3CC(CC(C3)C1)C2)c1cc(-c2ccccc2O)ccc1Cl,COC(=O)[C@@H](C)Oc1ccccc1-c1ccc(Cl)c(C(=O)NCC23CC4CC(CC(C4)C2)C3)c1
CNOC.O=C(O)c1ncc(Cl)cc1NS(=O)(=O)c1ccc(Cl)c(C(F)(F)F)c1,CON(C)C(=O)c1ncc(Cl)cc1NS(=O)(=O)c1ccc(Cl)c(C(F)(F)F)c1
O=C(c1ccccc1)c1ccccc1,OC(c1ccccc1)c1ccccc1
CCC[CH2][Sn]([CH2]CCC)([CH2]CCC)[c]1cccs1.O=C(c1ccnc(Br)c1)N1CCOCC1,O=C(c1ccnc(-c2cccs2)c1)N1CCOCC1
COc1cc2nccc(Cl)c2cc1OC.COc1ccc(C(=O)Nc2ccc(C)c(N)c2)cc1OC,COc1ccc(C(=O)Nc2ccc(C)c(Nc3ccnc4cc(OC)c(OC)cc34)c2)cc1OC
CC(=O)CCc1ccccc1C(F)(F)F.N.[C-]#N,CC(N)(C#N)CCc1ccccc1C(F)(F)F
CC1CCNCC1.O=C(Nc1ccc(OCCN2CCOCC2)c2ccccc12)c1ccnc(Cl)c1,CC1CCN(c2cc(C(=O)Nc3ccc(OCCN4CCOCC4)c4ccccc34)ccn2)CC1
CCc1cc(O)ccc1Cl.COC(=O)C(C)(C)CO,CCc1cc(OCC(C)(C)C(=O)OC)ccc1Cl
CCC1CN(C(Cc2ccc3ccccc3c2)C(=O)OC)CCN1C(=O)C(Cc1ccc(F)cc1)NC(=O)OC(C)(C)C,CCC1CN(C(Cc2ccc3ccccc3c2)C(=O)O)CCN1C(=O)C(Cc1ccc(F)cc1)NC(=O)OC(C)(C)C
C=CCCBr.CSc1ncc2cc(-c3ccc(-c4cncc(C)n4)cc3Cl)c(=O)[nH]c2n1,C=CCCn1c(=O)c(-c2ccc(-c3cncc(C)n3)cc2Cl)cc2cnc(SC)nc21
CC(C)(C)OC(=O)N1C[C@H](Nc2ccc(Br)cc2[N+](=O)[O-])[C@@H](O)C1.O=C(O)CCl,CC(C)(C)OC(=O)N1C[C@H](Nc2ccc(Br)cc2[N+](=O)[O-])[C@H](OC(=O)CCl)C1
CC(=O)N[C@@H]1[C@@H](OC(C)=O)[C@@H](OC(C)=O)[C@@H](COC(C)=O)O[C@@H]1Cl.[N-]=[N+]=[N-],CC(=O)N[C@@H]1[C@@H](OC(C)=O)[C@@H](OC(C)=O)[C@@H](COC(C)=O)O[C@@H]1N=[N+]=[N-]
BrCc1ccc2nonc2c1.O=[N+]([O-])c1ccc(Nn2cncn2)cc1,O=[N+]([O-])c1ccc(N(Cc2ccc3nonc3c2)n2cncn2)cc1
COC(=O)/C(C)=C(/C)C(=O)OC.O=C1CCC(=O)N1Br,COC(=O)/C(C)=C(/CBr)C(=O)OC
CCCC(C(=O)OC)c1c(C)nc(-c2ccccc2)nc1N1CCN(C)CC1,CCCC(C(=O)O)c1c(C)nc(-c2ccccc2)nc1N1CCN(C)CC1
CCOC(=O)c1cnc2n(c1=O)CCC2.NN,NNC(=O)c1cnc2n(c1=O)CCC2
CC(C)(O)c1cc(F)c(-c2cc(C(N)=O)c(N)s2)c(F)c1.Clc1ccc2[nH]nnc2n1,CC(C)(O)c1cc(F)c(-c2cc(C(N)=O)c(Nc3ccc4[nH]nnc4n3)s2)c(F)c1
COc1ccc2c(C(C)=O)cc(=O)oc2c1.NN,COc1ccc2c(C(C)=NN)cc(=O)oc2c1
CC(C)=O.Fc1cc(OC2CCNCC2)ccc1Br,CC(C)N1CCC(Oc2ccc(Br)c(F)c2)CC1
C=C(C)c1ccc(Br)cc1,CC(C)c1ccc(Br)cc1
CCC1OCC(C)(c2cccc(Sc3ccc(C(C)=O)cc3)c2)O1.NO,CCC1OCC(C)(c2cccc(Sc3ccc(C(C)=NO)cc3)c2)O1
COc1ccc(Cl)cc1.OB(O)c1ccccc1,COc1ccc(-c2ccccc2)cc1
Cc1onc(-c2ccccc2)c1-c1cn2ccc(C(=O)O)cc2n1.NC1CCC1,Cc1onc(-c2ccccc2)c1-c1cn2ccc(C(=O)NC3CCC3)cc2n1
O=C(O)c1cnc(Cl)c(Br)c1.OCC1CC1,O=C(O)c1cnc(OCC2CC2)c(Br)c1
CCC(=O)OC(=O)CC.NCCc1c[nH]c2ccc(O)cc12,CCC(=O)NCCc1c[nH]c2ccc(O)cc12
COc1cc(COc2nn(-c3ccccc3)cc2C=O)ccc1OCc1nc(-c2ccco2)oc1C.N#CCC#N,COc1cc(COc2nn(-c3ccccc3)cc2C=C(C#N)C#N)ccc1OCc1nc(-c2ccco2)oc1C
Cc1ccccc1-c1nc2c(C)cccc2cc1CCl.Nc1ncnc2[nH]nc(I)c12,Cc1ccccc1-c1nc2c(C)cccc2cc1Cn1nc(I)c2c(N)ncnc21
C=CCc1c(Cl)nc(C)nc1Cl.CS(=O)(=O)c1ccc(N)c(F)c1,C=CCc1c(Cl)nc(C)nc1Nc1ccc(S(C)(=O)=O)cc1F
CC(C)(C)OC(=O)N1[C@H](C(=O)O)CS[C@H]1c1cccnc1.Nc1nc(-c2ccc(C(=O)NC3CC3)cc2)cs1,CC(C)(C)OC(=O)N1C(C(=O)Nc2nc(-c3ccc(C(=O)NC4CC4)cc3)cs2)CSC1c1cccnc1
COC(=O)c1ccc(C(=O)NCc2ccnn2C)s1.NN,Cn1nccc1CNC(=O)c1ccc(C(=O)NN)s1
CC(C)(C)OC(=O)N1CCC(Nc2ccc(C#N)cc2Oc2ccccc2Br)CC1,CC(C)(C)OC(=O)N1CCC(N2c3ccccc3Oc3cc(C#N)ccc32)CC1
O=C1Cc2cc(S(=O)(=O)N3CCc4cc(Br)ccc43)ccc2N1.O=Cc1[nH]cc2c1CCOC2=O,O=C1Nc2ccc(S(=O)(=O)N3CCc4cc(Br)ccc43)cc2C1=Cc1[nH]cc2c1CCOC2=O
Cc1c(F)cc(C(=O)NC2CC2)cc1B1OC(C)(C)C(C)(C)O1.O=c1[nH]nc2cc(I)ccn12,Cc1c(F)cc(C(=O)NC2CC2)cc1-c1ccn2c(=O)[nH]nc2c1
CC(C)(C)S(N)=O.CCC(=O)CC,CCC(CC)=NS(=O)C(C)(C)C
COCCCn1c([C@@H]2CCCN(C(=O)C[C@@H](Cc3ccc(N4CCCC4=O)cc3)NC(=O)OC(C)(C)C)C2)nc2ccccc21,COCCCn1c([C@@H]2CCCN(C(=O)C[C@H](N)Cc3ccc(N4CCCC4=O)cc3)C2)nc2ccccc21
CCSc1nc2c(C)ccnc2n1Cc1ccc(-n2cc(Cl)cc2C#N)cc1.[N-]=[N+]=[N-],CCSc1nc2c(C)ccnc2n1Cc1ccc(-n2cc(Cl)cc2-c2nnn[nH]2)cc1
CC(C)CCSc1cc(C(=O)O)cc([N+](=O)[O-])c1-c1ccccc1,CC(C)CCSc1cc(C(=O)O)cc(N)c1-c1ccccc1
CCOC(=O)C(=O)C1(CC)C=C(CC)C=C(CC)C1,CCC1=CC(CC)(C(=O)C(=O)O)CC(CC)=C1
COc1cc(Br)ccc1-n1cnc(C)c1.Nc1ccn(Cc2ccc(F)cc2)n1,COc1cc(Nc2ccn(Cc3ccc(F)cc3)n2)ccc1-n1cnc(C)c1
N.O=C(O)CC(c1ccc(Cl)cc1)c1ccc(Br)cc1,NC(=O)CC(c1ccc(Cl)cc1)c1ccc(Br)cc1
COc1cccc(CN)c1.COc1cccc(CN=C=S)c1,COc1cccc(CNC(=S)NCc2cccc(OC)c2)c1
CC(C)(C)OC(=O)OC(=O)OC(C)(C)C.Cc1cccc(S(=O)(=O)N2CC(N)COc3ncc(NC(=O)C(F)(F)F)cc32)c1,Cc1cccc(S(=O)(=O)N2CC(NC(=O)OC(C)(C)C)COc3ncc(NC(=O)C(F)(F)F)cc32)c1
O=Cc1cnccc1Br,OCc1cnccc1Br
O=C1CCC(Nc2ccc3[nH]ncc3c2)CC1.[NH4+],NC1CCC(Nc2ccc3[nH]ncc3c2)CC1
CC(C)(C)OC(=O)N(CCC(=O)O)Cc1ccco1.NNC(=O)N1Cc2ccccc2Oc2ccc(Cl)cc21,CC(C)(C)OC(=O)N(CCC(=O)NNC(=O)N1Cc2ccccc2Oc2ccc(Cl)cc21)Cc1ccco1
Cn1ncc(Br)c1N.O=C(Cl)c1ccc(I)cc1,Cn1ncc(Br)c1NC(=O)c1ccc(I)cc1
COC=C(C(=O)OC)c1c(OC)ncnc1Oc1cccc(CBr)c1.N#Cc1ccccc1O,COC=C(C(=O)OC)c1c(OC)ncnc1Oc1cccc(COc2ccccc2C#N)c1
CCI.Oc1ccc(Cc2cc(Br)ccc2F)cc1,CCOc1ccc(Cc2cc(Br)ccc2F)cc1
COC(=O)C(Cc1ccc(Oc2ccc(C=C3SC(=O)NC3=O)cc2)cc1)NC(=O)C(CCSC)NC(=O)OC(C)(C)C,COC(=O)C(Cc1ccc(Oc2ccc(C=C3SC(=O)NC3=O)cc2)cc1)NC(=O)C(N)CCSC
CCOC(=O)C(=O)CCc1ccccc1.NNc1ccccc1,CCOC(=O)c1[nH]c2ccccc2c1Cc1ccccc1
O=[N+]([O-])c1cccc2c1B(O)OC2,Nc1cccc2c1B(O)OC2
N#Cc1cnc2c(Br)cc([N+](=O)[O-])cc2c1Cl.NC1CCCCCC1,N#Cc1cnc2c(Br)cc([N+](=O)[O-])cc2c1NC1CCCCCC1
Cc1cc(C(=O)N2CCN(C(=O)OC(C)(C)C)CC2)n(-c2ccccc2)n1,Cc1cc(C(=O)N2CCNCC2)n(-c2ccccc2)n1
CC1CCCCC1N(Cc1ccc(C(=O)O)cc1)S(=O)(=O)c1ccc(Cl)cc1.C[C@@H](N)CO,CC1CCCCC1N(Cc1ccc(C(=O)N[C@H](C)CO)cc1)S(=O)(=O)c1ccc(Cl)cc1
O=C1c2ccccc2C(=O)N1c1ccn(Cc2ccc(Cl)cc2C(F)(F)F)n1,Nc1ccn(Cc2ccc(Cl)cc2C(F)(F)F)n1
Cc1cc2c([C@@H]3C[C@H]3CN)cccn2n1.O=C(Cl)C1CC1,Cc1cc2c([C@@H]3C[C@H]3CNC(=O)C3CC3)cccn2n1
Brc1cnc(I)nc1.CC(C)Oc1ccc(B2OC(C)(C)C(C)(C)O2)cc1Cl,CC(C)Oc1ccc(-c2ncc(Br)cn2)cc1Cl
COc1cc(Oc2ccccc2)cc(C)c1C=O,Cc1cc(Oc2ccccc2)cc(O)c1C=O
CCOC(=O)c1cc(F)cc(-c2ncnc3ccc(Br)cc23)c1,O=C(O)c1cc(F)cc(-c2ncnc3ccc(Br)cc23)c1
C1COCCN1.COc1cc2nc(Cl)nc(N)c2cc1OC,COc1cc2nc(N3CCOCC3)nc(N)c2cc1OC
CC1(C)OB(c2ccccc2F)OC1(C)C.Cc1ccc(S(=O)(=O)n2cc(I)c3cc(-c4nnc(S(C)(=O)=O)s4)ccc32)cc1,Cc1ccc(S(=O)(=O)n2cc(-c3ccccc3F)c3cc(-c4nnc(S(C)(=O)=O)s4)ccc32)cc1
CC(C)(C)OC(=O)C(C)(C)Sc1ccc(CNCc2ccco2)cc1.Fc1ccc(Cc2noc(CCl)n2)cc1,CC(C)(C)OC(=O)C(C)(C)Sc1ccc(CN(Cc2ccco2)Cc2nc(Cc3ccc(F)cc3)no2)cc1
CCOC(=O)CCn1c2c(c3cc(C)ccc31)CN(C)CC2.N,Cc1ccc2c(c1)c1c(n2CCC(N)=O)CCN(C)C1
CC(C)(C)C(=O)Cl.CCNC(=O)Nc1ccc(-c2nc3c(c(N4CCOCC4)n2)CCNC3)cc1,CCNC(=O)Nc1ccc(-c2nc3c(c(N4CCOCC4)n2)CCN(C(=O)C(C)(C)C)C3)cc1
CC(C)(C)OC(=O)N1CCN(Cc2ccc(OCc3cccc(F)c3)cc2)CC1,Fc1cccc(COc2ccc(CN3CCNCC3)cc2)c1
O=c1ccc2c(Oc3ccc([N+](=O)[O-])cc3)ccnc2[nH]1,Nc1ccc(Oc2ccnc3[nH]c(=O)ccc23)cc1
CCc1nc(-c2cccc(NC(=O)c3c(F)cccc3F)c2)c(-c2ccnc(Cl)n2)s1.Nc1ccc(N2CCC(N3CCCCC3)CC2)c(F)c1,CCc1nc(-c2cccc(NC(=O)c3c(F)cccc3F)c2)c(-c2ccnc(Nc3ccc(N4CCC(N5CCCCC5)CC4)c(F)c3)n2)s1
C#C[C@H]1CC[C@H]2CN(c3nccnc3C#N)CCN21.COc1cccc(I)n1,COc1cccc(C#C[C@H]2CC[C@H]3CN(c4nccnc4C#N)CCN32)n1
CC(C)(C)OC(=O)NCCNc1c([N+](=O)[O-])c(Cl)nc2ccccc12,CC(C)(C)OC(=O)NCCNc1c(N)c(Cl)nc2ccccc12
COC(=O)C1=C(C)NC(C)=C(C(=O)OC)C1c1cccc([N+](=O)[O-])c1.COCCOCCl,COCCOCN1C(C)=C(C(=O)OC)C(c2cccc([N+](=O)[O-])c2)C(C(=O)OC)=C1C
CC(C)(C)OC(=O)N1CCC(C(=O)O)CC1.NNc1cnc2ccc(Br)cc2n1,CC(C)(C)OC(=O)N1CCC(C(=O)NNc2cnc3ccc(Br)cc3n2)CC1
C#CC[C@H](NC(=O)OC(C)(C)C)C(=O)O.N,C#CC[C@H](NC(=O)OC(C)(C)C)C(N)=O
COC(=O)c1ccncc1Br.NCc1ccc(C(F)(F)F)cc1,COC(=O)c1ccncc1NCc1ccc(C(F)(F)F)cc1
CC1OB(c2cnn(C)c2)OC1C.Nc1cccc(Br)c1,Cn1cc(-c2cccc(N)c2)cn1
CCOC(=O)[C@H](Cc1ccc(O)cc1)OCC.Cc1cc(Br)oc1CO,CCOC(=O)[C@H](Cc1ccc(OCc2oc(Br)cc2C)cc1)OCC
CCCCCI.NCc1ccccc1,CCCCCNCc1ccccc1
COc1ccc(C[C@H](NC(=O)C2(NC(=O)C3Cc4ccccc4C3)CC2)C(=O)OCc2ccccc2)cc1,COc1ccc(C[C@H](NC(=O)C2(NC(=O)C3Cc4ccccc4C3)CC2)C(=O)O)cc1
CCOC(=O)/C(F)=C(/C)c1cc2c(cc1OC)OC(C)(C)C=C2CC,CCC1=CC(C)(C)Oc2cc(OC)c(/C(C)=C(/F)CO)cc21
O=C(Cl)C12CC3CC(CC(C3)C1)C2.OCCc1c(-c2ccccc2)n2nnnc2n2ncnc12,O=C(OCCc1c(-c2ccccc2)n2nnnc2n2ncnc12)C12CC3CC(CC(C3)C1)C2
C[C@H]1COCc2nc3c(N)nc4cc(OCc5ccccc5)ccc4c3n21,C[C@H]1COCc2nc3c(N)nc4cc(O)ccc4c3n21
CC(C)(C)OC(=O)N1CCNC(=O)CC1.Cn1ncc([N+](=O)[O-])c1Br,Cn1ncc([N+](=O)[O-])c1N1CCN(C(=O)OC(C)(C)C)CCC1=O
COc1ccc(C2=NNC(=O)C2(C)C)c(F)c1F,CC1(C)C(=O)NN=C1c1ccc(O)c(F)c1F
Cn1cnc(Nc2nc(Cl)nc(Cl)n2)c1.NC(c1ccc(F)cc1)C1CCCC1,Cn1cnc(Nc2nc(Cl)nc(NC(c3ccc(F)cc3)C3CCCC3)n2)c1
O=C1CN(c2cccc(-n3cc(-c4ccc(Cl)cc4Cl)nc3Cc3ccc(I)cc3)c2)S(=O)(=O)N1.OB(O)c1ccc(Br)cc1,O=C1CN(c2cccc(-n3cc(-c4ccc(Cl)cc4Cl)nc3Cc3ccc(-c4ccc(Br)cc4)cc3)c2)S(=O)(=O)N1
C1CCNC1.O=C(O)CC12CC(=O)Nc3cccc(c31)N(Cc1ccc3cc4c(cc3n1)C[C@]1(C4)C(=O)Nc3ncccc31)C2,O=C1CC2(CC(=O)N3CCCC3)CN(Cc3ccc4cc5c(cc4n3)C[C@]3(C5)C(=O)Nc4ncccc43)c3cccc(c32)N1
COC(=O)[C@H](Cc1ccc(-c2ccnc(C)c2C)cc1)NC(=O)[C@@H]1Cc2cc3c(cc2CN1C(=O)c1nc(C)oc1C)O[C@@H](c1ccc(OCc2ccc(Cl)c(Cl)c2)cc1)CO3,Cc1nc(C(=O)N2Cc3cc4c(cc3C[C@H]2C(=O)N[C@@H](Cc2ccc(-c3ccnc(C)c3C)cc2)C(=O)O)OC[C@H](c2ccc(OCc3ccc(Cl)c(Cl)c3)cc2)O4)c(C)o1
CC(C)c1ccc(N(Cc2cn[nH]c2)C(=O)C2CCCc3c(OCc4ccccc4)cccc32)cn1.ClCc1cccnc1,CC(C)c1ccc(N(Cc2cnn(Cc3cccnc3)c2)C(=O)C2CCCc3c(OCc4ccccc4)cccc32)cn1
CC(=O)Oc1ccc2c(c1)CC[C@H]1[C@@H]3CCC(=O)[C@@]3(C)C[C@H](O)[C@]21O,CC(=O)Oc1ccc2c(c1)CC[C@H]1[C@@H]3CCC(=O)[C@@]3(C)CC(=O)[C@]21O
CCCC[C@H]1CN(Cc2ccccc2)CCN1C(=O)c1cccc(C)c1C,CCCC[C@H]1CNCCN1C(=O)c1cccc(C)c1C
CN(CCCN)CCCNc1n[n+]([O-])c2ccccc2[n+]1[O-].Cc1cccc2cc3cccc(C(=O)O)c3nc12,Cc1cccc2cc3cccc(C(=O)NCCCN(C)CCCNc4n[n+]([O-])c5ccccc5[n+]4[O-])c3nc12
C=O.CC(C)(NCCCn1ccnc1)c1ccc(Cl)cc1,CN(CCCn1ccnc1)C(C)(C)c1ccc(Cl)cc1
CCC(=O)CCN1CCN(C)CC1.COc1ccc(CCO)cc1OC,CCC1(CCN2CCN(C)CC2)OCCc2cc(OC)c(OC)cc21
CCC1=C(C(=O)OCc2ccccc2)C(c2ccc(F)cc2F)NC(OC)=N1.O=C(Cl)Oc1ccc([N+](=O)[O-])cc1,CCC1=C(C(=O)OCc2ccccc2)C(c2ccc(F)cc2F)N(C(=O)Oc2ccc([N+](=O)[O-])cc2)C(OC)=N1
COCCC(=O)c1cn(C)c2ccc(CNC3CC3)cc12,COCCCc1cn(C)c2ccc(CNC3CC3)cc12
CCCCCCCCCCCC(=O)Cl.CCCCCCCCCCCCOC[C@@H](O)CSC[C@H](NC(=O)OCC1c2ccccc2-c2ccccc21)C(=O)OC(C)(C)C,CCCCCCCCCCCCOC[C@H](CSC[C@H](NC(=O)OCC1c2ccccc2-c2ccccc21)C(=O)OC(C)(C)C)OC(=O)CCCCCCCCCCC
CN1CCC(O)c2ccoc2C1.Fc1ccc2ccccc2c1,CN1CCC(Oc2ccc3ccccc3c2)c2ccoc2C1
CCOC(=O)CC(c1ccc(OC2Cc3ccccc3C2)cc1)c1cc(F)cc(F)c1,O=C(O)CC(c1ccc(OC2Cc3ccccc3C2)cc1)c1cc(F)cc(F)c1
COc1ccc(C=O)c(OC)c1.COc1ccc(N)c(C(=O)c2cccc(F)c2)c1,COc1ccc(CNc2ccc(OC)cc2C(=O)c2cccc(F)c2)c(OC)c1
CCN(CCO)c1ccccc1.O=C(c1ccccc1)c1ccc(CBr)cc1,CCN(CCOCc1ccc(C(=O)c2ccccc2)cc1)c1ccccc1
C[C@@H]1CN(Cc2ccccc2)[C@@H](CN2CCOCC2)CN1C(=O)OC(C)(C)C,C[C@@H]1CN[C@@H](CN2CCOCC2)CN1C(=O)OC(C)(C)C
CC(C)(C)OC(=O)N[C@@H]1CCNC1.O=C(O)c1cc(-c2ccc(O)cc2)nc2[nH]ncc12,CC(C)(C)OC(=O)N[C@@H]1CCN(C(=O)c2cc(-c3ccc(O)cc3)nc3[nH]ncc23)C1
BrCc1ccccc1.CCCCCCCCCCCCCCCCCCOc1ccc(O)c(C(=O)OC)c1,CCCCCCCCCCCCCCCCCCOc1ccc(OCc2ccccc2)c(C(=O)OC)c1
CC(C)(C)N1CCNCC1.CCCCOc1nc(N)c2nc(OC)n(CCCCCCCl)c2n1,CCCCOc1nc(N)c2nc(OC)n(CCCCCCN3CCN(C(C)(C)C)CC3)c2n1
C=CCN.Fc1cnc(Cl)nc1Nc1ccc2c(c1)OCCO2,C=CCNc1ncc(F)c(Nc2ccc3c(c2)OCCO3)n1
CCOP(C)(=O)C(C(N)=O)c1csc2ccc(Cl)cc12.Fc1ccc(C=CBr)cc1F,CCOP(C)(=O)C(C(=O)NC=Cc1ccc(F)c(F)c1)c1csc2ccc(Cl)cc12
CCOC(=O)c1cn2c(cc1=O)-c1cc(OC)c(OCC(C)(C)CO)cc1CC2C(C)C,COc1cc2c(cc1OCC(C)(C)CO)CC(C(C)C)n1cc(C(=O)O)c(=O)cc1-2
C#C[Si](C)(C)C.COC(=O)C1(c2cc(Br)sc2Br)CCCCC1,COC(=O)C1(c2cc(C#C[Si](C)(C)C)sc2Br)CCCCC1
CN.CNc1nc(Cl)cc(NS(=O)(=O)c2cccc(Cl)c2)n1,CNc1cc(NS(=O)(=O)c2cccc(Cl)c2)nc(NC)n1
C[O-].Clc1ncc(Br)c2cc[nH]c12,COc1cnc(Cl)c2[nH]ccc12
CNS(=O)(=O)c1ccc(N)cc1.S=C(Cl)Cl,CNS(=O)(=O)c1ccc(N=C=S)cc1
CN=C=S.Nc1c(Cl)cccc1Cl,CNC(=S)Nc1c(Cl)cccc1Cl
CN1c2cc(Cl)nc(=O)n2CC1(C)C.OCc1ccc(Oc2ccc(C(F)(F)F)nc2)c(F)c1,CN1c2cc(OCc3ccc(Oc4ccc(C(F)(F)F)nc4)c(F)c3)nc(=O)n2CC1(C)C
Cc1sc2c(c1CCN1CCC(c3noc4cc(F)ccc34)CC1)CCNC2.O=C(Cl)c1ccccc1,Cc1sc2c(c1CCN1CCC(c3noc4cc(F)ccc34)CC1)CCN(C(=O)c1ccccc1)C2
CCCCc1noc(C)c1CCc1nc(C)c(C(=O)O)s1.NC1CCOC1,CCCCc1noc(C)c1CCc1nc(C)c(C(=O)NC2CCOC2)s1
CCOC(=O)CN1CCC(=O)CC1.c1ccc(CN2CCNCC2)cc1,CCOC(=O)CN1CCC(N2CCN(Cc3ccccc3)CC2)CC1
CN(C)CCCCl.Cc1cccc(Nc2cc(Nc3cccc(O)c3)ncn2)c1,Cc1cccc(Nc2cc(Nc3cccc(OCCCN(C)C)c3)ncn2)c1
CNC(=O)c1cn(C)c2cc(OC)ccc12,CNC(=O)c1cn(C)c2cc(O)ccc12
CCOC(=O)c1cc(Nc2ncnc3cc[nH]c23)ccc1Oc1ccccc1,O=C(O)c1cc(Nc2ncnc3cc[nH]c23)ccc1Oc1ccccc1
CC(C)(C)OC(=O)CBr.CC(C)(C)OC(=O)Nc1cc(O)c(I)cc1[N+](=O)[O-],CC(C)(C)OC(=O)COc1cc(NC(=O)OC(C)(C)C)c([N+](=O)[O-])cc1I
CCCCCCCCc1ccc(S(=O)(=O)Cl)cc1.Nc1nncs1,CCCCCCCCc1ccc(S(=O)(=O)Nc2nncs2)cc1
CCOC(=O)CN(C(=O)OC(C)(C)C)[C@H](Cc1ccc(OC)cc1)C(=O)OCc1ccccc1,CCOC(=O)CN(C(=O)OC(C)(C)C)[C@H](Cc1ccc(OC)cc1)C(=O)O
CC(C)Br.COC1(c2cc(F)cc(F)c2)CCNC1,COC1(c2cc(F)cc(F)c2)CCN(C(C)C)C1
COC(=O)Nc1ccc(C(=O)OC)cc1,COC(=O)Nc1ccc(C(=O)O)cc1
COC(=O)c1cc(Cl)cc2cc(-c3ccc(Cl)cc3Cl)oc12,OCc1cc(Cl)cc2cc(-c3ccc(Cl)cc3Cl)oc12
CCOC(OCC)P(=O)(CC(C[N+](=O)[O-])c1ccc(Cl)cc1)OCC,CCOC(OCC)P(=O)(CC(CN)c1ccc(Cl)cc1)OCC
C=O.Cc1c2ccc(N)cc2nn1C,CNc1ccc2c(C)n(C)nc2c1
CCOC(=O)c1c(-c2ccc(C(F)(F)F)cc2)cc(C)nc1C,Cc1cc(-c2ccc(C(F)(F)F)cc2)c(C(=O)O)c(C)n1
CCOC(=O)C[C@@H](CBr)CC(C)C.[N-]=[N+]=[N-],CCOC(=O)C[C@@H](CN=[N+]=[N-])CC(C)C
N#Cc1cnc2c(c1Cl)C=C1N=CN=C1C2.Nc1ccc(Cl)cc1Br,N#Cc1cnc2c(c1Nc1ccc(Cl)cc1Br)C=C1N=CN=C1C2
Nc1c(Br)cc(C(=O)CNC2CC2)cc1C(F)(F)F,Nc1c(Br)cc(C(O)CNC2CC2)cc1C(F)(F)F
C=C(C)[C@@H]1CC[C@@H](C)C[C@H]1O.O=C(O)CCl,C=C(C)[C@@H]1CC[C@@H](C)C[C@H]1OCC(=O)O
C[C@@H]1CN(C(=O)OC(C)(C)C)CCN1.N#Cc1ccc(C(=O)O)c(F)c1,C[C@@H]1CN(C(=O)OC(C)(C)C)CCN1C(=O)c1ccc(C#N)cc1F
COc1cccc(C(=O)O)c1.N#Cc1ccc(CN)c(O)c1,COc1cccc(C(=O)NCc2ccc(C#N)cc2O)c1
COc1ccc(CN(c2nccs2)S(=O)(=O)c2ccc3c(Cl)nccc3c2)c(OC)c1.OB(O)c1ccc(C(F)(F)F)cc1F,COc1ccc(CN(c2nccs2)S(=O)(=O)c2ccc3c(-c4ccc(C(F)(F)F)cc4F)nccc3c2)c(OC)c1
CCCI.CCOC(=O)c1oc2ccc([N+](=O)[O-])cc2c1O,CCCOc1c(C(=O)OCC)oc2ccc([N+](=O)[O-])cc12
COC(=O)[C@](C)(NC(=O)c1ccc(F)cc1[N+](=O)[O-])C1CCCCC1,COC(=O)[C@](C)(NC(=O)c1ccc(F)cc1N)C1CCCCC1
COc1ccc(CN2C(=O)[C@@H](OC(C)=O)[C@H]2C(C)C)cc1,CC(=O)O[C@@H]1C(=O)N[C@@H]1C(C)C
CC(C)(C)[Si](C)(C)OC[C@@H]1C[C@@H](Nc2c(Cl)cnc(N)c2[N+](=O)[O-])C[C@@H]1O[Si](C)(C)C(C)(C)C,CC(C)(C)[Si](C)(C)OC[C@@H]1C[C@@H](Nc2c(Cl)cnc(N)c2N)C[C@@H]1O[Si](C)(C)C(C)(C)C
COC(=O)CN=[N+]=[N-].COc1ccncc1C=O,COC(=O)/C(=C/c1cnccc1OC)N=[N+]=[N-]
COC(=O)[C@@H](N)C1CCCCC1.Cc1cccc(C)c1NC(=O)Nc1cc(Cl)ccc1C(=O)O,COC(=O)[C@@H](NC(=O)c1ccc(Cl)cc1NC(=O)Nc1c(C)cccc1C)C1CCCCC1
O=Cc1c(Br)ccc2c1OCO2.OB(O)c1ccccc1Br,O=Cc1c(-c2ccccc2Br)ccc2c1OCO2
CC1(C)OB(c2cccc(COCC(F)(F)F)c2)OC1(C)C.Nc1cc(I)n(-c2ccccc2)n1,Nc1cc(-c2cccc(COCC(F)(F)F)c2)n(-c2ccccc2)n1
ClCc1cccnc1.O=C(c1cc(C(F)(F)F)cc(C(F)(F)F)c1)N1CCNC[C@H]1Cc1ccccc1,O=C(c1cc(C(F)(F)F)cc(C(F)(F)F)c1)N1CCN(Cc2cccnc2)C[C@H]1Cc1ccccc1
CN(C)CCC(NC(=O)Nc1ccc2c(c1)CCC2)c1ccc(C(=O)OCc2ccccc2)cc1,CN(C)CCC(NC(=O)Nc1ccc2c(c1)CCC2)c1ccc(C(=O)O)cc1
COC(=O)N1CC[C@@H](N)[C@@H](C)C1.Cc1[nH]c(C(=O)O)cc1Cl,COC(=O)N1CC[C@@H](NC(=O)c2cc(Cl)c(C)[nH]2)[C@@H](C)C1
CCC[CH2][Sn]([CH2]CCC)([CH2]CCC)[CH2]OC.COC(=O)c1ccc(Cl)nc1N,COCc1ccc(C(=O)OC)c(N)n1
CS(=O)(=O)c1ccc(F)c(C(F)(F)F)c1.O=C(O)CCc1ccc(Cl)cc1O,CS(=O)(=O)c1ccc(Oc2cc(Cl)ccc2CCC(=O)O)c(C(F)(F)F)c1
CC(C)(C)[Si](C)(C)OCC(COc1ccc(Br)nc1)Cn1cc([N+](=O)[O-])nc1Br,O=[N+]([O-])c1cn(CC(CO)COc2ccc(Br)nc2)c(Br)n1
Cc1c(C=O)[nH]c2c1C(=O)N(CCN1CCCC1)CCC2.O=C1Cc2cc(F)cc(Br)c2N1,Cc1c(C=C2C(=O)Nc3c(Br)cc(F)cc32)[nH]c2c1C(=O)N(CCN1CCCC1)CCC2
CCCCCCC[N+]12CCC(CC1)C(=CCc1ccc(Cl)cc1)C2,CCCCCCC[N+]12CCC(CC1)C(CCc1ccc(Cl)cc1)C2
CC(C)(C)OC(=O)CBr.C[C@@H](O)C1=CC[C@H]2C3=CC=C4C[C@@H](O[Si](C)(C)C(C)(C)C)C[C@H](O[Si](C)(C)C(C)(C)C)[C@]4(C)[C@H]3CC[C@]12C,C[C@@H](OCC(=O)OC(C)(C)C)C1=CC[C@H]2C3=CC=C4C[C@@H](O[Si](C)(C)C(C)(C)C)C[C@H](O[Si](C)(C)C(C)(C)C)[C@]4(C)[C@H]3CC[C@]12C
O=Cc1cccs1.[NH3+]CCOc1ccc2ccccc2c1F,Fc1c(OCCNCc2cccs2)ccc2ccccc12
CC(=O)Nc1ccc(Br)c(Cl)c1Cl.OB(O)c1ccncc1,CC(=O)Nc1ccc(-c2ccncc2)c(Cl)c1Cl
COCc1ncnc(N2CCCCC2)c1C,Cc1c(CO)ncnc1N1CCCCC1
CCO.Cc1ccc(C(=O)O)cc1Br,CCOC(=O)c1ccc(C)c(Br)c1
Cc1cccc(C2CC2)c1O.Oc1cc(Cl)nnc1Cl,Cc1cccc(C2CC2)c1Oc1nnc(Cl)cc1O
CCOC(=O)C(Cc1cccc2[nH]ccc12)OCC.Cc1oc(-c2ccc(C(C)C)cc2)nc1CCl,CCOC(=O)C(Cc1cccc2c1ccn2Cc1nc(-c2ccc(C(C)C)cc2)oc1C)OCC
COc1cc(N)c(Cl)cc1Cl.N#CCC(=O)O,COc1cc(NC(=O)CC#N)c(Cl)cc1Cl
ClCc1ccccc1.OC1CCCCCCCCCCC1,c1ccc(COC2CCCCCCCCCCC2)cc1
CCS(=O)(=O)c1cccc(B(O)O)c1.Cc1cnc(F)c(-c2c(Cl)cc(C(F)(F)F)c(C)c2[N+](=O)[O-])c1,CCS(=O)(=O)c1cccc(-c2cc(C(F)(F)F)c(C)c([N+](=O)[O-])c2-c2cc(C)cnc2F)c1
COC(=O)C1C2CC3C(OC(=O)C31)C2O.O=C(O)CCl,COC(=O)C1C2CC3C(OC(=O)C31)C2OC(=O)CCl
CS(=O)(=O)Cl.O=C(OCCCO)c1[nH]c(-c2ccccc2)c2cc(Cl)ccc12,CS(=O)(=O)OCCCOC(=O)c1[nH]c(-c2ccccc2)c2cc(Cl)ccc12
CC(C)(C)[Si](C)(C)OCCN(CCc1c[nH]c2ccccc12)Cc1ccc(C=CC(=O)Nc2ccccc2N)cc1,Nc1ccccc1NC(=O)C=Cc1ccc(CN(CCO)CCc2c[nH]c3ccccc23)cc1
CC(=O)NC(Cc1cc(F)cc(F)c1)C(O)CNC1(c2cccc(Br)c2)CCC2(CC1)OCCO2.c1cn[nH]c1,CC(=O)NC(Cc1cc(F)cc(F)c1)C(O)CNC1(c2cccc(-n3cccn3)c2)CCC2(CC1)OCCO2
CC1(C)OB(C2=CCOCC2)OC1(C)C.O=C(Nc1cccc(I)n1)Nc1ccnc2c(F)cccc12,O=C(Nc1cccc(C2=CCOCC2)n1)Nc1ccnc2c(F)cccc12
N#Cc1ccc2c(c1)C(Cc1ccccc1)NC2=O,NCc1ccc2c(c1)C(Cc1ccccc1)NC2=O
CN1CCN(c2ccc(Nc3nc(Oc4cccc([N+](=O)[O-])c4)cnc3C(N)=O)cc2Br)CC1.OB(O)c1ccncc1,CN1CCN(c2ccc(Nc3nc(Oc4cccc([N+](=O)[O-])c4)cnc3C(N)=O)cc2-c2ccncc2)CC1
NCc1ccnc2[nH]ccc12.O=C(Nc1ccc(C(O)(C(F)(F)F)C(F)(F)F)cc1)c1cccnc1F,O=C(Nc1ccc(C(O)(C(F)(F)F)C(F)(F)F)cc1)c1cccnc1NCc1ccnc2[nH]ccc12
CNC.N#Cc1cnc2cc3c(cc2c1Nc1ccc(F)c(Cl)c1)N(CCCCCl)CCO3,CN(C)CCCCN1CCOc2cc3ncc(C#N)c(Nc4ccc(F)c(Cl)c4)c3cc21
CC(C)(O)CCN(Cc1ccccc1)Cc1ccccc1.CI,COC(C)(C)CCN(Cc1ccccc1)Cc1ccccc1
CNc1nccc(-c2cc(NC3CCN(C(=O)OCC4c5ccccc5-c5ccccc54)CC3)c3cc(OC)ccc3c2)n1,CNc1nccc(-c2cc(NC3CCN(C(=O)OCC4c5ccccc5-c5ccccc54)CC3)c3cc(O)ccc3c2)n1
C/C(=C\CO)CCC[C@H](C)CCC[C@H](C)CCCC(C)C.CCCCCCCCCC=CC=CC=CC=CC=CC(=O)O,CCCCCCCCCC=CC=CC=CC=CC=CC(=O)OC/C=C(\C)CCC[C@H](C)CCC[C@H](C)CCCC(C)C
COC(=O)[C@H](CCCNC(=O)OC(C)(C)C)NC(=O)c1cccn(Cc2ccccc2Cl)c1=O,CC(C)(C)OC(=O)NCCC[C@H](NC(=O)c1cccn(Cc2ccccc2Cl)c1=O)C(=O)O
COc1cc2nccc(Oc3ccc4c(c3)OCCN4C(=O)Nc3cc(CO[Si](C)(C)C(C)(C)C)on3)c2cc1OC,COc1cc2nccc(Oc3ccc4c(c3)OCCN4C(=O)Nc3cc(CO)on3)c2cc1OC
ClCc1ccc(Cl)nc1.O=[N+]([O-])C=C1NCCS1,O=[N+]([O-])C=C1SCCN1Cc1ccc(Cl)nc1
CC#C[C@H](CC(=O)OC)c1ccc(OC2CCc3cc(Br)ccc32)cc1.CCOc1cccc(B(O)O)c1,CC#C[C@H](CC(=O)OC)c1ccc(OC2CCc3cc(-c4cccc(OCC)c4)ccc32)cc1
CC(C)(C)OC(=O)N1CCC(N)CC1.COc1cc(C(=O)O)c(F)cc1Nc1ncc2c(n1)N(C1CCCC1)CC(F)(F)C(=O)N2C,COc1cc(C(=O)NC2CCN(C(=O)OC(C)(C)C)CC2)c(F)cc1Nc1ncc2c(n1)N(C1CCCC1)CC(F)(F)C(=O)N2C
COC(=O)c1sc2ncnc(Nc3ccc(F)cc3OC3CCOCC3)c2c1C.COCCN,COCCNC(=O)c1sc2ncnc(Nc3ccc(F)cc3OC3CCOCC3)c2c1C
CC(=O)OC(C)=O.CCc1cc(N)cnc1SCc1ccccc1,CCc1cc(NC(C)=O)cnc1SCc1ccccc1
CC(=O)OCC1C(N)CC2CN(C(=O)OC(C)(C)C)CC21.O=C(O)CNC(=O)OCc1ccccc1,CC(=O)OCC1C(NC(=O)CNC(=O)OCc2ccccc2)CC2CN(C(=O)OC(C)(C)C)CC21
CC(=O)OC(C)(C)C(=O)Cl.C[C@@H]1CN(Cc2ccc(F)cc2)[C@@H](C)CN1C(=O)COc1ccc(Cl)cc1S(N)(=O)=O,CC(=O)OC(C)(C)C(=O)NS(=O)(=O)c1cc(Cl)ccc1OCC(=O)N1C[C@H](C)N(Cc2ccc(F)cc2)C[C@H]1C
O=Cc1cc(Br)cs1.OCc1ccc(B(O)O)cc1,O=Cc1cc(-c2ccc(CO)cc2)cs1
O=C(Cl)Oc1ccc([N+](=O)[O-])cc1.O=C(O[C@@H]1CO[C@H]2[C@@H]1OC[C@H]2O)N1CCC(O[N+](=O)[O-])CC1,O=C(Oc1ccc([N+](=O)[O-])cc1)O[C@@H]1CO[C@H]2[C@@H]1OC[C@H]2OC(=O)N1CCC(O[N+](=O)[O-])CC1
CCOC(=O)C=C(C)C=CCCCCCCOCc1cc(C(F)(F)F)cc(C(F)(F)F)c1,CC(/C=C/CCCCCCOCc1cc(C(F)(F)F)cc(C(F)(F)F)c1)=C\C(=O)O
CCOC(=O)C1CCNCC1.COc1cc2c(Oc3cc4ccccc4nc3C)ccnc2cc1OCCCl,CCOC(=O)C1CCN(CCOc2cc3nccc(Oc4cc5ccccc5nc4C)c3cc2OC)CC1
CC(=O)Oc1c(C)c(CI)nc2ccc(F)cc12.CCCCCC/C=C/I,CCCCCC/C=C/Cc1nc2ccc(F)cc2c(OC(C)=O)c1C
O=C(O)c1ccc2c(Cl)cccc2n1,O=C(O)C1CCc2c(Cl)cccc2N1
CC1Oc2c(Cc3ccccc3)cc(C=O)cc2NC1=O.CNC(=O)c1ccc(N2CCNCC2)cc1,CNC(=O)c1ccc(N2CCN(Cc3cc(Cc4ccccc4)c4c(c3)NC(=O)C(C)O4)CC2)cc1
C=C(C)C1(CC(C)C)CCN(CC(=O)OCC)C1=O.CN,C=C(C)C1(CC(C)C)CCN(CC(=O)NC)C1=O
C=CCCCC(=O)O.C=CCO[C@@H]1C[C@H](NC[C@@H](O)[C@@H](N)Cc2cc(F)cc(F)c2)c2cc(Br)ccc21,C=CCCCC(=O)N[C@@H](Cc1cc(F)cc(F)c1)[C@H](O)CN[C@@H]1C[C@@H](OCC=C)c2ccc(Br)cc21
CC(C)(COC1CCCCO1)n1cc(I)c2cnc(Cl)nc21.CON(C)C(=O)c1cncc(Br)c1,CC(C)(COC1CCCCO1)n1cc(C(=O)c2cncc(Br)c2)c2cnc(Cl)nc21
CC(C)(C)OC(=O)N1CCC(c2nc(NCc3ccccn3)c3c(-c4ccccc4)cccc3n2)CC1,c1ccc(-c2cccc3nc(C4CCNCC4)nc(NCc4ccccn4)c23)cc1
CS(=O)(=O)Nc1cc([N+](=O)[O-])ccc1F.OC1CCCCC1,CS(=O)(=O)Nc1cc([N+](=O)[O-])ccc1OC1CCCCC1
CC(C)OCCOc1ccc(O)c(F)c1.Cc1c(Cl)ncnc1OC1CCN(C(=O)OC(C)C)CC1,Cc1c(Oc2ccc(OCCOC(C)C)cc2F)ncnc1OC1CCN(C(=O)OC(C)C)CC1
CC(C)(C)OC(=O)NCCc1ccc(Br)cc1.OB(O)c1cccc(O)c1,CC(C)(C)OC(=O)NCCc1ccc(-c2cccc(O)c2)cc1
CC(=O)OC(C)=O.Nc1ccc(C=CCN2CCC(=C3c4ccccc4C=Cc4ccccc43)CC2)cc1,CC(=O)Nc1ccc(C=CCN2CCC(=C3c4ccccc4C=Cc4ccccc43)CC2)cc1
CC(=O)Cl.CN(C)CCn1ccc2c3nc(-c4ccc(N)cc4)nc(N4CCOCC4)c3ccc21,CC(=O)Nc1ccc(-c2nc(N3CCOCC3)c3ccc4c(ccn4CCN(C)C)c3n2)cc1
CC(=O)Nc1nc(C(=O)Oc2ccc(CCOC(=O)NNC(=O)OC(C)(C)C)cc2)cs1,CC(=O)Nc1nc(C(=O)Oc2ccc(CCOC(=O)NN)cc2)cs1
CI.O=C(NCCc1ccc(S(=O)(=O)c2ccc(O)c(O)c2)cc1)C(F)(F)F,COc1ccc(S(=O)(=O)c2ccc(CCNC(=O)C(F)(F)F)cc2)cc1O
CN.O=C(O)C(c1cc(F)cc(F)c1)C1CN(C(c2ccc(Cl)cc2)c2ccc(Cl)cc2)C1,CNC(=O)C(c1cc(F)cc(F)c1)C1CN(C(c2ccc(Cl)cc2)c2ccc(Cl)cc2)C1
COc1ccccc1[C@@H]1CNC[C@H]1C(=O)O.COc1nc(OS(=O)(=O)C(F)(F)F)cc(N(CCc2ccc(OC(F)(F)F)cc2)C(=O)OC(C)(C)C)n1,COc1nc(N2C[C@@H](C(=O)O)[C@H](c3ccccc3OC)C2)cc(N(CCc2ccc(OC(F)(F)F)cc2)C(=O)OC(C)(C)C)n1
COC(=O)CBr.COC(=O)c1ccc(O)c([N+](=O)[O-])c1,COC(=O)COc1ccc(C(=O)OC)cc1[N+](=O)[O-]
CC(C)OC(=O)c1cc(N=C=O)c(F)cc1Cl.CCOC(=O)/C(F)=C(\N)CF,CCOC(=O)C(F)=C(CF)NC(=O)Nc1cc(C(=O)OC(C)C)c(Cl)cc1F
CNS(=O)(=O)Cc1cccc(C#N)c1,CNS(=O)(=O)Cc1cccc(CN)c1
Nc1ccc(F)c(Nc2ncccc2-c2ncnc3c2ncn3C2CCCCO2)c1F.O=S(=O)(Cl)c1ccc(Cl)s1,O=S(=O)(Nc1ccc(F)c(Nc2ncccc2-c2ncnc3c2ncn3C2CCCCO2)c1F)c1ccc(Cl)s1
Nc1ccncn1.O=[N+]([O-])c1ccc(S(=O)(=O)Cl)cc1,O=[N+]([O-])c1ccc(S(=O)(=O)Nc2ccncn2)cc1
BrCc1ccccc1.CC(C)(C)OC(=O)N[C@@H](c1nc(-c2cc(F)ccc2F)c[nH]1)C1CCOCC1,CC(C)(C)OC(=O)N[C@@H](c1nc(-c2cc(F)ccc2F)cn1Cc1ccccc1)C1CCOCC1
CC(C)Oc1ccc(Br)cc1Cl.CC1(C)OB(B2OC(C)(C)C(C)(C)O2)OC1(C)C,CC(C)Oc1ccc(B2OC(C)(C)C(C)(C)O2)cc1Cl
CCOC(=O)c1ccc(CCNC(=O)OC(C)(C)C)cc1,CC(C)(C)OC(=O)NCCc1ccc(CO)cc1
O=[N+]([O-])c1ccc(N2CCN(C3COC3)CC2)cc1,Nc1ccc(N2CCN(C3COC3)CC2)cc1
O=[N+]([O-])c1cc(Cl)cnc1Cl,Nc1cc(Cl)cnc1Cl
COc1cc(O)c2c(c1C(N)=O)OC1=CC(O)=C(C(C)=O)C(=O)[C@]12C.Cc1ccc2ccc(Cl)cc2c1C=O,COc1cc(O)c2c(c1C(=O)NCc1c(C)ccc3ccc(Cl)cc13)OC1=CC(O)=C(C(C)=O)C(=O)[C@]12C
CC(C)(C)c1ccc(NCc2ccc(C(=O)Nc3nn[nH]n3)cc2)cc1.COC(=O)c1cccc(N=C=O)c1,COC(=O)c1cccc(NC(=O)N(Cc2ccc(C(=O)Nc3nn[nH]n3)cc2)c2ccc(C(C)(C)C)cc2)c1
N#CCc1ccc2occ(-c3ccccc3)c2c1.[N-]=[N+]=[N-],c1ccc(-c2coc3ccc(Cc4nnn[nH]4)cc23)cc1
CC(C)(C)OC(=O)N[C@@H](Cc1cccs1)C(=O)N1CCOCC1,N[C@@H](Cc1cccs1)C(=O)N1CCOCC1
CI.Cc1nc2cnc3ccccc3c2n1CC(C)O,COC(C)Cn1c(C)nc2cnc3ccccc3c21
CCOC(=O)C1CCNCC1.COc1ccccc1OCCCc1oc(Cl)nc1-c1ccc(Cl)cc1,CCOC(=O)C1CCN(c2nc(-c3ccc(Cl)cc3)c(CCCOc3ccccc3OC)o2)CC1
CCC(C(=O)O)N(CC1CC1)c1ccc(C#N)c(Cl)c1.CCN,CCNC(=O)C(CC)N(CC1CC1)c1ccc(C#N)c(Cl)c1
CC(C)(C)OC(=O)N1CC[CH]([Zn+])CC1.Fc1nccnc1I,CC(C)(C)OC(=O)N1CCC(c2nccnc2F)CC1
CN(C)c1cc(Nc2nc(Cl)ncc2Cl)n[nH]1.C[C@H](N)c1ncc(F)cn1,C[C@H](Nc1ncc(Cl)c(Nc2cc(N(C)C)[nH]n2)n1)c1ncc(F)cn1
N#Cc1ccc(N=C=O)cc1.N#Cc1cccc(N)c1,N#Cc1ccc(NC(=O)Nc2cccc(C#N)c2)cc1
CC(N)c1ccccc1.O=C(O)c1ccc(C(=O)Nc2ccc(Cl)c(-c3ccccn3)c2)c(Cl)c1,CC(NC(=O)c1ccc(C(=O)Nc2ccc(Cl)c(-c3ccccn3)c2)c(Cl)c1)c1ccccc1
CN(C)CC#CCCl.NCCS,CN(C)CC#CCSCCN
O=C(O)c1ccc(Cl)nn1,OCc1ccc(Cl)nn1
FCCCBr.OC1(c2cccc(C(F)(F)F)c2F)CCNCC1,OC1(c2cccc(C(F)(F)F)c2F)CCN(CCCF)CC1
CCOC(=O)CC(c1cccc(COc2ccc(-c3cc(OC)ccc3F)c(O)c2)c1)C1CC1,COc1ccc(F)c(-c2ccc(OCc3cccc(C(CC(=O)O)C4CC4)c3)cc2O)c1
CCCCN1C(=O)CNC1=O.O=Cc1cccs1,CCCCN1C(=O)NC(=Cc2cccs2)C1=O
CC(=O)OCc1c(-c2cc(Nc3ccc(N4CCN(C5COC5)C[C@@H]4C)cn3)c(=O)n(C)c2)cc(F)cc1-n1ncc2c3c(sc2c1=O)CCCC3,C[C@H]1CN(C2COC2)CCN1c1ccc(Nc2cc(-c3cc(F)cc(-n4ncc5c6c(sc5c4=O)CCCC6)c3CO)cn(C)c2=O)nc1
CN(C)CCN1CCNCC1.N#CCBr,CN(C)CCN1CCN(CC#N)CC1
CC(=O)C(Br)c1ccnc(Cl)c1.NC(N)=S,Cc1nc(N)sc1-c1ccnc(Cl)c1
COc1ccc2c(Cc3ccc(OCCN4CCCCC4)cc3)c(OS(=O)(=O)C(F)(F)F)ccc2c1.OB(O)c1ccccc1F,COc1ccc2c(Cc3ccc(OCCN4CCCCC4)cc3)c(-c3ccccc3F)ccc2c1
O=[N+]([O-])c1ccc2c(ccn2Cc2cccc(OC(F)(F)F)c2)c1,Nc1ccc2c(ccn2Cc2cccc(OC(F)(F)F)c2)c1
CC(C)N(C)C/C=C/C(=O)O.Clc1ccc(Nc2ncnc3oc4c(c23)CCNC4)cc1Cl,CC(C)N(C)C/C=C/C(=O)N1CCc2c(oc3ncnc(Nc4ccc(Cl)c(Cl)c4)c23)C1
CC(C)=O.CCOP(=O)(Cc1cccc(C#N)c1)OCC,CC(C)=Cc1cccc(C#N)c1
C[C@H]1CCCN1C1CCN(C(=O)OC(C)(C)C)CC1,C[C@H]1CCCN1C1CCNCC1
CC(C)(C)OC(=O)N1CCC(NCc2ccc(-c3cc4cc(F)cc(C(N)=O)c4o3)cc2)CC1,NC(=O)c1cc(F)cc2cc(-c3ccc(CNC4CCNCC4)cc3)oc12
CN1C(=O)CC[C@]2(C)c3ccc(Br)cc3CC[C@@H]12.OB(O)c1cccc(C(F)(F)F)c1,CN1C(=O)CC[C@]2(C)c3ccc(-c4cccc(C(F)(F)F)c4)cc3CC[C@@H]12
CCC(CC)(c1ccc(/C=C/C2(O)CCSCC2)c(C)c1)c1ccc(B2OC(C)(C)C(C)(C)O2)c(C)c1.COC(=O)Cc1ccc(Br)cc1,CCC(CC)(c1ccc(/C=C/C2(O)CCSCC2)c(C)c1)c1ccc(-c2ccc(CC(=O)OC)cc2)c(C)c1
N#Cc1ccccc1F.Oc1ccc(Cl)cc1Cl,N#Cc1ccccc1Oc1ccc(Cl)cc1Cl
CC(C)(C)OC(=O)N1CCN(Cc2c(O)cccc2-c2ccc(Cl)cc2)CC1.CN(C)CCCl,CN(C)CCOc1cccc(-c2ccc(Cl)cc2)c1CN1CCN(C(=O)OC(C)(C)C)CC1
CCBr.CCN(CC)CCO,CC[N+](CC)(CC)CCO
COC(=O)c1cc(O)n(C)n1.FC(F)Cl,COC(=O)c1cc(OC(F)F)n(C)n1
N#Cc1ccc(C(=O)CBr)cc1.O=c1ncc(Cl)c[nH]1,N#Cc1ccc(C(=O)Cn2cc(Cl)cnc2=O)cc1
COc1cccc(OC)c1C1CCC(=O)N1Cc1ccc(OCc2ccccc2)cc1,COc1cccc(OC)c1C1CCC(=O)N1Cc1ccc(O)cc1
COCc1ccc(C=O)o1.O=c1[nH]c2ccccc2n1C1CCNCC1,COCc1ccc(CN2CCC(n3c(=O)[nH]c4ccccc43)CC2)o1
Cc1c2c(nn1-c1nnc(-c3ccc(OC(C)C)c(C#N)c3)s1)CCNC2.OCCBr,Cc1c2c(nn1-c1nnc(-c3ccc(OC(C)C)c(C#N)c3)s1)CCN(CCO)C2
CCCCCCCc1ccccc1.N#Cc1ccc(C(=O)Cl)cc1,CCCCCCCc1ccc(C(=O)c2ccc(C#N)cc2)cc1
CC(C)(C)OC(=O)N(C(=O)OC(C)(C)C)c1ncc(Br)cc1CBr.C[S-],CSCc1cc(Br)cnc1N(C(=O)OC(C)(C)C)C(=O)OC(C)(C)C
CN1CCC(N2CCNCC2)CC1.O=[N+]([O-])c1ccc(F)cc1,CN1CCC(N2CCN(c3ccc([N+](=O)[O-])cc3)CC2)CC1
CCOC(=O)N1CCn2c(nc(-c3ccncc3)cc2=O)C(N)C1.COc1ccc(C(=O)O)c(OC)c1,CCOC(=O)N1CCn2c(nc(-c3ccncc3)cc2=O)C(NC(=O)c2ccc(OC)cc2OC)C1
CCOC(=O)c1cnn(-c2ncc(Br)cc2Cl)c1C,Cc1c(C(=O)O)cnn1-c1ncc(Br)cc1Cl
COC(=O)c1ccc(OC2C=CCCC2)cc1C(=O)OC,COC(=O)c1ccc(OC2CCCCC2)cc1C(=O)OC
COc1cc2c(cc1N1CCOCC1)CCC2=O.O=Cc1cc(C(F)(F)F)ccc1F,COc1cc2c(cc1N1CCOCC1)C/C(=C\c1cc(C(F)(F)F)ccc1F)C2=O
C=CC(=O)OC.COC(=O)c1nc(N(Cc2ccccc2)Cc2ccccc2)ccc1Br,COC(=O)/C=C/c1ccc(N(Cc2ccccc2)Cc2ccccc2)nc1C(=O)OC
CON(C)C(=O)c1cn(Cc2cccc(Br)n2)c2ccccc2c1=O.Cc1c[c]([Mg+])ccc1Cl,Cc1cc(C(=O)c2cn(Cc3cccc(Br)n3)c3ccccc3c2=O)ccc1Cl
Cc1cc(C2CCC2)[nH]c(=O)c1CNC(=O)OC(C)(C)C,Cc1cc(C2CCC2)[nH]c(=O)c1CN
Nc1nc(CCN2C(=O)c3ccccc3C2=O)cs1,NCCc1csc(N)n1
BrCCCBr.Cc1ccc(NC(=O)c2cccc(C(C)(C)C#N)c2)cc1Nc1ncnc2cc(O)ccc12,Cc1ccc(NC(=O)c2cccc(C(C)(C)C#N)c2)cc1Nc1ncnc2cc(OCCCBr)ccc12
Brc1ccncc1.Clc1ccc2[nH]ccc2c1,Clc1ccc2c(ccn2-c2ccncc2)c1
CC(C)C(=O)Nc1cccc(C2CCN(CC[C@H](O)c3ccccc3)CC2)c1.O=[N+]([O-])c1ccccc1O,CC(C)C(=O)Nc1cccc(C2CCN(CC[C@@H](Oc3ccccc3[N+](=O)[O-])c3ccccc3)CC2)c1
CC(=O)Nc1ccc(Sc2cccn3nc(Cl)nc23)cc1.CC(C)(C)OC(=O)N1CCC(c2ccc(N)cc2)CC1,CC(=O)Nc1ccc(Sc2cccn3nc(Nc4ccc(C5CCN(C(=O)OC(C)(C)C)CC5)cc4)nc23)cc1
CC(C)(C)OC(=O)N1C[C@@H](c2cc(F)cc(F)c2)N(CC(=O)Nc2cc3c(cc2Cl)CC2(C3)C(=O)Nc3ncccc32)C(=O)C12COCCOC2,O=C(CN1C(=O)C2(COCCOC2)NC[C@H]1c1cc(F)cc(F)c1)Nc1cc2c(cc1Cl)CC1(C2)C(=O)Nc2ncccc21
CCOc1ccc2c(Cc3cc(OC)c(OC)c(OC)c3)cncc2c1OS(=O)(=O)C(F)(F)F.CNC,CCOc1ccc2c(Cc3cc(OC)c(OC)c(OC)c3)cncc2c1N(C)C
CC(C)(C)OC(=O)N1CCC(CC=O)CC1.N[C@@H]1C[C@H]1c1ccccc1,CC(C)(C)OC(=O)N1CCC(CCN[C@@H]2C[C@H]2c2ccccc2)CC1
CC(C)(c1cc(-c2ccc(F)c(CO)c2)c2ncccc2c1)S(C)(=O)=O,CC(C)(c1cc(-c2ccc(F)c(C=O)c2)c2ncccc2c1)S(C)(=O)=O
C1COCCN1.Cc1ccc(S(=O)(=O)n2ncc3c(-c4nnc(CCl)o4)cc(Br)cc32)cc1,Cc1ccc(S(=O)(=O)n2ncc3c(-c4nnc(CN5CCOCC5)o4)cc(Br)cc32)cc1
BrC(Br)(Br)Br.C[C@H](c1ccccc1)N1C[C@@](CCO)(C(=O)OC(C)(C)C)C(F)C1=O,C[C@H](c1ccccc1)N1C[C@@](CCBr)(C(=O)OC(C)(C)C)C(F)C1=O
C[SiH](C)Oc1c(C(O)c2cn(C(c3ccccc3)(c3ccccc3)c3ccccc3)cn2)ccc2cc(C(C)(C)C)ccc12,C[SiH](C)Oc1c(C(=O)c2cn(C(c3ccccc3)(c3ccccc3)c3ccccc3)cn2)ccc2cc(C(C)(C)C)ccc12
CN1C(=O)CCC1CN.Clc1ncc(Cl)c(Cl)n1,CN1C(=O)CCC1CNc1nc(Cl)ncc1Cl
Cc1cc(C)c(-c2nc3c4c(nn3c(N)c2C#N)CSC4)c(C)c1,Cc1cc(C)c(-c2nc3c4c(nn3c(N)c2CN)CSC4)c(C)c1
CC(C)N1CC(CCCCCl)OC1=O.Oc1ccccc1N1CCNCC1,CC(C)N1CC(CCCCN2CCN(c3ccccc3O)CC2)OC1=O
CC(C)Oc1ccccc1CCl.O=C(c1ccccc1)C1CN(Cc2ccccc2)CCO1,CC(C)Oc1ccccc1CC(O)(c1ccccc1)C1CN(Cc2ccccc2)CCO1
COc1ccc(N)cc1OC.Fc1cccc(-n2cccn2)n1,COc1ccc(Nc2cccc(-n3cccn3)n2)cc1OC
COC(=O)c1ccc(OCc2c(-c3ccccc3F)noc2C)nc1.NCC(F)(F)C(F)(F)F,Cc1onc(-c2ccccc2F)c1COc1ccc(C(=O)NCC(F)(F)C(F)(F)F)cn1
CC(C)CN.COc1cc(C(=O)Cl)cc(OC)c1OC,COc1cc(C(=O)NCC(C)C)cc(OC)c1OC
CC(C)(C)OC(=O)n1c(-c2cc(OCCCCl)c(Cl)c3c2C(=O)NC3)cc2cc(CN3CCCCC3)ccc21.OC1CCNCC1,CC(C)(C)OC(=O)n1c(-c2cc(OCCCN3CCC(O)CC3)c(Cl)c3c2C(=O)NC3)cc2cc(CN3CCCCC3)ccc21
COc1cc2c(cc1N)-c1c(-c3cccs3)c3c(n1CC2)C(=O)N(C(C)(C)C)CCCC3.O=C(Cl)CCl,COc1cc2c(cc1NC(=O)CCl)-c1c(-c3cccs3)c3c(n1CC2)C(=O)N(C(C)(C)C)CCCC3
COc1cc(F)c(B(O)O)cc1F.Cn1c(Nc2ccccc2)ncc(Br)c1=O,COc1cc(F)c(-c2cnc(Nc3ccccc3)n(C)c2=O)cc1F
CCOC(=O)C(C)(C)S(=O)(=O)CCC(C)C,CC(C)CCS(=O)(=O)C(C)(C)C(=O)O
Brc1cccnc1.CC1Cc2ccc(C(F)(F)F)cc2C(=O)N1,CC1Cc2ccc(C(F)(F)F)cc2C(=O)N1c1cccnc1
NN.O=C(CC(=O)C(F)(F)F)c1ccc(Br)cc1,FC(F)(F)c1cc(-c2ccc(Br)cc2)[nH]n1
O=C(CCl)N1CCCc2ccccc21.O=[N+]([O-])c1ccc2sc(S)nc2c1,O=C(CSc1nc2cc([N+](=O)[O-])ccc2s1)N1CCCc2ccccc21
CC(=O)N1CCc2c1cc(C)c(C(O)C(=O)O)c2C,CC(=O)N1CCc2c1cc(C)c(CC(=O)O)c2C
COc1ccccc1OC.O=C(Cl)c1ccc2c(c1)OCO2,COc1ccc(C(=O)c2ccc3c(c2)OCO3)cc1OC
FC(F)(F)c1cccnc1Cl.O=c1cc(Cl)cn[nH]1,O=c1cc(-c2ncccc2C(F)(F)F)cn[nH]1
CC(=O)OC(C)=O.Nc1ncnc(N[C@@H]2CCCc3ccccc32)n1,CC(=O)Nc1ncnc(N[C@@H]2CCCc3ccccc32)n1
CCOC(=O)c1[nH]c(Br)nc1C.Clc1ccc(Cl)c(CBr)c1,CCOC(=O)c1c(C)nc(Br)n1Cc1cc(Cl)ccc1Cl
CC(=O)SCC(C(=O)O)C(C)c1ccccc1.C[C@H](N)C(=O)OCc1ccccc1,CC(=O)SCC(C(=O)N[C@@H](C)C(=O)OCc1ccccc1)C(C)c1ccccc1
C[O-].O=c1c(Cl)nc2ccccc2n1-c1ccc(Cl)cc1,COc1nc2ccccc2n(-c2ccc(Cl)cc2)c1=O
Cc1[nH]c(C=O)c(C)c1C(=O)N1CCN(C)CC1.O=C1Cc2c(ncnc2Nc2ccc(F)c(Cl)c2)N1,Cc1[nH]c(C=C2C(=O)Nc3ncnc(Nc4ccc(F)c(Cl)c4)c32)c(C)c1C(=O)N1CCN(C)CC1
C[C@]1(c2cc(N)ccc2F)N=C(N)OCC1(F)F.O=C(O)c1ncc(C(F)(F)F)cn1,C[C@]1(c2cc(NC(=O)c3ncc(C(F)(F)F)cn3)ccc2F)N=C(N)OCC1(F)F
Cc1cc(C(=O)OC(C)(C)C)ccc1CCS(=O)(=O)N1CCC2(CC1)N=C(c1cc(OCc3ccccc3)cc(C(F)(F)F)c1)N(C(=O)OC(C)(C)C)C2=O,Cc1cc(C(=O)OC(C)(C)C)ccc1CCS(=O)(=O)N1CCC2(CC1)N=C(c1cc(O)cc(C(F)(F)F)c1)N(C(=O)OC(C)(C)C)C2=O
CC(=O)OC(C)=O.COc1cc2ncnc(Nc3cccc(Cl)c3F)c2cc1OCC1CCNC1,COc1cc2ncnc(Nc3cccc(Cl)c3F)c2cc1OCC1CCN(C(C)=O)C1
CC(C)N1CCC(NC(=O)c2nc3c(C(=O)O)cccc3n2CC(=O)Nc2ccc(Cl)cn2)CC1.OCC1CC1,CC(C)N1CCC(NC(=O)c2nc3c(C(=O)OCC4CC4)cccc3n2CC(=O)Nc2ccc(Cl)cn2)CC1
C1COCCN1.Cc1c(-c2ccccc2)c(F)c2oc(Cl)nc2c1C#N,Cc1c(-c2ccccc2)c(F)c2oc(N3CCOCC3)nc2c1C#N
CN(Cc1nc(-c2ccccc2F)c(S(=O)(=O)c2cccc(C(=O)N3CCCC3)c2)s1)C(=O)OC(C)(C)C,CNCc1nc(-c2ccccc2F)c(S(=O)(=O)c2cccc(C(=O)N3CCCC3)c2)s1
CCc1ccc2c(c1)C(NC[C@@H](O)[C@H](Cc1cc(F)cc(F)c1)NC(=O)OC(C)(C)C)CCN2C,CCc1ccc2c(c1)C(NC[C@@H](O)[C@@H](N)Cc1cc(F)cc(F)c1)CCN2C
CC(=O)Cl.CC(C)n1nc(-c2cnc(N)nc2-c2ccccc2)ccc1=O,CC(=O)Nc1ncc(-c2ccc(=O)n(C(C)C)n2)c(-c2ccccc2)n1
COC(=O)CBr.Oc1ccc(Cc2ncc(C(F)(F)F)cc2Cl)c(Cl)c1Cl,COC(=O)COc1ccc(Cc2ncc(C(F)(F)F)cc2Cl)c(Cl)c1Cl
COc1cccc(B(O)O)c1.COc1cccc(N(C)C(=O)c2ccc(Br)s2)c1,COc1cccc(-c2ccc(C(=O)N(C)c3cccc(OC)c3)s2)c1
Cc1ccc(S(=O)(=O)c2ccccc2S(=O)(=O)N=CN(C)C)cc1.O=C1CCC(=O)N1Br,CN(C)C=NS(=O)(=O)c1ccccc1S(=O)(=O)c1ccc(CBr)cc1
O=c1n(Cc2ccc(C(F)(F)F)nc2)nc2c(Br)c(-c3ccc(Cl)cc3)ncn12.OCc1ccc(B(O)O)cc1,O=c1n(Cc2ccc(C(F)(F)F)nc2)nc2c(-c3ccc(CO)cc3)c(-c3ccc(Cl)cc3)ncn12
CC(C)(C)OC(=O)COc1cc2c(=O)c(Cc3cccnc3)cn3c4cc(Br)ccc4c(c1)c23,O=C(O)COc1cc2c(=O)c(Cc3cccnc3)cn3c4cc(Br)ccc4c(c1)c23
CC(C)(C)c1cc(O)cc(C(C)(C)C)c1.OCCCCl,CC(C)(C)c1cc(OCCCO)cc(C(C)(C)C)c1
CC(C)(C)OC(=O)OC(=O)OC(C)(C)C.COC(=O)c1ccc2cc[nH]c2c1,COC(=O)c1ccc2ccn(C(=O)OC(C)(C)C)c2c1
CC(=O)N1CCC(CNc2nc3ccccc3s2)CC1.CI,CC(=O)N1CCC(CN(C)c2nc3ccccc3s2)CC1
N#Cc1cnc(N)cn1.O=S(=O)(Oc1cc2cccc(Br)c2cn1)C(F)(F)F,N#Cc1cnc(Nc2cc3cccc(Br)c3cn2)cn1
O=C1OC(=O)C2C3C=CC(C3)C12,O=C1OC(=O)C2C3CCC(C3)C12
C=CC#N.Cc1cccc(O)c1,Cc1cccc(OCCC#N)c1
CCN(CC)c1ccc2ccc(=O)oc2c1.CN(C)C=O,CCN(CC)c1ccc2cc(C=O)c(=O)oc2c1
C[C@H]1COCCN1c1cc(C2(S(=O)(=O)c3cccnc3C(=O)N(C)C)CC2)nc(-c2ccc(N)cc2)n1.O=C(Cl)Oc1ccccc1,C[C@H]1COCCN1c1cc(C2(S(=O)(=O)c3cccnc3C(=O)N(C)C)CC2)nc(-c2ccc(NC(=O)Oc3ccccc3)cc2)n1
Cc1c(C)c(S(=O)(=O)NC(=N)NCCC[C@H](N)C(=O)OC(C)(C)C)c(C)c2c1OC(C)(C)CC2.O=C(O)c1ccn(Cc2ccccc2)c(=O)c1,Cc1c(C)c(S(=O)(=O)NC(=N)NCCC[C@H](NC(=O)c2ccn(Cc3ccccc3)c(=O)c2)C(=O)OC(C)(C)C)c(C)c2c1OC(C)(C)CC2
CCOC(=O)c1cc2scc(Br)c2n1Cc1cc(C(F)(F)F)cc(C(F)(F)F)c1.O=C1CCCN1,CCOC(=O)c1cc2scc(N3CCCC3=O)c2n1Cc1cc(C(F)(F)F)cc(C(F)(F)F)c1
CCOC(=O)Nc1nc2cc(OC)c(OC)cc2nc1OC.Cc1cc(C)cc(N2CCNCC2)c1,COc1cc2nc(NC(=O)N3CCN(c4cc(C)cc(C)c4)CC3)c(OC)nc2cc1OC
CC(C)(C)OC(=O)N1CC=C(B2OC(C)(C)C(C)(C)O2)CC1.N#Cc1ccc(Br)cc1,CC(C)(C)OC(=O)N1CC=C(c2ccc(C#N)cc2)CC1
COC(=O)c1cc(CBr)ccc1[N+](=O)[O-].O=C1NC(=O)c2ccccc21,COC(=O)c1cc(CN2C(=O)c3ccccc3C2=O)ccc1[N+](=O)[O-]
C=C[CH2][Mg+].COC(OC)[C@@H]1[C@@H](C(C)C)CC=C(C)[C@@H]1CC=O,C=CC[C@@H](O)C[C@H]1C(C)=CC[C@H](C(C)C)[C@H]1C(OC)OC
Brc1cnc(Nc2ccc3c(c2)OCCO3)nc1Nc1ccc2c(c1)OCCO2.OB(O)c1cccc(Cl)c1,Clc1cccc(-c2cnc(Nc3ccc4c(c3)OCCO4)nc2Nc2ccc3c(c2)OCCO3)c1
CCCC(CCOS(C)(=O)=O)Oc1ccc2c(-c3ccccc3)coc2c1.CCOC(=O)C(C)(C)Oc1ccc(O)cc1,CCCC(CCOc1ccc(OC(C)(C)C(=O)OCC)cc1)Oc1ccc2c(-c3ccccc3)coc2c1
BrCc1ccncc1.N#Cc1ccc(N(Cc2ccccc2C(F)(F)F)[C@H]2CCNC2)cc1,N#Cc1ccc(N(Cc2ccccc2C(F)(F)F)[C@H]2CCN(Cc3ccncc3)C2)cc1
O=C1C[C@@H](S)CN1Cc1ccc(Oc2ccccc2)cc1.OCCBr,O=C1C[C@@H](SCCO)CN1Cc1ccc(Oc2ccccc2)cc1
CC(C)n1nc(-c2cc(C#N)c(Cl)nc2-c2ccccc2)ccc1=O.N,CC(C)n1nc(-c2cc(C#N)c(N)nc2-c2ccccc2)ccc1=O
CC(C)OC(=O)N1CCC(n2ncc(CO)c2C#N)CC1.Oc1ccc(Br)cc1F,CC(C)OC(=O)N1CCC(n2ncc(COc3ccc(Br)cc3F)c2C#N)CC1
NC(=O)c1nc2cnc(N3CCC(Oc4cc(F)ccc4Br)CC3)nc2s1,N#Cc1nc2cnc(N3CCC(Oc4cc(F)ccc4Br)CC3)nc2s1
COc1ccc(-c2nc3cccnc3[nH]2)cc1[N+](=O)[O-],COc1ccc(-c2nc3cccnc3[nH]2)cc1N
N#Cc1c(N)sc2c1CCOC2.O=C=NC(=O)c1ccccc1,N#Cc1c(NC(=O)NC(=O)c2ccccc2)sc2c1CCOC2
CCOC(=O)CBr.O=C(c1cnn(-c2ccccc2)c1)c1cc(F)ccc1O,CCOC(=O)COc1ccc(F)cc1C(=O)c1cnn(-c2ccccc2)c1
C1CNC1.COC(=O)c1cc(F)c(C(F)(F)F)cc1[N+](=O)[O-],COC(=O)c1cc(N2CCC2)c(C(F)(F)F)cc1[N+](=O)[O-]
CC(C)COc1nc(N)nc(N)c1N=O,CC(C)COc1nc(N)nc(N)c1N
CN(C)C1(c2ccccc2)CCC(=O)CC1.NCCc1c[nH]c2ccc(OCc3ccccc3)cc12,CN(C)C1(c2ccccc2)CCC(NCCc2c[nH]c3ccc(OCc4ccccc4)cc23)CC1
CC(C)(C)OC(=O)N1CC(N)C1.O=C1c2ccccc2C(=O)N1CCS(=O)(=O)Cl,CC(C)(C)OC(=O)N1CC(NS(=O)(=O)CCN2C(=O)c3ccccc3C2=O)C1
CC(C)(C)OC(=O)OC(=O)OC(C)(C)C.CSC(=N)N,CSC(=N)NC(=O)OC(C)(C)C
CC(=O)NC(=O)CCl.SC(c1ccccc1)(c1ccccc1)c1ccccc1,CC(=O)NC(=O)CSC(c1ccccc1)(c1ccccc1)c1ccccc1
BrCc1ccccc1.O=[N+]([O-])c1ccc(F)c(F)c1O,O=[N+]([O-])c1ccc(F)c(F)c1OCc1ccccc1
Cc1ccc(S(=O)(=O)Cl)cc1.OCC[C@H]1CCOC[C@H]1F,Cc1ccc(S(=O)(=O)OCC[C@H]2CCOC[C@H]2F)cc1
Clc1cccc(-c2cccc(Oc3cccc(Oc4ccccc4)c3)c2)c1.Oc1ccccc1Oc1ccccc1,c1ccc(Oc2cccc(Oc3cccc(-c4cccc(Oc5ccccc5Oc5ccccc5)c4)c3)c2)cc1
COC(=O)c1n[nH]c2cc(Cl)c(C#Cc3ccccc3)cc12,O=C(O)c1n[nH]c2cc(Cl)c(C#Cc3ccccc3)cc12
Fc1ccc(-c2nc(CI)co2)cc1.OCC1(CO)COCOC1,OCC1(COCc2coc(-c3ccc(F)cc3)n2)COCOC1
CCOC(=O)[C@@H](N)Cc1ccc(N2C(=O)c3cccc(C)c3C2=O)cc1.Cc1cccc(Cl)c1C(=O)O,CCOC(=O)[C@H](Cc1ccc(N2C(=O)c3cccc(C)c3C2=O)cc1)NC(=O)c1c(C)cccc1Cl
CC(C)N1CCN(C(=O)[C@H]2CCNC2)CC1.Cc1noc(-c2ccc(Br)c(F)c2)n1,Cc1noc(-c2ccc(N3CC[C@H](C(=O)N4CCN(C(C)C)CC4)C3)c(F)c2)n1
COC(=O)C1CCNCC1.Clc1nccnc1OC1CCN(c2ccc3ccccc3n2)CC1,COC(=O)C1CCN(c2nccnc2OC2CCN(c3ccc4ccccc4n3)CC2)CC1
COC(=O)c1cc(-c2ccccc2)cn1C,Cn1cc(-c2ccccc2)cc1C(=O)O
CN1CCNCC1.Clc1ccc2cc(Br)c3nncn3c2c1,CN1CCN(c2cc3ccc(Cl)cc3n3cnnc23)CC1
COc1cccc2cnc(Cl)nc12.[Zn+][c]1nccs1,COc1cccc2cnc(-c3nccs3)nc12
BrCc1ccccc1.[N-]=[N+]=NC[C@@H]1C[C@H](O)C(O)=C(O)O1,[N-]=[N+]=NC[C@@H]1C[C@H](OCc2ccccc2)C(O)=C(O)O1
CC1(C)OB(B2OC(C)(C)C(C)(C)O2)OC1(C)C.C[C@H]1CN(C(=O)OC(C)(C)C)CCN1S(=O)(=O)c1cccc(Br)c1,C[C@H]1CN(C(=O)OC(C)(C)C)CCN1S(=O)(=O)c1cccc(B2OC(C)(C)C(C)(C)O2)c1
CCOC(=O)Cc1ccc(OC)c(-c2ccc(C(F)(F)F)cc2CBr)c1.Cc1nnc(S)s1,CCOC(=O)Cc1ccc(OC)c(-c2ccc(C(F)(F)F)cc2CSc2nnc(C)s2)c1
CCOC(=O)C(Cl)OC(=O)C(C)(C)C.CCOP(=O)(CCCCc1ccccc1)CC(=O)N1N=C(c2ccccc2)CC1C(=O)O,CCOC(=O)C(OC(=O)C1CC(c2ccccc2)=NN1C(=O)CP(=O)(CCCCc1ccccc1)OCC)OC(=O)C(C)(C)C
C=CCc1ccc(F)cc1.O=C(OO)c1cccc(Cl)c1,Fc1ccc(CC2CO2)cc1
O=C(c1ccc(Br)cc1)C(F)(F)F.[CH3][Mg+],CC(O)(c1ccc(Br)cc1)C(F)(F)F
Cc1cc(OCCCO)cc(OS(=O)(=O)c2cccc3ccccc23)c1,Cc1cc(OCCC=O)cc(OS(=O)(=O)c2cccc3ccccc23)c1
Cn1c2c(c3cc(OC(=O)CCl)ccc31)CCC2=O,Cn1c2c(c3cc(O)ccc31)CCC2=O
CCC(=O)Cl.Nc1nc2c(s1)CCc1ccccc1-2,CCC(=O)Nc1nc2c(s1)CCc1ccccc1-2
COC(=O)COc1ccc(N=Nc2ccc(CO)cc2)c(OC)c1.O=C(Cl)Oc1ccc([N+](=O)[O-])cc1,COC(=O)COc1ccc(N=Nc2ccc(COC(=O)Oc3ccc([N+](=O)[O-])cc3)cc2)c(OC)c1
CC(=O)N1CCc2nc(-c3ccc(OCCCCl)cc3)sc2C1.CC1CCCN1,CC(=O)N1CCc2nc(-c3ccc(OCCCN4CCCC4C)cc3)sc2C1
NC(=O)c1cc(Br)cc2c(C3CCS(=O)(=O)CC3)c[nH]c12.OB(O)c1ccccc1,NC(=O)c1cc(-c2ccccc2)cc2c(C3CCS(=O)(=O)CC3)c[nH]c12
O=C(O)c1ccc(F)c(F)c1Nc1ccc(I)cc1F.OCCC1(O)CNC1,O=C(c1ccc(F)c(F)c1Nc1ccc(I)cc1F)N1CC(O)(CCO)C1
O=[N+]([O-])/C=C/c1ccc(CCC2CCCO2)cc1,O=[N+]([O-])CCc1ccc(CCC2CCCO2)cc1
CI.CN(C)Cc1ccccc1-c1ccccc1,C[N+](C)(C)Cc1ccccc1-c1ccccc1
Clc1nc2ncccc2s1.OCc1ccc(O)cc1,OCc1ccc(Oc2nc3ncccc3s2)cc1
O=C(Cl)OCc1ccccc1.O=C(O)[C@@H]1C[C@@H](O)CN1,O=C(O)[C@@H]1C[C@@H](O)CN1C(=O)OCc1ccccc1
CC(=O)CC(C)CC(C)C.CCOC(=O)CC#N,CCOC(=O)C(C#N)=C(C)CC(C)CC(C)C
C1CC(N2CCOCC2)CCN1.CCOc1cc2nc(-c3cccc(C(F)(F)F)c3)c(CBr)c(C(=O)OC)c2cc1S(=O)(=O)CC,CCOc1cc2nc(-c3cccc(C(F)(F)F)c3)c(CN3CCC(N4CCOCC4)CC3)c(C(=O)OC)c2cc1S(=O)(=O)CC
CCOC(=O)CC1CC2CCN1CC2,OCCC1CC2CCN1CC2
CC(C)[C@@H](C)N.O=C(O)COc1cccc(Cl)c1,CC(C)[C@@H](C)NC(=O)COc1cccc(Cl)c1
CCOC(=O)c1c(C2CC2)nc(-c2cccnc2)n1Cc1cccc2ccccc12,O=C(O)c1c(C2CC2)nc(-c2cccnc2)n1Cc1cccc2ccccc12
CC(C)(C)OC(=O)N[C@@H]1C[C@H]1c1ccc(C(=O)O)cc1.CNCc1ccccc1,CN(Cc1ccccc1)C(=O)c1ccc([C@@H]2C[C@H]2NC(=O)OC(C)(C)C)cc1
CC(=O)Cl.Nc1c(Cl)cn[nH]c1=O,CC(=O)Nc1c(Cl)cn[nH]c1=O
C=C[C@H](CC(=O)OC(C)(C)C)OC(=O)[C@@H](N)C(C)C.CC(C)(C)OC(=O)NCc1nc(C(=O)NC(C)(C)C(=O)O)cs1,C=C[C@H](CC(=O)OC(C)(C)C)OC(=O)[C@@H](NC(=O)C(C)(C)NC(=O)c1csc(CNC(=O)OC(C)(C)C)n1)C(C)C
C[C@H](Cc1cc2c(c(C(N)=O)c1)N(CCCCOCc1ccccc1)CC2)NCCOc1ccccc1OCC(F)(F)F,C[C@H](Cc1cc2c(c(C(N)=O)c1)N(CCCCO)CC2)NCCOc1ccccc1OCC(F)(F)F
CCN.CCOC(=O)Cn1nc(C)c(-c2ccc(C(F)(F)F)cc2C=O)c1C,CCNCc1cc(C(F)(F)F)ccc1-c1c(C)nn(CC(=O)OCC)c1C
ClCCCI.O=C(NCc1cccc(Cl)c1)c1c[nH]c2ccccc12,O=C(NCc1cccc(Cl)c1)c1cn(CCCCl)c2ccccc12
C=CCBr.O=C(O)CCNC(=O)OCc1ccccc1,C=CCN(CCC(=O)O)C(=O)OCc1ccccc1
CC(C)(C)OC(=O)N1CCN(c2ncc(C(F)(F)F)cc2F)CC1,Fc1cc(C(F)(F)F)cnc1N1CCNCC1
CC(C)(C)OC(=O)NCCO.Oc1noc(-c2cccnc2)c1Cl,CC(C)(C)OC(=O)NCCOc1noc(-c2cccnc2)c1Cl
C=CCOC(=O)c1cc([N+](=O)[O-])ccc1F,C=CCOC(=O)c1cc(N)ccc1F
CC(C)(C)OC(=O)N1CC[C@H](O)[C@H]1C(=O)O,CC(C)(C)OC(=O)N1CC[C@H](O)[C@H]1CO
COC(=O)c1cccc2[nH]c(N3CC[C@H](NC(=O)OCc4ccccc4)[C@H](OC)C3)nc12,COC(=O)c1cccc2[nH]c(N3CC[C@H](N)[C@H](OC)C3)nc12
Brc1cnc(Nc2cccc(OCc3ccccc3)c2)nc1.CC(C)(C)OC(=O)OC(=O)OC(C)(C)C,CC(C)(C)OC(=O)N(c1cccc(OCc2ccccc2)c1)c1ncc(Br)cn1
CC(C)(C)OC(=O)OC(=O)OC(C)(C)C.O=S(=O)(c1cccc2ccccc12)c1n[nH]c2ccc(N3CCNCC3)cc12,CC(C)(C)OC(=O)N1CCN(c2ccc3[nH]nc(S(=O)(=O)c4cccc5ccccc45)c3c2)CC1
CC(C)(C)c1cccc2c1CCC(NCc1ccccc1)C2O[SiH](c1ccccc1)c1ccccc1,CC(C)(C)c1cccc2c1CCC(N)C2O[SiH](c1ccccc1)c1ccccc1
CC(=O)Nc1nc(CCCc2ccc(CO)cc2)cs1,CC(=O)Nc1nc(CCCc2ccc(C=O)cc2)cs1
CC(C)Cc1cccc(C(=O)O)c1.NCc1ccccc1,CC(C)Cc1cccc(C(=O)NCc2ccccc2)c1
Cc1nc(N2CC3CNCC3C2)nc(C)c1C.O=C(O)c1cccc(F)c1-n1nccn1,Cc1nc(N2CC3CN(C(=O)c4cccc(F)c4-n4nccn4)CC3C2)nc(C)c1C
CC(C)(C)OC(=O)N1CCC(Br)CC1.Sc1ccccn1,CC(C)(C)OC(=O)N1CCC(Sc2ccccn2)CC1
CC[C@@H](N)CC(=O)O.FC(F)(F)c1ccc(Br)cc1,CC[C@H](CC(=O)O)Nc1ccc(C(F)(F)F)cc1
CCCN.Cc1oc(Cl)nc1-c1ccccc1,CCCNc1nc(-c2ccccc2)c(C)o1
CC(C)(C)OC(=O)N1CCN(C(=O)OC(C)(C)C)C(CCO)C1.Oc1ccccc1,CC(C)(C)OC(=O)N1CCN(C(=O)OC(C)(C)C)C(CCOc2ccccc2)C1
CCI.COC(=O)c1ccc(O)c(C(N)=O)c1,CCOc1ccc(C(=O)OC)cc1C(N)=O
CC(C)Oc1ccc(B(O)O)cc1Cl.CCc1c(C=O)cccc1-c1cnc(Cl)nc1,CCc1c(C=O)cccc1-c1cnc(-c2ccc(OC(C)C)c(Cl)c2)nc1
CC(C)(C)OC(=O)C1CCC(O)CC1.O=[N+]([O-])c1ccc(F)nc1,CC(C)(C)OC(=O)C1CCC(Oc2ccc([N+](=O)[O-])cn2)CC1
CC(C)Nc1ccccc1.O=C(CCl)c1ccc(F)cc1,CC(C)N(CC(=O)c1ccc(F)cc1)c1ccccc1
Cc1c[n+]([O-])c(Cl)cc1[N+](=O)[O-].N[C@H]1CC[C@@H](NC(=O)c2ccc(F)c(Cl)c2)CC1,Cc1c[n+]([O-])c(N[C@@H]2CC[C@H](NC(=O)c3ccc(F)c(Cl)c3)CC2)cc1[N+](=O)[O-]
Cc1ccc(Nc2cc(OCCN3C(=O)c4ccccc4C3=O)nnc2C(N)=O)nc1C,Cc1ccc(Nc2cc(OCCN)nnc2C(N)=O)nc1C
Cc1ncc(CN)c2c1OC(C)(C)OC2.N#Cc1ccc(C(=O)O)cc1,Cc1ncc(CNC(=O)c2ccc(C#N)cc2)c2c1OC(C)(C)OC2
COC(=O)[C@@H]1C[C@@H](S(=O)(=O)c2ccccc2C(F)(F)F)CN1c1cc(C)nn1-c1cccc(C)c1,Cc1cccc(-n2nc(C)cc2N2C[C@H](S(=O)(=O)c3ccccc3C(F)(F)F)C[C@H]2C(=O)O)c1
Cn1nnnc1SCCCS(=O)c1ccccn1.O=COO,Cn1nnnc1S(=O)CCCS(=O)c1ccccn1
Cc1ncc[nH]1.FC(F)(F)c1cc2c(NCc3ccc4c(c3)OCO4)nc(Cl)nc2s1,Cc1nccn1-c1nc(NCc2ccc3c(c2)OCO3)c2cc(C(F)(F)F)sc2n1
O=Cc1nc(Cl)cc2c1c(N1CCOCC1)nn2C(c1ccccc1)(c1ccccc1)c1ccccc1,OCc1nc(Cl)cc2c1c(N1CCOCC1)nn2C(c1ccccc1)(c1ccccc1)c1ccccc1
CO.Cc1c(N)cncc1C(=O)O,COC(=O)c1cncc(N)c1C
CN(CC(O)c1ccc(F)cc1)S(=O)(=O)c1csc(Cl)c1.COCCl,COCOC(CN(C)S(=O)(=O)c1csc(Cl)c1)c1ccc(F)cc1
COC(=O)[C@@H]1CC[C@@H](C)N(C(=O)c2ccc(F)cc2-n2nccn2)C1,C[C@@H]1CC[C@@H](C(=O)O)CN1C(=O)c1ccc(F)cc1-n1nccn1
Cc1cnc(C(=O)CCl)s1,Cc1cnc(C(O)CCl)s1
CN(C(=O)OC(C)(C)C)[C@@H]1CCNC1.O=C(Nc1ccc(OC(F)(F)F)cc1)c1cnc(Cl)c(Br)c1,CN(C(=O)OC(C)(C)C)[C@@H]1CCN(c2ncc(C(=O)Nc3ccc(OC(F)(F)F)cc3)cc2Br)C1
Brc1csc(Br)c1.CCC[CH2][Sn]([CH2]CCC)([CH2]CCC)[c]1ccccn1,Brc1csc(-c2ccccn2)c1
CC(C)(C)OC(=O)N1CCNCC1.COC(=O)c1cc(Cl)c2ccc(Cl)cc2n1,COC(=O)c1cc(N2CCN(C(=O)OC(C)(C)C)CC2)c2ccc(Cl)cc2n1
CCCNC.CCOC(=O)c1cc(CO)cc(C(=O)O)c1,CCCN(C)C(=O)c1cc(CO)cc(C(=O)OCC)c1
CC(C)C[C@@H](C(=O)NN1C(=O)N[C@@H](C(C)C)C1=O)[C@H](CNC(=O)c1ccccc1)C(=O)NOC1CCCCO1,CC(C)C[C@@H](C(=O)NN1C(=O)N[C@@H](C(C)C)C1=O)[C@H](CNC(=O)c1ccccc1)C(=O)NO
CC(C)(C)OC(=O)N1CCC(NC(=O)/C=C/c2ccc(F)c(Br)c2)(C(=O)NCCc2c[nH]c3ccc(F)cc23)CC1,O=C(/C=C/c1ccc(F)c(Br)c1)NC1(C(=O)NCCc2c[nH]c3ccc(F)cc23)CCNCC1
COC(=O)[C@@H]1c2cc3c(c(O)c2[C@@H](O[C@@H]2O[C@@H](C)[C@H](OC)[C@@](C)(OC)[C@H]2OC)C[C@]1(C)O)C(=O)c1c(O)cc2c(c1C3=O)O[C@@H]1O[C@@]2(C)[C@H](O)[C@@H](N(C)C)[C@@H]1O,CO[C@H]1[C@H](O[C@H]2C[C@](C)(O)[C@H](C(=O)O)c3cc4c(c(O)c32)C(=O)c2c(O)cc3c(c2C4=O)O[C@@H]2O[C@@]3(C)[C@H](O)[C@@H](N(C)C)[C@@H]2O)O[C@@H](C)[C@H](OC)[C@@]1(C)OC
COC(=O)c1cnc(Cl)c([N+](=O)[O-])c1.NN,COC(=O)c1cnc(NN)c([N+](=O)[O-])c1
CC(C)(C)CN.COC(=O)c1cccc(-c2nn(C3CCCCO3)c3ccc(-c4ncn(C(c5ccccc5)(c5ccccc5)c5ccccc5)n4)cc23)c1,CC(C)(C)CNC(=O)c1cccc(-c2nn(C3CCCCO3)c3ccc(-c4ncn(C(c5ccccc5)(c5ccccc5)c5ccccc5)n4)cc23)c1
COC(=O)[C@@H]1CC2(CN1C(=O)[C@H](C)NC(=O)OCc1ccccc1)SCCS2,C[C@H](NC(=O)OCc1ccccc1)C(=O)N1CC2(C[C@H]1C(=O)O)SCCS2
O=Cc1ccc(C=CC2CC2)s1,OCc1ccc(C=CC2CC2)s1
Cc1cnc(C)c(N2CCN(Cc3ccccc3)CC2)n1,Cc1cnc(C)c(N2CCNCC2)n1
CCC(C)C(=O)O.CC[C@H]1C[C@H]2[C@@H]3CCC4=CC(=O)CC[C@@H]4[C@H]3CC[C@]2(C)[C@H]1OC(=O)CBr,CCC(C)C(=O)OCC(=O)O[C@H]1[C@@H](CC)C[C@H]2[C@@H]3CCC4=CC(=O)CC[C@@H]4[C@H]3CC[C@@]21C
CCC1c2ccccc2-c2cc(Br)ccc2N1S(=O)(=O)c1ccc(OC)cc1,CCC1c2ccccc2-c2cc(Br)ccc2N1S(=O)(=O)c1ccc(O)cc1
COc1ccc2c(Cc3cccc(C(=O)O)n3)c(-c3ccccc3)n(S(=O)(=O)c3ccccc3)c2c1.CS(N)(=O)=O,COc1ccc2c(Cc3cccc(C(=O)NS(C)(=O)=O)n3)c(-c3ccccc3)n(S(=O)(=O)c3ccccc3)c2c1
Cc1cc(-c2ccc(CC(=O)O)cc2)ccn1.Nc1ccc(-c2ccccc2)cn1,Cc1cc(-c2ccc(CC(=O)Nc3ccc(-c4ccccc4)cn3)cc2)ccn1
COC1CC2CC(N=[N+]=[N-])CC2C1,COC1CC2CC(N)CC2C1
COC(=O)c1ccc2c(C=O)cnc(-c3c(F)cc(F)cc3F)c2c1,COC(=O)c1ccc2c(CO)cnc(-c3c(F)cc(F)cc3F)c2c1
COCCCN1CCOc2ccc(CO[C@H]3CN(S(=O)(=O)c4ccc(C)cc4)CC[C@@]34OCCc3cc(C(=O)O)ccc34)cc21,COCCCN1CCOc2ccc(CO[C@H]3CN(S(=O)(=O)c4ccc(C)cc4)CC[C@@]34OCCc3cc(CO)ccc34)cc21
CC(C)OCCO.NC(=O)c1[nH]cnc1N,CC(C)OCCNc1nc[nH]c1C(N)=O
CC(C)(C)OC(=O)NCCn1c(=O)c2cc(F)c(NC3CCCCC3)cc2n(C2CCCC2)c1=O,NCCn1c(=O)c2cc(F)c(NC3CCCCC3)cc2n(C2CCCC2)c1=O
COc1ccc(B(O)O)cn1.Cc1ccsc1Br,COc1ccc(-c2sccc2C)cn1
COc1ccc(CN2CC(C)N(c3ccc(C(=O)N4CCN(c5ncc(C6CC6)cc5C)CC4)cn3)C2=O)cc1,Cc1cc(C2CC2)cnc1N1CCN(C(=O)c2ccc(N3C(=O)NCC3C)nc2)CC1
CC(C)(C)OC(=O)N1CCC(N)CC1.O=Cc1nn(-c2ccc(F)cc2)c2c1cc(-c1ccccc1)c1cnccc12,CC(C)(C)OC(=O)N1CCC(NCc2nn(-c3ccc(F)cc3)c3c2cc(-c2ccccc2)c2cnccc23)CC1
C#CCCC1(C2CCCC2)CC(=O)C(Cl)C(=O)O1.Oc1cccc(I)c1,O=C1CC(CCC#Cc2cccc(O)c2)(C2CCCC2)OC(=O)C1Cl
CCOC(=O)C1(NC(=O)c2cccc(C)c2C2=CCCC2)Cc2ccccc2C1,Cc1cccc(C(=O)NC2(C(=O)O)Cc3ccccc3C2)c1C1=CCCC1
CC1(C)N[Se]c2ccccc21.CCBr,CCN1[Se]c2ccccc2C1(C)C
CC(C)(C)OC(=O)N1CCC(O)C1.Oc1ccc(C(F)(F)F)cc1,CC(C)(C)OC(=O)N1CCC(Oc2ccc(C(F)(F)F)cc2)C1
COc1ccc(CN(c2ncns2)S(=O)(=O)c2ccc3c(-c4cc(Br)cc(C(F)(F)F)c4)cn(C)c3c2)c(OC)c1.OB(O)c1ccncc1,COc1ccc(CN(c2ncns2)S(=O)(=O)c2ccc3c(-c4cc(-c5ccncc5)cc(C(F)(F)F)c4)cn(C)c3c2)c(OC)c1
CS(=O)(=O)c1n[nH]c2cnccc12.Fc1cc(Cl)cc2nc(CCl)n(CCC(F)(F)F)c12,CS(=O)(=O)c1nn(Cc2nc3cc(Cl)cc(F)c3n2CCC(F)(F)F)c2cnccc12
CCCCCCCCCCCCCCBr.COC(=O)Cc1ccc(O)c(Cl)c1,CCCCCCCCCCCCCCOc1ccc(CC(=O)OC)cc1Cl
CC1(C)CC(=O)c2c(C(F)(F)F)nn(-c3ccc(C(N)=O)c(N[C@H]4CCCC[C@@H]4OCc4ccccc4)c3)c2C1,CC1(C)CC(=O)c2c(C(F)(F)F)nn(-c3ccc(C(N)=O)c(N[C@H]4CCCC[C@@H]4O)c3)c2C1
CCOC(=O)c1c[nH]c2cc(Cl)c(F)cc2c1=O.ICCCCI,CCOC(=O)c1cn(CCCCI)c2cc(Cl)c(F)cc2c1=O
O=C(Cl)c1ccc([N+](=O)[O-])cc1O.c1ccc(CC2CCNCC2)cc1,O=C(c1ccc([N+](=O)[O-])cc1O)N1CCC(Cc2ccccc2)CC1
CCCN(Cc1ccc(-c2ccc(S(C)(=O)=O)cc2)nc1)C1CCN(C(=O)OC(C)(C)C)CC1,CCCN(Cc1ccc(-c2ccc(S(C)(=O)=O)cc2)nc1)C1CCNCC1
CC[C@H](C)[C@@H]([C@@H](CC(=O)OC(C)(C)C)OC)N(C)C(=O)[C@@H](NC(=O)[C@]1(C)CCCN1C)C(C)C,CC[C@H](C)[C@@H]([C@@H](CC(=O)O)OC)N(C)C(=O)[C@@H](NC(=O)[C@]1(C)CCCN1C)C(C)C
COc1cc(OC)cc(Sc2ccccc2C(=O)O)c1,COc1cc(OC)cc(Sc2ccccc2CO)c1
CC(C)[C@H](NC(=O)OC(C)(C)C)C(=O)O.O=C(NCc1ccc(Cl)cc1)c1cnc2c(F)cc(CCCO)cc2c1O,CC(C)C(NC(=O)OC(C)(C)C)C(=O)OCCCc1cc(F)c2ncc(C(=O)NCc3ccc(Cl)cc3)c(O)c2c1
COC(=O)c1cc2cc3[nH]c(=O)oc3cc2[nH]1,O=C(O)c1cc2cc3[nH]c(=O)oc3cc2[nH]1
C=O.Cn1c(N)cc(=O)n1-c1ccccc1.c1cc2c(c(N3CCNCC3)c1)OCCO2,Cn1c(N)c(CN2CCN(c3cccc4c3OCCO4)CC2)c(=O)n1-c1ccccc1
O=C(O)c1cc2ccoc2nc1C(=O)O,O=C1OC(=O)c2nc3occc3cc21
Cc1cc(Br)ccc1CBr.c1c[nH]cn1,Cc1cc(Br)ccc1Cn1ccnc1
O=C(c1ccc([N+](=O)[O-])cc1)N1Cc2cccn2Cc2sccc21,Nc1ccc(C(=O)N2Cc3cccn3Cc3sccc32)cc1
Cc1ccc(C=O)cc1.Cc1ccccc1-c1nc2c3ccccc3ccn2c1N,Cc1ccc(C=Nc2c(-c3ccccc3C)nc3c4ccccc4ccn23)cc1
CC(=O)OC(C)=O.O=C(CCC1CCNCC1)c1cc2c3c(c1)CCN3C(=O)CC2,CC(=O)N1CCC(CCC(=O)c2cc3c4c(c2)CCN4C(=O)CC3)CC1
Cc1nnc(CC2CCC(c3ncc(-c4ccc(N)cc4)s3)CC2)s1.O=C=Nc1cc(F)c(F)cc1F,Cc1nnc(CC2CCC(c3ncc(-c4ccc(NC(=O)Nc5cc(F)c(F)cc5F)cc4)s3)CC2)s1
CNCCN(C)C.COC(=O)[C@H]1CC[C@H](C(=O)O)CC1,COC(=O)[C@@H]1CC[C@@H](C(=O)N(C)CCN(C)C)CC1
CC(C)(C)c1ccc(CNCCc2ccccc2)cc1.O=C(O)c1c(F)c(F)cc2cc[nH]c12,CC(C)(C)c1ccc(CN(CCc2ccccc2)C(=O)c2c(F)c(F)cc3cc[nH]c23)cc1
CI.O=[N+]([O-])c1ccc2cc(-c3ccccc3)[nH]c2c1,Cn1c(-c2ccccc2)cc2ccc([N+](=O)[O-])cc21
O=C(CCl)c1ccccc1.O=C(NC(C(=O)O[C@H]1CN2CCC1CC2)c1ccccc1)c1ccccc1,O=C(C[N+]12CCC(CC1)[C@@H](OC(=O)C(NC(=O)c1ccccc1)c1ccccc1)C2)c1ccccc1
COc1ncc(F)cc1-c1ccc(C(C)N2C(=O)c3ccccc3C2=O)cc1,COc1ncc(F)cc1-c1ccc(C(C)N)cc1
CCCCc1cc(N2CCNCC2)c2nc(CCC(=O)OC)ccc2c1.O=C(O)Cc1ccc(OCCCN2CCCCCC2)cc1,CCCCc1cc(N2CCN(C(=O)Cc3ccc(OCCCN4CCCCCC4)cc3)CC2)c2nc(CCC(=O)OC)ccc2c1
OCc1[nH]cnc1-c1ccccc1,O=Cc1[nH]cnc1-c1ccccc1
CC(C)(C)OC(=O)NC1(CC(=O)N2CC(Oc3ccc(Cl)cc3)C2)CCC1,CC(C)(C)OC(=O)NC1(CCN2CC(Oc3ccc(Cl)cc3)C2)CCC1
COC(=O)[C@@H]1C[C@H](N(CC(C)C)C(=O)c2cnc(C(C)(C)C)nc2NCc2ccco2)CN(C(=O)OC(C)(C)C)C1,CC(C)CN(C(=O)c1cnc(C(C)(C)C)nc1NCc1ccco1)[C@H]1C[C@@H](C(=O)O)CN(C(=O)OC(C)(C)C)C1
CC(C)c1cc(C(=O)O)n(C)n1.Nc1cc(Oc2ccc3nc(NC(=O)C4CC4)cn3n2)ccc1F,CC(C)c1cc(C(=O)Nc2cc(Oc3ccc4nc(NC(=O)C5CC5)cn4n3)ccc2F)n(C)n1
FC(F)(F)c1nnc2ccc(N3CCCNCC3)nn12.O=Cc1ccc(Cl)cc1,FC(F)(F)c1nnc2ccc(N3CCCN(Cc4ccc(Cl)cc4)CC3)nn12
Cc1cc(O[Si](C)(C)C(C)(C)C)ccc1NC(=S)Nc1nc(C(F)(F)F)cs1,Cc1cc(O)ccc1NC(=S)Nc1nc(C(F)(F)F)cs1
CC(C)(C)OC(=O)N1CC(c2nc3cc(Cl)ccc3[nH]2)C1,Clc1ccc2[nH]c(C3CNC3)nc2c1
FC(F)(F)c1ccccc1CCl.O=C(NCCC1CC1)c1ccc(N2CCNCC2)nn1,O=C(NCCC1CC1)c1ccc(N2CCN(Cc3ccccc3C(F)(F)F)CC2)nn1
CC(C)(C)c1cccc(C#C[Si](C)(C)C)c1,C#Cc1cccc(C(C)(C)C)c1
CCOC(=O)CC(C)(O)c1ccc(-c2ccc(F)cc2F)cc1,CCOC(=O)CC(C)c1ccc(-c2ccc(F)cc2F)cc1
CN(C)c1ccc(C(=O)O)c([N+](=O)[O-])c1.NC1CCN(C(c2ccccc2)c2ccccc2)CC1,CN(C)c1ccc(C(=O)NC2CCN(C(c3ccccc3)c3ccccc3)CC2)c([N+](=O)[O-])c1
CN(C)CCN.COC(=O)c1cc(C(=O)O)cc(-c2cc(Cl)ccc2Cl)c1,COC(=O)c1cc(C(=O)NCCN(C)C)cc(-c2cc(Cl)ccc2Cl)c1
CCCC(C(=O)OC)c1c(C)nc2c(C)c(C(C)(C)C)nn2c1-c1ccc(C)cc1,CCCC(C(=O)O)c1c(C)nc2c(C)c(C(C)(C)C)nn2c1-c1ccc(C)cc1
CC(C)C(C(=O)NC(Cc1ccc(O)c(C(C)(C)C)c1)c1ncno1)N(C)C(=O)C(Cc1ccc(F)cc1)NC(=O)OC(C)(C)C,CC(C)C(C(=O)NC(Cc1ccc(O)c(C(C)(C)C)c1)c1ncno1)N(C)C(=O)C(N)Cc1ccc(F)cc1
Nc1n[nH]c2ccc(C(F)(F)F)cc12.O=CC(=O)O,O=C(O)CNc1n[nH]c2ccc(C(F)(F)F)cc12
COc1cc(N=C=O)cc(OC)c1OC.Cn1nc(C2CCN(CCCO)CC2)c2ccc(F)cc21,COc1cc(NC(=O)OCCCN2CCC(c3nn(C)c4cc(F)ccc34)CC2)cc(OC)c1OC
C1CCNC1.O=C(Nc1ccc(OC(F)(F)F)cc1)c1cnc(Cl)c(Br)c1,O=C(Nc1ccc(OC(F)(F)F)cc1)c1cnc(N2CCCC2)c(Br)c1
CC(C)C(=O)Oc1ccc2c(=O)c(-c3ccc(Cl)cc3)c(C(C)C)oc2c1,CC(C)c1oc2cc(O)ccc2c(=O)c1-c1ccc(Cl)cc1
C=CCCCC(CCC)C(=O)OC,C=CCCCC(CCC)C(=O)O
CCOc1cc(O[Si](C)(C)C(C)(C)C)c(F)c(C(Nc2ccc3c(N(C(=O)OC(C)(C)C)C(=O)OC(C)(C)C)nccc3c2)c2nc(-c3ccccc3)cn2C(c2ccccc2)(c2ccccc2)c2ccccc2)c1,CCOc1cc(O)c(F)c(C(Nc2ccc3c(N(C(=O)OC(C)(C)C)C(=O)OC(C)(C)C)nccc3c2)c2nc(-c3ccccc3)cn2C(c2ccccc2)(c2ccccc2)c2ccccc2)c1
COC(=O)COc1ccc(OCCC(N)=S)cc1C.O=C(CBr)c1ccc(C(F)(F)F)cc1,COC(=O)COc1ccc(OCCc2nc(-c3ccc(C(F)(F)F)cc3)cs2)cc1C
Brc1ccncc1.NCCN,NCCNc1ccncc1
O=C(c1ccc(Cl)cc1)N1CC(O)C(N2CCNCC2)C1.O=Cc1ccc(Cl)cc1,O=C(c1ccc(Cl)cc1)N1CC(O)C(N2CCN(Cc3ccc(Cl)cc3)CC2)C1
CC(=O)c1cc([N+](=O)[O-])c(Cl)s1.Cn1ccnc1S,CC(=O)c1cc([N+](=O)[O-])c(Sc2nccn2C)s1
CC1(C)C(=O)N(CC(=O)O)[C@H](c2cc(F)cc(F)c2)C[C@@H]1O.Nc1ccc2c(c1)C[C@@]1(C2)C(=O)Nc2ncccc21,CC1(C)C(=O)N(CC(=O)Nc2ccc3c(c2)C[C@@]2(C3)C(=O)Nc3ncccc32)[C@H](c2cc(F)cc(F)c2)C[C@@H]1O
Cc1c(Cl)nc2cc(F)ccc2c1Cl.OB(O)c1cc(F)ccc1F,Cc1c(-c2cc(F)ccc2F)nc2cc(F)ccc2c1Cl
N#C[C@H](O)[C@H](Cc1ccccc1)N(Cc1ccccc1)Cc1ccccc1,NC[C@@H](O)[C@H](Cc1ccccc1)N(Cc1ccccc1)Cc1ccccc1
Cc1n[nH]c2cccc(OS(=O)(=O)C(F)(F)F)c12.OB(O)c1cnc2ccccc2c1,Cc1n[nH]c2cccc(-c3cnc4ccccc4c3)c12
COC(=O)C=Cc1cc(C(C)C)c(OC)c(C(C)C)c1,COC(=O)/C=C/c1cc(C(C)C)c(O)c(C(C)C)c1
COC(=O)[C@@H]1CNC[C@H]1c1ccc(F)cc1F.N#Cc1ccc(Cl)nc1,COC(=O)[C@@H]1CN(c2ccc(C#N)cn2)C[C@H]1c1ccc(F)cc1F
Nc1cc(C(=O)Nc2cc(S(=O)(=O)O)cc3cc(S(=O)(=O)O)cc(S(=O)(=O)O)c23)cc(C(=O)Nc2cc(S(=O)(=O)O)cc3cc(S(=O)(=O)O)cc(S(=O)(=O)O)c23)c1.O=C=Nc1cccc(C(F)(F)F)c1,O=C(Nc1cc(C(=O)Nc2cc(S(=O)(=O)O)cc3cc(S(=O)(=O)O)cc(S(=O)(=O)O)c23)cc(C(=O)Nc2cc(S(=O)(=O)O)cc3cc(S(=O)(=O)O)cc(S(=O)(=O)O)c23)c1)Nc1cccc(C(F)(F)F)c1
C1COCCN1.COc1cccc(Oc2c(NS(=O)(=O)c3ccc(SC)cc3)cc(C(=O)O)cc2OCC(O)CO)c1,COc1cccc(Oc2c(NS(=O)(=O)c3ccc(SC)cc3)cc(C(=O)N3CCOCC3)cc2OCC(O)CO)c1
O=[N+]([O-])c1ccccc1NCc1ccccc1,Nc1ccccc1NCc1ccccc1
CC(=O)N1CCc2cc(S(=O)(=O)N3CC[C@@H](N(C)C)C3)ccc21,CN(C)[C@@H]1CCN(S(=O)(=O)c2ccc3c(c2)CCN3)C1
CC(=O)Nc1nc(CCc2ccc(CC(=O)CN=[N+]=[N-])cc2)cs1,CC(=O)Nc1nc(CCc2ccc(CC(=O)CN)cc2)cs1
CCOC(=O)CC#N.Cc1ccc(CN)cc1,Cc1ccc(CNC(=O)CC#N)cc1
CCNCC.N#Cc1ccc(F)cc1C(F)(F)F,CCN(CC)c1ccc(C#N)c(C(F)(F)F)c1
COC(=O)c1ccc([C@H](C)N)cc1.Cc1cccc(Oc2ccc(Cl)cc2C(=O)O)c1,COC(=O)c1ccc([C@H](C)NC(=O)c2cc(Cl)ccc2Oc2cccc(C)c2)cc1
CC(c1ccc(O)cc1Cl)C(O)(c1ccc2c(c1)N(C)C(=O)CO2)C(F)(F)F.CCOC(=O)c1cc(B(O)O)ccc1Cl,CCOC(=O)c1cc(Oc2ccc(C(C)C(O)(c3ccc4c(c3)N(C)C(=O)CO4)C(F)(F)F)c(Cl)c2)ccc1Cl
CC(C)c1ccc(Cl)cn1.[Zn+][c]1ccccn1,CC(C)c1ccc(-c2ccccn2)cn1
CC(=O)Cl.NCc1ccncc1Br,CC(=O)NCc1ccncc1Br
CC1(C)OCc2cc([C@@H](O)CN(CCCCCCOCCOCc3cccc([N+](C)(C)C)c3)C(=O)OCc3ccccc3)ccc2O1,CC1(C)OCc2cc([C@@H](O)CNCCCCCCOCCOCc3cccc([N+](C)(C)C)c3)ccc2O1
CC(C)N(NC(=O)c1ccccc1)C(=O)CSc1ccccc1Br.OB(O)c1ccccc1,CC(C)N(NC(=O)c1ccccc1)C(=O)CSc1ccccc1-c1ccccc1
C1CCNC1.O=Cc1c(F)cc(Br)cc1F,Fc1cc(Br)cc(F)c1CN1CCCC1
C#Cc1ccc2c(c1)/C(=C/c1ccc[nH]1)C(=O)N2.O=[N+]([O-])c1cccc(I)c1,O=C1Nc2ccc(C#Cc3cccc([N+](=O)[O-])c3)cc2/C1=C/c1ccc[nH]1
O=C(OC(=O)C(F)(F)F)C(F)(F)F.OC[C@@H]1CCNC[C@H]1c1ccccc1,O=C(N1CC[C@@H](CO)[C@H](c2ccccc2)C1)C(F)(F)F
CCCc1c(OCc2cccc(C(=O)OC)n2)ccc(C(C)=O)c1O,CCCc1c(OCc2cccc(C(=O)O)n2)ccc(C(C)=O)c1O
O=C(N[C@H]1CCc2ccccc21)C1COCCN1c1nc(Cl)ncc1Br,O=C1[C@@H]2COCCN2c2nc(Cl)ncc2N1C1CCc2ccccc21
CC(C)(C)c1ccc(CNCCc2ccc(Cl)cc2)cc1.O=C(O)c1ccc(Cl)c2cc[nH]c12,CC(C)(C)c1ccc(CN(CCc2ccc(Cl)cc2)C(=O)c2ccc(Cl)c3cc[nH]c23)cc1
Clc1ccc2ncc(Cl)n2n1.NCc1ccccn1,Clc1cnc2ccc(NCc3ccccn3)nn12
CC(=O)c1cc(F)c(N2CCC(=NOC3CCN(C(=O)OC(C)C)CC3)CC2)cc1F,CC(C)OC(=O)N1CCC(ON=C2CCN(c3cc(F)c(C(C)O)cc3F)CC2)CC1
NCCF.O=C1CCC(Nc2ccc3[nH]ncc3c2)CC1,FCCNC1CCC(Nc2ccc3[nH]ncc3c2)CC1
N[C@H](c1cccc(F)c1)C1CC1.O=C(O)c1c(CN2CCCC2=O)c(-c2ccccc2)nc2ccccc12,O=C(N[C@H](c1cccc(F)c1)C1CC1)c1c(CN2CCCC2=O)c(-c2ccccc2)nc2ccccc12
Cc1c(C(N)=O)cnc2ccc(OCc3ccccc3)nc12,Cc1c(C#N)cnc2ccc(OCc3ccccc3)nc12
CCCCCCI.Oc1ccc(-c2ccc(-c3cccs3)cn2)cc1,CCCCCCOc1ccc(-c2ccc(-c3cccs3)cn2)cc1
COC(=O)C(=O)Cl.[Mg+][CH]1CCCCC1,COC(=O)C(=O)C1CCCCC1
CC(=O)OC(C)=O.Cc1nc2[nH]c(=O)[nH]c2cc1-c1ccc(N)cc1,CC(=O)Nc1ccc(-c2cc3[nH]c(=O)[nH]c3nc2C)cc1
CC(C)CC(=O)Nc1ncc[nH]1,CC(C)CCNc1ncc[nH]1
CC(C)(C)OC(=O)N1CCC(Oc2ccc(OC(F)(F)F)cc2)CC1,FC(F)(F)Oc1ccc(OC2CCNCC2)cc1
C#CCc1ccccc1.CCCOC(=O)Cc1c2n(c3ccccc13)CC(N=[N+]=[N-])CC2,CCCOC(=O)Cc1c2n(c3ccccc13)CC(n1cc(Cc3ccccc3)nn1)CC2
C=[C]([Zn+])C(F)(F)F.FC(F)Oc1c(Cl)cc(Br)cc1Cl,C=C(c1cc(Cl)c(OC(F)F)c(Cl)c1)C(F)(F)F
CCCCCCCCBr.[N-]=[N+]=[N-],CCCCCCCCN=[N+]=[N-]
CNCc1ccccc1-c1ccccc1.O=C(O)CCCSc1ccc(O)cc1,CN(Cc1ccccc1-c1ccccc1)C(=O)CCCSc1ccc(O)cc1
O=C1c2ccccc2C(=O)N1CCCCBr.c1ccc2c(c1)Cc1ccccc1N1CCNC[C@@H]21,O=C1c2ccccc2C(=O)N1CCCCN1CCN2c3ccccc3Cc3ccccc3[C@@H]2C1
C#Cc1cc(OC)c(OC)c(OC)c1.CCOC(=O)c1csc(Br)n1,CCOC(=O)c1csc(C#Cc2cc(OC)c(OC)c(OC)c2)n1
CC(C)(C)OC(=O)N1CCC(=O)CC1.CCOP(=O)(Cc1ccc([N+](=O)[O-])c(Cl)c1)OCC,CC(C)(C)OC(=O)N1CCC(=Cc2ccc([N+](=O)[O-])c(Cl)c2)CC1
C1COCCN1.COc1cc2c(-c3cc4cc(F)cnc4n3S(=O)(=O)c3ccc(C)cc3)cn(CCI)c2cc1OC,COc1cc2c(-c3cc4cc(F)cnc4n3S(=O)(=O)c3ccc(C)cc3)cn(CCN3CCOCC3)c2cc1OC
OC(c1cccnc1)c1cccs1,c1cncc(Cc2cccs2)c1
CCCCC(CC(=O)OCC)c1sc2cc(OC)ccc2c1C,CCCCC(CC(=O)O)c1sc2cc(OC)ccc2c1C
CC(C)(C)OC(=O)OC(=O)OC(C)(C)C.Nc1ccc(N2CCC[C@@H](C(=O)N3CCCC3)C2)nc1N,CC(C)(C)OC(=O)Nc1ccc(N2CCC[C@@H](C(=O)N3CCCC3)C2)nc1N
CN(C(=O)c1ccc(Cl)cc1)[C@@H]1CNC[C@H]1c1ccc(Cl)c(Cl)c1.O=C(O)C1CCN(C(=O)CO)CC1,CN(C(=O)c1ccc(Cl)cc1)[C@@H]1CN(C(=O)C2CCN(C(=O)CO)CC2)C[C@H]1c1ccc(Cl)c(Cl)c1
CC(C)C(=O)Nc1cccc(C2CCN(CCCCN)CC2)c1.O=C(Cl)c1cccc(Cl)c1,CC(C)C(=O)Nc1cccc(C2CCN(CCCCNC(=O)c3cccc(Cl)c3)CC2)c1
N#Cc1cnc2ccc(N)cc2c1Nc1ccc(F)c(Cl)c1.O=Cc1cccc([N+](=O)[O-])c1,N#Cc1cnc2ccc(NCc3cccc([N+](=O)[O-])c3)cc2c1Nc1ccc(F)c(Cl)c1
CC(C)(C)OC(=O)N1CCC[C@H](N)C1.Clc1ccc(-n2c(-c3ccccc3Cl)nc3c(Cl)ncnc32)cc1,CC(C)(C)OC(=O)N1CCC[C@H](Nc2ncnc3c2nc(-c2ccccc2Cl)n3-c2ccc(Cl)cc2)C1
COc1ccc2c(Oc3ccc(OCCN4CCCCC4)cc3)c(-c3ccc(S(=O)(=O)CC(F)(F)F)cc3)ccc2c1,O=S(=O)(CC(F)(F)F)c1ccc(-c2ccc3cc(O)ccc3c2Oc2ccc(OCCN3CCCCC3)cc2)cc1
CCCCOc1ccc(CC(=O)NCc2ccccc2)cc1,CCCCOc1ccc(CCNCc2ccccc2)cc1
CC(C)C(C(=O)O)c1cc2cc(F)ccc2s1.OCc1[nH]ccc1Cc1ccccc1,CC(C)C(C(=O)OCc1[nH]ccc1Cc1ccccc1)c1cc2cc(F)ccc2s1
COC(=O)CCc1ccccc1OCCOC1CN(C(=O)OCc2ccccc2)CCC1c1ccc(OCCCOCc2ccccc2OC)cc1,COc1ccccc1COCCCOc1ccc(C2CCN(C(=O)OCc3ccccc3)CC2OCCOc2ccccc2CCC(=O)O)cc1
CCOC(=O)C1(F)CCN(C(=O)NCCNC(=O)c2cn(-c3ccccc3)nc2C(F)(F)F)CC1,O=C(NCCNC(=O)N1CCC(F)(C(=O)O)CC1)c1cn(-c2ccccc2)nc1C(F)(F)F
COc1cccc2c1CC[C@H]1[C@@H]2CCN1C(=O)CC1CCCC1,COc1cccc2c1CC[C@H]1[C@@H]2CCN1CCC1CCCC1
CNC[C@H](O)[C@@H](O)[C@H](O)[C@H](O)CO.O=C(Cl)c1cc([N+](=O)[O-])cc([N+](=O)[O-])c1,CN(C[C@H](O)[C@@H](O)[C@H](O)[C@H](O)CO)C(=O)c1cc([N+](=O)[O-])cc([N+](=O)[O-])c1
CCOC(=O)COc1ccccc1Oc1cc(N)c(F)cc1Cl.CCOC(=O)Cl,CCOC(=O)COc1ccccc1Oc1cc(NC(=O)OCC)c(F)cc1Cl
Cc1cccnc1C(O)c1cc(C)c(C)o1,Cc1cccnc1C(=O)c1cc(C)c(C)o1
COc1cc(OCC2CC2)c(-c2ncnc3c(C(=O)O)c(C)[nH]c23)cc1F.COc1ccc(C2=NN(C3CCN(C(=O)[C@H](N)Cc4ccc(C(C)(C)C)cc4)CC3)C(=O)[C@@H]3CCCC[C@H]23)cc1OC,COc1cc(OCC2CC2)c(-c2ncnc3c(C(=O)N[C@H](Cc4ccc(C(C)(C)C)cc4)C(=O)N4CCC(N5N=C(c6ccc(OC)c(OC)c6)[C@H]6CCCC[C@H]6C5=O)CC4)c(C)[nH]c23)cc1F
CC(=O)O[C@@H]1CC2=C[C@@H](O)[C@H]3[C@@H]4CC[C@H](C(C)C5OCC(C)(C)CO5)[C@@]4(C)CC[C@@H]3[C@@]2(C)[C@H]2O[C@@H]12.CN(C)C(=O)Cl,CC(=O)O[C@@H]1CC2=C[C@@H](OC(=O)N(C)C)[C@H]3[C@@H]4CC[C@H](C(C)C5OCC(C)(C)CO5)[C@@]4(C)CC[C@@H]3[C@@]2(C)[C@H]2O[C@@H]12
N[C@H]1CCN(CCc2ccc([N+](=O)[O-])cc2)C1=O.O=C(OC(=O)C(F)(F)F)C(F)(F)F,O=C1[C@@H](NC(=O)C(F)(F)F)CCN1CCc1ccc([N+](=O)[O-])cc1
CC(C)(C)OC(=O)NN(Cc1ccc(-c2cncs2)cc1)C[C@H](O)[C@@H](N)Cc1ccccc1.COC(=O)N[C@H](C(=O)O)C(C)(C)C,COC(=O)N[C@H](C(=O)N[C@@H](Cc1ccccc1)[C@@H](O)CN(Cc1ccc(-c2cncs2)cc1)NC(=O)OC(C)(C)C)C(C)(C)C
CC(C)(C)C1CCC(c2ccccc2N2CCNCC2)CC1.CCOC(=O)Cl,CCOC(=O)N1CCN(c2ccccc2C2CCC(C(C)(C)C)CC2)CC1
CN(C)CCN.Cc1ccc(Cl)c([N+](=O)[O-])c1,Cc1ccc(NCCN(C)C)c([N+](=O)[O-])c1
CC(C)(C)[Si](C)(C)OC1C=C(c2cnc(N)cn2)CCC1,CC(C)(C)[Si](C)(C)O[C@H]1CCC[C@@H](c2cnc(N)cn2)C1
N#Cc1cccc(N=C=O)c1.c1ccc(-c2nsc(N3CCNCC3)n2)cc1,N#Cc1cccc(NC(=O)N2CCN(c3nc(-c4ccccc4)ns3)CC2)c1
O=[N+]([O-])c1cc(CO)ccc1F,Nc1cc(CO)ccc1F
CC(C)(C)OC(=O)N[C@H](Cc1ccccn1)C(=O)O.CN1CCC(N2CCNCC2)CC1,CN1CCC(N2CCN(C(=O)[C@@H](Cc3ccccn3)NC(=O)OC(C)(C)C)CC2)CC1
CC(C)(C)CC1NC(C(=O)OC(C)(C)C)C(c2cccc(Cl)c2)C1(C#N)c1ccc(Cl)cc1,CC(C)(C)CC1NC(C(=O)O)C(c2cccc(Cl)c2)C1(C#N)c1ccc(Cl)cc1
O=C(c1ccccc1)c1ccccc1[N+](=O)[O-],Nc1ccccc1C(=O)c1ccccc1
CC(=O)c1ccc(C2(F)CN(C(=O)OC(C)(C)C)C2)cc1.O=C(c1cc(Cl)cc(Cl)c1)C(F)(F)F,CC(C)(C)OC(=O)N1CC(F)(c2ccc(C(=O)CC(O)(c3cc(Cl)cc(Cl)c3)C(F)(F)F)cc2)C1
CC(C)(O)c1cc(F)c(-c2cc(C(N)=O)c(N)s2)c(F)c1.O=C1c2ccc(Cl)nc2CN1C1COC1,CC(C)(O)c1cc(F)c(-c2cc(C(N)=O)c(Nc3ccc4c(n3)CN(C3COC3)C4=O)s2)c(F)c1
N#Cc1ccc(NCCCCF)c([N+](=O)[O-])c1,N#Cc1ccc(NCCCCF)c(N)c1
CC(O)C1(F)CCN(C(=O)OCc2ccccc2)C1.CS(=O)(=O)Cl,CC(OS(C)(=O)=O)C1(F)CCN(C(=O)OCc2ccccc2)C1
C=CCOC(=O)N1C[C@H](O[Si](C)(C)C(C)(C)C)C[C@H]1CCN=[N+]=[N-],C=CCOC(=O)N1C[C@H](O)C[C@H]1CCN=[N+]=[N-]
CC(=Cc1ccccc1)C(=O)O,CC(Cc1ccccc1)C(=O)O
BrC(Br)(Br)Br.CC(=O)OCc1ccc(Cl)cc1N([C@H](C)CCCO)S(=O)(=O)c1ccc(Cl)cc1,CC(=O)OCc1ccc(Cl)cc1N([C@H](C)CCCBr)S(=O)(=O)c1ccc(Cl)cc1
CCOC(=O)c1cnc2ccc3c(c2c1Cl)CCS3(=O)=O.CN(C)CCN,CCOC(=O)c1cnc2ccc3c(c2c1NCCN(C)C)CCS3(=O)=O
COc1ccc(-c2cnc3c(n2)c(I)cn3S(=O)(=O)c2ccc(C)cc2)cc1OC.N#[C][Cu],COc1ccc(-c2cnc3c(n2)c(C#N)cn3S(=O)(=O)c2ccc(C)cc2)cc1OC
COc1ccc(S(=O)(=O)Cl)cc1OC.Nc1nc(-c2ccccc2)ns1,COc1ccc(S(=O)(=O)Nc2nc(-c3ccccc3)ns2)cc1OC
Clc1nc(Nc2cc[nH]n2)cc2ccccc12.Oc1ccc(F)cc1,Fc1ccc(Oc2nc(Nc3cc[nH]n3)cc3ccccc23)cc1
CC(C)(C)OC(=O)N1Cc2ccccc2C[C@H]1C(=O)Nc1cccc(-c2csc(SCC(=O)NC3CCN(Cc4ccc(Cl)c(Cl)c4)CC3)n2)c1,O=C(CSc1nc(-c2cccc(NC(=O)[C@@H]3Cc4ccccc4CN3)c2)cs1)NC1CCN(Cc2ccc(Cl)c(Cl)c2)CC1
O=C(Cl)CCl.O=C1COc2c(F)cccc2N1,O=C1COc2c(F)cc(C(=O)CCl)cc2N1
COc1ccc2c(c1OC1CCCC1)OCC2=O,COc1ccc2c(c1OC1CCCC1)OCC2O
C1CNCCN1.Cc1ccc2nc(Cl)ccc2c1NC(=O)CC1CCCCC1,Cc1ccc2nc(N3CCNCC3)ccc2c1NC(=O)CC1CCCCC1
Nc1ccc(O)cc1.O=C(O)c1cc(NC2CCCC2)ncn1,O=C(Nc1ccc(O)cc1)c1cc(NC2CCCC2)ncn1
O=C(Nc1ccccc1OCCCCl)c1cc(Cl)c(OCc2ccccc2)c(Cl)c1,O=C(c1cc(Cl)c(OCc2ccccc2)c(Cl)c1)N1CCCOc2ccccc21
CC(=O)O.CN(C(=O)c1cc(C(F)(F)F)cc(C(F)(F)F)c1)[C@@H]1CCN(C(=O)CNC2CCNCC2)C[C@H]1c1ccc(Cl)c(Cl)c1,CC(=O)N1CCC(NCC(=O)N2CC[C@@H](N(C)C(=O)c3cc(C(F)(F)F)cc(C(F)(F)F)c3)[C@H](c3ccc(Cl)c(Cl)c3)C2)CC1
C=CCC(C)C=O.C=CCN,C=CCNCC(C)CC=C
CCOC(=O)CNC(=O)c1cc(-c2ccccc2OCc2ccccc2)on1,O=C(O)CNC(=O)c1cc(-c2ccccc2OCc2ccccc2)on1
CC(=O)N1CCNCC1.COc1cc(F)c(C#N)cc1[N+](=O)[O-],COc1cc(N2CCN(C(C)=O)CC2)c(C#N)cc1[N+](=O)[O-]
CC(C)(C)OC(=O)OC(=O)OC(C)(C)C.O=[N+]([O-])C1C2CNCC21,CC(C)(C)OC(=O)N1CC2C(C1)C2[N+](=O)[O-]
CCOC(=O)c1ccc(C(F)(F)F)cc1OCC,CCOc1cc(C(F)(F)F)ccc1C(=O)O
Cc1cc2ccccc2[nH]1.ClCc1ccccc1,Cc1cc2ccccc2n1Cc1ccccc1
Cc1cccc(N2CCNCC2C)c1.O=CCCc1cc(-c2ccccc2)n(-c2ccccc2)n1,Cc1cccc(N2CCN(CCCc3cc(-c4ccccc4)n(-c4ccccc4)n3)CC2C)c1
CCOC(=O)CCN(C(=O)c1ccc2c(c1)nc(CNc1ccc(C(=N)N)cc1)n2CC)c1ccccn1,CCn1c(CNc2ccc(C(=N)N)cc2)nc2cc(C(=O)N(CCC(=O)O)c3ccccn3)ccc21
CCOC(=O)Cn1ccc2ccc(O)cc21.OCCCC#Cc1ccc(C(F)(F)F)cc1,CCOC(=O)Cn1ccc2ccc(OCCCC#Cc3ccc(C(F)(F)F)cc3)cc21
C1CCNC1.COc1ccccc1-c1n[nH]c2ncc(-c3cncc(C(=O)O)c3)cc12,COc1ccccc1-c1n[nH]c2ncc(-c3cncc(C(=O)N4CCCC4)c3)cc12
N[C@H]1CCN(C(=O)C2CCN(c3cccc(C(F)(F)F)c3)CC2)C1.O=C1CCC(O)(c2ccccn2)CC1,O=C(C1CCN(c2cccc(C(F)(F)F)c2)CC1)N1CC[C@H](NC2CCC(O)(c3ccccn3)CC2)C1
ClCCNCCCl.Nc1cccc2c1CCCC2,c1cc2c(c(N3CCNCC3)c1)CCCC2
Cc1nc(NC(=O)N2c3nc(-c4cccc(C(F)(F)F)c4)ccc3N3C[C@@H]2[C@H](O[Si](C)(C)C(C)(C)C)C3)sc1C,Cc1nc(NC(=O)N2c3nc(-c4cccc(C(F)(F)F)c4)ccc3N3C[C@@H](O)[C@H]2C3)sc1C
N#CCN1CCCOCC1,NCCN1CCCOCC1
CC(C)(C)OC(=O)NC1CCN(c2ccnc3[nH]ccc23)CC1,NC1CCN(c2ccnc3[nH]ccc23)CC1
COc1ccc(N(C(=O)CN2C(=O)C(N)C(=O)N(c3cccnc3)c3ccccc32)C(C)C)cc1.O=C=Nc1ccccc1,COc1ccc(N(C(=O)CN2C(=O)C(NC(=O)Nc3ccccc3)C(=O)N(c3cccnc3)c3ccccc32)C(C)C)cc1
CCN1NN=CC1CCOc1ccc(N)cc1.O=C(O)CCCc1cnoc1-c1ccccc1,CCN1NN=CC1CCOc1ccc(NC(=O)CCCc2cnoc2-c2ccccc2)cc1
FC(F)(F)c1ccc(C2NCCc3ccccc32)cc1.O=C(Cl)Cc1ccccc1,O=C(Cc1ccccc1)N1CCc2ccccc2C1c1ccc(C(F)(F)F)cc1
Nc1cccc([N+](=O)[O-])c1O.O=C(O)CCl,O=C(CCl)Nc1cccc([N+](=O)[O-])c1O
CCC(=O)CC(=O)OC.Nc1ccc(F)cc1,CCc1cc(=O)c2cc(F)ccc2[nH]1
CC(C)(C)OC(=O)NC(Cc1ccccc1)C(O)C(N)Cc1ccccc1.Cc1ccc(S(=O)(=O)N[C@H](C(=O)O)C(C)C)cc1,Cc1ccc(S(=O)(=O)N[C@H](C(=O)NC(Cc2ccccc2)C(O)C(Cc2ccccc2)NC(=O)OC(C)(C)C)C(C)C)cc1
C=C(c1ccc(C(=O)OC)cc1)c1ccc2c(c1)C(C)(C)CCC2(C)C,C=C(c1ccc(C(=O)O)cc1)c1ccc2c(c1)C(C)(C)CCC2(C)C
Brc1cccnc1.C#CC(O)c1ccccc1,OC(C#Cc1cccnc1)c1ccccc1
C[S+](C)(C)=O.O=C1CCN(c2c(F)cc([N+](=O)[O-])cc2F)CC1,O=[N+]([O-])c1cc(F)c(N2CCC3(CC2)CO3)c(F)c1
Cc1ccc2c(Nc3cccc(C(F)(F)F)c3)nccc2c1[N+](=O)[O-],Cc1ccc2c(Nc3cccc(C(F)(F)F)c3)nccc2c1N
Cn1c(CBr)c(Br)c(=O)n1C1CCCCC1.c1ccc(CCCC2CCNCC2)cc1,Cn1c(CN2CCC(CCCc3ccccc3)CC2)c(Br)c(=O)n1C1CCCCC1
CC(=O)OCC(=O)Cl.Nc1cc(CCl)ccn1,CC(=O)OCC(=O)Nc1cc(CCl)ccn1
CCOC(=O)CBr.COc1cc2oc(-c3ccc(N)cc3)cc(=O)c2c(OC)c1OC,CCOC(=O)CNc1ccc(-c2cc(=O)c3c(OC)c(OC)c(OC)cc3o2)cc1
CC#CC(=O)OC.Clc1ncc(Br)c(NC2CCCC2)n1,COC(=O)c1c(C)c2cnc(Cl)nc2n1C1CCCC1
COc1ccc(-c2cc(N)[nH]n2)cn1.O=C(O)CCCN1CCCC1,COc1ccc(-c2cc(NC(=O)CCCN3CCCC3)[nH]n2)cn1
Cc1ccc(C(=O)OCc2ccccc2)cc1[N+](=O)[O-],Cc1ccc(C(=O)OCc2ccccc2)cc1N
CNOC.Clc1nc(Cl)nc(Cl)n1,CON(C)c1nc(Cl)nc(Cl)n1
Nc1cc(F)ccc1Cl.O=C(NCC1CCCC1)c1cnc(Cl)nc1C(F)(F)F,O=C(NCC1CCCC1)c1cnc(Nc2cc(F)ccc2Cl)nc1C(F)(F)F
CC1(C)C(=O)C=CC1=O,CC1(C)C(=O)C=CC1O
COCCl.CON(C)C(=O)c1ncc(Cl)cc1NS(=O)(=O)c1ccc(Cl)c(C(F)(F)F)c1,COCN(c1cc(Cl)cnc1C(=O)N(C)OC)S(=O)(=O)c1ccc(Cl)c(C(F)(F)F)c1
COCCc1nc(-c2ccc(C(F)(F)F)cc2)nc(C)c1C(=O)OC,COCCc1nc(-c2ccc(C(F)(F)F)cc2)nc(C)c1CO
C=C(C)c1cccc(C(C)(C)N=C=O)c1.N#CC1(O)CN2CCC1CC2,C=C(C)c1cccc(C(C)(C)NC(=O)OC2(C#N)CN3CCC2CC3)c1
FC(F)(F)I.O=C(CCl)CCl,OC(CCl)(CCl)C(F)(F)F
CC(C)(C)n1nc(CCC=O)cc1-c1ccccc1.Cc1cccc(N2CCNCC2)c1C,Cc1cccc(N2CCN(CCCc3cc(-c4ccccc4)n(C(C)(C)C)n3)CC2)c1C
C[SiH](C)Oc1ccnc(-c2cccc([N+](=O)[O-])c2)c1C(C)(C)C,C[SiH](C)Oc1ccnc(-c2cccc(N)c2)c1C(C)(C)C
CC(C)(C)OC(=O)N1CCC2(CC1)CN(Cc1ccccc1)CC(C)(C)O2,CC1(C)CN(Cc2ccccc2)CC2(CCNCC2)O1
Cc1cn(-c2ccc(Br)cc2C#N)cn1.Nc1ncn(-c2ccccc2Cl)n1,Cc1cn(-c2ccc(Nc3ncn(-c4ccccc4Cl)n3)cc2C#N)cn1
CCN.COc1ccc(C(=O)O)cc1/C=C/c1ccc(OC(F)(F)F)cc1,CCNC(=O)c1ccc(OC)c(/C=C/c2ccc(OC(F)(F)F)cc2)c1
CCOC(=O)c1ncc2cc(NC(=O)NC3CCCCC3)ccc2c1O.NCCC(=O)O,O=C(O)CCNC(=O)c1ncc2cc(NC(=O)NC3CCCCC3)ccc2c1O
COc1ccc2c(CCCN3CCC(C(=O)c4ccc(F)cc4)CC3)c(C)[nH]c2c1,COc1ccc2c(CCCN3CCC(C(O)c4ccc(F)cc4)CC3)c(C)[nH]c2c1
ClCc1ccc2ccccc2n1.O=[N+]([O-])c1cccc(-c2ccncc2)c1-c1ccc(O)cc1,O=[N+]([O-])c1cccc(-c2ccncc2)c1-c1ccc(OCc2ccc3ccccc3n2)cc1
CN(C)[C@H]1CC[C@H](Nc2c(C(=O)C3CC3)cnc3ccc(Br)cc23)CC1.COc1cc(B2OC(C)(C)C(C)(C)O2)ccc1O,COc1cc(-c2ccc3ncc(C(=O)C4CC4)c(N[C@@H]4CC[C@@H](N(C)C)CC4)c3c2)ccc1O
CO.O=C(O)CCCCc1ccccc1,COC(=O)CCCCc1ccccc1
CCOC(=O)Cl.Nc1ccccc1SCc1ncon1,CCOC(=O)Nc1ccccc1SCc1ncon1
C=CCI.O=C(O)C(CCc1ccc(Cl)cc1)(Cn1cncn1)c1ccccc1,C=CCOC(=O)C(CCc1ccc(Cl)cc1)(Cn1cncn1)c1ccccc1
BrC1CCCC1.COc1ccc(C(=O)CCC(=O)O)cc1O,COc1ccc(C(=O)CCC(=O)O)cc1OC1CCCC1
C1CCNCC1.COc1nc(Cl)nc(Nc2ccc(-n3cnc(C)c3)c(OC)c2)n1,COc1nc(Nc2ccc(-n3cnc(C)c3)c(OC)c2)nc(N2CCCCC2)n1
CC1NC(=O)C(C)(C)C1=O.COc1cc(I)ccc1C#N,COc1cc(N2C(=O)C(C)(C)C(=O)C2C)ccc1C#N
CC1(C)OCC(O)CO1.CCc1cc(-c2noc(-c3cc(C)nc(N(CC)CC)c3)n2)cc(C)c1O,CCc1cc(-c2noc(-c3cc(C)nc(N(CC)CC)c3)n2)cc(C)c1OC1COC(C)(C)OC1
CCc1cc(-c2cccc(NC(=O)C(C)(C)C)n2)c(OC)cc1CC=O.CNC,CCc1cc(-c2cccc(NC(=O)C(C)(C)C)n2)c(OC)cc1CCN(C)C
CC(C)(C)OC(=O)N1CCC(Oc2ccc(Cl)nc2)CC1.O=C(NCCO)c1ccc2[nH]ccc2c1,CC(C)(C)OC(=O)N1CCC(Oc2ccc(-n3ccc4cc(C(=O)NCCO)ccc43)nc2)CC1
COC(=O)[C@H]1NCC[C@H]1O.Cc1c(S(=O)(=O)O)ccc(C#N)c1Cl,COC(=O)[C@@H]1[C@H](O)CCN1S(=O)(=O)c1ccc(C#N)c(Cl)c1C
COc1ccc(C2=NN(C3CCN(C(=O)[C@@H](N)Cc4cscn4)CC3)C(=O)[C@@H]3CCCC[C@H]23)cc1OC.O=C(O)c1c[nH]c2c(-c3c(OCC4CC4)ccc4c3OCO4)ncnc12,COc1ccc(C2=NN(C3CCN(C(=O)[C@H](Cc4cscn4)NC(=O)c4c[nH]c5c(-c6c(OCC7CC7)ccc7c6OCO7)ncnc45)CC3)C(=O)[C@@H]3CCCC[C@H]23)cc1OC
O=C(Cl)OCc1ccccc1.Oc1ccc2c(c1)[C@@]13CCCC[C@H]1[C@@H](C2)NCC3,O=C(OCc1ccccc1)N1CC[C@]23CCCC[C@H]2[C@H]1Cc1ccc(O)cc13
COc1cc(COc2nn(-c3ccccc3)cc2/C=C/CO)ccc1OCc1nc(-c2ccco2)oc1C,COc1cc(COc2nn(-c3ccccc3)cc2/C=C/C=O)ccc1OCc1nc(-c2ccco2)oc1C
CCOC(=O)C(O)c1c2n(c3cccc(F)c13)COc1ccc(-c3cc4c(C(=O)NC)c(-c5ccc(F)cc5)oc4cc3N(C)S(C)(=O)=O)nc1-2,CNC(=O)c1c(-c2ccc(F)cc2)oc2cc(N(C)S(C)(=O)=O)c(-c3ccc4c(n3)-c3c(C(O)C(=O)O)c5c(F)cccc5n3CO4)cc12
CS(=O)(=O)OC1CCSCC1.O=Cc1cc(F)ccc1O,O=Cc1cc(F)ccc1OC1CCSCC1
ClC(c1ccccc1)(c1ccccc1)c1ccccc1.N#Cc1c[nH]cn1,N#Cc1cn(C(c2ccccc2)(c2ccccc2)c2ccccc2)cn1
CCOC(=O)C1(C(=O)[O-])CC(=O)N(Cc2ccccc2)C1.NCc1ccccc1,CCOC(=O)C1(C(=O)NCc2ccccc2)CC(=O)N(Cc2ccccc2)C1
CCOC(=O)CC1CCN(C(=O)CC[C@H]2O[C@H](c3cccc(OC)c3OC)c3cc(Cl)ccc3-n3c(C#N)ccc32)CC1,COc1cccc([C@H]2O[C@H](CCC(=O)N3CCC(CC(=O)O)CC3)c3ccc(C#N)n3-c3ccc(Cl)cc32)c1OC
CCOC(=O)C(CC(=O)C(C)(C)C)C(C)=O.Nc1ccc(F)cc1,CCOC(=O)c1cc(C(C)(C)C)n(-c2ccc(F)cc2)c1C
NCc1ccccc1.O=[N+]([O-])c1c(Br)nn(CCO)c1Br,O=[N+]([O-])c1c(Br)nn(CCO)c1NCc1ccccc1
CC(C)(C)OC(=O)N1CCOC(CN)C(c2ccc(Cl)c(Cl)c2)C1.O=C(O)Cn1cncn1,CC(C)(C)OC(=O)N1CCOC(CNC(=O)Cn2cncn2)C(c2ccc(Cl)c(Cl)c2)C1
C=CCN(CC=C)C(=O)OCc1ccccc1,O=C(OCc1ccccc1)N1CC=CC1
COC(=O)CC1(COS(C)(=O)=O)CC1.COCCCc1cc(O)cc(CN(C(=O)[C@H]2CN(C(=O)OC(C)(C)C)CC[C@@H]2c2ccc(OCCOc3c(Cl)cc(C)cc3Cl)cc2)C2CC2)c1,COCCCc1cc(CN(C(=O)[C@H]2CN(C(=O)OC(C)(C)C)CC[C@@H]2c2ccc(OCCOc3c(Cl)cc(C)cc3Cl)cc2)C2CC2)cc(OCC2(CC(=O)OC)CC2)c1
O=C(CBr)c1ccc(Cl)cc1.Oc1ccccc1,O=C(COc1ccccc1)c1ccc(Cl)cc1
CCOC(=O)c1cn(C2CC2)c2cc(-c3cc(C)nc(COC(C)=O)c3)c(F)cc2c1=O,CCOC(=O)c1cn(C2CC2)c2cc(-c3cc(C)nc(CO)c3)c(F)cc2c1=O
CC(C)(C)OC(=O)OC(=O)OC(C)(C)C.CNCCNC,CNCCN(C)C(=O)OC(C)(C)C
Cc1cccc(N)c1CNc1cccn2c(C=O)c(C)nc12.O=C(Cl)OCCCl,Cc1cccc(NC(=O)OCCCl)c1CNc1cccn2c(C=O)c(C)nc12
Cn1c(C(=O)N[C@H]2CCCC[C@H]2C(=O)NC(C#N)CC2CCN(C(=O)OC(C)(C)C)CC2)cc2ccccc21,Cn1c(C(=O)N[C@H]2CCCC[C@H]2C(=O)NC(C#N)CC2CCNCC2)cc2ccccc21
COC(=O)C(C)Oc1cccc(C=O)c1,COC(=O)C(C)Oc1cccc(CO)c1
C[P+](c1ccccc1)(c1ccccc1)c1ccccc1.Cc1c(C2CCCCC2)csc1C=O,C=Cc1scc(C2CCCCC2)c1C
COC(=O)c1ccc(-c2ccc3c(c2)[C@H](NC(=O)OC(C)C)C[C@H](C)N3C(C)=O)c(C)c1,CC(=O)N1c2ccc(-c3ccc(C(=O)O)cc3C)cc2[C@H](NC(=O)OC(C)C)C[C@@H]1C
CC1(C)COB(c2ccc(F)c(-c3ccc(F)cc3C#N)c2)OC1.Fc1cccn2c(Br)cnc12,N#Cc1cc(F)ccc1-c1cc(-c2cnc3c(F)cccn23)ccc1F
CC(C)(N)c1ccccc1.O=S(=O)(Cl)c1ccccc1,CC(C)(NS(=O)(=O)c1ccccc1)c1ccccc1
CCN(CC)CCCl.O=[N+]([O-])c1ccc(O)cc1,CCN(CC)CCOc1ccc([N+](=O)[O-])cc1
COc1ccc(F)cc1C=O.Nc1cccc(-c2c(Cc3ccccc3)cnc3c(C(F)(F)F)cccc23)c1,COc1ccc(F)cc1CNc1cccc(-c2c(Cc3ccccc3)cnc3c(C(F)(F)F)cccc23)c1
NC1=N[C@@]2(CCO1)c1cc(Br)ccc1Oc1c2cc(Cl)nc1F.[N-]=[N+]=[N-],[N-]=[N+]=Nc1ccc2c(c1)[C@@]1(CCOC(N)=N1)c1cc(Cl)nc(F)c1O2
CCCCCC(=O)c1c(CBr)nc2cc(OC)c(OC)cc2c1-c1ccc(OC)c(OC)c1.Cn1ccnc1S,CCCCCC(=O)c1c(CSc2nccn2C)nc2cc(OC)c(OC)cc2c1-c1ccc(OC)c(OC)c1
CCCCCCCCCCCCCCCC(=O)OC/C=C(C)/C=C/C=C(C)/C=C/C1=C(C)CCCC1(C)C,CC1=C(/C=C/C(C)=C/C=C/C(C)=C/CO)C(C)(C)CCC1
Ic1c[nH]c2ncnc(C3CCCC3)c12.O=S(=O)(Cl)c1ccccc1,O=S(=O)(c1ccccc1)n1cc(I)c2c(C3CCCC3)ncnc21
CCc1ccccc1B(O)O.Oc1ccccc1Br,CCc1ccccc1Oc1ccccc1Br
CCC(N)C(=O)OCC(C)C.O=C(O)Cc1cccc(F)c1,CCC(NC(=O)Cc1cccc(F)c1)C(=O)OCC(C)C
CCOC(=O)c1c(-c2cc(C)c(O)c(C)c2)c(C)n2c1-c1cc([N+](=O)[O-])c(OC)cc1CC2,CCOC(=O)c1c(-c2cc(C)c(O)c(C)c2)c(C)n2c1-c1cc(N)c(OC)cc1CC2
CI.O=C1CCNc2ccc(Cl)cc2N1c1ccccc1,CN1CCC(=O)N(c2ccccc2)c2cc(Cl)ccc21
O=C(Nc1ccc(Sc2ccc(O)cc2)c([N+](=O)[O-])c1)c1cccs1,Nc1cc(NC(=O)c2cccs2)ccc1Sc1ccc(O)cc1
CC(=O)NC1CCN(C(=O)OCc2ccccc2)CCC1O,CC(=O)NC1CCN(C(=O)OCc2ccccc2)CCC1=O
C[C@@](CCn1cc(-c2nc3ccccc3o2)cn1)(C(=O)NOC1CCCCO1)S(C)(=O)=O,C[C@@](CCn1cc(-c2nc3ccccc3o2)cn1)(C(=O)NO)S(C)(=O)=O
Brc1ccc2c(c1)OCCn1cc(-c3ncc[nH]3)nc1-2.CC(C)I,CC(C)n1ccnc1-c1cn2c(n1)-c1ccc(Br)cc1OCC2
CC(C)(C)N=C=O.NC[C@H]1C[C@@H](n2cc(-c3cccc(OCc4ccccc4)c3)c3c(N)ncnc32)C1,CC(C)(C)NC(=O)NC[C@@H]1C[C@H](n2cc(-c3cccc(OCc4ccccc4)c3)c3c(N)ncnc32)C1
COC(=O)CC(C)(CCCBr)c1ccccc1.O=C(NC1CCNCC1)c1ccccc1-c1ccccc1,COC(=O)CC(C)(CCCN1CCC(NC(=O)c2ccccc2-c2ccccc2)CC1)c1ccccc1
CC(C)(C)OC(=O)N1CCC(C(=O)O)CC1.NC1CC1,CC(C)(C)OC(=O)N1CCC(C(=O)NC2CC2)CC1
CCOC(=O)N1CCc2ccc(NC(=O)C=C(C)C)cc2CC1,CCOC(=O)N1CCc2cc3c(cc2CC1)C(C)(C)CC(=O)N3
Cn1c(C#N)ccc1B(O)O.NS(=O)(=O)c1ccc(Br)c(F)c1,Cn1c(C#N)ccc1-c1ccc(S(N)(=O)=O)cc1F
CC(C)CN.O=S(=O)(Nc1cccc(-c2nc(C3CCOCC3)sc2-c2ccnc(Cl)n2)c1F)c1ccoc1,CC(C)CNc1nccc(-c2sc(C3CCOCC3)nc2-c2cccc(NS(=O)(=O)c3ccoc3)c2F)n1
NC(=O)c1[nH]c2ccccc2c1-c1ccc(N)cc1.O=S(=O)(Cl)c1cc(C(F)(F)F)ccc1F,NC(=O)c1[nH]c2ccccc2c1-c1ccc(NS(=O)(=O)c2cc(C(F)(F)F)ccc2F)cc1
CON(C)C(=O)c1cccc(Br)c1.Cc1ccc[c]([Mg+])c1,Cc1cccc(C(=O)c2cccc(Br)c2)c1
Cc1c(-c2cccc(C(F)F)c2)c(=O)c(C(=O)O)cn1C1CCCC1.Cc1nnc(CN)o1,Cc1nnc(CNC(=O)c2cn(C3CCCC3)c(C)c(-c3cccc(C(F)F)c3)c2=O)o1
COCC(=O)Cl.Cc1ccc(C(=O)N2CCC(c3ccc(C#N)cc3)CC2)cc1NS(=O)(=O)CCN,COCC(=O)NCCS(=O)(=O)Nc1cc(C(=O)N2CCC(c3ccc(C#N)cc3)CC2)ccc1C
COc1ccc2ncc3c(c2c1)CCCC3.O=C(OO)c1cccc(Cl)c1,COc1ccc2c(c1)c1c(c[n+]2[O-])CCCC1
C=C(c1csc2c1OCCN(C(=O)OC(C)(C)C)C2)C(F)(F)F,CC(c1csc2c1OCCN(C(=O)OC(C)(C)C)C2)C(F)(F)F
C=[N+]=[N-].CCCCCCCCCCNC(=O)C=Cc1cccc(NC(=O)/C=C\C(=O)O)c1,CCCCCCCCCCNC(=O)C=Cc1cccc(NC(=O)/C=C\C(=O)OC)c1
C#CC(C)(C)N.O=CCCBr,C#CC(C)(C)NCCC=O
CC(C)(C)OC(=O)N1CCC(N)CC1.O=C(O)CN1CCCC(c2ccccc2)(c2ccccc2)C1=O,CC(C)(C)OC(=O)N1CCC(NC(=O)CN2CCCC(c3ccccc3)(c3ccccc3)C2=O)CC1
CC1(C)OC(=O)Nc2ccc(B(O)O)cc21.N#Cc1cc(Br)co1,CC1(C)OC(=O)Nc2ccc(-c3coc(C#N)c3)cc21
O=Cc1ccc(F)cn1.Oc1ccc(F)c(C(F)(F)F)c1,O=Cc1ccc(Oc2ccc(F)c(C(F)(F)F)c2)cn1
CCOC(=O)Cc1ccc(N)c(Cl)c1.O=C(O)c1c[nH]c2ccccc12,CCOC(=O)Cc1ccc(NC(=O)c2c[nH]c3ccccc23)c(Cl)c1
Cc1onc(-c2ccc(F)cn2)c1CCc1ncc(C(=O)O)s1.NCC(F)(F)F,Cc1onc(-c2ccc(F)cn2)c1CCc1ncc(C(=O)NCC(F)(F)F)s1
OB(O)c1ccccc1.OC(CCc1cccnc1)COc1cccc(Br)c1,OC(CCc1cccnc1)COc1cccc(-c2ccccc2)c1
CN.Cc1ccc(N2c3ccccc3N(CCCBr)S2(=O)=O)cc1,CNCCCN1c2ccccc2N(c2ccc(C)cc2)S1(=O)=O
CCC(C(=O)O)c1ccc([N+](=O)[O-])cc1,CCC(C(=O)O)c1ccc(N)cc1
COc1ncc(CN2C(=O)C3(COc4cc5c(cc43)OCCO5)c3ccccc32)cn1,O=C1N(Cc2cnc(O)nc2)c2ccccc2C12COc1cc3c(cc12)OCCO3
COC(=O)Oc1cc(Nc2ncnc3cc([N+](=O)[O-])c(OC)cc23)c(F)cc1C,COC(=O)Oc1cc(Nc2ncnc3cc(N)c(OC)cc23)c(F)cc1C
N#Cc1ccsc1N.O=C=NC(=O)c1ccccc1,N#Cc1ccsc1NC(=O)NC(=O)c1ccccc1
CC(C)(C)[Si](C)(C)OCCN(CC1CC1)C(=O)c1nc(CC2(c3ccccc3)CCCC2)nc(O)c1OCc1ccccc1,O=C(c1nc(CC2(c3ccccc3)CCCC2)nc(O)c1OCc1ccccc1)N(CCO)CC1CC1
C=CC(N)=O.C=O.Cc1ccc([N+](=O)[O-])cc1,C=CC(=O)NCc1cc([N+](=O)[O-])ccc1C
CCN(CC)C1CCc2oc3ccc(N)cc3c2C1.O=C(Cl)c1ccncc1,CCN(CC)C1CCc2oc3ccc(NC(=O)c4ccncc4)cc3c2C1
CS(=O)(=O)Cl.O=C1CC[C@H](CN(CCO)Cc2ccccc2)N1,CS(=O)(=O)OCCN(Cc1ccccc1)C[C@H]1CCC(=O)N1
Cc1cc(C)cc(C(=O)c2[nH]c(=O)[nH]c(=O)c2C(C)C)c1.ClCc1c2ccccc2cc2ccccc12,Cc1cc(C)cc(C(=O)c2c(C(C)C)c(=O)[nH]c(=O)n2Cc2c3ccccc3cc3ccccc23)c1
C1COCCN1.CCOC(=O)OC(=O)C(C(=O)OC(C)C)=C1SC=CS1,CC(C)OC(=O)C(C(=O)N1CCOCC1)=C1SC=CS1
Clc1ccc2nccn2n1.Nc1ccccc1O,Nc1ccccc1Oc1ccc2nccn2n1
CN(C(=O)OC(C)(C)C)[C@@H](CN)Cc1ccccc1.CS(=O)(=O)Cl,CN(C(=O)OC(C)(C)C)[C@@H](CNS(C)(=O)=O)Cc1ccccc1
CN1CCC(Oc2cccc3ncnc(Cl)c23)CC1.Cc1cc(COc2ccc(N)cc2Cl)nn1C,Cc1cc(COc2ccc(Nc3ncnc4cccc(OC5CCN(C)CC5)c34)cc2Cl)nn1C
CC(=O)N1CCNCC1.CC(Cl)c1ccc(-c2ccc(Cl)cc2)cc1,CC(=O)N1CCN(C(C)c2ccc(-c3ccc(Cl)cc3)cc2)CC1
CC(C)(C)OC(=O)N1CCCNCC1.CC(C)=O,CC(C)N1CCCN(C(=O)OC(C)(C)C)CC1
ClCCCCBr.O=c1cc(O)c2ccccc2[nH]1,O=c1cc(O)c2ccccc2n1CCCCCl
CC(C)N=C=O.O=C1C(O)SCN1c1ccccc1,CC(C)NC(=O)OC1SCN(c2ccccc2)C1=O
CC(C)(CC(=O)O)NC(=O)OC(C)(C)C.NC1CCc2cccnc2NC1=O,CC(C)(CC(=O)NC1CCc2cccnc2NC1=O)NC(=O)OC(C)(C)C
CC1(C)OB(c2cccc3[nH]ncc23)OC1(C)C.O=C(O)c1cncc(-c2cc3nc(Cl)nc(N4CCOCC4)c3s2)c1,O=C(O)c1cncc(-c2cc3nc(-c4cccc5[nH]ncc45)nc(N4CCOCC4)c3s2)c1
Cc1ccc(Oc2ccc(Nc3ncnc4cccc(O[C@@H](C)C(=O)O)c34)cc2C)cn1.NCCO,Cc1ccc(Oc2ccc(Nc3ncnc4cccc(O[C@@H](C)C(=O)NCCO)c34)cc2C)cn1
BrCc1ccccc1.Oc1ccc(F)c(F)c1F,Fc1ccc(OCc2ccccc2)c(F)c1F
COC(=O)CBr.OCCN1CCCCc2c(O)cccc21,COC(=O)COc1cccc2c1CCCCN2CCO
C[Si](C)(C)C#Cc1cc(OCc2ccccc2)c(OCc2ccccc2)nn1,C#Cc1cc(OCc2ccccc2)c(OCc2ccccc2)nn1
COC(=O)c1n[nH]cc1[N+](=O)[O-].COc1ccc(CCl)cc1,COC(=O)c1nn(Cc2ccc(OC)cc2)cc1[N+](=O)[O-]
Clc1ccc(C2NCCc3sccc32)cc1.O=C(O)c1ccc(O)cc1,O=C(c1ccc(O)cc1)N1CCc2sccc2C1c1ccc(Cl)cc1
CC(C)(C)OC(=O)N1CCC(Nc2cccc(-c3ccnc(Cl)n3)c2)CC1.COc1cc(CCN)ccc1O,COc1cc(CCNc2nccc(-c3cccc(NC4CCN(C(=O)OC(C)(C)C)CC4)c3)n2)ccc1O
Cc1cnc(N2CCNCC2)c(C)c1.O=C(O)c1ccc(CCN2CCCS2(=O)=O)cc1,Cc1cnc(N2CCN(C(=O)c3ccc(CCN4CCCS4(=O)=O)cc3)CC2)c(C)c1
CCOC(=O)c1cn(C2CC2)c2c(C)c(F)c(F)cc2c1=O,Cc1c(F)c(F)cc2c(=O)c(C(=O)O)cn(C3CC3)c12
CCc1cnc(Cl)nc1.COC(=O)c1ccc(NC(CCC(F)(F)F)c2ccc(B3OC(C)(C)C(C)(C)O3)cc2C)cc1,CCc1cnc(-c2ccc(C(CCC(F)(F)F)Nc3ccc(C(=O)OC)cc3)c(C)c2)nc1
BrC(Br)Br.CCOC(=O)c1cncc(-c2cnc(N)nn2)c1,CCOC(=O)c1cncc(-c2cnc(Br)nn2)c1
NCCOCCOCCNC(=O)CCCCCCCCCCSC(c1ccccc1)(c1ccccc1)c1ccccc1.O=C(O)CNc1ccc([N+](=O)[O-])cc1[N+](=O)[O-],O=C(CCCCCCCCCCSC(c1ccccc1)(c1ccccc1)c1ccccc1)NCCOCCOCCNC(=O)CNc1ccc([N+](=O)[O-])cc1[N+](=O)[O-]
CI.COc1cccc(C2(CO)CCN(c3ccccc3OC)CC2)c1,COCC1(c2cccc(OC)c2)CCN(c2ccccc2OC)CC1
Cc1c(N2C(=O)[C@@H]3[C@H](O)CCN3C2=O)ccc(C#N)c1Cl,Cc1c(N2C[C@@H]3[C@H](O)CCN3C2=O)ccc(C#N)c1Cl
CC(C)[C@@H](C(=O)O)N(C)C(=O)OC(C)(C)C.COC(=O)[C@@H]1CCCN1,COC(=O)C1CCCN1C(=O)C(C(C)C)N(C)C(=O)OC(C)(C)C
CC1(C)Cc2c(Cl)ccc([N+](=O)[O-])c2O1.O=C1CCC(=O)N1Br,CC1(C)Oc2c([N+](=O)[O-])ccc(Cl)c2C1Br
CCOC(=O)c1cnc(N2CCOCC2)cc1Oc1ccccc1,O=C(O)c1cnc(N2CCOCC2)cc1Oc1ccccc1
Clc1cccnc1Cl.SCc1ccccc1,Clc1cccnc1SCc1ccccc1
CC(C)C(=O)Cl.Cc1cc(C2=NOC(c3cc(Cl)cc(Cl)c3)(C(F)(F)F)C2)ccc1C(=O)Nc1ncc(Br)cn1,Cc1cc(C2=NOC(c3cc(Cl)cc(Cl)c3)(C(F)(F)F)C2)ccc1C(=O)N(C(=O)C(C)C)c1ncc(Br)cn1
COC(=O)c1cc(-c2ccc(C)cn2)cc(-c2ncccc2F)c1,Cc1ccc(-c2cc(C(=O)O)cc(-c3ncccc3F)c2)nc1
N#Cc1cccnn1,NCc1cccnn1
CCCn1ccc([N+](=O)[O-])n1,CCCn1ccc(N)n1
CN1CC(=O)Nc2cc(-c3ccccc3)c(-c3ccc(C4(NC(=O)OC(C)(C)C)CCC4)cc3)nc21,CN1CC(=O)Nc2cc(-c3ccccc3)c(-c3ccc(C4(N)CCC4)cc3)nc21
CCOC(=O)C1CCN(C(=O)C=Cc2ccc(Sc3cccc(NC4CCN(C)CC4)c3)c(C(F)(F)F)c2C(F)(F)F)CC1,CN1CCC(Nc2cccc(Sc3ccc(C=CC(=O)N4CCC(C(=O)O)CC4)c(C(F)(F)F)c3C(F)(F)F)c2)CC1
CCC(=O)NC1CCN(c2ccc(N)cc2)CC1.O=C(Cl)CCBr,CCC(=O)NC1CCN(c2ccc(NC(=O)CCBr)cc2)CC1
CCn1ncc2c(-c3cncc(Br)c3)c(C=O)c(C)nc21.NO,CCn1ncc2c(-c3cncc(Br)c3)c(C=NO)c(C)nc21
COC(=O)c1ccc(Cn2cc(-c3ccc(Cl)cc3Cl)nc2Cc2ccc(-c3ccc(O)cc3)cc2)cc1.OB(O)c1ccc(C(F)(F)F)cc1,COC(=O)c1ccc(Cn2cc(-c3ccc(Cl)cc3Cl)nc2Cc2ccc(-c3ccc(Oc4ccc(C(F)(F)F)cc4)cc3)cc2)cc1
CSc1ccc(N)cc1.Clc1cc(-c2ccccc2)nc(-c2ccccc2)n1,CSc1ccc(Nc2cc(-c3ccccc3)nc(-c3ccccc3)n2)cc1
C/C(C#N)=C1/c2ccc(CBr)cc2COc2cc(F)ccc21.FC(F)(F)c1nc2ccccc2[nH]1,C/C(C#N)=C1/c2ccc(Cn3c(C(F)(F)F)nc4ccccc43)cc2COc2cc(F)ccc21
Cc1cn(CCc2ccccc2NC(=O)OC(C)(C)C)cn1,Cc1cn(CCc2ccccc2N)cn1
CC(C)(C)OC(=O)N1CCC(CCO)CC1.Fc1ccc(Br)cc1,CC(C)(C)OC(=O)N1CCC(CCOc2ccc(Br)cc2)CC1
CC(C)(C)OC(=O)C[C@H](NC(=O)CCc1ccc(O)cc1C1=NOC(CC(=O)OC(C)(C)C)(C(=O)OC(C)(C)C)C1)C(=O)OC(C)(C)C.N=C(N)Nc1ccc(C(=O)Cl)cc1,CC(C)(C)OC(=O)C[C@H](NC(=O)CCc1ccc(OC(=O)c2ccc(NC(=N)N)cc2)cc1C1=NOC(CC(=O)OC(C)(C)C)(C(=O)OC(C)(C)C)C1)C(=O)OC(C)(C)C
CN(N)C(=O)OC(C)(C)C.Cn1ncc(C(=O)O)c1COc1ccc(C(F)(F)F)cc1,CN(NC(=O)c1cnn(C)c1COc1ccc(C(F)(F)F)cc1)C(=O)OC(C)(C)C
COC(=O)c1cc(-c2ccc(NC(=O)OCc3ccccc3)c(F)c2)ccn1,O=C(Nc1ccc(-c2ccnc(C(=O)O)c2)cc1F)OCc1ccccc1
COC(=O)c1ccc2c(c1)C(c1ccccc1OC)=CC(C)(C)O2,COc1ccccc1C1=CC(C)(C)Oc2ccc(C(=O)O)cc21
C=CC(C)(C)C(O)c1c(C)noc1-c1ccc(-c2ccc(C3(C(=O)OCC)CC3)cc2)cc1.Ic1ccccc1,CCOC(=O)C1(c2ccc(-c3ccc(-c4onc(C)c4C(O)C(C)(C)/C=C/c4ccccc4)cc3)cc2)CC1
CCOC(=O)c1oc2ccncc2c1O.O=[N+]([O-])c1ccc(F)c(F)c1,CCOC(=O)c1oc2ccncc2c1Oc1ccc([N+](=O)[O-])cc1F
CC(C)(C)OC(=O)CBr.COC(=O)C(C)(O)c1ccc(O)cc1,COC(=O)C(C)(O)c1ccc(OCC(=O)OC(C)(C)C)cc1
O=C(CCl)N1CCC1.O=C([O-])c1cc2occc2[nH]1,O=C(OCC(=O)N1CCC1)c1cc2occc2[nH]1
CC(C)(C)OC(=O)[C@@H](N)Cc1ccc(O)cc1.O=C(O)[C@@H]1CCC(=O)N1Cc1ccccc1,CC(C)(C)OC(=O)[C@H](Cc1ccc(O)cc1)NC(=O)[C@@H]1CCC(=O)N1Cc1ccccc1
CC(=O)NCCC(=O)OC(C)(C)C,CC(=O)NCCC(=O)O
CN1CC[C@H]2COc3ccc(O)cc3[C@H]2C1.OCCc1ccccc1,CN1CC[C@H]2COc3ccc(OCCc4ccccc4)cc3[C@H]2C1
O=C(O)c1ccc(O)c(I)c1.O=[N+]([O-])c1ccc(CO)c(S)c1,O=C(O)c1ccc(O)c(Sc2cc([N+](=O)[O-])ccc2CO)c1
CN1CS(=O)c2cc(CCN)ccc21.O=C1c2ccccc2C(=O)N1CCCCBr,CN1CS(=O)c2cc(CCNCCCCN3C(=O)c4ccccc4C3=O)ccc21
CN1CCCC(CCl)C1.C[C@@H](NCc1ccc(Cl)c(O)c1)c1cccc(Cl)c1,C[C@@H](NCc1ccc(Cl)c(OCC2CCCN(C)C2)c1)c1cccc(Cl)c1
NS(=O)(=O)c1ccccc1Br.O=C(O)c1ccc(B(O)O)cc1,NS(=O)(=O)c1ccccc1-c1ccc(C(=O)O)cc1
N#Cc1cc(Cl)ccn1.Nc1ccc(O)c(F)c1,N#Cc1cc(Oc2ccc(N)cc2F)ccn1
Cc1cc(Cl)ccc1Oc1ncc([N+](=O)[O-])cc1C,Cc1cc(Cl)ccc1Oc1ncc(N)cc1C
O=c1[nH]c2cc([N+](=O)[O-])ccc2o1,Nc1ccc2oc(=O)[nH]c2c1
Cc1nn(-c2c(F)cccc2[N+](=O)[O-])cc1CN1CCC2(CC1)OCC(F)(F)c1cc(Cl)sc12,Cc1nn(-c2c(N)cccc2F)cc1CN1CCC2(CC1)OCC(F)(F)c1cc(Cl)sc12
Brc1cnc(I)nc1.C#CCCn1ccnn1,Brc1cnc(C#CCCn2ccnn2)nc1
C=[C](OCC)[Sn]([CH2]CCC)([CH2]CCC)[CH2]CCC.Cc1c(Br)c(=O)n(C2CCCC2)c2nc(Nc3ccc(N4CCN(C(=O)OC(C)(C)C)C(C)(C)C4)cn3)ncc12,C=C(OCC)c1c(C)c2cnc(Nc3ccc(N4CCN(C(=O)OC(C)(C)C)C(C)(C)C4)cn3)nc2n(C2CCCC2)c1=O
O=C(O)c1ccc(Nc2nc(NCC(F)(F)F)c3ccnc-3[nH]2)cc1.O=S1(=O)CCNCC1,O=C(c1ccc(Nc2nc(NCC(F)(F)F)c3ccnc-3[nH]2)cc1)N1CCS(=O)(=O)CC1
CC(C)(C)OC(=O)N(Nc1nccc(I)c1C#N)C(=O)OC(C)(C)C.CC1(C)OB(c2ccc(NC(=O)Nc3cc(C(F)(F)F)ccc3F)cc2)OC1(C)C,CC(C)(C)OC(=O)N(Nc1nccc(-c2ccc(NC(=O)Nc3cc(C(F)(F)F)ccc3F)cc2)c1C#N)C(=O)OC(C)(C)C
O=C(CCCc1cccs1)N1CCOCC1,c1csc(CCCCN2CCOCC2)c1
CCCc1c(OCCCOc2ccc(C(=O)NC)c(OC)c2CCC)ccc2c1OC(C(=O)OC)CC2,CCCc1c(OCCCOc2ccc(C(=O)NC)c(OC)c2CCC)ccc2c1OC(C(=O)O)CC2
Nc1cc(Oc2ccc3nc(NC(=O)C4CC4)sc3n2)ccc1F.O=C(O)Cc1ccsc1,O=C(Cc1ccsc1)Nc1cc(Oc2ccc3nc(NC(=O)C4CC4)sc3n2)ccc1F
COc1ccc(NC(=O)OCC(Cl)(Cl)Cl)cn1.c1ccc(-c2nsc(N3CCNCC3)n2)cc1,COc1ccc(NC(=O)N2CCN(c3nc(-c4ccccc4)ns3)CC2)cn1
COC(=O)c1ccc([N+](=O)[O-])c2ccccc12,COC(=O)c1ccc(N)c2ccccc12
C1CCNC1.CC(C)NS(=O)(=O)c1ccc(Cl)c(C(=O)O)c1,CC(C)NS(=O)(=O)c1ccc(N2CCCC2)c(C(=O)O)c1
Cc1cc(N2C[C@@H](C)O[C@@H](C)C2)ccc1C(=O)O.Nc1cnc(Cl)c(-c2nc3ccccc3[nH]2)c1,Cc1cc(N2C[C@@H](C)O[C@@H](C)C2)ccc1C(=O)Nc1cnc(Cl)c(-c2nc3ccccc3[nH]2)c1
CC1NC(C)(C)N(CC(N)=O)C1=O.O=C(O)CNC(=O)OCc1ccccc1,CC1C(=O)N(CC(N)=O)C(C)(C)N1C(=O)CNC(=O)OCc1ccccc1
CC(=O)N(C)c1ccc2c(c1)nc(C(C)(C)C)n2CC1CCC1,CNc1ccc2c(c1)nc(C(C)(C)C)n2CC1CCC1
BrCc1ccccn1.O=C1Nc2ccccc2C12COc1c(Cl)cc3c(c12)OCCO3,O=C1N(Cc2ccccn2)c2ccccc2C12COc1c(Cl)cc3c(c12)OCCO3
ClC(c1ccccc1)(c1ccccc1)c1ccccc1.O=C(Nc1ccc2[nH]ncc2c1)OCc1ccccc1,O=C(Nc1ccc2c(cnn2C(c2ccccc2)(c2ccccc2)c2ccccc2)c1)OCc1ccccc1
Cc1cccc(Cl)c1C=O,Cc1cccc(Cl)c1CO
CCOC(=O)c1c[nH]nc1-c1nc2c(s1)CCC2.C[Si](C)(C)CCOCCl,CCOC(=O)c1cn(COCC[Si](C)(C)C)nc1-c1nc2c(s1)CCC2
COCCOCCOCCOCCOCCOCCOCCOCC(C)(C)C(=O)OC(C)(C)C,COCCOCCOCCOCCOCCOCCOCCOCC(C)(C)C(=O)O
CN(C)c1ncc(B2OC(C)(C)C(C)(C)O2)cn1.Cc1ccc2c(c1)c1c(n2-c2cccc(Br)c2)CCN(C)C1,Cc1ccc2c(c1)c1c(n2-c2cccc(-c3cnc(N(C)C)nc3)c2)CCN(C)C1
CC(C)(C)OC(=O)N1CCN(C(=O)c2cccc(Br)c2)C(COc2cccnc2)C1,O=C(c1cccc(Br)c1)N1CCNCC1COc1cccnc1
CO/N=C1\CC(C)(C)[C@H](n2cncc2C(=O)OC)c2ccccc21,CON=C1CC(C)(C)[C@H](n2cncc2CO)c2ccccc21
CCc1cc(C2CCN(C(=O)OC(C)(C)C)CC2)ccc1Nc1ncc(C(F)(F)F)c(C#Cc2ccccc2CC(=O)OC)n1,CCc1cc(C2CCN(C(=O)OC(C)(C)C)CC2)ccc1Nc1ncc(C(F)(F)F)c(CCc2ccccc2CC(=O)OC)n1
CCOC(=O)C(Cc1ccc(Cc2ccccc2)c(OCCc2ccc(OS(C)(=O)=O)cc2)c1)OCC,CCOC(Cc1ccc(Cc2ccccc2)c(OCCc2ccc(OS(C)(=O)=O)cc2)c1)C(=O)O
CC1(C)OCC(C)(C)C(C(=O)NCCC(=O)OCc2ccccc2)O1,CC1(C)OCC(C)(C)C(C(=O)NCCC(=O)O)O1
CN(C)Nc1c([N+](=O)[O-])cc(C(F)(F)F)c(Cl)c1[N+](=O)[O-].N,CN(C)Nc1c([N+](=O)[O-])cc(C(F)(F)F)c(N)c1[N+](=O)[O-]
Nc1cc(Cn2ccnc2)ccc1[N+](=O)[O-],Nc1ccc(Cn2ccnc2)cc1N
CCOC(=O)/C=C/c1ccc(C=Cc2nc(-c3ccccc3)oc2C)cc1,Cc1oc(-c2ccccc2)nc1/C=C/c1ccc(/C=C/CO)cc1
CCOC(=O)c1cc2cc(-c3ccccc3)ccc2[nH]1,OCc1cc2cc(-c3ccccc3)ccc2[nH]1
CCOC(=O)c1c(Cl)cc(C)nc1Cl.CC[O-],CCOC(=O)c1c(OCC)cc(C)nc1Cl
CCOC(=O)c1nc(-c2ccc(C)cc2)c(-c2ccc(Cl)cc2)nc1Cn1ncnn1.NN1CCCCC1,Cc1ccc(-c2nc(C(=O)NN3CCCCC3)c(Cn3ncnn3)nc2-c2ccc(Cl)cc2)cc1
ClCC1CO1.O=C(NCCO)NCc1ccccc1O,O=C(NCCO)NCc1ccccc1OCC1CO1
CCNC(=O)Nc1ncnc2c1ncn2C1OC(C=CC(=O)OC)C2OC(C=Cc3ccccc3)OC21,CCNC(=O)Nc1ncnc2c1ncn2C1OC(CCC(=O)OC)C2OC(C=Cc3ccccc3)OC21
CCCO[C@@H]1CNCC[C@@H]1NC(=O)c1cc(Cl)c(C)[nH]1.COC(=O)c1sc(Cl)nc1-c1ncnn1C,CCCO[C@H]1CN(c2nc(-c3ncnn3C)c(C(=O)OC)s2)CC[C@H]1NC(=O)c1cc(Cl)c(C)[nH]1
COC(=O)[C@H](Cc1ccc(O[C@@H]2C[C@H](F)C2)cc1)NC(=O)OC(C)(C)C,CC(C)(C)OC(=O)N[C@@H](Cc1ccc(O[C@@H]2C[C@H](F)C2)cc1)C(=O)O
CSCc1cc(F)cc2c(C(CCC#N)c3ccc(Cl)cc3Cl)c[nH]c12.O=C(OO)c1cccc(Cl)c1,CS(=O)Cc1cc(F)cc2c(C(CCC#N)c3ccc(Cl)cc3Cl)c[nH]c12
CCOC(=O)C1CN(Cc2ccccc2)CC1O.N,NC(=O)C1CN(Cc2ccccc2)CC1O
Clc1ccnc(Cl)n1.c1c[nH]cn1,Clc1nccc(-n2ccnc2)n1
C=C(C)c1cc2c(-c3ccc(S(=O)(=O)NC4CCS(=O)(=O)CC4)cc3)ccnc2n1S(=O)(=O)c1ccccc1,CC(C)c1cc2c(-c3ccc(S(=O)(=O)NC4CCS(=O)(=O)CC4)cc3)ccnc2n1S(=O)(=O)c1ccccc1
CC(C)[Si](C(C)C)(C(C)C)n1cc(Cc2cc(F)c(OCc3ccccc3)cc2F)c2cccnc21,CC(C)[Si](C(C)C)(C(C)C)n1cc(Cc2cc(F)c(O)cc2F)c2cccnc21
C1CCNC1.CC(C)(C)OC(=O)N1CCC(c2ccc(Br)cc2)CC1,CC(C)(C)OC(=O)N1CCC(c2ccc(N3CCCC3)cc2)CC1
CC(C)(C)S(N)=O.N#Cc1c(F)cccc1C(=O)c1ccnc(Br)c1,CC(C)(C)S(=O)N=C(c1ccnc(Br)c1)c1cccc(F)c1C#N
CCCCOC(=O)C(C)O.O=Cc1ccc(O)cc1,CCCCOC(=O)C(C)Oc1ccc(C=O)cc1
COc1cc2c(CC(=O)N(C)CCc3ccccn3)cnc(CNC(=O)OC(C)(C)C)c2cc1OC,COc1cc2c(CC(=O)N(C)CCc3ccccn3)cnc(CN)c2cc1OC
CC1(C)Oc2ccc(Nc3nc(Cl)ncc3F)nc2NC1=O.Nc1ccc2ccncc2c1,CC1(C)Oc2ccc(Nc3nc(Nc4ccc5ccncc5c4)ncc3F)nc2NC1=O
C1CSCCN1.N#Cc1ccc(Br)c(CBr)c1,N#Cc1ccc(Br)c(CN2CCSCC2)c1
COCCn1cc(C(=O)N2CCC(c3cc(CNC(=O)C(F)(F)F)ccc3F)CC2)c2cc(Cl)cc(C)c21,COCCn1cc(C(=O)N2CCC(c3cc(CN)ccc3F)CC2)c2cc(Cl)cc(C)c21
CC(=O)Cl.O=C([C@@H]1C[C@H](Oc2ccc(F)cc2)CN1)N1CCCN(C2CCC2)CC1,CC(=O)N1C[C@@H](Oc2ccc(F)cc2)C[C@H]1C(=O)N1CCCN(C2CCC2)CC1
C#C[Si](C(C)C)(C(C)C)C(C)C.NC(=O)Nc1[nH]c(-c2cccc(Br)c2)cc1C(N)=O,CC(C)[Si](C#Cc1cccc(-c2cc(C(N)=O)c(NC(N)=O)[nH]2)c1)(C(C)C)C(C)C
CC(C)(C)OC(=O)c1cc(C2CC2)c(OCC23CC4CC(C2)C(F)(F)C(C4)C3)cc1F,O=C(O)c1cc(C2CC2)c(OCC23CC4CC(C2)C(F)(F)C(C4)C3)cc1F
COCCC(=O)Cl.Nc1cnc2cc(Br)ccc2c1O,COCCC(=O)Nc1cnc2cc(Br)ccc2c1O
CC(C)(CC(O)(C=O)C(F)(F)F)c1ccc(Cl)c2c1OCO2.COC(=O)c1ccc2c(N)cccc2n1,COC(=O)c1ccc2c(N=CC(O)(CC(C)(C)c3ccc(Cl)c4c3OCO4)C(F)(F)F)cccc2n1
CCc1ccc(C2CC(N)CN(C(=O)C3CCCC3)C2)cc1.O=C(O)c1ccc(Cl)s1,CCc1ccc(C2CC(NC(=O)c3ccc(Cl)s3)CN(C(=O)C3CCCC3)C2)cc1
C[CH2][Sn]([CH2]C)([CH2]C)[CH2]C.O=Cc1c(Br)ccc2ccc(F)cc12,CCc1ccc2ccc(F)cc2c1C=O
CCCC(=O)O.Nc1ccc(C=CCN2CCC(=C3c4ccccc4C=Cc4ccccc43)CC2)cc1,CCCC(=O)Nc1ccc(C=CCN2CCC(=C3c4ccccc4C=Cc4ccccc43)CC2)cc1
CC(=O)c1ccc2c(c1)C(c1ccccc1)=NCc1cnc(C)n1-2,Cc1ncc2n1-c1ccc(C(C)O)cc1C(c1ccccc1)=NC2
CCCCCCCCCCN.O=C(Cl)c1ccc([N+](=O)[O-])cc1,CCCCCCCCCCNC(=O)c1ccc([N+](=O)[O-])cc1
CCOC(=O)c1csc(Oc2ccccc2)n1,O=C(O)c1csc(Oc2ccccc2)n1
CC(C)OC(=O)Cl.CC1CC(=O)NN=C1c1ccc(N)cc1,CC(C)OC(=O)Nc1ccc(C2=NNC(=O)CC2C)cc1
CC1(C)CCN(c2cccc(N)n2)C1.COC(=O)c1cccc(-c2cc(Br)c3nccn3n2)c1,COC(=O)c1cccc(-c2cc(Nc3cccc(N4CCC(C)(C)C4)n3)c3nccn3n2)c1
CC(=O)c1cccc(OCCCCCCl)c1.O=C(Nc1cccc(C2CCNCC2)c1)C1CC1,CC(=O)c1cccc(OCCCCCN2CCC(c3cccc(NC(=O)C4CC4)c3)CC2)c1
COC(=O)c1ccc(C)c(Cl)c1.O=C1CCC(=O)N1Br,COC(=O)c1ccc(CBr)c(Cl)c1
CC(C)Oc1cc(O)cc(C(=O)Nc2ccn(C)n2)c1.N#Cc1cnc(Cl)cn1,CC(C)Oc1cc(Oc2cnc(C#N)cn2)cc(C(=O)Nc2ccn(C)n2)c1
Nc1ccc(F)cc1F.O=C1OC(=O)C2=C1CCCC2,O=C1C2=C(CCCC2)C(=O)N1c1ccc(F)cc1F
CC(C)(C)OC(=O)N(CCCC=O)c1cc(OCc2ccccc2)c2ccccc2c1I.COC(=O)C=P(c1ccccc1)(c1ccccc1)c1ccccc1,COC(=O)/C=C/CCCN(C(=O)OC(C)(C)C)c1cc(OCc2ccccc2)c2ccccc2c1I
NC[C@H]1CCCO1.O=C(O)c1ccc2c(C3CCCCC3)c3n(c2c1)CC(C(=O)N1CCC(N2CCOCC2)CC1)=Cc1ccccc1-3,O=C(NC[C@H]1CCCO1)c1ccc2c(C3CCCCC3)c3n(c2c1)CC(C(=O)N1CCC(N2CCOCC2)CC1)=Cc1ccccc1-3
C1CNCCN1.Clc1nc(N2CCSCC2)c2ncnc(Sc3ccccc3)c2n1,c1ccc(Sc2ncnc3c(N4CCSCC4)nc(N4CCNCC4)nc23)cc1
CC(C)O.COc1cc(C(=O)N2CCC3(CC2)CC(O)c2nn(C(C)(C)C)cc2O3)ccc1OC(C)C,COc1cc(C(=O)N2CCC3(CC2)CC(OC(C)C)c2nn(C(C)(C)C)cc2O3)ccc1OC(C)C
COc1cccc(B(O)O)c1.O=C1CN(C(=O)c2cc(Br)c(-c3cccc(Cl)c3)o2)CCN1,COc1cccc(-c2cc(C(=O)N3CCNC(=O)C3)oc2-c2cccc(Cl)c2)c1
O=[N+]([O-])c1cc(O)ccc1Cl.O=[N+]([O-])c1ccc(Br)cn1,O=[N+]([O-])c1ccc(Oc2ccc(Cl)c([N+](=O)[O-])c2)cn1
C=C(C)Cn1nc(C)c(Br)c1-c1ccc(F)cc1.O,Cc1nn(CC(C)CO)c(-c2ccc(F)cc2)c1Br
CN1CCNCC1.O=C(O)c1cncc(Br)c1,CN1CCN(C(=O)c2cncc(Br)c2)CC1
N=C(N)NCC1Cc2ccccc2N1Cc1ccccc1,N=C(N)NCC1Cc2ccccc2N1
CC(C)(C)OC(=O)N1CCN(c2cc([N+](=O)[O-])cc(-c3ccnc(NC4CCCCC4)c3)n2)CC1,O=[N+]([O-])c1cc(-c2ccnc(NC3CCCCC3)c2)nc(N2CCNCC2)c1
BrC(Br)(Br)Br.CCOC(=O)c1ccc(CCCO)cc1,CCOC(=O)c1ccc(CCCBr)cc1
CC(=O)OCCN1CCN(C)C1=O.Nc1ccccc1N1CCOCC1,CC(=O)OCCN1CCN(C)C1=Nc1ccccc1N1CCOCC1
CC(C)(C)c1ccc(S(=O)(=O)N2Cc3ccc(C(F)(F)F)nc3Nc3ccc(-c4n[nH]c(=O)o4)cc32)cc1.CI,Cn1nc(-c2ccc3c(c2)N(S(=O)(=O)c2ccc(C(C)(C)C)cc2)Cc2ccc(C(F)(F)F)nc2N3)oc1=O
Cc1ccc(N)c(C(=O)O)c1.O=C(OC(=O)C(F)(F)F)C(F)(F)F,Cc1ccc(NC(=O)C(F)(F)F)c(C(=O)O)c1
CCOC(=O)C(CC(C)C)c1cc(-c2ccc(C(F)(F)F)cc2)cc(C2CCCC(C(F)(F)F)N2)c1.FC(F)(F)c1ccc(CBr)cc1,CCOC(=O)C(CC(C)C)c1cc(-c2ccc(C(F)(F)F)cc2)cc(C2CCCC(C(F)(F)F)N2Cc2ccc(C(F)(F)F)cc2)c1
CCc1ccc2c(c1)C1(CCN(Cc3ccccc3)CC1)OC2=O,CCc1ccc2c(c1)C1(CCNCC1)OC2=O
COc1nc(NCCN(C(=O)OC(C)(C)C)C(C)C)nc(OC)c1N.O=C(O)c1csc(Br)n1,COc1nc(NCCN(C(=O)OC(C)(C)C)C(C)C)nc(OC)c1NC(=O)c1csc(Br)n1
COC(C)(C)C(NC(=O)OC(C)(C)C)C(=O)O.Cc1ncc2n1C(=O)N(C1CCNCC1)C2,COC(C)(C)C(NC(=O)OC(C)(C)C)C(=O)N1CCC(N2Cc3cnc(C)n3C2=O)CC1
COc1cc(C(C)C)c2c(c1)S(=O)(=O)N(COC(=O)c1c(Cl)ccc(O)c1Cl)C2=O.O=C(OCc1ccccc1)N1CCC(CCO)CC1,COc1cc(C(C)C)c2c(c1)S(=O)(=O)N(COC(=O)c1c(Cl)ccc(OCCC3CCN(C(=O)OCc4ccccc4)CC3)c1Cl)C2=O
Nc1nnc(Br)c(-c2ccc(F)cc2F)n1.OB(O)c1cccc(Cl)c1,Nc1nnc(-c2cccc(Cl)c2)c(-c2ccc(F)cc2F)n1
COC(=O)c1ccc(Cn2ccc([N+](=O)[O-])n2)o1,O=[N+]([O-])c1ccn(Cc2ccc(CO)o2)n1
CN(C)C1CCN(c2nc3ccc(N)cc3s2)C1.COc1ccc(/C=C/C(=O)O)cc1,COc1ccc(C=CC(=O)Nc2ccc3nc(N4CCC(N(C)C)C4)sc3c2)cc1
CCN(CC)c1ccc(NC(=O)c2c(-c3c(Cl)cccc3Cl)noc2CCCCO[Si](C)(C)C(C)(C)C)cc1,CCN(CC)c1ccc(NC(=O)c2c(-c3c(Cl)cccc3Cl)noc2CCCCO)cc1
COc1cnc(O[C@@H]2C[C@@H](C(=O)N[C@]3(C(=O)NS(=O)(=O)C4CC4)C[C@H]3CC(F)F)N(C(=O)[C@@H](N)C(C)(C)C)C2)c2cc(Cl)ccc12.O=C(N=C=S)OCC1c2ccccc2-c2ccccc21,COc1cnc(O[C@@H]2C[C@@H](C(=O)N[C@]3(C(=O)NS(=O)(=O)C4CC4)C[C@H]3CC(F)F)N(C(=O)[C@@H](NC(=S)NC(=O)OCC3c4ccccc4-c4ccccc43)C(C)(C)C)C2)c2cc(Cl)ccc12
N#Cc1c(F)cccc1F.OCC1CCC(Oc2c(F)cccc2F)CC1,N#Cc1c(F)cccc1OCC1CCC(Oc2c(F)cccc2F)CC1
Brc1nc2cccc(-c3ccccc3)n2n1.Nc1ccc2cnn(C3CCCCO3)c2c1,c1ccc(-c2cccc3nc(Nc4ccc5cnn(C6CCCCO6)c5c4)nn23)cc1
CCOC(=O)CCc1ccoc1,OCCCc1ccoc1
C1CCNC1.O=C1CCN(Cc2ccccc2)CC1.[C-]#N,N#CC1(N2CCCC2)CCN(Cc2ccccc2)CC1
O=C(O)c1ccc(F)cc1.OC1CCCNC1,O=C(c1ccc(F)cc1)N1CCCC(O)C1
C#CCCCCC(=O)O.Clc1ncc(-c2ccccc2)c(-c2ccccc2)n1,O=C(O)CCCCC#Cc1ncc(-c2ccccc2)c(-c2ccccc2)n1
COC(=O)CC(C(C)=O)C(=O)c1cccc(Cl)c1.NNc1cccnc1,COC(=O)Cc1c(C)nn(-c2cccnc2)c1-c1cccc(Cl)c1
COC(=O)N[C@H](C(=O)NN(Cc1ccccc1)C[C@H](O)[C@H](Cc1ccccc1)NC(=O)OC(C)(C)C)C(C)(C)C,COC(=O)N[C@H](C(=O)NNC[C@H](O)[C@H](Cc1ccccc1)NC(=O)OC(C)(C)C)C(C)(C)C
CC(C)(C)[Si](C)(C)O[C@H]1CCN(CCOc2ccc(-n3ccc(OCc4ccc(Cl)cn4)cc3=O)cc2)C1,O=c1cc(OCc2ccc(Cl)cn2)ccn1-c1ccc(OCCN2CC[C@H](O)C2)cc1
CCOC(=O)CP(=O)(OCC)OCC.O=Cc1ccc2c(c1)CCO2,CCOC(=O)/C=C/c1ccc2c(c1)CCO2
C=CCN1CCN(c2ccc([N+](=O)[O-])nc2)CC1,C=CCN1CCN(c2ccc(N)nc2)CC1
COC(=O)[C@H]1CN(C(=O)OC(C)(C)C)C[C@@H]1CCc1ccc2ccccc2c1,CC(C)(C)OC(=O)N1C[C@H](CCc2ccc3ccccc3c2)[C@@H](C(=O)O)C1
COc1cccc(N)c1.Cc1nc(Cl)cc(Nc2cccc(O)c2)n1,COc1cccc(Nc2cc(Nc3cccc(O)c3)nc(C)n2)c1
COC(=O)c1cc2ccc(O)cc2oc1=O.OCCc1ccccc1,COC(=O)c1cc2ccc(OCCc3ccccc3)cc2oc1=O
COc1ccc(C(=O)Nc2ccccc2C(=O)O)cc1Cl.NCCc1ccccc1,COc1ccc(C(=O)Nc2ccccc2C(=O)NCCc2ccccc2)cc1Cl
CCCBr.OC1(CNCCOc2ccc(C#Cc3ccc(-c4ccc(Cl)cc4)cn3)cc2)CC1,CCCN(CCOc1ccc(C#Cc2ccc(-c3ccc(Cl)cc3)cn2)cc1)CC1(O)CC1
CC(=O)Nc1nc(C)c(I)s1.CCC[CH2][Sn]([CH2]CCC)([CH2]CCC)[c]1cccs1,CC(=O)Nc1nc(C)c(-c2cccs2)s1
CCCCc1ccc(CN(CCCCCCC(=O)OCC)S(C)(=O)=O)cc1,CCCCc1ccc(CN(CCCCCCC(=O)O)S(C)(=O)=O)cc1
CS(=O)(=O)OCCOCCOC(=O)c1ccccc1.CSc1ncnc2cn[nH]c12,CSc1ncnc2cnn(CCOCCOC(=O)c3ccccc3)c12
COc1ccc([C@H](Cc2c(Cl)c[n+]([O-])cc2Cl)OC(=O)c2ccc(NC(=O)OC(C)(C)C)cc2F)cc1OC,COc1ccc([C@H](Cc2c(Cl)c[n+]([O-])cc2Cl)OC(=O)c2ccc(N)cc2F)cc1OC
COC(=O)c1sc(C#CC(C)(C)C)cc1N.O=C1CCC(n2ccnn2)CC1,COC(=O)c1sc(C#CC(C)(C)C)cc1NC1CCC(n2ccnn2)CC1
CC1=CC[C@H](CCC(C)C=O)C1(C)C,CC1=CC[C@H](CCC(C)CO)C1(C)C
C[CH2][Mg+].O=CCCCCC1C=CCC1,CCC(O)CCCCC1C=CCC1
Cc1nc(N2CCN(C(=O)OC(C)(C)C)C(C(N)=O)C2)c2cc(Br)c(Cl)cc2n1.OB(O)c1ccc(Cl)cc1,Cc1nc(N2CCN(C(=O)OC(C)(C)C)C(C(N)=O)C2)c2cc(-c3ccc(Cl)cc3)c(Cl)cc2n1
COC[C@@H](NC(N)=O)c1ccccc1.Cn1cc(-c2nn(C(c3ccccc3)(c3ccccc3)c3ccccc3)c3cc(Cl)ncc23)cn1,COC[C@@H](NC(=O)Nc1cc2c(cn1)c(-c1cnn(C)c1)nn2C(c1ccccc1)(c1ccccc1)c1ccccc1)c1ccccc1
COC(=O)CC1=C(C(=O)OC)C(c2c(Cl)cccc2Cl)C(C(=O)OC)=C(CCc2ccccc2O)N1.O=C1CCCN1CCO,COC(=O)CC1=C(C(=O)OC)C(c2c(Cl)cccc2Cl)C(C(=O)OC)=C(CCc2ccccc2OCCN2CCCC2=O)N1
CC(C)(C)OC(=O)N1CCN(c2ncccc2Cl)CC1,Clc1cccnc1N1CCNCC1
OCc1cncc(Br)c1,O=Cc1cncc(Br)c1
COc1ccc(C)cc1NC(=O)Nc1ccc(N2CCC(C(=O)O)CC2)cc1.Cc1cccc(Cl)c1N,COc1ccc(C)cc1NC(=O)Nc1ccc(N2CCC(C(=O)Nc3c(C)cccc3Cl)CC2)cc1
CNCC(OC)OC.Cn1cc(S(=O)(=O)Cl)cn1,COC(CN(C)S(=O)(=O)c1cnn(C)c1)OC
COc1cccc(C(=O)Cl)c1.N#Cc1ccccc1N1CCN(C(=O)C2CC(N)CN2Cc2ccccc2)CC1,COc1cccc(C(=O)N[C@H]2C[C@@H](C(=O)N3CCN(c4ccccc4C#N)CC3)N(Cc3ccccc3)C2)c1
COc1ccc(OCCO)c(CN(C(C)=O)c2cc(F)ccc2Oc2ccccc2)c1.CS(=O)(=O)Cl,COc1ccc(OCCOS(C)(=O)=O)c(CN(C(C)=O)c2cc(F)ccc2Oc2ccccc2)c1
COc1ccc2nc(SC3CCCc4cc(C)cnc43)[nH]c2c1.O=C(OO)c1cccc(Cl)c1,COc1ccc2nc(S(=O)C3CCCc4cc(C)cnc43)[nH]c2c1
COc1ccc(S(=O)(=O)N(CCC(=O)N2CCN(CCO)CC2)C(C(=O)OCc2ccccc2)C(C)C)cc1,COc1ccc(S(=O)(=O)N(CCC(=O)N2CCN(CCO)CC2)C(C(=O)O)C(C)C)cc1
Fc1ccc(I)cc1.O=c1cc(N2CCOCC2)nc2n1CC[C@@H](C(F)(F)F)N2,O=c1cc(N2CCOCC2)nc2n1CC[C@@H](C(F)(F)F)N2c1ccc(F)cc1
COc1cncc(NC(C(=O)c2c[nH]c3ccc(CCCOC(C)=O)cc23)c2ccc(F)cc2)c1,COc1cncc(NC(C(=O)c2c[nH]c3ccc(CCCO)cc23)c2ccc(F)cc2)c1
CC(=O)C(Cl)Cl.SCCS,CC1(C(Cl)Cl)SCCS1
CCOC(=O)c1nc(Br)c2snc(-c3ccc(Cl)cc3)c2c1O.OB(O)Cc1ccccc1,CCOC(=O)c1nc(Cc2ccccc2)c2snc(-c3ccc(Cl)cc3)c2c1O
CCOC(=O)CC1CN=C(c2cc3cc(Oc4ccc(S(C)(=O)=O)cc4)cc(OC(C)CO[Si](c4ccccc4)(C(C)(C)C)C(C)(C)C)c3[nH]2)S1,CC(CO[Si](c1ccccc1)(C(C)(C)C)C(C)(C)C)Oc1cc(Oc2ccc(S(C)(=O)=O)cc2)cc2cc(C3=NCC(CC(=O)O)S3)[nH]c12
[N-]=[N+]=N[C@@H]1CO[C@@H]1COCc1ccccc1,N[C@@H]1CO[C@@H]1COCc1ccccc1
Cc1nnc(-c2ccc(C(=O)O)cc2)o1.NCC(=O)N1CCC(Oc2ccccc2Cl)CC1,Cc1nnc(-c2ccc(C(=O)NCC(=O)N3CCC(Oc4ccccc4Cl)CC3)cc2)o1
COC(=O)c1ccc(Cl)nc1.c1ccc2c3c([nH]c2c1)CNCC3,COC(=O)c1ccc(N2CCc3c([nH]c4ccccc34)C2)nc1
O=C(O)c1cc(Cl)nc(-c2ccccc2)n1.OB(O)c1ccsc1,O=C(O)c1cc(-c2ccsc2)nc(-c2ccccc2)n1
CI.COC(=O)N[C@@H](Cc1ccc(O)cc1)C(=O)OCc1ccccc1,COC(=O)N[C@@H](Cc1ccc(OC)cc1)C(=O)OCc1ccccc1
NC[C@H](O)CO.O=C(O)c1cnn2ccc(N3CCC[C@@H]3c3cc(F)ccc3C(F)(F)F)nc12,O=C(NC[C@H](O)CO)c1cnn2ccc(N3CCC[C@@H]3c3cc(F)ccc3C(F)(F)F)nc12
COC(=O)c1ccc2cc(C(C)(C)C)ccc2c1,CC(C)(C)c1ccc2cc(C(=O)O)ccc2c1
Cc1cc2c(C(F)(F)F)c(C#N)ccc2[nH]1.FC(F)(F)c1cc(-c2cc(CCl)no2)cc(C(F)(F)F)c1,Cc1cc2c(C(F)(F)F)c(C#N)ccc2n1Cc1cc(-c2cc(C(F)(F)F)cc(C(F)(F)F)c2)on1
COC(=O)Cl.Nc1cnc2ccc(Sc3ccccn3)cn12,COC(=O)Nc1cnc2ccc(Sc3ccccn3)cn12
CCCS(=O)(=O)N(Cc1ccc(OC)cc1)c1ccc(F)c(N)c1OC.O=C(Cl)c1cccc2c(Cl)ncnc12,CCCS(=O)(=O)N(Cc1ccc(OC)cc1)c1ccc(F)c(NC(=O)c2cccc3c(Cl)ncnc23)c1OC
COc1cccc(CCN)c1.O=C(OC(=O)C(F)(F)F)C(F)(F)F,COc1cccc(CCNC(=O)C(F)(F)F)c1
COc1cc2c(Nc3ccc(C)c(OC(C)=O)c3)ncnc2cc1OCc1ccccc1,COc1cc2c(Nc3ccc(C)c(OC(C)=O)c3)ncnc2cc1O
Brc1ccc(I)cc1.Brc1ccc2ccccc2c1,Brc1ccc(-c2ccc3ccccc3c2)cc1
C[S-].O=[N+]([O-])c1ccc(F)c(Cl)c1,CSc1ccc([N+](=O)[O-])cc1Cl
C#Cc1cc(Cl)ccc1OCC(=O)OC(C)(C)C.CC(C)S(=O)(=O)c1cc(Br)ccc1C(=O)N1CCOCC1,CC(C)S(=O)(=O)c1cc(C#Cc2cc(Cl)ccc2OCC(=O)OC(C)(C)C)ccc1C(=O)N1CCOCC1
CN(CCNC(=O)OCc1ccc([N+](=O)[O-])cc1)C(=O)c1csc(N2CC(O)C2)n1.CS(=O)(=O)Cl,CN(CCNC(=O)OCc1ccc([N+](=O)[O-])cc1)C(=O)c1csc(N2CC(OS(C)(=O)=O)C2)n1
C#C[Si](C)(C)C.OCc1cc(I)c(O)c(Cl)n1,C[Si](C)(C)C#Cc1cc(CO)nc(Cl)c1O
O=[N+]([O-])c1ccc(N2CC3CC3C2)nc1,Nc1ccc(N2CC3CC3C2)nc1
COC(=O)c1cc([N+](=O)[O-])c(C#N)s1,COC(=O)c1cc(N)c(C#N)s1
O=Cc1ccc(F)cc1Cl.[CH3][Mg+],CC(O)c1ccc(F)cc1Cl
C[C@@H]([C@H](COCc1ccccc1)NC(=O)OC(C)(C)C)N(CCOS(C)(=O)=O)S(C)(=O)=O,C[C@H]1[C@H](COCc2ccccc2)N(C(=O)OC(C)(C)C)CCN1S(C)(=O)=O
CCOC(=O)C1CC2(CCN(C(=O)OC(C)(C)C)CC2)CN1.O=Cc1ccc(CN(Cc2ncc[nH]2)Cc2ncc[nH]2)cc1,CCOC(=O)C1CC2(CCN(C(=O)OC(C)(C)C)CC2)CN1Cc1ccc(CN(Cc2ncc[nH]2)Cc2ncc[nH]2)cc1
CC(C)(C)OC(=O)NCc1ncc(C=O)s1,CC(C)(C)OC(=O)NCc1ncc(CO)s1
COC(=O)c1ccc2cnn(S(=O)(=O)N(C)C)c2c1OC,COc1c(CO)ccc2cnn(S(=O)(=O)N(C)C)c12
FC(F)(F)c1cccnc1CBr.O=C1Nc2ccccc2[C@]12COc1cc3c(cc12)OCCO3,O=C1N(Cc2ncccc2C(F)(F)F)c2ccccc2[C@]12COc1cc3c(cc12)OCCO3
CCn1c(NCCO)nc2oc(-c3ccc(C4(NC(=O)OC(C)(C)C)CCC4)cc3)c(-c3ccccc3)c2c1=O,CCn1c(NCCO)nc2oc(-c3ccc(C4(N)CCC4)cc3)c(-c3ccccc3)c2c1=O
C1CCNCC1.CC(=O)N1CCCC(C(=O)c2ccc(F)cc2)C1,CC(=O)N1CCCC(C(=O)c2ccc(N3CCCCC3)cc2)C1
CC(=O)N1c2ccc(-c3ccc(CN4CCCCC4)cc3)cc2[C@H](N)C[C@@H]1C.CC(C)(C)OC(=O)OC(=O)OC(C)(C)C,CC(=O)N1c2ccc(-c3ccc(CN4CCCCC4)cc3)cc2[C@H](NC(=O)OC(C)(C)C)C[C@@H]1C
CC(=O)O.Nc1ccnn1-c1c(F)c(F)c(C(F)(F)F)c(F)c1F,CC(=O)Nc1ccnn1-c1c(F)c(F)c(C(F)(F)F)c(F)c1F
CC(C)(C)OC(=O)N[C@@H]1C[C@H]1c1ccc(N)cc1.O=C(O)c1cccc(N2CCCCC2=O)c1,CC(C)(C)OC(=O)N[C@@H]1C[C@H]1c1ccc(NC(=O)c2cccc(N3CCCCC3=O)c2)cc1
COC(=O)C(CC1CCCC1)n1ncc(OCC2CCCC2)cc1=O,O=C(O)C(CC1CCCC1)n1ncc(OCC2CCCC2)cc1=O
CC(NC1CCCc2c(O)cccc21)c1nc(-c2ccccc2)c(-c2ccccc2)o1.CCOC(=O)CBr,CCOC(=O)COc1cccc2c1CCCC2NC(C)c1nc(-c2ccccc2)c(-c2ccccc2)o1
CCOc1cc(F)c(Cn2nc(-c3ncc(OCCNC(=O)OC(C)(C)C)c(Nc4ccncc4)n3)c3ccccc32)c(F)c1,CCOc1cc(F)c(Cn2nc(-c3ncc(OCCN)c(Nc4ccncc4)n3)c3ccccc32)c(F)c1
NC[C@@H]1C[C@@H]2C[C@@H]2N1C(=O)c1nc(N)sc1-c1cccc(F)c1.O=C(O)c1cccc2ncccc12,Nc1nc(C(=O)N2[C@H](CNC(=O)c3cccc4ncccc34)C[C@@H]3C[C@@H]32)c(-c2cccc(F)c2)s1
CNC.O=c1[nH]nc2n1-c1ccc(Cl)nc1C(c1ccccc1Cl)=NC2,CN(C)c1ccc2c(n1)C(c1ccccc1Cl)=NCc1n[nH]c(=O)n1-2
COc1cccc(C(=O)c2cc(Cl)ccc2N)c1C,COc1cccc(C(O)c2cc(Cl)ccc2N)c1C
COc1cccc(CC(=O)O)c1.NC1=c2ccoc2=NCN1c1ccc(N)cc1,COc1cccc(CC(=O)Nc2ccc(N3CN=c4occc4=C3N)cc2)c1
C=CCON1C(=O)N2C[C@H]1C=C(C)[C@H]2C(=O)O.CC(C)(C)OC(=O)N1CCC(N)CC1,C=CCON1C(=O)N2C[C@H]1C=C(C)[C@H]2C(=O)NC1CCN(C(=O)OC(C)(C)C)CC1
CC(C)(C)OC(=O)N1CCN(CCOc2ccccc2F)CC1,Fc1ccccc1OCCN1CCNCC1
N#Cc1cnc2c(oc3ccccc32)c1Cl.Nc1ccc(Oc2ccccc2)cc1,N#Cc1cnc2c(oc3ccccc32)c1Nc1ccc(Oc2ccccc2)cc1
CCOC(=O)CN(CCOC)c1noc2ccc(COc3ccc(-c4cc(F)c(F)cc4OC)cc3)cc12,COCCN(CC(=O)O)c1noc2ccc(COc3ccc(-c4cc(F)c(F)cc4OC)cc3)cc12
COC(=O)C1=Cc2cc(-c3ccc(N4CCCC4)cc3)ccc2S(=O)(=O)CC1,O=C(O)C1=Cc2cc(-c3ccc(N4CCCC4)cc3)ccc2S(=O)(=O)CC1
CCOC(=O)c1ccc(Cl)nc1.OCc1cccc(O)c1,CCOC(=O)c1ccc(Oc2cccc(CO)c2)nc1
CCOC(=O)c1nc(-c2ccc(OC)cc2)c2snc(-c3ccc(Cl)cc3)c2c1O.NCC(=O)O,COc1ccc(-c2nc(C(=O)NCC(=O)O)c(O)c3c(-c4ccc(Cl)cc4)nsc23)cc1
CC(C)(C)OC(=O)NC(C)(C)C(=O)N1CCc2cc(OCc3cc(-c4ccccc4)c(C(F)(F)F)s3)ccc21,CC(C)(N)C(=O)N1CCc2cc(OCc3cc(-c4ccccc4)c(C(F)(F)F)s3)ccc21
Cc1onc(-c2ccccc2)c1-c1cn2cc(I)ccc2n1.c1c[nH]cn1,Cc1onc(-c2ccccc2)c1-c1cn2cc(-n3ccnc3)ccc2n1
N#CCc1ccccc1.O=C(Cl)CCl,N#CCc1ccc(C(=O)CCl)cc1
FC(F)(F)c1cc(Nc2ccccn2)ccn1.O=C(Cl)C1(c2ccc3c(c2)OCO3)CC1,O=C(N(c1ccnc(C(F)(F)F)c1)c1ccccn1)C1(c2ccc3c(c2)OCO3)CC1
NC(=O)[C@@H](Cc1ccccc1)Oc1c(Br)cc(-c2c3ccccc3c(Br)c3sc4ccccc4c23)cc1Br,N#C[C@@H](Cc1ccccc1)Oc1c(Br)cc(-c2c3ccccc3c(Br)c3sc4ccccc4c23)cc1Br
CCOC(=O)C(NC(=O)OC(C)(C)C)(c1cccc(Br)c1)C(F)(F)F,CC(C)(C)OC(=O)NC(CO)(c1cccc(Br)c1)C(F)(F)F
OCCOc1cc(Cl)nnc1Cl,Clc1cc2c(nn1)OCCO2
C=CCCCCC[C@H](N)C(=O)O.Fc1ccc(I)cc1,C=CCCCCC[C@H](Nc1ccc(F)cc1)C(=O)O
COCCN(C(C)(C)C)S(=O)(=O)c1ccc(I)cc1.Cc1ncc(-c2ccnc(N)n2)n1CC1CC1,COCCN(C(C)(C)C)S(=O)(=O)c1ccc(Nc2nccc(-c3cnc(C)n3CC3CC3)n2)cc1
O=[N+]([O-])c1ccc2c(Br)cn(S(=O)(=O)c3ccccc3)c2c1,Nc1ccc2c(Br)cn(S(=O)(=O)c3ccccc3)c2c1
C=CC(=O)OC(C)(C)C.CCOC(=O)CN1CC(=O)Nc2ncc(Br)cc2C1,CCOC(=O)CN1CC(=O)Nc2ncc(/C=C/C(=O)OC(C)(C)C)cc2C1
CC(C)(C)OC(=O)OC(=O)OC(C)(C)C.CCC(O)CN,CCC(O)CNC(=O)OC(C)(C)C
CC(=NO)c1cccc(N)c1.O=C(Cl)OCc1ccccc1,CC(=NO)c1cccc(NC(=O)OCc2ccccc2)c1
COc1ccccc1-c1nn(COCC[Si](C)(C)C)c2ncc(B3OC(C)(C)C(C)(C)O3)cc12.Cc1cccnc1C(O)c1cccc(Br)c1,COc1ccccc1-c1nn(COCC[Si](C)(C)C)c2ncc(-c3cccc(C(O)c4ncccc4C)c3)cc12
CCCOCCl.COC(=O)c1ccccc1O,CCCOCOc1ccccc1C(=O)OC
ClCc1cnc(Cl)s1.OCC1COC2(CCN(CCc3ccccc3)CC2)O1,Clc1ncc(COCC2COC3(CCN(CCc4ccccc4)CC3)O2)s1
COC(=O)c1ccc(-c2ccc(OCC3CCN(CC(C)(C)F)CC3)cn2)cc1,CC(C)(F)CN1CCC(COc2ccc(-c3ccc(C(=O)O)cc3)nc2)CC1
CCOC(=O)c1c(NC(C)=O)sc2c(OCCN(CC)CC)c(Br)ccc12.OB(O)c1ccncc1,CCOC(=O)c1c(NC(C)=O)sc2c(OCCN(CC)CC)c(-c3ccncc3)ccc12
NCc1ccc(O)cc1.O=C(Nc1ccccc1-c1ccccc1)OC1CCN(CCCN2CCN(CCCO)C2=O)CC1,O=C(Nc1ccccc1-c1ccccc1)OC1CCN(CCCN2CCN(CCCNCc3ccc(O)cc3)C2=O)CC1
OCCCCc1ccccc1,O=CCCCc1ccccc1
CCOC(=O)CNc1ccc(Cl)cc1-n1ccc2cc(OC)ccc21,COc1ccc2c(ccn2-c2cc(Cl)ccc2NCC(=O)O)c1
Cc1noc(C)c1B(O)O.O=S(=O)(Oc1ccnc2[nH]ccc12)C(F)(F)F,Cc1noc(C)c1-c1ccnc2[nH]ccc12
CCOC(=O)CN(c1cccc2cc(C3=NCC(CN4CCOCC4)S3)[nH]c12)S(=O)(=O)c1cccs1,O=S(=O)(c1cccs1)N(CCO)c1cccc2cc(C3=NCC(CN4CCOCC4)S3)[nH]c12
COC(=O)c1ccc(C(C)Oc2ccc(C)cc2)cc1,Cc1ccc(OC(C)c2ccc(C(=O)O)cc2)cc1
CC(C)CBr.CCOc1cccc(-c2cc(=O)[nH]c3ccc(C(O)(c4ccc(Cl)nc4)c4cncn4C)cc23)c1,CCOc1cccc(-c2cc(=O)n(CC(C)C)c3ccc(C(O)(c4ccc(Cl)nc4)c4cncn4C)cc23)c1
Cc1nc(N)sc1C(=O)NCc1ccccc1.O=C(Cl)c1cc(F)ccc1F,Cc1nc(NC(=O)c2cc(F)ccc2F)sc1C(=O)NCc1ccccc1
CC(C)C1NS(=O)(=O)N(CCl)C1=O.O=C(O)c1c(Cl)cccc1Cl,CC(C)C1NS(=O)(=O)N(COC(=O)c2c(Cl)cccc2Cl)C1=O
Cc1ccc2c(N3CCNCC3)cccc2n1.O=CCc1c(F)ccc(Br)c1O,Cc1ccc2c(N3CCN(CCc4c(F)ccc(Br)c4O)CC3)cccc2n1
CC(=O)Oc1cccc(O)c1.Cc1oc(-c2ccccc2)nc1CCl,CC(=O)Oc1cccc(OCc2nc(-c3ccccc3)oc2C)c1
COc1nccc2c(Nc3c(Cl)cc(C#C[Si](C)(C)C)cc3Cl)nc3ccncc3c12,C#Cc1cc(Cl)c(Nc2nc3ccncc3c3c(OC)nccc23)c(Cl)c1
CCN1C(=O)CNc2ncc(B3OC(C)(C)C(C)(C)O3)nc21.Cc1nc(-c2ncn(C3CCCCO3)n2)ccc1Br,CCN1C(=O)CNc2ncc(-c3ccc(-c4ncn(C5CCCCO5)n4)nc3C)nc21
CI.Clc1cccc(Cl)c1Nc1nc2c(Cl)ncnc2[nH]1,Cn1c(Nc2c(Cl)cccc2Cl)nc2c(Cl)ncnc21
CC(C)(C)OC(=O)N1C[C@H](F)C[C@H]1C(=O)N[C@H]1CC[C@@H]2CNC[C@@H]21.FC(F)(F)c1ccnc(Br)c1,CC(C)(C)OC(=O)N1C[C@H](F)C[C@H]1C(=O)N[C@H]1CC[C@@H]2CN(c3cc(C(F)(F)F)ccn3)C[C@@H]21
C#CCCCO.CN[C@H]1CC[C@@H](c2ccc(Cl)c(Cl)c2)c2ccc(I)cc21,CN[C@H]1CC[C@@H](c2ccc(Cl)c(Cl)c2)c2ccc(C#CCCCO)cc21
CN[C@H]1CC[C@@H](c2ccc(Cl)c(Cl)c2)c2ccc(I)cc21,I
CS(=O)(=O)OC1O[C@H](COC(=O)c2ccccc2)[C@@H](OC(=O)c2ccccc2)[C@]1(F)Cl.O=c1cc[nH]c(=O)[nH]1,O=C(OC[C@H]1O[C@@H](n2ccc(=O)[nH]c2=O)[C@@](F)(Cl)[C@@H]1OC(=O)c1ccccc1)c1ccccc1
Brc1ncc(Br)n2ccnc12.CN(C)Cc1cn(-c2ccc(N)cc2)nn1,CN(C)Cc1cn(-c2ccc(Nc3ncc(Br)n4ccnc34)cc2)nn1
CN1CCN(c2ccccc2)CC1CN.CS(=O)(=O)Nc1ccc(C(=O)Cl)cc1,CN1CCN(c2ccccc2)CC1CNC(=O)c1ccc(NS(C)(=O)=O)cc1
CCCCCCCCCCCCCCCCCC(=O)Cl.CCCCCCCCCCCCCCCCCCNC1O[C@H](CO)[C@@H](O)[C@H](O)[C@H]1O,CCCCCCCCCCCCCCCCCCN(C(=O)CCCCCCCCCCCCCCCCC)C1O[C@H](CO)[C@@H](O)[C@H](O)[C@H]1O
CC(C)[C@H](NC(=O)OCc1ccccc1)C(=O)O.CCOC(=O)CN,CCOC(=O)CNC(=O)[C@@H](NC(=O)OCc1ccccc1)C(C)C
CCOC(=O)C1=Cc2c(Cl)c(OC)cc(Cl)c2OC1C(F)(F)F,COc1cc(Cl)c2c(c1Cl)C=C(C(=O)O)C(C(F)(F)F)O2
Cc1ccc(Cl)cc1-c1c[nH]cc1C#N.Clc1ncnn2cccc12,Cc1ccc(Cl)cc1-c1cn(-c2ncnn3cccc23)cc1C#N
COC(=O)/C=C/c1ccc2c(c1)C(=O)CC1(CCN(Cc3c[nH]c4cc(F)ccc34)CC1)O2,O=C(O)/C=C/c1ccc2c(c1)C(=O)CC1(CCN(Cc3c[nH]c4cc(F)ccc34)CC1)O2
COC(=O)C1OC(C)(C)OC1C,CC1OC(C)(C)OC1C(=O)O
O=C(O)CCCCCCCCCCCCCCBr,OCCCCCCCCCCCCCCCBr
NCc1cccs1.O=C(O)c1cc2nc(-c3ccc(Br)cc3)cc(C(F)(F)F)n2n1,O=C(NCc1cccs1)c1cc2nc(-c3ccc(Br)cc3)cc(C(F)(F)F)n2n1
O=C(O)c1cn(C2CC2)c2cc(N3CCNCC3)c(F)cc2c1=O.OB1OCc2ccc(OCCCBr)cc21,O=C(O)c1cn(C2CC2)c2cc(N3CCN(CCCOc4ccc5c(c4)B(O)OC5)CC3)c(F)cc2c1=O
CCS(=O)(=O)c1ccc(OC2CCC(=O)CC2)c(-c2cn(C)c(=O)c3[nH]ccc23)c1,CCS(=O)(=O)c1ccc(O[C@@H]2CC[C@H](O)CC2)c(-c2cn(C)c(=O)c3[nH]ccc23)c1
COc1cc(Cl)ccc1I.c1c[nH]cn1,COc1cc(Cl)ccc1-n1ccnc1
N#CCCN.[O-][n+]1nc(Cl)nc2ccccc21,N#CCCNc1nc2ccccc2[n+]([O-])n1
O=C(OCc1ccccc1)c1cc(C(F)(F)F)cc(S(=O)(=O)Cc2ccccc2)c1,O=C(O)c1cc(C(F)(F)F)cc(S(=O)(=O)Cc2ccccc2)c1
O=[N+]([O-])c1ccc(F)cc1.OCCn1cccn1,O=[N+]([O-])c1ccc(OCCn2cccn2)cc1
COC(=O)c1ccc(N)cc1O.O=S(=O)(Cl)c1cccc(OC(F)(F)F)c1,COC(=O)c1ccc(NS(=O)(=O)c2cccc(OC(F)(F)F)c2)cc1O
Brc1ccccn1.Nc1ccc([N+](=O)[O-])cn1,O=[N+]([O-])c1ccc(Nc2ccccn2)nc1
COC(=O)c1ccc2c(c1)NC(c1cccc(N3CCOCC3)c1)CC2(C)C,CC1(C)CC(c2cccc(N3CCOCC3)c2)Nc2cc(C(=O)O)ccc21
Cc1ccccc1CN(c1ccc(C#N)c(Cl)c1)[C@H]1CCNC1.O=Cc1ccc(O)c(C(=O)O)c1,Cc1ccccc1CN(c1ccc(C#N)c(Cl)c1)[C@H]1CCN(Cc2ccc(O)c(C(=O)O)c2)C1
CO.O=C(O)c1ccc(Cl)cc1Oc1cccc(C(F)(F)F)c1,COC(=O)c1ccc(Cl)cc1Oc1cccc(C(F)(F)F)c1
COC(=O)c1cc([N+](=O)[O-])c(N2CCCCC2)c(S(C)(=O)=O)c1,COC(=O)c1cc(N)c(N2CCCCC2)c(S(C)(=O)=O)c1
COC(=O)C1COC(c2ccncc2)N1C(=O)OCc1ccccc1,O=C(O)C1CO[C@@H](c2ccncc2)N1C(=O)OCc1ccccc1
CC(=O)N[C@H](C(=O)N[C@H](C(=O)NC(Cc1ccccc1)C(O)C(Cc1ccccc1)NC(=O)[C@@H](NC(=O)[C@@H](NC(C)=O)C(C)C)C(C)C)C(C)C)C(C)C,CC(=O)N[C@H](C(=O)N[C@H](C(=O)NC(Cc1ccccc1)C(=O)C(Cc1ccccc1)NC(=O)[C@@H](NC(=O)[C@@H](NC(C)=O)C(C)C)C(C)C)C(C)C)C(C)C
CC(=O)C1CCC1.c1ccc2ncc(Nc3ncnc4c3CNC4)cc2c1,CC(C1CCC1)N1Cc2ncnc(Nc3cnc4ccccc4c3)c2C1
N.O=Cc1cccc(-c2ccccc2)c1,NCc1cccc(-c2ccccc2)c1
CN1C(=O)NCC1C(=O)NCc1ccc(F)c(F)c1Cl.Cc1cc(Br)ccn1,Cc1cc(N2CC(C(=O)NCc3ccc(F)c(F)c3Cl)N(C)C2=O)ccn1
CC1=Nc2ncc(Cl)cc2C1(C)C,CC1=Nc2ncccc2C1(C)C
N#Cc1csc(C=O)c1.NO,N#Cc1csc(C=NO)c1
COc1cc(B(O)O)ccn1.O=C(NCc1cccnc1)c1ccc(Nc2ccc(Cl)n3ncnc23)cc1,COc1cc(-c2ccc(Nc3ccc(C(=O)NCc4cccnc4)cc3)c3ncnn23)ccn1
CN1C2CCC1CC(OC(=O)Nc1ccccc1Br)C2.OB(O)c1ccccc1,CN1C2CCC1CC(OC(=O)Nc1ccccc1-c1ccccc1)C2
Nc1cnc(-c2cc(F)cc(F)c2)cn1.O=C1COCCN1[C@H]1CC[C@@H](C(=O)O)CC1,O=C(Nc1cnc(-c2cc(F)cc(F)c2)cn1)[C@H]1CC[C@@H](N2CCOCC2=O)CC1
COC(=O)C=Cc1ccc(C2=C(c3ccccc3)CCCc3ccccc32)cc1,O=C(O)C=Cc1ccc(C2=C(c3ccccc3)CCCc3ccccc32)cc1
CC(=O)c1cc([N+](=O)[O-])c(Sc2ccc(Cl)cc2Cl)s1,CC(=O)c1cc(N)c(Sc2ccc(Cl)cc2Cl)s1
C#CC(O)c1ccc2ccccc2c1.O=C(O)C1CC1,C#CC(OC(=O)C1CC1)c1ccc2ccccc2c1
CCOC(=O)C(=O)c1ccc(OCC(=O)N2CCN(c3ccccc3)CC2)cc1,O=C(O)C(=O)c1ccc(OCC(=O)N2CCN(c3ccccc3)CC2)cc1
C=O.CC(C)(C)C[C@@H]1N[C@@H](C(=O)N[C@H]2CC[C@H](O)CC2)[C@H](c2cccc(Cl)c2F)[C@]12C(=O)Nc1cc(Cl)ccc12,CN1[C@@H](CC(C)(C)C)[C@@]2(C(=O)Nc3cc(Cl)ccc32)[C@@H](c2cccc(Cl)c2F)[C@@H]1C(=O)NC1CCC(O)CC1
C1=C(c2ccccc2)CCNC1.O=S1(=O)c2cccc3cccc(c23)N1CCCl,O=S1(=O)c2cccc3cccc(c23)N1CCN1CC=C(c2ccccc2)CC1
Cc1onc(-c2ccccc2)c1COc1ccc(C(=O)O)cn1.NC1CCC1,Cc1onc(-c2ccccc2)c1COc1ccc(C(=O)NC2CCC2)cn1
Cc1cc(-c2ccccc2)nc(Cl)c1C#N.Oc1ccc(N2CCNCC2)cc1,Cc1cc(-c2ccccc2)nc(N2CCN(c3ccc(O)cc3)CC2)c1C#N
CC1(C)CC(O)CC(C)(C)C1.O=[N+]([O-])c1ccc(F)cc1,CC1(C)CC(Oc2ccc([N+](=O)[O-])cc2)CC(C)(C)C1
CC1(C)OB(c2cnc(N)nc2)OC1(C)C.OCCOCCNc1ccc(-c2cc3nc(Cl)nc(N4CCOCC4)c3s2)cc1,Nc1ncc(-c2nc(N3CCOCC3)c3sc(-c4ccc(NCCOCCO)cc4)cc3n2)cn1
C#Cc1cccc(N)c1.COCCOc1ccc2ncc(C#N)c(Cl)c2c1OCCOC,C#Cc1cccc(Nc2c(C#N)cnc3ccc(OCCOC)c(OCCOC)c23)c1
C#CC1(O)CCCC1.COc1cc[nH]c1/C=C1\C(=O)Nc2cccc(Br)c21,COc1cc[nH]c1/C=C1\C(=O)Nc2cccc(C#CC3(O)CCCC3)c21
CCOC(=O)C1(S(=O)(=O)c2ccc(C(F)(F)F)cc2)CC1,O=C(O)C1(S(=O)(=O)c2ccc(C(F)(F)F)cc2)CC1
C[C@H]1CN(c2ccc3nnc(C(F)(F)F)n3n2)CCN1.O=Cc1cccnc1,C[C@H]1CN(c2ccc3nnc(C(F)(F)F)n3n2)CCN1Cc1cccnc1
CC(C)(C)OC(=O)N[C@H]1CCCC[C@H]1Nc1nc(Cl)c2c(c1F)CN(C(=O)OC(C)(C)C)C2=O.Cc1ccn2ncc(B3OC(C)(C)C(C)(C)O3)c2c1,Cc1ccn2ncc(-c3nc(N[C@@H]4CCCC[C@@H]4NC(=O)OC(C)(C)C)c(F)c4c3C(=O)N(C(=O)OC(C)(C)C)C4)c2c1
CC(C)(C)[Si](C)(C)OC/C=C/C(=O)O.O=C1N[C@@H](c2ccccc2)CO1,CC(C)(C)[Si](C)(C)OC/C=C/C(=O)N1C(=O)OC[C@@H]1c1ccccc1
CCN1CCN(CC)c2cc(N)ccc2C1.Clc1ncc(Cl)c(Nc2ccccc2-n2cccn2)n1,CCN1CCN(CC)c2cc(Nc3ncc(Cl)c(Nc4ccccc4-n4cccn4)n3)ccc2C1
CC(C)CC=O.CCOC(=O)CC#N,CCOC(=O)/C(C#N)=C/CC(C)C
CCCCCCCCCCCCCCCCCCN=C=O.O=C(NCCN1CCCCC1)C1CC=CCC1CO,CCCCCCCCCCCCCCCCCCNC(=O)OCC1CC=CCC1C(=O)NCCN1CCCCC1
CCC(=O)c1ccc(F)c(Br)c1.O=C(c1ccc(O)cc1)c1ccc(O)cc1,CCC(=C(c1ccc(O)cc1)c1ccc(O)cc1)c1ccc(F)c(Br)c1
CCOC(=O)c1cc(=O)c2cc(OC)cc(N3CCN(CC(F)(F)F)CC3)c2o1,COc1cc(N2CCN(CC(F)(F)F)CC2)c2oc(C(=O)O)cc(=O)c2c1
CC(C)(C)CNC(=O)c1ccc2cncc(Br)c2n1.OB(O)c1ccccc1F,CC(C)(C)CNC(=O)c1ccc2cncc(-c3ccccc3F)c2n1
COc1ccc(C(=O)N2c3ccccc3[C@H](O)C[C@@H]2C)cc1OC.c1ccc(CN2CCC3(CC2)CNc2ccccc23)cc1,COc1ccc(C(=O)N2c3ccccc3C(N3CC4(CCN(Cc5ccccc5)CC4)c4ccccc43)CC2C)cc1OC
Cc1nc(C(=O)O)c(-c2ccccc2)s1.c1cc2c(cc1N1CCNCC1)CCN(C1CCC1)CC2,Cc1nc(C(=O)N2CCN(c3ccc4c(c3)CCN(C3CCC3)CC4)CC2)c(-c2ccccc2)s1
COC(=O)/C=C/c1ccccc1Oc1ccc(Cl)cc1.NO,O=C(/C=C/c1ccccc1Oc1ccc(Cl)cc1)NO
CC(=O)Nc1ccc(Br)c2c1C(=O)c1cccc(Cl)c1C2=O.CI,CC(=O)N(C)c1ccc(Br)c2c1C(=O)c1cccc(Cl)c1C2=O
CC(=NNc1ccc(C(F)(F)F)cc1)C(=O)O.NCc1ccc(Cl)nc1,CC(=NNc1ccc(C(F)(F)F)cc1)C(=O)NCc1ccc(Cl)nc1
COc1cc(C=O)ccc1F.[CH3][Mg+],COc1cc(C(C)O)ccc1F
Cc1cc(F)ccc1[N+](=O)[O-].NC1(CO)CCCC1,Cc1cc(NC2(CO)CCCC2)ccc1[N+](=O)[O-]
Cc1oc(-c2ccccc2)nc1CC(=O)O.Nc1ccc(CC2SC(=O)NC2=O)cc1,Cc1oc(-c2ccccc2)nc1CC(=O)Nc1ccc(CC2SC(=O)NC2=O)cc1
C1=C(c2cccc(-c3ccccc3)c2)CCNC1,c1ccc(-c2cccc(C3CCNCC3)c2)cc1
CN1CCNCC1.COC(=O)c1sc(-n2cnc3ccc(C=O)cc32)cc1O[C@H](C)c1ccccc1C(F)(F)F,COC(=O)c1sc(-n2cnc3ccc(CN4CCN(C)CC4)cc32)cc1O[C@H](C)c1ccccc1C(F)(F)F
COC(=O)c1cn(-c2cccc([N+](=O)[O-])c2)[nH]c1=O,O=C(O)c1cn(-c2cccc([N+](=O)[O-])c2)[nH]c1=O
CC(C)(C)OC(=O)OC(=O)OC(C)(C)C.CN(Cc1ccccc1)C1C[C@H]2CCNC[C@H]2C1,CN(Cc1ccccc1)C1C[C@H]2CCN(C(=O)OC(C)(C)C)C[C@H]2C1
CC(C)n1ncc2c(=O)[nH]c([C@@H]3CNC[C@H]3C)nc21.COc1ccc(C=O)cn1,COc1ccc(CN2C[C@@H](C)[C@H](c3nc4c(cnn4C(C)C)c(=O)[nH]3)C2)cn1
CC(=O)c1ccc(F)cc1.C[S+](C)C,CC1(c2ccc(F)cc2)CO1
CI.O=Cc1c[nH]c2ccc(OCc3ccccc3)cc12,Cn1cc(C=O)c2cc(OCc3ccccc3)ccc21
Cc1ccc(S(=O)(=O)Cl)cc1.OCCC1COC1,Cc1ccc(S(=O)(=O)OCCC2COC2)cc1
CC(C)(C)OC(=O)N1C[C@@H](CCl)c2c1cc(O)c1ccccc21,Oc1cc2c(c3ccccc13)[C@H](CCl)CN2
CC(C)(C)OC(=O)Nc1ccccc1B(O)O.COC(=O)c1ccc(CBr)cc1C(=O)OC,COC(=O)c1ccc(Cc2ccccc2NC(=O)OC(C)(C)C)cc1C(=O)OC
CCOC(=O)C(=O)CC(=O)c1ccc(-c2ccc(S)cc2)cc1,O=C(O)C(=O)CC(=O)c1ccc(-c2ccc(S)cc2)cc1
COc1ccc2c(CCCCN3CC=C(c4cccs4)CC3)c[nH]c2c1,Oc1ccc2c(CCCCN3CC=C(c4cccs4)CC3)c[nH]c2c1
COc1ccc(NC(=O)C(C)(CO)NC(=O)OC(C)(C)C)cc1NS(=O)(=O)c1ccc(-c2ccc(C)o2)c(F)c1,COc1ccc(NC(=O)[C@@](C)(N)CO)cc1NS(=O)(=O)c1ccc(-c2ccc(C)o2)c(F)c1
Cc1c(C=O)[nH]c2c1C(=O)N(CCN1CCCCC1)CC2.O=C1Cc2c(ncnc2Nc2ccc(F)c(Cl)c2)N1,Cc1c(C=C2C(=O)Nc3ncnc(Nc4ccc(F)c(Cl)c4)c32)[nH]c2c1C(=O)N(CCN1CCCCC1)CC2
CC(C)(C)OC(=O)N1CCC(C(=O)Nc2nc(-c3ccco3)c(-c3ccncc3)s2)CC1,O=C(Nc1nc(-c2ccco2)c(-c2ccncc2)s1)C1CCNCC1
Cc1ccccc1C(=O)c1cncnc1C(C)(C)C,Cc1ccccc1C(O)c1cncnc1C(C)(C)C
COC(=O)c1nc(Br)cnc1SC.Nc1ccccn1,CSc1ncc(Br)nc1C(=O)Nc1ccccn1
CCCn1nc2c(N)nc3ccccc3c2c1CC(C)(C)N.O=C(Cl)c1cccnc1,CCCn1nc2c(N)nc3ccccc3c2c1CC(C)(C)NC(=O)c1cccnc1
CC(C)(C)OC(=O)N1CCNCC1.O=[N+]([O-])c1ccc(F)cc1F,CC(C)(C)OC(=O)N1CCN(c2cc(F)ccc2[N+](=O)[O-])CC1
CCOC1CCN(c2ccc([N+](=O)[O-])cc2)CC1,CCOC1CCN(c2ccc(N)cc2)CC1
CCCCc1nc2ccc(N3CCCNC3=O)cc2n1Cc1ccc(OC(C(=O)OCC)c2ccccc2)cc1,CCCCc1nc2ccc(N3CCCNC3=O)cc2n1Cc1ccc(OC(C(=O)O)c2ccccc2)cc1
c1cc(N2CCC3(CC2)OCCO3)ccc1CN1CCOCC1,O=C1CCN(c2ccc(CN3CCOCC3)cc2)CC1
O=C1OC(CCc2ccc(OCc3ccccc3)cc2)(C2CCCC2)CC(O)=C1Cl.Oc1nc(S)nc2[nH]ccc12,O=C1OC(CCc2ccc(OCc3ccccc3)cc2)(C2CCCC2)CC(O)=C1Sc1nc(O)c2cc[nH]c2n1
COc1cc(-c2cncc3c2cnn3C)ccc1NC(=O)Nc1cccc(C(F)(F)F)c1,Cn1ncc2c(-c3ccc(NC(=O)Nc4cccc(C(F)(F)F)c4)c(O)c3)cncc21
CN.Clc1nc(Cl)nc(N2CCc3ccccc32)n1,CNc1nc(Cl)nc(N2CCc3ccccc32)n1
CC(C)(C)OC(=O)NCCN.CC(C)(C)OC(=O)n1ncc2cc(NC(=O)C(OS(C)(=O)=O)c3cccc(Cl)c3)ccc21,CC(C)(C)OC(=O)NCCNC(C(=O)Nc1ccc2c(cnn2C(=O)OC(C)(C)C)c1)c1cccc(Cl)c1
CCc1cccc(CC)c1B(O)O.COC(=O)c1c(C)nc(Cl)nc1OC,CCc1cccc(CC)c1-c1nc(C)c(C(=O)OC)c(OC)n1
O=C1CC(c2ccc(F)cc2)C(COc2ccc3c(c2)OCO3)CN1,Fc1ccc(C2CCNCC2COc2ccc3c(c2)OCO3)cc1
C=C[C@@H]1C[C@]1(NC(=O)[C@@H]1C[C@@H](Oc2cc(-c3ccccc3)nc3cc(OC)ccc23)CN1C(=O)OC(C)(C)C)C(=O)NS(=O)(=O)c1ccccc1NC(=O)CCCCCCCCC(=O)OC,C=C[C@@H]1C[C@]1(NC(=O)[C@@H]1C[C@@H](Oc2cc(-c3ccccc3)nc3cc(OC)ccc23)CN1C(=O)OC(C)(C)C)C(=O)NS(=O)(=O)c1ccccc1NC(=O)CCCCCCCCC(=O)O
COC1COCCC1N[C@@H]1C[C@H]2CN(C(=O)OCc3ccccc3)C[C@@]2(C(=O)N2CCc3ncc(C(F)(F)F)cc3C2)C1,CO[C@@H]1COCC[C@@H]1N[C@@H]1C[C@H]2CNC[C@@]2(C(=O)N2CCc3ncc(C(F)(F)F)cc3C2)C1
CN1CCNCC1.O=S(=O)(c1ccccc1)n1cc(I)c2c(Cl)ccnc21,CN1CCN(c2ccnc3c2c(I)cn3S(=O)(=O)c2ccccc2)CC1
COC(=O)CC(C)C(=O)N1C(c2ccccc2O)SC[C@H]1C(=O)O,CC(CC(=O)O)C(=O)N1C(c2ccccc2O)SC[C@H]1C(=O)O
Clc1nccc2cccnc12.Nc1ccc(F)cn1,Fc1ccc(Nc2nccc3cccnc23)nc1
O=C(C=Cc1ccccc1)c1cc(Cl)ccc1O,O=C1CC(c2ccccc2)Oc2ccc(Cl)cc21
CCOC(=O)C(OC(C)(C)C)c1c(C)sc(C)c1B1OC(C)(C)C(C)(C)O1.Ic1ccccc1,CCOC(=O)C(OC(C)(C)C)c1c(C)sc(C)c1-c1ccccc1
COC(=O)c1nc(Cl)c(N)nc1N,Nc1nc(N)c(C(=O)O)nc1Cl
CCOC(=O)CC(Cc1nc(C(=O)O)co1)c1ccccc1.NCCCNc1ccccn1,CCOC(=O)CC(Cc1nc(C(=O)NCCCNc2ccccn2)co1)c1ccccc1
COC(=O)Cn1cc(/C=C2\CN(C(C(=O)C3CC3)c3ccccc3F)CCC2S)nn1,O=C(O)Cn1cc(/C=C2\CN(C(C(=O)C3CC3)c3ccccc3F)CCC2S)nn1
CCOC(=O)/C(=C/C1CCN(S(=O)(=O)c2ccc(OC(F)(F)F)cc2)CC1)OC,CO/C(=C\C1CCN(S(=O)(=O)c2ccc(OC(F)(F)F)cc2)CC1)C(=O)O
CC(=O)N1CCN(CC(C)(C)[N+](=O)[O-])CC1,CC(=O)N1CCN(CC(C)(C)N)CC1
CC(C)I.O=Cc1ccc(OCc2ccccc2)cc1O,CC(C)Oc1cc(OCc2ccccc2)ccc1C=O
CN1CCN(C=C2SC(=O)NC2=O)CC1.ClCCCCSc1cccc2nccn12,CN1CCN(C=C2SC(=O)N(CCCCSc3cccc4nccn34)C2=O)CC1
CI.CN1CCC(OC(=O)C(C)(c2ccc(C#N)cc2)C2CCCC2)CC1,CC(C(=O)OC1CC[N+](C)(C)CC1)(c1ccc(C#N)cc1)C1CCCC1
CC(C)(C)OC(=O)N1CCC(N)CC1.CCOC(=O)Nc1cscc1C=O,CCOC(=O)Nc1cscc1CNC1CCN(C(=O)OC(C)(C)C)CC1
O=C(O)C1CCOCC1.O[C@@H]1CCNC1,O=C(C1CCOCC1)N1CC[C@@H](O)C1
C=O.CC(=O)Nc1ccc(C(F)(F)F)c(OC[C@H]2CCCN2)c1,CC(=O)Nc1ccc(C(F)(F)F)c(OC[C@H]2CCCN2C)c1
CC(C)(C)OC(=O)NCCNC(=O)c1cccc(CSc2nc(N)c(C#N)c(-c3ccccc3)c2C#N)c1,N#Cc1c(N)nc(SCc2cccc(C(=O)NCCN)c2)c(C#N)c1-c1ccccc1
CC(C)N(C(=O)c1ccc2c(c1)N(CCNC(=O)OCc1ccccc1)C(=O)C2(C)C)[C@@H]1CCCN(C(=O)OC(C)(C)C)C1,CC(C)N(C(=O)c1ccc2c(c1)N(CCN)C(=O)C2(C)C)[C@@H]1CCCN(C(=O)OC(C)(C)C)C1
CC(COc1ccccc1)Oc1c(C(=O)O)ccc2ccccc12.COC(=O)C(C)(C)N,COC(=O)C(C)(C)NC(=O)c1ccc2ccccc2c1OC(C)COc1ccccc1
CCOC(=O)[C@@H]1CCCNC1.O=C(Cl)C1(c2ccc(Cl)cc2)CCC1,CCOC(=O)[C@@H]1CCCN(C(=O)C2(c3ccc(Cl)cc3)CCC2)C1
O=[N+]([O-])c1ccccc1F.Sc1ccc(Cl)cc1,O=[N+]([O-])c1ccccc1Sc1ccc(Cl)cc1
Cc1ccccc1Nc1nc(C=O)cs1.O=C(O)CN1C(=O)CSC1=S,Cc1ccccc1Nc1nc(C=C2SC(=S)N(CC(=O)O)C2=O)cs1
CCCC(=O)O[C@H](C)c1nccc(N2CCc3c(nc(C)nc3-c3ccccc3)C2)n1,Cc1nc2c(c(-c3ccccc3)n1)CCN(c1ccnc([C@@H](C)O)n1)C2
CC(C)c1nc(-c2ccc(F)cc2)c(-c2ccc(F)cc2)n1/C=C/[C@@H](O)CC(=O)CC(=O)OC(C)(C)C,CC(C)c1nc(-c2ccc(F)cc2)c(-c2ccc(F)cc2)n1/C=C/[C@@H](O)C[C@@H](O)CC(=O)OC(C)(C)C
CI.c1cc2n(n1)CCCN2,CN1CCCn2nccc21
COC(=O)c1coc2cc(O[Si](C(C)C)(C(C)C)C(C)C)ccc12,COC(=O)c1coc2cc(O)ccc12
CCC/C(=C\S(=O)(=O)c1ccccc1)C(=O)O,CCCC(CS(=O)(=O)c1ccccc1)C(=O)O
Cc1ccc(C)cc1.O=C(Cl)CBr,Cc1ccc(C)c(C(=O)CBr)c1
CC(C)(C)OC(=O)N1CCC(Nc2ccc(Cl)cc2)CC1,Clc1ccc(NC2CCNCC2)cc1
N#C[S-].O=C(CCCl)N1CCCC1,N#CSCCC(=O)N1CCCC1
CC(O)(C#Cc1ccc(S(=O)(=O)c2ccccc2)cc1)C(F)(F)F,CC(O)(/C=C/c1ccc(S(=O)(=O)c2ccccc2)cc1)C(F)(F)F
CC(=O)O.CNc1c(N)ccc(-c2ccccc2Cl)c1C#N,Cc1nc2ccc(-c3ccccc3Cl)c(C#N)c2n1C
CC(=O)Nc1sc(S(=O)(=O)c2ccc(OC(F)(F)F)cc2)cc1C(N)=O,NC(=O)c1cc(S(=O)(=O)c2ccc(OC(F)(F)F)cc2)sc1N
CC(=O)O[C@@H]1CC[C@@H]2CC[C@@H]3[C@H](CC[C@]4(C)[C@@H](O)[C@@H](N5CCCCC5)C[C@@H]34)[C@@]2(C)C1,C[C@]12C[C@H](O)CC[C@@H]1CC[C@@H]1[C@@H]2CC[C@]2(C)[C@@H](O)[C@@H](N3CCCCC3)C[C@@H]12
Clc1cc(N2CCC3(CC2)OCCO3)ccn1,O=C1CCN(c2ccnc(Cl)c2)CC1
O=C(Nc1cc(-c2cncc(NCC3CCOCC3)n2)c(Cl)cn1)[C@H]1CN(C(=O)OCc2ccccc2)C[C@H]1F,O=C(Nc1cc(-c2cncc(NCC3CCOCC3)n2)c(Cl)cn1)[C@H]1CNC[C@H]1F
Cc1ccc(B(O)O)cc1.N#Cc1ccccc1Cl,Cc1ccc(-c2ccccc2C#N)cc1
CN.Nc1nc(OS(=O)(=O)C(F)(F)F)c([N+](=O)[O-])c(-c2ccco2)n1,CNc1nc(N)nc(-c2ccco2)c1[N+](=O)[O-]
CCOC(=O)C(=O)c1csc(N)n1.COc1cc(N=C=O)cc(OC)c1OC,CCOC(=O)C(=O)c1csc(NC(=O)Nc2cc(OC)c(OC)c(OC)c2)n1
CCOC(=O)c1cnc(Nc2nc3c(cc(C(=O)N(C4CC4)C4CC4)n3CC)c3c2ncn3C)s1,CCn1c(C(=O)N(C2CC2)C2CC2)cc2c3c(ncn3C)c(Nc3ncc(C(=O)O)s3)nc21
Clc1cccc(Cl)c1CBr.OCCO,OCCOCc1c(Cl)cccc1Cl
Cc1ccc(C(=O)N(CCCN2C(=O)c3ccccc3C2=O)C(c2nc3n(c(=O)c2Cc2ccccc2)CCCC3)C(C)C)cc1,Cc1ccc(C(=O)N(CCCN)C(c2nc3n(c(=O)c2Cc2ccccc2)CCCC3)C(C)C)cc1
CC(=O)Cl.CC(=O)c1ccc(OCCCN2CCN(C(=O)[C@@H](C)N)CC2)cc1,CC(=O)N[C@H](C)C(=O)N1CCN(CCCOc2ccc(C(C)=O)cc2)CC1
CC(C)(C)OC(=O)N1CCC(O)CC1.Fc1ccc(Cl)cc1,CC(C)(C)OC(=O)N1CCC(Oc2ccc(Cl)cc2)CC1
Brc1ccc2c(ccc3ncnn32)c1.CCCCC(CC)COC(=O)CCS,CCCCC(CC)COC(=O)CCSc1ccc2c(ccc3ncnn32)c1
Cc1ccccc1[C@H](CC(=O)C1CCC(=O)N(C)C1)c1ccc(N2CCC(C(=O)[O-])CC2)cc1.NO,Cc1ccccc1[C@H](C/C(=N\O)C1CCC(=O)N(C)C1)c1ccc(N2CCC(C(=O)[O-])CC2)cc1
COc1cc2c(-c3ccc(Br)cc3F)nc(N)nc2cc1OCc1ccccc1,COc1cc2c(-c3ccc(Br)cc3F)nc(N)nc2cc1O
C1COCCN1.O=C(O)c1ccc(-c2cn3c(I)cnc3cn2)cc1,O=C(c1ccc(-c2cn3c(I)cnc3cn2)cc1)N1CCOCC1
COc1ccc(Cn2cc(-c3cc4n(-c5cc(NC(=O)c6cc(N7CCOCC7)cc(S(F)(F)(F)(F)F)c6)ccc5C)ccn4n3)cn2)cc1,Cc1ccc(NC(=O)c2cc(N3CCOCC3)cc(S(F)(F)(F)(F)F)c2)cc1-n1ccn2nc(-c3cn[nH]c3)cc12
CCOC(=O)CN1c2cc(CC(=O)NC(c3ccccc3)c3ccc(C)cc3C)ccc2NC1c1c(C)noc1C,Cc1ccc(C(NC(=O)Cc2ccc3c(c2)N(CC(=O)O)C(c2c(C)noc2C)N3)c2ccccc2)c(C)c1
Ic1cccnc1.O=C1CCCN1,O=C1CCCN1c1cccnc1
CC(C)(C#N)c1ccc(Nc2c([N+](=O)[O-])nnc3ccc(Br)cc23)cc1,CC(C)(C#N)c1ccc(Nc2c(N)nnc3ccc(Br)cc23)cc1
O=C1c2ccccc2C(=O)N1CCN1CCN(c2cccc3ccccc23)CC1,NCCN1CCN(c2cccc3ccccc23)CC1
COC(=O)C(C)(C)NC(=O)Nc1cccc(Cc2n[nH]c(=O)c3c2CCCC3)c1,CC1(C)NC(=O)N(c2cccc(Cc3n[nH]c(=O)c4c3CCCC4)c2)C1=O
CCOC(=O)c1nnc(Cl)cc1Nc1cccc(-n2nccn2)n1.N,NC(=O)c1nnc(Cl)cc1Nc1cccc(-n2nccn2)n1
COc1cc2c(Cl)ncnc2cc1OCCCN1CCCCC1.Oc1ccc2cc(F)cnc2c1,COc1cc2c(Oc3ccc4cc(F)cnc4c3)ncnc2cc1OCCCN1CCCCC1
Cn1ccc2ccc(I)cc21.c1c[nH]cn1,Cn1ccc2ccc(-n3ccnc3)cc21
CC(=O)Cl.COc1cc2ncnc(Oc3ccc4[nH]ccc4c3F)c2cc1OCC1CCNCC1,COc1cc2ncnc(Oc3ccc4[nH]ccc4c3F)c2cc1OCC1CCN(C(C)=O)CC1
CCOP(OCC)OCC.Cc1cccnc1Oc1cccc(CCl)c1,CCOP(=O)(Cc1cccc(Oc2ncccc2C)c1)OCC
CC(C)(C)OC(=O)OC(=O)OC(C)(C)C.COC(=O)[C@@H]1C=C[C@H](N)C1,COC(=O)[C@@H]1C=C[C@H](NC(=O)OC(C)(C)C)C1
COC(=O)C[C@@H]1COc2cc(NCc3cccc(-c4cc(C)sc4C)c3C)ccc21,Cc1cc(-c2cccc(CNc3ccc4c(c3)OC[C@H]4CC(=O)O)c2C)c(C)s1
CC(C)(C)OC(=O)N1CCN(CCOC(=O)N[C@@H](Cc2ccc(OC(C)(C)C)cc2)C(=O)O)CC1.CNCc1ccccc1,CN(Cc1ccccc1)C(=O)[C@H](Cc1ccc(OC(C)(C)C)cc1)NC(=O)OCCN1CCN(C(=O)OC(C)(C)C)CC1
CCOC(=O)C(C)(C)Oc1cc(OCCCCCOc2ccc(C=NN)cc2)ccc1C(=O)N(C(C)C)C(C)C,CC(C)N(C(=O)c1ccc(OCCCCCOc2ccc(C=NN)cc2)cc1OC(C)(C)C(=O)O)C(C)C
CNCC#N.COc1cc(OCc2csc(C3(O)CCC(C(=O)O)CC3)n2)c2cc(-c3cn4nc(OC)sc4n3)oc2c1,COc1cc(OCc2csc(C3(O)CCC(C(=O)N(C)CC#N)CC3)n2)c2cc(-c3cn4nc(OC)sc4n3)oc2c1
Cc1ncc(-c2cccc(N)c2)n1C.Clc1nccc2c(-c3ccsc3)cccc12,Cc1ncc(-c2cccc(Nc3nccc4c(-c5ccsc5)cccc34)c2)n1C
C1CCNC1.O=[N+]([O-])c1cnccc1Cl,O=[N+]([O-])c1cnccc1N1CCCC1
COC(=O)C(NC(=O)c1cc(-c2ccc(O)cc2)no1)C(C)C.Fc1ccc2nc(Cl)sc2c1,COC(=O)C(NC(=O)c1cc(-c2ccc(Oc3nc4ccc(F)cc4s3)cc2)no1)C(C)C
COC(=O)/C=C/c1cnc(Cl)c(Cl)c1,O=C(O)/C=C/c1cnc(Cl)c(Cl)c1
BrCc1cccnc1.FC(F)(F)c1ccccc1-c1nnn[nH]1,FC(F)(F)c1ccccc1-c1nnnn1Cc1cccnc1
CC(C)(C)OC(=O)NCC(=O)CCC(=O)[O-].O=C(CCCBr)OCc1ccccc1,CC(C)(C)OC(=O)NCC(=O)CCC(=O)OCCCC(=O)OCc1ccccc1
CC(C)(C)OC(=O)N[C@H]1CC[C@H](C(=O)O/N=C(\N)C(F)(F)c2ccccc2)C1,CC(C)(C)OC(=O)N[C@H]1CC[C@H](c2nc(C(F)(F)c3ccccc3)no2)C1
CS(=O)(=O)Cl.OCC1CCC2(CC1)OC=Cc1ccccc12,CS(=O)(=O)OCC1CCC2(CC1)OC=Cc1ccccc12
Cn1nc(-c2cccs2)cc1N.O=C(Cl)c1ccc(C(F)(F)F)cc1,Cn1nc(-c2cccs2)cc1NC(=O)c1ccc(C(F)(F)F)cc1
CCc1cccc(CC)c1-c1cccc(CO)c1.COC(=O)CCc1ccc(O)cc1,CCc1cccc(CC)c1-c1cccc(COc2ccc(CCC(=O)OC)cc2)c1
BrCC1CCC1.O=C(c1cccs1)c1cnn2c(-c3cccc(-c4nnn[nH]4)c3)ccnc12,O=C(c1cccs1)c1cnn2c(-c3cccc(-c4nnnn4CC4CCC4)c3)ccnc12
CSCC(C)N.Clc1cc(-c2ccnc(Cl)n2)ccn1,CSCC(C)Nc1nccc(-c2ccnc(Cl)c2)n1
CC(=O)Cl.Oc1cccc(C2(OCC(F)(F)F)OOC23C2CC4CC(C2)CC3C4)c1,CC(=O)Oc1cccc(C2(OCC(F)(F)F)OOC23C2CC4CC(C2)CC3C4)c1
CN(C)c1nc(N[C@H]2CC[C@@H](NCc3ccc(Br)cc3OC(F)(F)F)CC2)nc2ccccc12.N,CN(C)c1nc(N[C@@H]2CC[C@H](NCc3ccc(N)cc3OC(F)(F)F)CC2)nc2ccccc12
Nc1cccc(OCc2ccccc2)c1.O=C(O)C(O)CC1CCCCC1,O=C(Nc1cccc(OCc2ccccc2)c1)C(O)CC1CCCCC1
Cc1cccc(-c2[nH]c(C(C)C)nc2-c2cccc(Br)c2)n1.O=[N+]([O-])c1ccc(B(O)O)cc1,Cc1cccc(-c2[nH]c(C(C)C)nc2-c2cccc(-c3ccc([N+](=O)[O-])cc3)c2)n1
C1=CCNC1.O=C(N[C@@H](Cc1ccccc1)[C@@H](O)C(=O)O)c1cc2cc(Cl)ccc2[nH]1,O=C(N[C@@H](Cc1ccccc1)[C@@H](O)C(=O)N1CC=CC1)c1cc2cc(Cl)ccc2[nH]1
CN(C)c1ccccc1CC(=O)O.c1ccc(C2(c3ccccc3)CCSC3CNCC32)cc1,CN(C)c1ccccc1CC(=O)N1CC2SCCC(c3ccccc3)(c3ccccc3)C2C1
CCOC(=O)c1cn2cc(Br)cc(C(F)(F)F)c2n1,O=C(O)c1cn2cc(Br)cc(C(F)(F)F)c2n1
CCOC(=O)C(CCCCCCCCC1c2ccc(O)cc2OCC1(C)c1ccc(O)cc1)CCC(F)(F)C(F)(F)C(F)(F)C(F)(F)F,CC1(c2ccc(O)cc2)COc2cc(O)ccc2C1CCCCCCCCC(CCC(F)(F)C(F)(F)C(F)(F)C(F)(F)F)C(=O)O
COCOc1cccc2oc(-c3nnc(SC)o3)cc12,CSc1nnc(-c2cc3c(O)cccc3o2)o1
CCCCC(=O)N(Cc1ccc(-c2ccccc2-c2nnn[nH]2)cc1)[C@H]1CCCC[C@H]1C(=O)OCC,CCCCC(=O)N(Cc1ccc(-c2ccccc2-c2nnn[nH]2)cc1)[C@@H]1CCCC[C@@H]1C(=O)O
CCOC(=O)c1[nH]c(C)c(Cl)c1C,Cc1[nH]c(C(=O)O)c(C)c1Cl
CC(C)(C)OC(=O)NC1CCN(Cc2ccc(Cl)cc2)C1,NC1CCN(Cc2ccc(Cl)cc2)C1
Cc1cc(OCCCCCl)cc2c1NC(=O)OC2(C)C.Sc1ccccn1,Cc1cc(OCCCCSc2ccccn2)cc2c1NC(=O)OC2(C)C
Nc1ccc(F)cc1[N+](=O)[O-],Nc1ccc(F)cc1N
COC(=O)CCCCCCN.O=C(O)C(=O)c1cn2c3c(cccc13)CCC2,COC(=O)CCCCCCNC(=O)C(=O)c1cn2c3c(cccc13)CCC2
CC(=N)O.NCCC[C@H](NC(=O)c1ccc(C(c2ccccc2Cl)c2ccccc2Cl)s1)C(=O)O,CC(=N)NCCC[C@H](NC(=O)c1ccc(C(c2ccccc2Cl)c2ccccc2Cl)s1)C(=O)O
O=C(Cl)OCc1ccccc1.O=C1CCCNc2cc(Cl)ccc21,O=C1CCCN(C(=O)OCc2ccccc2)c2cc(Cl)ccc21
COc1ncc(N2CCOc3ccc(O[Si](C)(C)C(C)(C)C)cc32)cc1C#N,COc1ncc(N2CCOc3ccc(O)cc32)cc1C#N
CC(C)(C)OC(=O)N1CCC(Oc2ccc(N)cc2Cl)CC1.COC(=O)CCCCN(Cc1ccc(OC)cc1)c1ncnc(Cl)c1C=O,COC(=O)CCCCN(Cc1ccc(OC)cc1)c1ncnc(Nc2ccc(OC3CCN(C(=O)OC(C)(C)C)CC3)c(Cl)c2)c1C=O
CC1(C)OB(c2ccc3cn(Cc4ccccc4)nc3c2)OC1(C)C.Nc1ncnn2c(CCO)cc(Br)c12,Nc1ncnn2c(CCO)cc(-c3ccc4cn(Cc5ccccc5)nc4c3)c12
NC1(Cl)N=C(Cc2ccccc2)C([N+](=O)[O-])=CN1.c1nnn[nH]1,NC1(n2cnnn2)N=C(Cc2ccccc2)C([N+](=O)[O-])=CN1
CC(C)(C)c1ccc(NC(=O)c2ccc(Cl)nc2)cc1.c1cn[nH]c1,CC(C)(C)c1ccc(NC(=O)c2ccc(-n3cccn3)nc2)cc1
COC(=O)C(CC1CC1)[C@@H]1c2ccccc2C[C@H]1N.O=C(O)c1cc2sc(Cl)c(Cl)c2[nH]1,COC(=O)C(CC1CC1)[C@@H]1c2ccccc2C[C@H]1NC(=O)c1cc2sc(Cl)c(Cl)c2[nH]1
CC1CCCC(C(=O)O)C1.O=C(NCCC1CC1)c1ccc(N2CCNCC2)nn1,CC1CCCC(C(=O)N2CCN(c3ccc(C(=O)NCCC4CC4)nn3)CC2)C1
CCN(c1cc(B2OC(C)(C)C(C)(C)O2)cc(C(=O)OC)c1C)C1CCOCC1.CN1CCC(Oc2ccc(Br)cn2)CC1,CCN(c1cc(-c2ccc(OC3CCN(C)CC3)nc2)cc(C(=O)OC)c1C)C1CCOCC1
C=CCO[C@H]1CNCC[C@H]1NC(=O)c1[nH]c(C)c(Cl)c1Cl.COC(=O)c1sc(Cl)nc1-c1ncnn1C,C=CCO[C@H]1CN(c2nc(-c3ncnn3C)c(C(=O)OC)s2)CC[C@H]1NC(=O)c1[nH]c(C)c(Cl)c1Cl
Cc1cc(Br)cc2c(C(C)C)c[nH]c12,Cc1cc(Br)cc2c1NCC2C(C)C
CC(=O)N1CCC(C(=O)c2ccc(F)cc2F)CC1.CNN,CC(=O)N1CCC(c2nn(C)c3cc(F)ccc23)CC1
CC(O)CNc1c(Br)cnc2ccccc12,CC1CNc2c(cnc3ccccc23)O1
Brc1cccc(Nc2ccncn2)n1.ClCCN1CCOCC1,Brc1cccc(N(CCN2CCOCC2)c2ccncn2)n1
CC1(C)CNc2nc(-c3ccncn3)cc(=O)n2C1.CS(=O)(=O)OCC1Cc2nccnc2C1,CC1(C)CN(CC2Cc3nccnc3C2)c2nc(-c3ccncn3)cc(=O)n2C1
CCC(=O)OCCl.Cc1cccc(C(C)c2ncc[nH]2)c1C,CCC(=O)OCn1ccnc1C(C)c1cccc(C)c1C
COCCS(=O)(=O)c1ccccc1S(=O)(=O)N=C=O.COc1cc(OC)nc(N)n1,COCCS(=O)(=O)c1ccccc1S(=O)(=O)NC(=O)Nc1nc(OC)cc(OC)n1
CCCc1c(C(=O)NCc2ccc(-c3ccc(OCC(=O)OC)cc3)cc2)cnn1-c1ccccc1,CCCc1c(C(=O)NCc2ccc(-c3ccc(OCC(=O)O)cc3)cc2)cnn1-c1ccccc1
ClCCCBr.NC(=O)c1ccc(O)cc1,NC(=O)c1ccc(OCCCCl)cc1
Cc1cc(C)n2nc(S)nc2n1.Cc1noc(C)c1-c1ccc(CCC2(C3CCCC3)CC(O)=C(Cl)C(=O)O2)cc1,Cc1cc(C)n2nc(SC3=C(O)CC(CCc4ccc(-c5c(C)noc5C)cc4)(C4CCCC4)OC3=O)nc2n1
CNC.Nc1nc(Cl)cnc1-c1cccc(Cl)c1Cl,CN(C)c1cnc(-c2cccc(Cl)c2Cl)c(N)n1
CCOC(=O)C(C)(c1ccc2c(C(F)(F)F)c(O[C@@H]3CC[C@@H](C(C)(C)C)CC3)ccc2n1)[N+](=O)[O-],CCOC(=O)C(C)(N)c1ccc2c(C(F)(F)F)c(O[C@@H]3CC[C@@H](C(C)(C)C)CC3)ccc2n1
CC(C)(C)OC(=O)N1CCC(=O)CC1.Nc1ncnc2c1c(-c1ccc(Oc3ccccc3)cc1)cn2C1CCNCC1,CC(C)(C)OC(=O)N1CCC(N2CCC(n3cc(-c4ccc(Oc5ccccc5)cc4)c4c(N)ncnc43)CC2)CC1
O=C(Cl)OCc1ccc([N+](=O)[O-])cc1.O=C(O)[C@@H]1CSCN1,O=C(O)[C@@H]1CSCN1C(=O)OCc1ccc([N+](=O)[O-])cc1
COC(=O)c1nn(-c2cc(C#C[C@]3(O)CCN(C)C3=O)cc(C(C)O)c2)c2ncccc12.N,CC(O)c1cc(C#C[C@]2(O)CCN(C)C2=O)cc(-n2nc(C(N)=O)c3cccnc32)c1
CC(=O)O[C@H](COCc1ccccc1)[C@@H](O)c1ccccc1Cl,O[C@H](COCc1ccccc1)[C@@H](O)c1ccccc1Cl
COC(=O)C(C)(C)Oc1cc(Cl)c(OCc2cc(-c3ccc(OC(F)(F)F)cc3)nn2C)cc1Cl,Cn1nc(-c2ccc(OC(F)(F)F)cc2)cc1COc1cc(Cl)c(OC(C)(C)C(=O)O)cc1Cl
COc1cccc(CBr)c1.Nc1nccn2c(C3CCC3)nc(-c3cccc(O)c3)c12,COc1cccc(COc2cccc(-c3nc(C4CCC4)n4ccnc(N)c34)c2)c1
O=C(CCCl)c1ccccc1.O=C1N(Cc2ccc(Br)cc2)CCC12CCNCC2,O=C(CCN1CCC2(CC1)CCN(Cc1ccc(Br)cc1)C2=O)c1ccccc1
CS(=O)(=O)Cl.c1cc2c(Nc3ccc4cn[nH]c4c3)nc(Nc3ccc(N4CCNCC4)cc3)nc2[nH]1,CS(=O)(=O)N1CCN(c2ccc(Nc3nc(Nc4ccc5cn[nH]c5c4)c4cc[nH]c4n3)cc2)CC1
CC(C)(C)OC(=O)NC1=NC(C)(c2cc(N)ccc2F)COC1(CF)CF.Cc1cc(C#N)cnc1C(=O)O,Cc1cc(C#N)cnc1C(=O)Nc1ccc(F)c(C2(C)COC(CF)(CF)C(NC(=O)OC(C)(C)C)=N2)c1
Clc1ccccn1.Nc1nccs1,c1ccc(Nc2nccs2)nc1
C[O-].Nc1nc(Cl)cc(C=C(Cl)Cl)n1,COc1cc(C=C(Cl)Cl)nc(N)n1
N.O=C1C(Br)CCN1Cc1ccc(Cl)cc1,NC1CCN(Cc2ccc(Cl)cc2)C1=O
CCOC(=O)c1cccc(Nc2c(C(N)=O)cnc3cc(Cl)ccc23)c1.OB(O)c1cc(F)ccc1F,CCOC(=O)c1cccc(Nc2c(C(N)=O)cnc3cc(-c4cc(F)ccc4F)ccc23)c1
COC(OC)c1cc(C)cc(CBr)c1.[C-]#N,COC(OC)c1cc(C)cc(CC#N)c1
CCOC(=O)c1ccc(-n2cc(C#N)c3c(OCc4ccccc4)cccc32)cc1,N#Cc1cn(-c2ccc(C(=O)O)cc2)c2cccc(OCc3ccccc3)c12
NC(N)=S.O=C(CBr)c1cccc([N+](=O)[O-])c1,Nc1nc(-c2cccc([N+](=O)[O-])c2)cs1
COc1cc(F)c(F)cc1B(O)O.Oc1ccc(I)cc1,COc1cc(F)c(F)cc1-c1ccc(O)cc1
OCc1cncc(Br)c1.[CH3][Sn]([CH3])([CH3])[c]1ccc2nc(C(=O)Nc3ccccc3)cn2c1,O=C(Nc1ccccc1)c1cn2cc(-c3cncc(CO)c3)ccc2n1
CC(C)NCCSc1ccc(Cl)cc1.O=C(Cl)Oc1ccccc1,CC(C)N(CCSc1ccc(Cl)cc1)C(=O)Oc1ccccc1
NCc1cccs1.O=Cc1ccc(-c2cc3ncnc(Nc4ccc5[nH]ccc5c4)c3s2)cc1,c1csc(CNCc2ccc(-c3cc4ncnc(Nc5ccc6[nH]ccc6c5)c4s3)cc2)c1
NC(CC1C(=O)Nc2ccccc21)C(=O)O.O=C(O)c1ccc(Cl)cc1,O=C(NC(CC1C(=O)Nc2ccccc21)C(=O)O)c1ccc(Cl)cc1
O=Cc1ccc2nc(C(=O)Nc3ccccc3)cn2c1.OCCO,O=C(Nc1ccccc1)c1cn2cc(C3OCCO3)ccc2n1
COc1ncccc1O.ClCC1CO1,COc1ncccc1OCC1CO1
C[C@](C(=O)O[C@H]1CN2CCC1CC2)(c1ccccc1)N1CCCCC1.O=C(CBr)Nc1ccon1,C[C@](C(=O)O[C@H]1C[N+]2(CC(=O)Nc3ccon3)CCC1CC2)(c1ccccc1)N1CCCCC1
NCc1ccccc1.Nc1nc(N)c(Br)c(Cl)n1,Nc1nc(N)c(Br)c(NCc2ccccc2)n1
Brc1cccc2cnccc12.[C-]#N,N#Cc1cccc2cnccc12
NN.O=C(O)CCCCC(O)c1ccc(-c2ccc(Cl)cc2)cc1,NNC(=O)CCCCC(O)c1ccc(-c2ccc(Cl)cc2)cc1
COC(=O)c1ccccc1C(=O)c1ccc(Cl)c([N+](=O)[O-])c1.O=C1OCc2ccc(Cl)cc2N1C1CCNCC1,COC(=O)c1ccccc1C(=O)c1ccc(N2CCC(N3C(=O)OCc4ccc(Cl)cc43)CC2)c([N+](=O)[O-])c1
COC(=O)c1ccc(CBr)cc1-c1ccccc1C.OCc1cccs1,COC(=O)c1ccc(COCc2cccs2)cc1-c1ccccc1C
CCOC(=O)CCc1cccc2[nH]c(=O)n(-c3cccc(S(=O)(=O)N4CCCc5ccccc54)c3)c(=O)c12,O=C(O)CCc1cccc2[nH]c(=O)n(-c3cccc(S(=O)(=O)N4CCCc5ccccc54)c3)c(=O)c12
CCNC.Cc1ccc(-n2nc(C(=O)O)cc2-c2ccc(OCc3ccccc3)cn2)cn1,CCN(C)C(=O)c1cc(-c2ccc(OCc3ccccc3)cn2)n(-c2ccc(C)nc2)n1
COC(=O)c1c(-c2ccccc2)n(C)c(-c2ccccc2)cc1=O,Cn1c(-c2ccccc2)cc(=O)c(C(=O)O)c1-c1ccccc1
CCOC(=O)C(=O)CC(=O)c1ccc(C)cn1.NNc1cccnc1,CCOC(=O)c1cc(-c2ccc(C)cn2)n(-c2cccnc2)n1
CC(C)(C)OC(=O)N1CCC(c2ncc(-c3ccc([N+](=O)[O-])cc3)s2)CC1,O=[N+]([O-])c1ccc(-c2cnc(C3CCNCC3)s2)cc1
CCc1cnc(Cl)nc1.COc1ccc(CCN)cc1Br,CCc1cnc(NCCc2ccc(OC)c(Br)c2)nc1
C[C@H]1[C@@H](C/C=C/c2ccc(Cl)cc2)C(=O)N1OC1CCCCO1,C[C@H]1[C@@H](CCCc2ccc(Cl)cc2)C(=O)N1OC1CCCCO1
COC(=O)c1cc([N+](=O)[O-])ccc1OC(c1ccccc1)c1c(F)cccc1F,COC(=O)c1cc(N)ccc1OC(c1ccccc1)c1c(F)cccc1F
CCCc1nc2c(C)cc(-c3cn(CC(F)(F)F)cn3)cc2n1Cc1ccc(-c2ccccc2C(=O)OC(C)(C)C)cc1,CCCc1nc2c(C)cc(-c3cn(CC(F)(F)F)cn3)cc2n1Cc1ccc(-c2ccccc2C(=O)O)cc1
CNC.COc1ncccc1-c1ccc(O)c(-c2nc3ccc(C(=O)O)cc3[nH]2)c1,COc1ncccc1-c1ccc(O)c(-c2nc3ccc(C(=O)N(C)C)cc3[nH]2)c1
Cc1ccnc(N2CCNCC2)n1.O=CCCCOc1ccc2c(n1)NC(=O)CC2,Cc1ccnc(N2CCN(CCCCOc3ccc4c(n3)NC(=O)CC4)CC2)n1
C=CCBr.COC(=O)[C@@H](Cc1ccc(O)cc1)NC(C)=O,C=CCOc1ccc(C[C@@H](NC(C)=O)C(=O)OC)cc1
COc1ccc(C(=O)O)cc1/C=C/c1ccc(OC(F)(F)F)cc1.NC(CO)CO,COc1ccc(C(=O)NC(CO)CO)cc1/C=C/c1ccc(OC(F)(F)F)cc1
CCOc1c(/C(CC)=C(/F)CO)cc2c(c1Br)C(C)(C)CC=C2C(C)C,CCOc1c(/C(CC)=C(/F)C=O)cc2c(c1Br)C(C)(C)CC=C2C(C)C
C=CCN.O=C(O)c1ccc2c(c1)nc(COc1ccccc1)n2Cc1ccc(OC(F)(F)F)cc1,C=CCNC(=O)c1ccc2c(c1)nc(COc1ccccc1)n2Cc1ccc(OC(F)(F)F)cc1
COc1cc(NC(=O)Nc2c(-c3ccccc3C)c3cc4c(cc3oc2=O)CCC4)cc(OC)c1OC(C)=O,COc1cc(NC(=O)Nc2c(-c3ccccc3C)c3cc4c(cc3oc2=O)CCC4)cc(OC)c1O
C1CCCNCC1.CCCCBr,CCCCN1CCCCCC1
O=C(Nc1ccc2[nH]nc(-c3ccc(F)cc3)c2c1)c1ccncc1,Fc1ccc(-c2n[nH]c3ccc(NCc4ccncc4)cc23)cc1
CCOC(=O)c1cnc(-c2cc(F)cc(F)c2)cc1Oc1ccccc1Cl,O=C(O)c1cnc(-c2cc(F)cc(F)c2)cc1Oc1ccccc1Cl
Nc1nc(Br)ccc1[N+](=O)[O-],Nc1ccc(Br)nc1N
CC(C)(C)OC(=O)N[C@@H](Cc1ccc(O)cc1)C(=O)O.O=[N+]([O-])OCCCCBr,CC(C)(C)OC(=O)NC(Cc1ccc(O)cc1)C(=O)OCCCCO[N+](=O)[O-]
ClCn1cnc(Cl)c1Cl.Oc1ccc(Oc2cccc(Cl)n2)cc1,Clc1cccc(Oc2ccc(OCn3cnc(Cl)c3Cl)cc2)n1
Fc1ccc(-c2n[nH]cc2-c2ccnc(Cl)n2)cc1.Nc1ccccc1F,Fc1ccc(-c2n[nH]cc2-c2ccnc(Nc3ccccc3F)n2)cc1
O=C(CBr)c1ccccc1.O=C(O)c1ccc(CBr)cc1,O=C(COC(=O)c1ccc(CBr)cc1)c1ccccc1
CC(C)(C)OC(=O)c1ccc(CBr)c([N+](=O)[O-])c1.COC(=O)/C=C/CNCCc1ccccc1,COC(=O)/C=C/CN(CCc1ccccc1)Cc1ccc(C(=O)OC(C)(C)C)cc1[N+](=O)[O-]
CC(=O)Nc1ccc(Oc2ccnc3c2c(Br)cn3S(=O)(=O)c2ccc(C)cc2)c(F)c1.OB(O)C1CC1,CC(=O)Nc1ccc(Oc2ccnc3c2c(C2CC2)cn3S(=O)(=O)c2ccc(C)cc2)c(F)c1
CCCN(CC(N)=O)C(=O)C1=Cc2cc(-c3ccc(NC(=O)OCC)cc3Cl)ccc2N=C(NC(=O)OC(C)(C)C)C1,CCCN(CC(N)=O)C(=O)C1=Cc2cc(-c3ccc(NC(=O)OCC)cc3Cl)ccc2N=C(N)C1
CCCCNS(=O)(=O)c1cc(C(=O)OCC)cc(NCc2ccccc2)c1Oc1ccccc1,CCCCNS(=O)(=O)c1cc(C(=O)O)cc(NCc2ccccc2)c1Oc1ccccc1
CCOC(=O)CP(=O)(OCC)OCC.COC(C=O)OC,CCOC(=O)/C=C/C(OC)OC
Cc1[nH]c2ccc(OC(C)(C)C)cc2c1CCN1CCCCC1CC1CCCCC1.O=C(Cl)c1ccccc1,Cc1c(CCN2CCCCC2CC2CCCCC2)c2cc(OC(C)(C)C)ccc2n1C(=O)c1ccccc1
COC(=O)c1c[nH]c2cc(Cl)c(-c3ccc(C4CCOCC4)cc3)cc12,O=C(O)c1c[nH]c2cc(Cl)c(-c3ccc(C4CCOCC4)cc3)cc12
Cc1nc2ccccc2n1C1CC2CCC(C1)N2CCC1(c2ccccc2)CCNCC1.O=C(Cl)c1ccccc1,Cc1nc2ccccc2n1C1C[C@H]2CC[C@@H](C1)N2CCC1(c2ccccc2)CCN(C(=O)c2ccccc2)CC1
CN1CCNCC1.N#Cc1ccc(CBr)cc1,CN1CCN(Cc2ccc(C#N)cc2)CC1
COc1cc(/C=C/C(=O)[O-])ccc1O.O=[N+]([O-])OCCCCBr,COc1cc(/C=C/C(=O)OCCCCO[N+](=O)[O-])ccc1O
CCOC(=O)c1cc(C#N)c(N2CCC(C(=O)O)CC2)nc1CN1CCCC1=O.CN(c1ccccc1)S(N)(=O)=O,CCOC(=O)c1cc(C#N)c(N2CCC(C(=O)NS(=O)(=O)N(C)c3ccccc3)CC2)nc1CN1CCCC1=O
CC(C)(C)OC(=O)Nc1ccn2nc(N3CCCC3)nc2c1,Nc1ccn2nc(N3CCCC3)nc2c1
FC(F)(F)CCBr.N#CC1(COc2cncc(-c3cc(N[C@H]4CC[C@H](N)CC4)ncc3Cl)n2)CCOCC1,N#CC1(COc2cncc(-c3cc(N[C@@H]4CC[C@@H](NCCC(F)(F)F)CC4)ncc3Cl)n2)CCOCC1
CCC(=O)OCOC(=O)Cl.O=[N+]([O-])c1ccc(O)cc1,CCC(=O)OCOC(=O)Oc1ccc([N+](=O)[O-])cc1
CC(C)(C)OC(=O)N1CCNCC1.O=S(=O)(Oc1cccc2cc(F)ccc12)C(F)(F)F,CC(C)(C)OC(=O)N1CCN(c2cccc3cc(F)ccc23)CC1
Cc1ccc(CCl)cc1.c1ccc(COC[C@H]2O[C@@H](c3ccc4cc[nH]c4c3)[C@H](OCc3ccccc3)[C@@H](OCc3ccccc3)[C@@H]2OCc2ccccc2)cc1,Cc1ccc(Cn2ccc3ccc([C@@H]4O[C@H](COCc5ccccc5)[C@@H](OCc5ccccc5)[C@H](OCc5ccccc5)[C@H]4OCc4ccccc4)cc32)cc1
CCNC(=O)Nc1cc(CO)c(-c2cncc(-c3n[nH]c(=O)o3)c2)cn1.CS(=O)(=O)Cl,CCNC(=O)Nc1cc(COS(C)(=O)=O)c(-c2cncc(-c3n[nH]c(=O)o3)c2)cn1
Cc1cc(Nc2cc(C(F)(F)F)ccn2)nc(-c2cnn(CCO[Si](C)(C)C(C)(C)C)c2)c1,Cc1cc(Nc2cc(C(F)(F)F)ccn2)nc(-c2cnn(CCO)c2)c1
CN(C)C=O.COc1cccc2c1OCC2,COc1cc(C=O)cc2c1OCC2
CN=C=O.Fc1c(F)c(F)c(OC2(c3ccccc3)CCNCC2)c(F)c1F,CNC(=O)N1CCC(Oc2c(F)c(F)c(F)c(F)c2F)(c2ccccc2)CC1
CCOC(=O)CC(=O)N(c1ccccc1)c1ccccc1,O=C(O)CC(=O)N(c1ccccc1)c1ccccc1
CC(C)(C)OC(=O)N1CC[C@H]1COc1ccc(Cl)nn1,Clc1ccc(OC[C@@H]2CCN2)nn1
CSc1nnc2ccc(Cl)nn12.c1ccc(CN2CCCNCC2)cc1,CSc1nnc2ccc(N3CCCN(Cc4ccccc4)CC3)nn12
CCCC(=O)Cl.Nc1n[nH]c2c(F)c(Br)c(F)c(F)c12,CCCC(=O)Nc1n[nH]c2c(F)c(Br)c(F)c(F)c12
CCOC(=O)c1cc2c(nc(C)n2C)c2c1C(=O)CC1(Cc3ccccc3C1)N2,CCOC(=O)c1cc2c(nc(C)n2C)c2c1CCC1(Cc3ccccc3C1)N2
Cc1nnc2sc(C(=O)O)c(N)c2c1C.NCc1ccc(OCF)cc1,Cc1nnc2sc(C(=O)NCc3ccc(OCF)cc3)c(N)c2c1C
CCOC(=O)c1nc(-c2ccc(N)cc2)nc(N2CCOCC2)c1OCC.O=C=Nc1ccccc1,CCOC(=O)c1nc(-c2ccc(NC(=O)Nc3ccccc3)cc2)nc(N2CCOCC2)c1OCC
CCOC(=O)c1cc2ccn(Cc3ccc(F)cc3)c2cn1.NO,O=C(NO)c1cc2ccn(Cc3ccc(F)cc3)c2cn1
CCNC1=C(C(=O)OCC)C(=O)CO1.O=Cc1c[nH]c2ncccc12,CCNC1=C(C(=O)OCC)C(=O)C(=Cc2c[nH]c3ncccc23)O1
N#CC1(c2cccc(CNC(=O)OCc3ccccc3)c2)CCNCC1.O=C(O)c1cncc(CCc2ccccc2)c1,N#CC1(c2cccc(CNC(=O)OCc3ccccc3)c2)CCN(C(=O)c2cncc(CCc3ccccc3)c2)CC1
COC(=O)c1c(OS(=O)(=O)C(F)(F)F)c2cc(OCc3ccccc3)ccc2c(=O)n1CC(C)C.OB(O)c1ccc(Cl)cc1,COC(=O)c1c(-c2ccc(Cl)cc2)c2cc(OCc3ccccc3)ccc2c(=O)n1CC(C)C
Cn1ccc(COc2ccc3nc([C@H]4CCCC[C@H]4C(=O)O)n(Cc4ccc(Br)cc4)c3c2)n1.FC1(F)CNC1,Cn1ccc(COc2ccc3nc([C@H]4CCCC[C@H]4C(=O)O)n(Cc4ccc(N5CC(F)(F)C5)cc4)c3c2)n1
CC(=O)NCc1cc(N2CCN(C(=O)OC(C)(C)C)CC2)ccc1N,CC(C)(C)OC(=O)N1CCN(c2ccc(N)c(CN)c2)CC1
Cc1cc(Cl)cnc1C(=O)Nc1ccc(F)c([C@]2(C)C[C@@H](C(F)(F)F)OC(NC(=O)c3ccccc3)=N2)c1,Cc1cc(Cl)cnc1C(=O)Nc1ccc(F)c(C2(C)CC(C(F)(F)F)OC(N)=N2)c1
[N-]=[N+]=Nc1cc(Oc2ccc(NC(=O)Nc3cc(CN4CCC4)cc(C(F)(F)F)c3)cc2)ncn1,Nc1cc(Oc2ccc(NC(=O)Nc3cc(CN4CCC4)cc(C(F)(F)F)c3)cc2)ncn1
COc1cccc(-c2nc3ncc(-c4ccccc4)cc3n2CC(=O)OC(C)(C)C)c1,COc1cccc(-c2nc3ncc(-c4ccccc4)cc3n2CC(=O)O)c1
[N-]=[N+]=NCC1Cc2cccc(-c3cccc(F)c3)c2O1,NCC1Cc2cccc(-c3cccc(F)c3)c2O1
CO.O=C(O)c1ncccc1Br,COC(=O)c1ncccc1Br
CCOP(C)(=O)C(C)OS(C)(=O)=O.O=[N+]([O-])c1cc(O)c(Cl)cc1Cl,CCOP(C)(=O)C(C)Oc1cc([N+](=O)[O-])c(Cl)cc1Cl
CC(C)(C)[Si](C)(C)OCCBr.CC1(C)OB(c2cnn(C3CCNCC3)c2)OC1(C)C,CC1(C)OB(c2cnn(C3CCN(CCO[Si](C)(C)C(C)(C)C)CC3)c2)OC1(C)C
CN1C(=O)C(F)(F)CN(C2CCCC2)c2nc(Cl)ncc21.COc1cc(C(=O)NC2CCN(CCCS(C)(=O)=O)CC2)ccc1N,COc1cc(C(=O)NC2CCN(CCCS(C)(=O)=O)CC2)ccc1Nc1ncc2c(n1)N(C1CCCC1)CC(F)(F)C(=O)N2C
CC1CCC(=O)C(CC(=O)c2ccccc2)C1.CCN(CC)CCN,CCN(CC)CCn1c(-c2ccccc2)cc2c1CCC(C)C2
CNCCN(C)C(=O)c1ccc2c(c1)c1c(n2C)CCC(C2CCOCC2)C1.O=C(Cl)C1CC1,CN(CCN(C)C(=O)C1CC1)C(=O)c1ccc2c(c1)c1c(n2C)CCC(C2CCOCC2)C1
COc1cc(CC2c3cc(OC)c(OC)cc3CCN2CC(=O)NCc2ccccc2)ccc1O.O=C(Cl)N1CCOCC1,COc1cc2c(cc1OC)C(Cc1ccc(OC(=O)N3CCOCC3)c(OC)c1)N(CC(=O)NCc1ccccc1)CC2
C[C@H](Nc1nccc(-n2cc(Br)nc2-c2ccc(F)cc2)n1)c1ccccc1.[CH3][Sn]([CH3])([CH3])[c]1ccncc1,C[C@H](Nc1nccc(-n2cc(-c3ccncc3)nc2-c2ccc(F)cc2)n1)c1ccccc1
NO.O=C1CCN(CCS(=O)c2ccccc2)CC1,O=S(CCN1CCC(=NO)CC1)c1ccccc1
CCOC(=O)c1sc(N2CCNC2=O)nc1C.Clc1ccc2scc(CBr)c2c1,CCOC(=O)c1sc(N2CCN(Cc3csc4ccc(Cl)cc34)C2=O)nc1C
CC(C)(C)OC(=O)C(C)(C)COCCOCCOP(=O)(OCc1ccccc1)OCc1ccccc1,CC(C)(COCCOCCOP(=O)(OCc1ccccc1)OCc1ccccc1)C(=O)O
O=C(O)Cc1ccc(OCc2ccccc2)cc1OCc1ccccc1.c1ccc(CN2CCNCC2)cc1,O=C(Cc1ccc(OCc2ccccc2)cc1OCc1ccccc1)N1CCN(Cc2ccccc2)CC1
Nc1ccc[nH]c1=O.O=C(Cl)OCc1ccccc1,O=C(Nc1ccc[nH]c1=O)OCc1ccccc1
CCN.Cn1cc(C=O)cn1,CCNCc1cnn(C)c1
N#Cc1cc2cc(-c3ccc(C(F)(F)F)cn3)ccc2n1-c1ccc(OC2CCCC2)cc1.[N-]=[N+]=[N-],FC(F)(F)c1ccc(-c2ccc3c(c2)cc(-c2nnn[nH]2)n3-c2ccc(OC3CCCC3)cc2)nc1
CCOC(=O)c1cc(C(C)(C)C)nn1CC(=O)N(C)C,CN(C)C(=O)Cn1nc(C(C)(C)C)cc1C(=O)O
Oc1ccc(C2CCN(c3ccc4nnc(C(F)(F)F)n4n3)CC2)cc1,Oc1ccc(C2CCN(C3=Nn4c(nnc4C(F)(F)F)CC3)CC2)cc1
O=[N+]([O-])c1csc(S(=O)(=O)N2CCN(c3ccc(C(O)(C(F)(F)F)C(F)(F)F)cc3)CC2)c1,Nc1csc(S(=O)(=O)N2CCN(c3ccc(C(O)(C(F)(F)F)C(F)(F)F)cc3)CC2)c1
Cc1ncccc1Oc1ccc([N+](=O)[O-])cn1,Cc1ncccc1Oc1ccc(N)cn1
COC(=O)c1c(CO[Si](C)(C)C(C)(C)C)cccc1[N+](=O)[O-],COC(=O)c1c(N)cccc1CO[Si](C)(C)C(C)(C)C
CCCCCCCCCCNC(=O)NOCc1ccccc1.CI,CCCCCCCCCCNC(=O)N(C)OCc1ccccc1
COC(=O)CCc1ccc(Oc2cccc(Oc3ccc(Cl)cc3Oc3ccccc3F)c2)cc1C,Cc1cc(Oc2cccc(Oc3ccc(Cl)cc3Oc3ccccc3F)c2)ccc1CCC(=O)O
C=[N+]=[N-].O=C(c1ccccc1)c1ccc2n1CCCC2C(=O)O,COC(=O)C1CCCn2c(C(=O)c3ccccc3)ccc21
Brc1ccccn1.C#CCCn1nc2cccc([N+](=O)[O-])c2n1,O=[N+]([O-])c1cccc2nn(CCC#Cc3ccccn3)nc12
CNc1ccc(OCC(=O)N[C@@H](CC(N)=O)C(=O)N[C@@H](Cc2ccccc2)[C@H](O)C(=O)N2CCC[C@H]2C(=O)NC(C)(C)C)cc1.O=C(Cl)Oc1ccc([N+](=O)[O-])cc1,CN(C(=O)Oc1ccc([N+](=O)[O-])cc1)c1ccc(OCC(=O)N[C@@H](CC(N)=O)C(=O)N[C@@H](Cc2ccccc2)[C@H](O)C(=O)N2CCC[C@H]2C(=O)NC(C)(C)C)cc1
BrC(Br)(Br)Br.CCCCOc1ncc(C(=O)CO)cc1-c1nc2c(CC)n(CCOC)nc2c(=O)[nH]1,CCCCOc1ncc(C(=O)CBr)cc1-c1nc2c(CC)n(CCOC)nc2c(=O)[nH]1
COC(=O)c1cc(F)cc(I)c1-c1c(I)cc(F)cc1C(=O)OC,COC(=O)c1cc(F)cc2c1-c1c(C(=O)OC)cc(F)cc1-2
O=[N+]([O-])c1c(Nc2ccc(I)cc2F)c(F)c(F)c2ccoc12,Nc1c(Nc2ccc(I)cc2F)c(F)c(F)c2ccoc12
CC(C)(C)OC(=O)CN1CCN2C(=O)N(c3cc(Cl)cc(Cl)c3)C(=O)C2(Cc2ccc(Br)cc2)C1,O=C(O)CN1CCN2C(=O)N(c3cc(Cl)cc(Cl)c3)C(=O)C2(Cc2ccc(Br)cc2)C1
Cc1c(N)cccc1Br.Cc1ccc(B(O)O)cc1,Cc1ccc(-c2cccc(N)c2C)cc1
FC(F)(F)c1cccnc1N1CCN(c2nc3ccc(Br)cc3[nH]2)CC1.OB(O)c1ccc(F)c(F)c1,Fc1ccc(-c2ccc3nc(N4CCN(c5ncccc5C(F)(F)F)CC4)[nH]c3c2)cc1F
CCOC(=O)Nc1nc2cc(F)ccc2nc1OC.COc1cccc(N2CCNCC2)c1,COc1cccc(N2CCN(C(=O)Nc3nc4cc(F)ccc4nc3OC)CC2)c1
O=C1CC(C(F)F)c2ccccc2N1,FC(F)C1CCNc2ccccc21
COC(=O)CN(Cc1ccccc1C)C(C(=O)OC(C)(C)C)[C@@H]1CCCN1,Cc1ccccc1CN(CC(=O)O)C(C(=O)OC(C)(C)C)[C@@H]1CCCN1
CNC.Cn1nc(NS(C)(=O)=O)c2c(Cl)ccc(-c3ccc(C#CC(C)(C)O)nc3[C@H](Cc3cc(F)cc(F)c3)NC(=O)Cn3nc(C(=O)[O-])c4c3C(F)(F)[C@@H]3C[C@H]43)c21,CN(C)C(=O)c1nn(CC(=O)N[C@@H](Cc2cc(F)cc(F)c2)c2nc(C#CC(C)(C)O)ccc2-c2ccc(Cl)c3c(NS(C)(=O)=O)nn(C)c23)c2c1[C@H]1C[C@H]1C2(F)F
CCN.Oc1ccc2ccccc2c1,CCNc1ccc2ccccc2c1
CCOC(=O)[C@H](CCc1ccccc1)N[C@H]1CSC[C@H](Cc2ccccc2)N(CC(=O)O)C1=O,O=C(O)CN1C(=O)[C@@H](N[C@@H](CCc2ccccc2)C(=O)O)CSC[C@@H]1Cc1ccccc1
CSCC[C@@H](CS(=O)(=O)O)NC(=O)CNC(=O)OC(C)(C)C,CSCC[C@@H](CS(=O)(=O)O)NC(=O)CN
CCOC(=O)COc1cc(C2CCCNC2)ccc1C.Cc1nc(-c2ccc(C(F)(F)F)cc2)sc1C(=O)O,CCOC(=O)COc1cc(C2CCCN(C(=O)c3sc(-c4ccc(C(F)(F)F)cc4)nc3C)C2)ccc1C
Cc1oc(-c2ccccc2)nc1CCl.O=[N+]([O-])c1cnc2cc(O)ccc2c1,Cc1oc(-c2ccccc2)nc1COc1ccc2cc([N+](=O)[O-])cnc2c1
C[C@]12CC[C@@H]3c4ccc(O)cc4CC[C@H]3[C@@H]1CCC2=O.O=Cc1cccnc1,CC12CCC3c4ccc(O)cc4CCC3C1CC(=Cc1cccnc1)C2=O
CCOC(=O)C=C1CCN(C(=O)OCC)CC1Cc1ccccc1,CCOC(=O)CC1CCN(C(=O)OCC)CC1Cc1ccccc1
COc1cc2c(Nc3cccc4c(Cl)coc34)ncnc2cc1OCC(CN1CCOCC1)OC(C)=O,COc1cc2c(Nc3cccc4c(Cl)coc34)ncnc2cc1OCC(O)CN1CCOCC1
CC1(n2nnc3cnc4c(ccn4S(=O)(=O)c4ccccc4)c32)CCNCC1.O=S(=O)(Cl)c1cccnc1,CC1(n2nnc3cnc4c(ccn4S(=O)(=O)c4ccccc4)c32)CCN(S(=O)(=O)c2cccnc2)CC1
COCOCC1CCCN1C(=O)OCc1ccccc1,COCOCC1CCCN1
COC(=O)[C@H](C(C)C)N1Cc2cc(-c3ccc(N)cc3)ccc2C1=O.O=S(=O)(Cl)c1ccc(C(F)(F)F)cc1,COC(=O)[C@H](C(C)C)N1Cc2cc(-c3ccc(NS(=O)(=O)c4ccc(C(F)(F)F)cc4)cc3)ccc2C1=O
CCOC(=O)c1ccc(Cl)nc1.COc1cc(B(O)O)cc(OC)c1OC,CCOC(=O)c1ccc(-c2cc(OC)c(OC)c(OC)c2)nc1
COc1ccc(C(=O)O)c(OCCCCl)c1.Nc1ccncc1N,COc1ccc(-c2nc3cnccc3[nH]2)c(OCCCCl)c1
C#CCO.COc1ncc(-c2ccc3ncc(I)n3c2)cc1NS(=O)(=O)C1CC1,COc1ncc(-c2ccc3ncc(C#CCO)n3c2)cc1NS(=O)(=O)C1CC1
CN.CO/N=C(\C(=O)OC)c1ccccc1Oc1cccc(C)c1,CNC(=O)/C(=N\OC)c1ccccc1Oc1cccc(C)c1
Clc1ncnc2nc[nH]c12.NCc1nnc2ccc(-c3ccccc3)nn12,c1ccc(-c2ccc3nnc(CNc4ncnc5nc[nH]c45)n3n2)cc1
CC(C(=O)Cl)c1ccc2c(c1)CCc1ccccc1C2=O.CN,CNC(=O)C(C)c1ccc2c(c1)CCc1ccccc1C2=O
COc1cc([N+](=O)[O-])c2nccc(C)c2c1OCCCCCCCc1ccccc1,COc1cc(N)c2nccc(C)c2c1OCCCCCCCc1ccccc1
CC(C)(C)OC(=O)n1cc(C(=O)N[C@H]2CCCC[C@@H]2O)c2ncccc21,O=C(N[C@H]1CCCC[C@@H]1O)c1c[nH]c2cccnc12
CCOC(=O)c1nc2sccn2c1CC,CCc1c(CO)nc2sccn12
COc1ccc(CN2CC3CCC(C2)C3(OC)OC)cc1,COc1ccc(CN2CC3CCC(C2)C3=O)cc1
CC(C)(C)Cl.COC(=O)c1ccc[nH]1,COC(=O)c1ccc(C(C)(C)C)[nH]1
CC(C)(C)OC(=O)c1nc(Cn2ccc(-c3ccc(C(C)(C)C)cc3)cc2=O)nc(O)c1OCc1ccccc1,CC(C)(C)c1ccc(-c2ccn(Cc3nc(O)c(OCc4ccccc4)c(C(=O)O)n3)c(=O)c2)cc1
O=C(OCc1ccccc1)C(O)C1CCCC1,O=C(OCc1ccccc1)C(=O)C1CCCC1
N#Cc1cc2nnc(N3CCOCC3)n2cc1-c1ccc(Cl)cc1Cl,NCc1cc2nnc(N3CCOCC3)n2cc1-c1ccc(Cl)cc1Cl
COC(=O)COc1cccc2c1c1c(C(N)=O)cccc1n2Cc1ccccc1C(F)(F)F,NC(=O)c1cccc2c1c1c(OCC(=O)O)cccc1n2Cc1ccccc1C(F)(F)F
CCOC(=O)CCc1cccc(NC(=O)C(c2ccc(CN3N=C(c4ccccc4)OCC3=O)cc2)C2CCCC2)c1,O=C(O)CCc1cccc(NC(=O)C(c2ccc(CN3N=C(c4ccccc4)OCC3=O)cc2)C2CCCC2)c1
COc1ccc(-n2nc(C)c3c(Br)ccnc32)cc1.N#[C][Cu],COc1ccc(-n2nc(C)c3c(C#N)ccnc32)cc1
COc1ccc([C@]23CCC(=O)[C@@H](C)[C@@H]2CCC[C@@H]3O)cc1.OCCO,COc1ccc([C@]23CCC4(OCCO4)[C@@H](C)[C@@H]2CCC[C@@H]3O)cc1
CCOC(=O)C(C(=O)OCC)C(CC(C)C)C[N+](=O)[O-],CCOC(=O)CC(CC(C)C)C[N+](=O)[O-]
CC(C)(C)OC(=O)NC1CCNCC1.Oc1ccccc1-c1nc(Cl)c2cc(F)ccc2n1,CC(C)(C)OC(=O)NC1CCN(c2nc(-c3ccccc3O)nc3ccc(F)cc23)CC1
NNc1c(Cl)cc(C(F)(F)F)cc1Cl.O=Cc1c(O)cc(O)cc1O,Oc1cc(O)c(C=NNc2c(Cl)cc(C(F)(F)F)cc2Cl)c(O)c1
CCOC(=O)C(CCc1ccccc1)n1cnc(C(N)=O)c1,NC(=O)c1cn(C(CO)CCc2ccccc2)cn1
Cc1noc(C)c1N=C=O.Nc1ccc2nc(N[C@@H]3CCc4ccccc43)ccc2c1,Cc1noc(C)c1NC(=O)Nc1ccc2nc(N[C@@H]3CCc4ccccc43)ccc2c1
ClCc1nc2ccccc2[nH]1.Fc1cccnc1N1CCNCC1,Fc1cccnc1N1CCN(Cc2nc3ccccc3[nH]2)CC1
CC(C)(C)c1ccc(S(=O)(=O)Cl)cc1.Cc1ccc(N)cc1O,Cc1ccc(NS(=O)(=O)c2ccc(C(C)(C)C)cc2)cc1O
CCc1cccc2cccc(OCOC)c12.CN(C)C=O,CCc1cccc2ccc(C=O)c(OCOC)c12
CS(=O)(=O)OC(CNS(=O)(=O)c1ccc(OC(F)(F)F)cc1)CN1c2ccccc2CCc2ccccc21.[C-]#N,N#CC(CNS(=O)(=O)c1ccc(OC(F)(F)F)cc1)CN1c2ccccc2CCc2ccccc21
COc1ccc(Cl)c(C=O)c1Cl,COc1ccc(Cl)c(CO)c1Cl
BrCC1CC1.Cc1ccc(F)cc1-c1ccc2cc(N)ncc2c1,Cc1ccc(F)cc1-c1ccc2cc(NCC3CC3)ncc2c1
COc1ccc(OC)c(B(O)O)c1.COc1ccc2c(=O)c(Br)coc2c1,COc1ccc(OC)c(-c2coc3cc(OC)ccc3c2=O)c1
CC(C)Oc1cc(Nc2nc(N[C@@H](C)c3ccc(F)cn3)nc(Cl)c2Cl)n[nH]1.[NH4+],CC(C)Oc1cc(Nc2nc(N[C@@H](C)c3ccc(F)cn3)nc(N)c2Cl)n[nH]1
O=C(Nc1cnc(S(=O)(=O)Nc2ccc3c(c2)B(O)OC3)c(Nc2ncccn2)c1)OCc1ccccc1,Nc1cnc(S(=O)(=O)Nc2ccc3c(c2)B(O)OC3)c(Nc2ncccn2)c1
COC(=O)c1cc(Cl)ccc1NC(=O)COCC(=O)Nc1sc(C)c(-c2ccccc2)c1C(=O)OC(C)(C)C,COC(=O)c1cc(Cl)ccc1NC(=O)COCC(=O)Nc1sc(C)c(-c2ccccc2)c1C(=O)O
CC(C)(C)n1ncc([C@H](N)C2CC2)c1-c1cc(F)ccc1Br.O=S(=O)(Cl)c1ccc(C(F)(F)F)nc1,CC(C)(C)n1ncc([C@H](NS(=O)(=O)c2ccc(C(F)(F)F)nc2)C2CC2)c1-c1cc(F)ccc1Br
NCCO.Nc1nc(Cl)ccc1[N+](=O)[O-],Nc1nc(NCCO)ccc1[N+](=O)[O-]
Fc1ccc(-c2nn3c(NC4CCCC4)cccc3c2-c2ccnc(F)c2)cc1.NC1CCCC1,Fc1ccc(-c2nn3c(NC4CCCC4)cccc3c2-c2ccnc(NC3CCCC3)c2)cc1
CC(C)(C)OC(=O)NN.O=C(O)[C@H]1CCCN(C(=O)c2ccc(F)cc2)C1,CC(C)(C)OC(=O)NNC(=O)[C@H]1CCCN(C(=O)c2ccc(F)cc2)C1
Fc1ccc(F)c(CBr)c1.O=S(=O)(/C=C/c1ccccc1)N1CCC(O)CC1,O=S(=O)(/C=C/c1ccccc1)N1CCC(OCc2cc(F)ccc2F)CC1
COC(=O)CCC1=CCN(Cc2ccc(N)cc2)C1=O.O=C(Cl)c1ccccc1,COC(=O)CCC1=CCN(Cc2ccc(NC(=O)c3ccccc3)cc2)C1=O
CCCc1nn(-c2ccc(C(F)(F)F)cn2)cc1CCCOc1c(C#N)cccc1CC(=O)OC,CCCc1nn(-c2ccc(C(F)(F)F)cn2)cc1CCCOc1c(C#N)cccc1CC(=O)O
O=C1CCc2c(Cl)cccc2N1.OB(O)C1CC1,O=C1CCc2c(cccc2C2CC2)N1
NNC(=O)c1ccc2ccccc2c1.O=Cc1ccccc1C(F)(F)F,O=C(N/N=C/c1ccccc1C(F)(F)F)c1ccc2ccccc2c1
CCCCCCCN.OC[C@H]1O[C@@H](O)[C@H](O)[C@@H](O)[C@H]1O,CCCCCCCNC1O[C@H](CO)[C@H](O)[C@H](O)[C@H]1O
COC1COC2C(OS(C)(=O)=O)COC12.[N-]=[N+]=[N-],COC1COC2C(N=[N+]=[N-])COC12
CN(C)Cc1cccc(Nc2nccc(-c3c(-c4ccc(F)c(N)c4)nn4ccccc34)n2)c1.O=C(Cl)Cc1cccs1,CN(C)Cc1cccc(Nc2nccc(-c3c(-c4ccc(F)c(NC(=O)Cc5cccs5)c4)nn4ccccc34)n2)c1
C=CB1OC(C)(C)C(C)(C)O1.CCc1cnc(-c2ccc(C)nc2Cl)o1,C=Cc1nc(C)ccc1-c1ncc(CC)o1
BrC(Br)=CC1CCC2(CC1)OCCO2,C#CC1CCC2(CC1)OCCO2
C1COCCN1.CC(C)(C)NC(=O)N1CC(OCc2cccc(-c3ccc(CCl)cc3)c2C(F)(F)F)C1,CC(C)(C)NC(=O)N1CC(OCc2cccc(-c3ccc(CN4CCOCC4)cc3)c2C(F)(F)F)C1
CC(C)(C)C(=O)Cl.Nc1ccnc(Cl)c1,CC(C)(C)C(=O)Nc1ccnc(Cl)c1
COc1cc2nccc(Oc3ccc(NC(=O)Nc4ccccc4)cc3)c2cc1C#N,COc1cc2nccc(Oc3ccc(NC(=O)Nc4ccccc4)cc3)c2cc1CN
CC(C)(C)OC(=O)N1CCNCC1.CCOC(=O)c1ccnc(Cl)c1C,CCOC(=O)c1ccnc(N2CCN(C(=O)OC(C)(C)C)CC2)c1C
CC(C)(C)[Si](C)(C)Oc1ccccc1-c1cc(-c2cccc(NC(=O)C3CCC(=O)O3)c2)c(C#N)c(N)n1,N#Cc1c(-c2cccc(NC(=O)C3CCC(=O)O3)c2)cc(-c2ccccc2O)nc1N
OCCCc1cccc(OC(F)F)c1,O=CCCc1cccc(OC(F)F)c1
Nc1ccc2c(c1)ncn2C1CCNCC1.OC(c1ccc(CBr)cc1)(C(F)(F)F)C(F)(F)F,Nc1ccc2c(c1)ncn2C1CCN(Cc2ccc(C(O)(C(F)(F)F)C(F)(F)F)cc2)CC1
CC(C(=O)O)n1cc(-c2cnn3c(-c4cccc(NC(=O)NCC(F)(F)F)c4)cnc3c2)cn1.COC1CCNCC1,COC1CCN(C(=O)C(C)n2cc(-c3cnn4c(-c5cccc(NC(=O)NCC(F)(F)F)c5)cnc4c3)cn2)CC1
Cc1ccc(F)c([N+](=O)[O-])c1.Oc1ccc(O)cc1,Cc1ccc(Oc2ccc(O)cc2)c([N+](=O)[O-])c1
COCCCBr.COc1cccc2c(S(=O)(=O)Cc3ccoc3)c(C(=O)O)cnc12,COCCCOC(=O)c1cnc2c(OC)cccc2c1S(=O)(=O)Cc1ccoc1
CC(C)c1cc(Nc2cc(NC(=O)c3c(Cl)cccc3Cl)ccn2)nc(Cl)n1.CS(=O)(=O)N1CCNCC1,CC(C)c1cc(Nc2cc(NC(=O)c3c(Cl)cccc3Cl)ccn2)nc(N2CCN(S(C)(=O)=O)CC2)n1
O[C@@H]1C[C@@H]2CC3(OCCO3)[C@@H]2C1,O=C1C[C@@H]2CC3(OCCO3)[C@@H]2C1
CC(C)(C)OC(=O)OC(=O)OC(C)(C)C.COC(=O)[C@H]1CCCN1,COC(=O)[C@H]1CCCN1C(=O)OC(C)(C)C
Nc1c(Cl)cc(C(=O)O)cc1Cl,Nc1c(Cl)cc(CO)cc1Cl
CI.COc1cc(C#N)ccc1Cc1c[nH]c2ccc([N+](=O)[O-])cc12,COc1cc(C#N)ccc1Cc1cn(C)c2ccc([N+](=O)[O-])cc12
Cc1cc([N+](=O)[O-])c(Sc2ccc(O)cc2)cc1NC(=O)Cc1ccccc1,Cc1cc(N)c(Sc2ccc(O)cc2)cc1NC(=O)Cc1ccccc1
Clc1ccccc1-c1c[nH]c(C2CN(Cc3ccccc3)CCO2)n1,Clc1ccccc1-c1c[nH]c(C2CNCCO2)n1
COC(=O)c1ccc(CO)nc1,O=C(O)c1ccc(CO)nc1
COc1cc(OC)c(/C=C/S(=O)(=O)Cc2ccc(OC)c(O)c2)c(OC)c1,COc1cc(OC)c(CCS(=O)(=O)Cc2ccc(OC)c(O)c2)c(OC)c1
CC(C)(C)OC(=O)N1CC[C@@H](N)[C@H](O)C1.O=Cc1ccccc1,CC(C)(C)OC(=O)N1CC[C@@H](NCc2ccccc2)[C@H](O)C1
COc1cc2c(cc1Oc1nc(C(=O)Nc3c(OC)nc(NCCN(C(=O)OC(C)(C)C)C(C)C)nc3OC)cs1)C(C)(C)CC2,COc1cc2c(cc1Oc1nc(C(=O)Nc3c(OC)nc(NCCNC(C)C)nc3OC)cs1)C(C)(C)CC2
N#Cc1c(N)cc(C(=O)O)nc1Cl.NCC1CCN(Cc2cnc(-c3ccccn3)s2)CC1,N#Cc1c(N)cc(C(=O)NCC2CCN(Cc3cnc(-c4ccccn4)s3)CC2)nc1Cl
COCCc1nc2c(N)nc3ccccc3c2n1CCCN.O=C(Cl)c1ccccc1,COCCc1nc2c(N)nc3ccccc3c2n1CCCNC(=O)c1ccccc1
CC#CC(C)(C)N.CCOC(Oc1cc(Cl)cc(Cl)c1)C(=O)O,CC#CC(C)(C)NC(=O)C(OCC)Oc1cc(Cl)cc(Cl)c1
CC1(C=O)OCc2ccccc2-n2cccc21.O=C1NCCN1C1CCNCC1,CC1(CN2CCC(N3CCNC3=O)CC2)OCc2ccccc2-n2cccc21
N#CC(=O)c1cccc(Cl)c1Cl.N=C(N)NN,N#C/C(=N\NC(=N)N)c1cccc(Cl)c1Cl
CN(C)CCCl.O=C1N(c2ccccc2)CC(c2ccccc2O)=NN1c1ccccc1Br,CN(C)CCOc1ccccc1C1=NN(c2ccccc2Br)C(=O)N(c2ccccc2)C1
CCOC(=O)Cc1nc2ccc(Br)cc2s1.OB(O)c1ccnc(F)c1,CCOC(=O)Cc1nc2ccc(-c3ccnc(F)c3)cc2s1
COC(=O)c1cccc2c1nc(C(=O)Nc1ccc(N3CCOCC3=O)cc1)n2CC(=O)Nc1ccc(Cl)cn1,O=C(Cn1c(C(=O)Nc2ccc(N3CCOCC3=O)cc2)nc2c(C(=O)O)cccc21)Nc1ccc(Cl)cn1
CNN.O=C(CCl)N1CCC(c2nc(C3=NOC(c4c(F)cccc4F)C3)cs2)CC1,CN(N)CC(=O)N1CCC(c2nc(C3=NOC(c4c(F)cccc4F)C3)cs2)CC1
CC(C)(C)c1nc(-c2cccc(NS(=O)(=O)c3c(F)cccc3F)c2F)c(-c2ccnc(Cl)n2)s1.NC1CC1,CC(C)(C)c1nc(-c2cccc(NS(=O)(=O)c3c(F)cccc3F)c2F)c(-c2ccnc(NC3CC3)n2)s1
COc1ccc2cccc(CC(N)=O)c2c1,COc1ccc2cccc(CC#N)c2c1
CC(C)(C)OC(=O)Nc1ccc(-c2cc(F)ccc2F)cc1N.CCOC(=O)CC(=O)c1cccc(-n2ccnn2)c1,CC(C)(C)OC(=O)Nc1ccc(-c2cc(F)ccc2F)cc1NC(=O)CC(=O)c1cccc(-n2ccnn2)c1
O=S(=O)(c1ccc(F)cc1)c1ccc(/C=C/c2ccc(F)cc2)nc1,O=S(=O)(c1ccc(F)cc1)c1ccc(CCc2ccc(F)cc2)nc1
C=CS(=O)(=O)Cl.CCCc1ccnc(NC(=O)c2ccc(-c3nc([C@@H]4CCCCN4)n4ccnc(C)c34)cc2)c1,C=CS(=O)(=O)N1CCCC[C@H]1c1nc(-c2ccc(C(=O)Nc3cc(CCC)ccn3)cc2)c2c(C)nccn12
COc1cccc(B(O)O)c1.O=C1Nc2ccccc2C1=O,COc1cccc(N2C(=O)C(=O)c3ccccc32)c1
COC(=O)[C@H](N)CC(C)C.Cc1ccc2[nH]c(C(=O)O)cc2c1,COC(=O)[C@@H](CC(C)C)NC(=O)c1cc2cc(C)ccc2[nH]1
CCCCNc1cccc(O)c1.OCCBr,CCCCN(CCO)c1cccc(O)c1
Brc1cnc(Nc2ccc(N3CCOCC3)cc2)c2ncnn12.CC1(C)OB(c2csc(C(N)=O)c2)OC1(C)C,NC(=O)c1cc(-c2cnc(Nc3ccc(N4CCOCC4)cc3)c3ncnn23)cs1
CCOC(=O)COc1ccc(C(=CC(=O)NCc2cccnc2)c2ccccc2)cc1,O=C(O)COc1ccc(C(=CC(=O)NCc2cccnc2)c2ccccc2)cc1
C=[C](OCC)[Sn]([CH2]CCC)([CH2]CCC)[CH2]CCC.Cc1nc(Br)ccc1F,C=C(OCC)c1ccc(F)c(C)n1
CC(C)(C)OC(=O)c1ccc(N(Cc2cccnc2)c2ccc(OC(F)F)c(OC(F)F)c2)cc1,O=C(O)c1ccc(N(Cc2cccnc2)c2ccc(OC(F)F)c(OC(F)F)c2)cc1
CCOC(=O)c1cc(-c2ccnn2-c2ccc(C#N)cc2)c(C)n(-c2cccc(C(F)(F)F)c2)c1=O.NCCCCN1CCCC1,Cc1c(-c2ccnn2-c2ccc(C#N)cc2)cc(C(=O)NCCCCN2CCCC2)c(=O)n1-c1cccc(C(F)(F)F)c1
CC1(C)Oc2ccccc2S1.O=C(Cl)C1CC1,CC1(C)Oc2ccc(C(=O)C3CC3)cc2S1
CCCCCCCCc1ccc(C(=O)O)s1.CCCC[Si](C)(C)CCCOc1ccc(O)cc1,CCCCCCCCc1ccc(C(=O)Oc2ccc(OCCC[Si](C)(C)CCCC)cc2)s1
COC(=O)C[C@@H](C)c1ccc(Cn2c(C)nc(C)c(-c3ccc([N+](=O)[O-])cc3)c2=O)cc1,COC(=O)C[C@@H](C)c1ccc(Cn2c(C)nc(C)c(-c3ccc(N)cc3)c2=O)cc1
COC(=O)[C@H](N)CC(C)C.O=CC1(NC(=O)OCc2ccccc2)CC1,COC(=O)[C@@H](CC(C)C)NCC1(NC(=O)OCc2ccccc2)CC1
O=C(Cl)c1ccccc1.O=Cc1ccc(CCO)cc1,O=Cc1ccc(CCOC(=O)c2ccccc2)cc1
C=[CH][Mg+].CC(C)(C)OC(=O)NCC=O,C=CC(O)CNC(=O)OC(C)(C)C
CC(=O)OC[C@H]1O[C@H](OC(C)=O)[C@H](N=[N+]=[N-])[C@@H](OC(C)=O)[C@@H]1OC(C)=O,CC(=O)OC[C@H]1O[C@H](OC(C)=O)[C@H](N)[C@@H](OC(C)=O)[C@@H]1OC(C)=O
COc1ccc(Cn2cnc(C(F)(F)F)c(Br)c2=O)cc1.N#Cc1cc(O)cc(O)c1,COc1ccc(Cn2cnc(C(F)(F)F)c(Oc3cc(O)cc(C#N)c3)c2=O)cc1
Brc1ccc(I)cc1.OB(O)c1ccc2cc(-c3cccc4ccccc34)ccc2c1,Brc1ccc(-c2ccc3cc(-c4cccc5ccccc45)ccc3c2)cc1
C=CCOC(=O)N1C[C@H](OS(C)(=O)=O)C[C@H]1C=O.c1ccc([P+](Cc2cn3cncc3s2)(c2ccccc2)c2ccccc2)cc1,C=CCOC(=O)N1C[C@H](OS(C)(=O)=O)C[C@H]1C=Cc1cn2cncc2s1
CC(C)(C)OC(=O)OC(=O)OC(C)(C)C.Cc1ccccc1[C@H]1CCNC[C@@H]1O,Cc1ccccc1[C@H]1CCN(C(=O)OC(C)(C)C)C[C@@H]1O
Cc1ccc(O)cc1.O=[N+]([O-])c1ccc(Cl)nc1,Cc1ccc(Oc2ccc([N+](=O)[O-])cn2)cc1
CC(C)(C)OC(=O)N1CCC[C@H]1c1ncc(-c2ccc(B3OC(C)(C)C(C)(C)O3)cc2)[nH]1.CC(C)(C)OC(=O)n1nc(N)c2ccc(Br)cc21,CC(C)(C)OC(=O)N1CCC[C@H]1c1ncc(-c2ccc(-c3ccc4c(N)nn(C(=O)OC(C)(C)C)c4c3)cc2)[nH]1
CC(C)(C)COC(=O)N1CCC(O)CC1.CS(=O)(=O)c1ccc(N2CCc3c(Cl)ncnc32)c(F)c1,CC(C)(C)COC(=O)N1CCC(Oc2ncnc3c2CCN3c2ccc(S(C)(=O)=O)cc2F)CC1
Nc1ccc(C(F)(F)F)cc1.O=C(O)C12CC3CC(CC(C3)C1)C2,O=C(Nc1ccc(C(F)(F)F)cc1)C12CC3CC(CC(C3)C1)C2
C1COCCN1.OCCCBr,OCCCN1CCOCC1
CC(C)(C)OC(=O)N1CCC(O)CC1.Cc1c(Cl)ncnc1Cl,Cc1c(Cl)ncnc1OC1CCN(C(=O)OC(C)(C)C)CC1
NC1CCCc2ccccc21.O=C(O)CN1CCC(c2ccccc2)(c2ccccc2)C1=O,O=C(CN1CCC(c2ccccc2)(c2ccccc2)C1=O)NC1CCCc2ccccc21
CC=O.CCN(CC)CCCNCc1cccc(-c2ccnc(NCCc3ccc(O)cc3)n2)c1,CCN(CC)CCCN(CC)Cc1cccc(-c2ccnc(NCCc3ccc(O)cc3)n2)c1
CC(C)C(=O)Nc1cccc(C2CCNCC2)c1.CC(C)CCOc1ccc2ccccc2c1C=O,CC(C)CCOc1ccc2ccccc2c1CN1CCC(c2cccc(NC(=O)C(C)C)c2)CC1
CC(C)Oc1ccc(N)c(C(F)(F)F)c1.N#Cc1ccc(F)cc1,CC(C)Oc1ccc(Nc2ccc(C#N)cc2)c(C(F)(F)F)c1
CN.O=Cc1ccc2c(n1)NC(=O)CS2,CNCc1ccc2c(n1)NC(=O)CS2
CCC1OC(=C2C(=O)Nc3ccc(F)cc32)c2cnc(Cl)c(Cl)c21.NCCN1CCOCC1,CCC1OC(=C2C(=O)Nc3ccc(F)cc32)c2cnc(NCCN3CCOCC3)c(Cl)c21
CC(C)C[C@@H]1NC[C@H](C(C)C)NC1=O.O=C(O)c1cc(-c2cccs2)on1,CC(C)C[C@H]1C(=O)N[C@@H](C(C)C)CN1C(=O)c1cc(-c2cccs2)on1
CC(C)(C)[Si](C)(C)OC[C@@H]1C[C@@H](Oc2cc(Cl)ncn2)C[C@@H]1O[Si](C)(C)C(C)(C)C,CC(C)(C)[Si](C)(C)OC[C@@H]1C[C@@H](Oc2ccncn2)C[C@@H]1O[Si](C)(C)C(C)(C)C
CC(C)(C)OC(=O)N1CC(=O)C1.NCCN1CCCC1,CC(C)(C)OC(=O)N1CC(NCCN2CCCC2)C1
COc1ccc(C#Cc2cnc3c(N)nc4cc(C)ccc4c3c2)c(C)c1,COc1ccc(CCc2cnc3c(N)nc4cc(C)ccc4c3c2)c(C)c1
COC(=O)C1CC(C#N)(c2ccccc2Cl)CCC1=O,N#CC1(c2ccccc2Cl)CCC(=O)CC1
COC(=O)[C@H]1C[C@H](Nc2nc(-c3ccccc3OC)nc3ccccc23)CN1C(=O)OC(C)(C)C,COc1ccccc1-c1nc(N[C@H]2C[C@H](C(=O)O)N(C(=O)OC(C)(C)C)C2)c2ccccc2n1
CC(C)(C)OC(=O)OC(=O)OC(C)(C)C.N[C@@H]1CCc2cc(Br)ccc2C1,CC(C)(C)OC(=O)N[C@@H]1CCc2cc(Br)ccc2C1
CCOC(=O)c1[nH]ccc1-c1ccc(Cl)cc1,O=C(O)c1[nH]ccc1-c1ccc(Cl)cc1
C=CCBr.COc1ccc2c(c1)[C@@H](NC(=O)C(F)(F)F)[C@@H](O)C2,C=CCO[C@H]1Cc2ccc(OC)cc2[C@H]1NC(=O)C(F)(F)F
Cc1nn(C)c(C(Cl)c2ccc(F)cc2F)c1-c1c(F)cccc1F.N,Cc1nn(C)c(C(N)c2ccc(F)cc2F)c1-c1c(F)cccc1F
CCCCCCC(=O)Cl.Nc1ccc2oc3c(c2c1)CCCCCC3,CCCCCCC(=O)Nc1ccc2oc3c(c2c1)CCCCCC3
COc1ccc2c(c1)C(=O)N1CCC[C@H]1c1c(C(=O)O)ncn1-2.NC1CC1,COc1ccc2c(c1)C(=O)N1CCC[C@H]1c1c(C(=O)NC3CC3)ncn1-2
C=CCOC(=O)N1C[C@@H](C(C)(C)C)C[C@@]1(C=O)O[SiH](C)C.COC(=O)C=P(c1ccccc1)(c1ccccc1)c1ccccc1,C=CCOC(=O)N1C[C@@H](C(C)(C)C)C[C@@]1(C=CC(=O)OC)O[SiH](C)C
COc1cc2ncnc(Nc3ccc(F)c(Cl)c3)c2cc1OC(C)=O,COc1cc2ncnc(Nc3ccc(F)c(Cl)c3)c2cc1O
COc1ccc(C(=O)N2CCCC2=O)cc1OCc1ccccc1,COc1ccc(C(=O)N2CCCC2=O)cc1O
CC(C)N1CCNCC1.COC(=O)c1ccc(Br)cc1,COC(=O)c1ccc(N2CCN(C(C)C)CC2)cc1
Cc1nc(Br)ccc1F.O=C(OO)c1cccc(Cl)c1,Cc1c(F)ccc(Br)[n+]1[O-]
COc1ccc(C(C)(O[Si](C)(C)C)C(F)(F)F)c(CCOC(C)=O)c1,COc1ccc(C(C)(O)C(F)(F)F)c(CCOC(C)=O)c1
CC(C)(C)OC(=O)N1CCC[C@@H]1CO.O=[N+]([O-])c1cccc(O)c1,CC(C)(C)OC(=O)N1CCC[C@@H]1COc1cccc([N+](=O)[O-])c1
COC(=O)C(C)(CO)C(=O)c1ccc(Cl)cc1.CS(=O)(=O)Cl,COC(=O)C(C)(COS(C)(=O)=O)C(=O)c1ccc(Cl)cc1
CC1NCCc2cc(-c3ccc(F)nc3)ccc21.O=C(O)c1cc2ncc(Br)cn2n1,CC1c2ccc(-c3ccc(F)nc3)cc2CCN1C(=O)c1cc2ncc(Br)cn2n1
CC(C)(C)c1ccc(S(=O)(=O)Nc2cc(F)c(Cl)cc2C(=O)Cl)cc1.NN,CC(C)(C)c1ccc(S(=O)(=O)Nc2cc(F)c(Cl)cc2C(=O)NN)cc1
COC(=O)/C(I)=C\C1CCCCC1.Cc1nnnn1-c1ccc(I)cc1Cl,COC(=O)/C(=C/C1CCCCC1)c1ccc(-n2nnnc2C)c(Cl)c1
CCc1nc(C)c(C(=O)Nc2ccc(Br)cc2)o1.COC(=O)CC12CCC(c3ccc(B4OC(C)(C)C(C)(C)O4)cc3)(CC1)OC2,CCc1nc(C)c(C(=O)Nc2ccc(-c3ccc(C45CCC(CC(=O)OC)(CC4)CO5)cc3)cc2)o1
BrCc1ccccc1.O=c1ccoc(CO)c1O,O=c1ccoc(CO)c1OCc1ccccc1
COC(=O)c1ccc2cn(-c3ccc(C(F)(F)F)cc3)nc2c1,OCc1ccc2cn(-c3ccc(C(F)(F)F)cc3)nc2c1
N#Cc1cnc2ccc([N+](=O)[O-])cc2c1Nc1ccc(Sc2ccccc2)c(Cl)c1,N#Cc1cnc2ccc(N)cc2c1Nc1ccc(Sc2ccccc2)c(Cl)c1
CC(C)(C)OC(=O)n1c(-c2cc3ccccc3[nH]c2=O)cc2cc(CO)ccc21,CC(C)(C)OC(=O)n1c(-c2cc3ccccc3[nH]c2=O)cc2cc(C=O)ccc21
CCOCc1nc2c(N)nc3cc(Br)ccc3c2n1CCCOC(C)C.O=c1cccc[nH]1,CCOCc1nc2c(N)nc3cc(-n4ccccc4=O)ccc3c2n1CCCOC(C)C
O=C(Nc1ccc2oc3c(c2c1)CCCC3)c1ccc([N+](=O)[O-])cc1,Nc1ccc(C(=O)Nc2ccc3oc4c(c3c2)CCCC4)cc1
CC(C)(C)OC(=O)N1CCN(C(=O)Nc2cccnc2)C(CO)C1,CC(C)(C)OC(=O)N1CCN2C(=O)N(c3cccnc3)CC2C1
Cc1ccc(Oc2ccc(Nc3ncnc4cccc(O[C@H](C)C(=O)N5CCN(C(=O)OC(C)(C)C)CC5)c34)cc2C)cn1,Cc1ccc(Oc2ccc(Nc3ncnc4cccc(O[C@H](C)C(=O)N5CCNCC5)c34)cc2C)cn1
CNCc1c2n(c3ccccc13)CCC2.O=C(O)/C=C/c1cnc2c(c1)CCC(=O)N2,CN(Cc1c2n(c3ccccc13)CCC2)C(=O)/C=C/c1cnc2c(c1)CCC(=O)N2
O=C(Cl)COc1ccccc1.[NH4+],NC(=O)COc1ccccc1
CC(C)(C)OC(=O)OC(=O)OC(C)(C)C.NCCSSCCN,CC(C)(C)OC(=O)NCCSSCCN
CC(C)(C)OC(=O)N1Cc2ccccc2C[C@H]1C(=O)N[C@H](Cc1ccc(Cl)cc1)C(=O)N1CCC(c2ccccc2N)CC1.N#Cc1ccccc1S(=O)(=O)Cl,CC(C)(C)OC(=O)N1Cc2ccccc2C[C@H]1C(=O)N[C@H](Cc1ccc(Cl)cc1)C(=O)N1CCC(c2ccccc2NS(=O)(=O)c2ccccc2C#N)CC1
CCOC(=O)c1c(CC)nc2c(C)cc(C)nn12,CCc1nc2c(C)cc(C)nn2c1CO
Cc1cc(N)c([N+](=O)[O-])cc1C.O=C1CCCC(CCBr)O1,Cc1cc(NCCC2CCCC(=O)O2)c([N+](=O)[O-])cc1C
CCOC(=O)c1csc(NCc2ccccc2)n1,OCc1csc(NCc2ccccc2)n1
CC(C)(C)OC(=O)NCCSSCCN.COc1ccc2c(c1)c(CC(=O)O)c(C)n2C(=O)c1ccc(Cl)cc1,COc1ccc2c(c1)c(CC(=O)NCCSSCCNC(=O)OC(C)(C)C)c(C)n2C(=O)c1ccc(Cl)cc1
CC(C)(C)OC(=O)OC(=O)OC(C)(C)C.Clc1ccc2c(c1)NCc1ccccc1O2,CC(C)(C)OC(=O)N1Cc2ccccc2Oc2ccc(Cl)cc21
N.Nc1nc(Cl)cnc1-c1cccc(Cl)c1Cl,Nc1cnc(-c2cccc(Cl)c2Cl)c(N)n1
Cc1ccc(S(=O)(=O)NN)cc1.O=C1CCCC(=O)C1Cc1ccccc1,Cc1ccc(S(=O)(=O)NN=C2CCCC(=O)C2Cc2ccccc2)cc1
COC(=O)CBr.COc1ccc(/C=C/c2nc(-c3ccc(-c4ccccc4)cc3)c[nH]2)cc1,COC(=O)Cn1cc(-c2ccc(-c3ccccc3)cc2)nc1/C=C/c1ccc(OC)cc1
C[C@@H](CCl)CBr.Oc1cccc(Cl)c1,C[C@@H](CCl)COc1cccc(Cl)c1
Cc1cc(C)c(-n2nc(C)c3c(Cl)cc(C)nc32)c(C)c1.OC1CCOC1,Cc1cc(C)c(-n2nc(C)c3c(OC4CCOC4)cc(C)nc32)c(C)c1
O=C(O)c1cc(F)cc(Br)c1,OCc1cc(F)cc(Br)c1
CCCCCn1c(=O)n(CCCc2cccc(OC)c2)c(=O)c2[nH]c(Cl)nc21,CCCCCn1c(=O)n(CCCc2cccc(O)c2)c(=O)c2[nH]c(Cl)nc21
CCOC(=O)c1nn(-c2ccccc2)c(C(=O)Nc2ccccc2)c1CCO.CS(=O)(=O)Cl,CCOC(=O)c1nn(-c2ccccc2)c(C(=O)Nc2ccccc2)c1CCOS(C)(=O)=O
CNC(=O)Cc1ccc(Cl)c(CN(C(=O)OC(C)(C)C)C2CC2)c1,CNC(=O)Cc1ccc(Cl)c(CNC2CC2)c1
Cc1cc(C(=O)O)nn1Cc1cc(Cl)cc2cc(C(C)C)oc12.Nc1ccc(CO)cc1,Cc1cc(C(=O)Nc2ccc(CO)cc2)nn1Cc1cc(Cl)cc2cc(C(C)C)oc12
COC(=O)c1cc(-c2ccccc2)n(Cc2ccccc2)c1Cl,OCc1cc(-c2ccccc2)n(Cc2ccccc2)c1Cl
CCCNC(=O)c1ccccc1N.Clc1ncc(Cl)c(Cl)n1,CCCNC(=O)c1ccccc1Nc1nc(Cl)ncc1Cl
CC(=O)Nc1ccc(C2=NN(C(=O)N(C)C)C(C)c3cc4c(cc32)OCO4)cc1,CC1c2cc3c(cc2C(c2ccc(N)cc2)=NN1C(=O)N(C)C)OCO3
CSc1ccc(B(O)O)cc1.CSc1nc(Cl)cc(C(F)(F)F)n1,CSc1ccc(-c2cc(C(F)(F)F)nc(SC)n2)cc1
COC(=O)c1cc(N2CCOCC2)cc2c1nc(C(F)(F)F)n2Cc1cccc(Cl)c1Cl,O=C(O)c1cc(N2CCOCC2)cc2c1nc(C(F)(F)F)n2Cc1cccc(Cl)c1Cl
COC(=O)[C@H]1C[C@@H](Nc2ccc(-c3nc(-c4ccc(OC(C)C)c(Cl)c4)no3)cc2)CN1C(=O)OC(C)(C)C,CC(C)Oc1ccc(-c2noc(-c3ccc(N[C@@H]4C[C@H](C(=O)O)N(C(=O)OC(C)(C)C)C4)cc3)n2)cc1Cl
CC(C)(C)OC(=O)N[C@H]1CC[C@H](Nc2cc(-n3c(C(F)F)nc4ccccc43)nc(N3CCOCC3)n2)CC1.CC(C)CBr,CC(C)CN(c1cc(-n2c(C(F)F)nc3ccccc32)nc(N2CCOCC2)n1)[C@@H]1CC[C@@H](NC(=O)OC(C)(C)C)CC1
CCN1CCCC(=O)C1.OC1(C#Cc2cccc(Cl)c2)CCNCC1,CCN1CCCC(N2CCC(O)(C#Cc3cccc(Cl)c3)CC2)C1
CS(=O)(=O)c1ccc(Oc2cc(F)cc(C#N)c2)cc1.C[C@H](O)COC(C)(C)C,C[C@@H](COC(C)(C)C)Oc1cc(C#N)cc(Oc2ccc(S(C)(=O)=O)cc2)c1
CC(C)CNN.CC(C)C[C@@H](C(=O)O)[C@H](C/C=C/c1ccccc1)C(=O)OC(C)(C)C,CC(C)CNNC(=O)[C@H](CC(C)C)[C@H](C/C=C/c1ccccc1)C(=O)OC(C)(C)C
CC(=O)O.CCCCCCCCCCCCCCCCOc1cc(NS(=O)(=O)c2cc([N+](=O)[O-])ccc2N2CCOCC2)c(O)cc1C(C)(C)CC(C)(C)C,CCCCCCCCCCCCCCCCOc1cc(NS(=O)(=O)c2cc([N+](=O)[O-])ccc2N2CCOCC2)c(OC(C)=O)cc1C(C)(C)CC(C)(C)C
ClCCCI.O=c1[nH]c2cc(F)ccc2o1,O=c1oc2ccc(F)cc2n1CCCCl
CC(C)(C)OC(=O)N1CCC(O)CC1.Oc1ccc2ccccc2c1,CC(C)(C)OC(=O)N1CCC(Oc2ccc3ccccc3c2)CC1
CC(=O)NCC=C1CCc2c(F)cc3nn(C)cc3c21,CC(=O)NCCC1CCc2c(F)cc3nn(C)cc3c21
COc1ncccc1B(O)O.Cc1cccc(C)c1CNc1cc(Br)cn2c(C)c(C)nc12,COc1ncccc1-c1cc(NCc2c(C)cccc2C)c2nc(C)c(C)n2c1
COc1ccc(C2CCN(c3c(C)c(C)c4c(c3C)C(O)(c3ccccc3)C(C)(C)O4)CC2)cc1OC,COc1ccc(C2CCN(c3c(C)c(C)c4c(c3C)C(c3ccccc3)C(C)(C)O4)CC2)cc1OC
Cc1c(Cl)cnc(N)c1[N+](=O)[O-],Cc1c(Cl)cnc(N)c1N
CCOC(=O)C(Cc1ccc(CC(C)(C)C)cc1)C(O)c1cccc(Cl)c1,CC(C)(C)Cc1ccc(CC(C(=O)O)C(O)c2cccc(Cl)c2)cc1
COC(=O)C(Cc1cc(C)c2[nH]ncc2c1)NC(=O)N1CCC(N2Cc3cccc(F)c3NC2=O)CC1,Cc1cc(CC(NC(=O)N2CCC(N3Cc4cccc(F)c4NC3=O)CC2)C(=O)O)cc2cn[nH]c12
COC(=O)C(C)(C)COc1cc(C)c(B2OC(C)(C)C(C)(C)O2)cn1.C[Si](C)(C)CCOCn1cc(C(F)(F)F)nc1-c1ccc(Br)cn1,COC(=O)C(C)(C)COc1cc(C)c(-c2ccc(-c3nc(C(F)(F)F)cn3COCC[Si](C)(C)C)nc2)cn1
COC(=O)c1ccc(Cc2c(C)nn(-c3ccc(Br)c(Cl)c3)c2C)cc1,Cc1nn(-c2ccc(Br)c(Cl)c2)c(C)c1Cc1ccc(C(=O)O)cc1
COC(=O)[C@@H]1Cc2cc([N+](=O)[O-])c(O)cc2CN1C(=O)OC(C)C,COC(=O)[C@@H]1Cc2cc(N)c(O)cc2CN1C(=O)OC(C)C
CS(=O)(=O)OCCc1ccc(Br)cc1.C[C@@H]1CCCN1,C[C@@H]1CCCN1CCc1ccc(Br)cc1
COC(=O)CBr.Oc1ccc(C(F)(F)F)cc1,COC(=O)COc1ccc(C(F)(F)F)cc1
CC(Br)c1nc2ccc(F)cc2nc1Cl.O=C1NC(=O)c2ccccc21,CC(c1nc2ccc(F)cc2nc1Cl)N1C(=O)c2ccccc2C1=O
Cc1[nH]cnc1CSCCN.N=C(N)Nc1nc(CSCCN=C=S)cs1,Cc1[nH]cnc1CSCCNC(=S)NCCSCc1csc(NC(=N)N)n1
CCCCCCCCCCCCCCCCCCOCCC1(COCc2ccccc2)CCC(=O)O1,CCCCCCCCCCCCCCCCCCOCCC1(CO)CCC(=O)O1
C1COCCN1.O=[N+]([O-])c1ccc(Cl)cc1CO,O=[N+]([O-])c1ccc(N2CCOCC2)cc1CO
COC(=O)c1ncc(OC)c(OC)c1OCc1ccccc1,COc1cnc(C(=O)O)c(OCc2ccccc2)c1OC
CC(C)(C)OC(=O)OC(=O)OC(C)(C)C.Cc1ccc2c(n1)NCCO2,Cc1ccc2c(n1)N(C(=O)OC(C)(C)C)CCO2
CCCCOc1nc(N)c2ncn(Cc3ccc(Cl)nc3)c2n1.OCCO,CCCCOc1nc(N)c2ncn(Cc3ccc(OCCO)nc3)c2n1
C=Cc1cc(OC)c(CCC)c(OC)c1.Fc1cc(F)c(Br)c(F)c1,CCCc1c(OC)cc(C=Cc2c(F)cc(F)cc2F)cc1OC
COC(=O)C1(Oc2cccc(C=O)c2)CC1.COCCc1nc2c(N)nc3ccccc3c2n1CCCN,COCCc1nc2c(N)nc3ccccc3c2n1CCCNCc1cccc(OC2(C(=O)OC)CC2)c1
Cc1cc(C)n2nc(S(=O)(=O)Cl)nc2n1.Cc1cccc(C)c1N,Cc1cc(C)n2nc(S(=O)(=O)Nc3c(C)cccc3C)nc2n1
CC(C)(C)OC(=O)c1ccc(CCc2ccccc2)cc1N.FC(F)(F)Oc1ccc(Br)cc1,CC(C)(C)OC(=O)c1ccc(CCc2ccccc2)cc1Nc1ccc(OC(F)(F)F)cc1
Nc1cccc(O)c1.O=C(Cl)C1CCCC1,O=C(Nc1cccc(O)c1)C1CCCC1
CCOC(=O)c1cc(=O)c2cc(F)c(F)c(C#N)c2n1C1CC1.NCC12CNCC1CCO2,CCOC(=O)c1cc(=O)c2cc(F)c(N3CC4CCOC4(CN)C3)c(C#N)c2n1C1CC1
CCCCOCCOc1ccc(-c2ccc(N(C)Cc3cnn(C)c3)c(/C=C/C(=O)O)c2)cc1.CCCn1cncc1C[S@](=O)c1ccc(N)cc1,CCCCOCCOc1ccc(-c2ccc(N(C)Cc3cnn(C)c3)c(/C=C/C(=O)Nc3ccc([S@@](=O)Cc4cncn4CCC)cc3)c2)cc1
COc1ccc2c(c1)SCCc1c-2[nH]c2ccc(OC)cc12.ClCCCCCBr,COc1ccc2c(c1)SCCc1c-2n(CCCCCCl)c2ccc(OC)cc12
CCNCCN.O=c1cc(OCc2ccc(Cl)cn2)ccn1-c1ccc(F)nc1,CCNCCNc1ccc(-n2ccc(OCc3ccc(Cl)cn3)cc2=O)cn1
CC(=O)N1CC(C)(C)c2ccc(N3C(=O)NC(C)(C)C3=O)cc21.ClCc1ccnc(Cl)c1,CC(=O)N1CC(C)(C)c2ccc(N3C(=O)N(Cc4ccnc(Cl)c4)C(C)(C)C3=O)cc21
O=CN(O)[C@H](CS(=O)(=O)CC1Cc2ccccc2C1)c1cccc(NC(=O)OCc2ccccc2)c1,Nc1cccc([C@@H](CS(=O)(=O)CC2Cc3ccccc3C2)N(O)C=O)c1
CCOC[C@H]1CCCN(C[C@H]2CCCC[C@@H]2N)C1.COCCOc1ccc(C(=O)O)cc1,CCOC[C@H]1CCCN(C[C@H]2CCCC[C@@H]2NC(=O)c2ccc(OCCOC)cc2)C1
COc1cc(F)ccc1[N+](=O)[O-].F[C@@H]1CNCC[C@@H]1NCc1ccccc1,COc1cc(N2CC[C@H](NCc3ccccc3)[C@H](F)C2)ccc1[N+](=O)[O-]
COc1cc(NC(=O)C(=O)c2c(C)n(Cc3ccc(Cl)cc3)c3ccc(N(C)C(=O)OC(C)(C)C)cc23)ccn1,CNc1ccc2c(c1)c(C(=O)C(=O)Nc1ccnc(OC)c1)c(C)n2Cc1ccc(Cl)cc1
COc1cc2c(N[C@H](C)c3ccccn3)c(N)cnc2cc1-c1c(C)noc1C.O=C(O)C1CCOCC1,COc1cc2c(cc1-c1c(C)noc1C)ncc1nc(C3CCOCC3)n(C(C)c3ccccn3)c12
NS(=O)(=O)c1ccccc1.O=C(O)c1cc2nc(CCc3cccc(F)c3F)cc(O)n2n1,O=C(NS(=O)(=O)c1ccccc1)c1cc2nc(CCc3cccc(F)c3F)cc(O)n2n1
COc1nc(Cl)cc(NN=C(C)c2ccc(N(C)C)cc2)n1.OB(O)c1ccccc1,COc1nc(NN=C(C)c2ccc(N(C)C)cc2)cc(-c2ccccc2)n1
CC(C)I.CCOC(=O)/C(C)=C/c1ccc(O)cc1Oc1ncc(C(F)(F)F)cc1Cl,CCOC(=O)/C(C)=C/c1ccc(OC(C)C)cc1Oc1ncc(C(F)(F)F)cc1Cl
O=C(O)c1cccc(I)c1F,OCc1cccc(I)c1F
CCCN(CCC)CCCCNC(=O)c1cn2c(n1)CCC(CN)C2.O=Cc1ncc[nH]1,CCCN(CCC)CCCCNC(=O)c1cn2c(n1)CCC(CNCc1ncc[nH]1)C2
COC(=O)c1ccc2cc(-c3ccccc3)oc2c1,O=C(O)c1ccc2cc(-c3ccccc3)oc2c1
CN(CCOc1cc(Cl)nc(N2CCOCC2)n1)C(=O)OC(C)(C)C.NN,CN(CCOc1cc(NN)nc(N2CCOCC2)n1)C(=O)OC(C)(C)C
CCCc1cc(-c2ccc(O)cc2)c(-c2ccccc2)c(-c2cnn(Cc3ccccc3)c2)c1,CCCc1cc(-c2ccc(O)cc2)c(-c2ccccc2)c(-c2cn[nH]c2)c1
Cn1cc(NC(=O)c2ccccc2-c2ccc(C(F)(F)F)cc2)cc1C(=O)O.NCc1ccc(C2CCC3(CC2)OCCO3)cc1,Cn1cc(NC(=O)c2ccccc2-c2ccc(C(F)(F)F)cc2)cc1C(=O)NCc1ccc(C2CCC3(CC2)OCCO3)cc1
COc1ccc(OC)cc1.O=C(Cl)c1ccccc1CBr,COc1ccc(OC)c(C(=O)c2ccccc2CBr)c1
CC(C)(C)OC(=O)N1CCN(C(=O)OCc2ccccc2)C[C@H]1CCOS(C)(=O)=O.CCOC(=O)c1cc(C)[nH]n1,CCOC(=O)c1cc(C)n(CC[C@@H]2CN(C(=O)OCc3ccccc3)CCN2C(=O)OC(C)(C)C)n1
C=CCBr.C=CCN(CC=C)CCC(c1ccccc1)c1cc(C)ccc1O,C=CC[N+](CC=C)(CC=C)CCC(c1ccccc1)c1cc(C)ccc1O
CC(CCc1ccccc1F)CC(C(=O)C(C)(C)C)n1cncn1,CC(CCc1ccccc1F)CC(C(O)C(C)(C)C)n1cncn1
N#Cc1cc(Cl)ccc1F.O=C(CCOc1ccc(F)cc1)N1CCNCC1,N#Cc1cc(Cl)ccc1N1CCN(C(=O)CCOc2ccc(F)cc2)CC1
COc1cc(OC)c2c(=O)[nH]c(-c3ccc(OCCNC(C)C)c(-c4ccc(SC)cc4)n3)nc2c1.O=S([O-])OO,COc1cc(OC)c2c(=O)[nH]c(-c3ccc(OCCNC(C)C)c(-c4ccc(S(C)=O)cc4)n3)nc2c1
CCc1cc(Br)c2ncccc2c1.OB(O)c1ccc(Cl)c(Cl)c1,CCc1cc(-c2ccc(Cl)c(Cl)c2)c2ncccc2c1
CCc1c(-c2cn(-c3cc(C(=O)OC)ccc3C)cn2)cnn1-c1ccccc1.Cc1c(N)cc(C(C)(C)C)cc1NS(C)(=O)=O,CCc1c(-c2cn(-c3cc(C(=O)Nc4cc(C(C)(C)C)cc(NS(C)(=O)=O)c4C)ccc3C)cn2)cnn1-c1ccccc1
CI.O=[N+]([O-])c1ccc(N2CCNCC2)cc1,CN1CCN(c2ccc([N+](=O)[O-])cc2)CC1
COCCOCCBr.NS(=O)(=O)c1ccc(N[C@@H]2CCNC2)c([N+](=O)[O-])c1,COCCOCCN1CC[C@@H](Nc2ccc(S(N)(=O)=O)cc2[N+](=O)[O-])C1
COc1cc(N)cc(OC)c1OC.Clc1cccc(Oc2cncc(Cl)n2)c1,COc1cc(Nc2cncc(Oc3cccc(Cl)c3)n2)cc(OC)c1OC
CC(C)(c1ccc(Cl)cc1)c1cccnc1COS(C)(=O)=O.Cc1cnc(CNCCCCN(C(=O)OC(C)(C)C)C2CC2)c(C)c1,Cc1cnc(CN(CCCCN(C(=O)OC(C)(C)C)C2CC2)Cc2ncccc2C(C)(C)c2ccc(Cl)cc2)c(C)c1
CC1CCc2c(Cl)c(F)cc3c(=O)c(C(=O)O)cn1c23.CN1CCNCC1,CC1CCc2c(N3CCN(C)CC3)c(F)cc3c(=O)c(C(=O)O)cn1c23
CC1(c2cccc(Cn3ccc([N+](=O)[O-])n3)n2)OCCO1,CC1(c2cccc(Cn3ccc(N)n3)n2)OCCO1
C#CCBr.O=C1CNC(=O)N1,C#CCN1C(=O)CNC1=O
C1COCCN1.O=c1c2c[nH]c3cc(F)c(F)cc3c-2nn1-c1ccsc1,O=c1c2c[nH]c3cc(N4CCOCC4)c(F)cc3c-2nn1-c1ccsc1
CCOC(=O)c1cc(C#N)c(N2CC(C(=O)O)C2)nc1C(F)F.NS(=O)(=O)Cc1ccc(F)cc1Cl,CCOC(=O)c1cc(C#N)c(N2CC(C(=O)NS(=O)(=O)Cc3ccc(F)cc3Cl)C2)nc1C(F)F
CN(C)CCCOc1ccccc1CC(=O)O.O[C@H]1CCC(c2ccccc2)(c2ccccc2)[C@@H]2CNC[C@@H]21,CN(C)CCCOc1ccccc1CC(=O)N1C[C@H]2[C@@H](C1)C(c1ccccc1)(c1ccccc1)CC[C@@H]2O
CC(C)(C)OC(=O)NCCCN(CCCCN(CCCN(CCCN1C(=O)c2ccccc2C1=O)C(=O)OC(C)(C)C)C(=O)OC(C)(C)C)C(=O)OC(C)(C)C,CC(C)(C)OC(=O)NCCCN(CCCCN(CCCN(CCCN)C(=O)OC(C)(C)C)C(=O)OC(C)(C)C)C(=O)OC(C)(C)C
CCC(O)C1COC(C)(C)N1C(=O)OC(C)(C)C,CCC(=O)C1COC(C)(C)N1C(=O)OC(C)(C)C
CC1(C)CC(=O)CC(C)(C)C1.O=C(c1ccc(Br)cc1)c1ccc(O)c(Cl)c1,CC1(C)CC(=C(c2ccc(Br)cc2)c2ccc(O)c(Cl)c2)CC(C)(C)C1
CCc1c(F)ccc(C#N)c1Cl.C[C@H](O)[C@@H](N)C(=O)O,CCc1c(N[C@@H](C(=O)O)[C@H](C)O)ccc(C#N)c1Cl
CC1(C)OCC(C(O)CN)O1.O=C(O)c1cc(F)ccc1S(=O)(=O)NC(F)(F)F,CC1(C)OCC(C(O)CNC(=O)c2cc(F)ccc2S(=O)(=O)NC(F)(F)F)O1
Cc1ccc(S(=O)(=O)Cl)cc1.N[C@H](c1cccc(OCc2ccccc2)c1)[C@H](N)c1cccc(OCc2ccccc2)c1,Cc1ccc(S(=O)(=O)N[C@H](c2cccc(OCc3ccccc3)c2)[C@H](N)c2cccc(OCc3ccccc3)c2)cc1
O=[N+]([O-])c1cc(F)cc(Br)c1.Oc1ccc(F)cc1F,O=[N+]([O-])c1cc(Br)cc(Oc2ccc(F)cc2F)c1
Fc1ccc(OC[C@H]2CCC[C@H](OC(CCCl)c3ccc(F)cc3)O2)cc1.c1c[nH]cn1,Fc1ccc(OC[C@H]2CCC[C@H](OC(CCn3ccnc3)c3ccc(F)cc3)O2)cc1
Cc1cc(Br)cc(Br)c1.N#[C][Cu],Cc1cc(Br)cc(C#N)c1
COc1ccc(CCCCO)cc1.Cc1ccc(S(=O)(=O)Cl)cc1,COc1ccc(CCCCOS(=O)(=O)c2ccc(C)cc2)cc1
COC(=O)c1ccc2nc(-c3ccc(F)cc3)c(N3CCCc4ccc(F)cc43)nc2c1,O=C(O)c1ccc2nc(-c3ccc(F)cc3)c(N3CCCc4ccc(F)cc43)nc2c1
CN(Cc1cn(S(=O)(=O)c2ccco2)c(-c2cccnc2F)c1F)C(=O)OC(C)(C)C,CNCc1cn(S(=O)(=O)c2ccco2)c(-c2cccnc2F)c1F
CCOC(=O)C(CC(C)=O)C(=O)c1ccccc1.CS(=O)(=O)c1cccc(N)c1,CCOC(=O)c1cc(C)n(-c2cccc(S(C)(=O)=O)c2)c1-c1ccccc1
CC(C)(C)OC(=O)N1OCC[C@H]1C(=O)NCc1cc(Cl)ccc1-n1cnnn1,O=C(NCc1cc(Cl)ccc1-n1cnnn1)[C@@H]1CCON1
CC(C)(C)c1cc(CCC(=O)O)cc(C(C)(C)C)c1O.CCCCCCCCCCCCCCCCCC(=O)NCCCO,CCCCCCCCCCCCCCCCCC(=O)NCCCOC(=O)CCc1cc(C(C)(C)C)c(O)c(C(C)(C)C)c1
O=[N+]([O-])c1cccc(/C=C/c2ccc3ccccc3n2)c1,Nc1cccc(/C=C/c2ccc3ccccc3n2)c1
CSc1nc(Cl)c(C=O)c(Cl)n1.NO,CSc1nc(Cl)c(C=NO)c(Cl)n1
Cc1cc(C=O)cc(C)c1O.FC(F)(F)c1ccc(CBr)cc1,Cc1cc(C=O)cc(C)c1OCc1ccc(C(F)(F)F)cc1
CC1NCCc2c(-c3cnn(C)c3)cccc21.O=C(O)c1cc2ncc(Br)cn2n1,CC1c2cccc(-c3cnn(C)c3)c2CCN1C(=O)c1cc2ncc(Br)cn2n1
COc1ccc(-c2c(-c3ccccc3)oc3ccnc(NCC(C)(C)COCC(=O)OC(C)(C)C)c23)cc1,COc1ccc(-c2c(-c3ccccc3)oc3ccnc(NCC(C)(C)COCC(=O)O)c23)cc1
CC(C)C[C@H](Nc1conc1-c1ccc(N2CCN(C(=O)OC(C)(C)C)CC2)cc1)C(=O)O.N#CCN,CC(C)C[C@H](Nc1conc1-c1ccc(N2CCN(C(=O)OC(C)(C)C)CC2)cc1)C(=O)NCC#N
CCC1(O)CCC(NC(=O)OC(C)(C)C)CC1,CCC1(O)CCC(N)CC1
CCOC(=O)Cc1csc(Nc2cc(Sc3ccccc3)ccn2)n1,OCCc1csc(Nc2cc(Sc3ccccc3)ccn2)n1
Nc1ccc(Br)cc1.OB(O)c1cccc(OC(F)(F)F)c1,Nc1ccc(-c2cccc(OC(F)(F)F)c2)cc1
Brc1ccccc1.Cc1ccc(N)cc1C,Cc1ccc(Nc2ccccc2)cc1C
Cn1c2c(c3ccc(-n4ccc(OCc5ccccc5)cc4=O)cc31)CN(C(=O)OC(C)(C)C)CC2,Cn1c2c(c3ccc(-n4ccc(OCc5ccccc5)cc4=O)cc31)CNCC2
Cc1ccnc2c1C(=O)CC(c1ccsc1Br)C2.N=C(N)NN,Cc1ccnc2c1C(=NNC(=N)N)CC(c1ccsc1Br)C2
CCOc1cc2nc(-c3cccc(C(F)(F)F)c3)c(CN3CCC(N4CCOCC4)CC3)c(C(=O)OC)c2cc1S(C)(=O)=O,CCOc1cc2nc(-c3cccc(C(F)(F)F)c3)c(CN3CCC(N4CCOCC4)CC3)c(C(=O)O)c2cc1S(C)(=O)=O
CCC(C)Br.O=C(NOCc1ccccc1)Nc1ccccc1,CCC(C)N(OCc1ccccc1)C(=O)Nc1ccccc1
CC(C)(C)OC(=O)N1CCN(c2ccc(Nc3ncc(Br)n4ncnc34)cc2)C(=O)C1,O=C1CNCCN1c1ccc(Nc2ncc(Br)n3ncnc23)cc1
Nc1cccc2c1CC(O)CC2.O=C(Cl)Oc1ccccc1,O=C(Nc1cccc2c1CC(O)CC2)Oc1ccccc1
O=Cc1cc(Br)cs1.OCCO,Brc1csc(C2OCCO2)c1
COCCl.Cc1cc(O)c(C(C)(C)C)cc1F,COCOc1cc(C)c(F)cc1C(C)(C)C
C#Cc1cccc(C)c1.COCCn1ncc(-n2cc(I)nc2C)cc1=O,COCCn1ncc(-n2cc(C#Cc3cccc(C)c3)nc2C)cc1=O
O=[N+]([O-])c1ccccc1Cl.c1ccc2[nH]ccc2c1,O=[N+]([O-])c1ccccc1-n1ccc2ccccc21
COC(=O)CCn1c(=O)n2n(c1=O)C(C(=O)O)C=CC2,O=C(O)CCn1c(=O)n2n(c1=O)C(C(=O)O)C=CC2
Fc1cc(I)c(Cl)cn1.N[C@H]1CC[C@H](N)CC1,N[C@@H]1CC[C@@H](Nc2cc(I)c(Cl)cn2)CC1
CC(N)CO.CCc1cnc(N2CCC(Oc3cc(N4CCc5cc(C(=O)O)ccc54)ncn3)CC2)nc1,CCc1cnc(N2CCC(Oc3cc(N4CCc5cc(C(=O)NC(C)CO)ccc54)ncn3)CC2)nc1
CC1CC2(CCC1=O)OCCO2.NCc1ccccc1,CC1CC2(CCC1=NCc1ccccc1)OCCO2
C#CCCN1C(=O)c2ccccc2C1=O.CSc1ncc(C=NO)c(OCc2ccccc2)n1,CSc1ncc(-c2cc(CCN3C(=O)c4ccccc4C3=O)on2)c(OCc2ccccc2)n1
CCOC(=O)c1cn(-c2ccc3c(c2)[nH]c(=O)n3C)c(=O)[nH]c1=O.FC(F)(F)c1cccc(CBr)c1Cl,CCOC(=O)c1cn(-c2ccc3c(c2)[nH]c(=O)n3C)c(=O)n(Cc2cccc(C(F)(F)F)c2Cl)c1=O
BrCCc1ccccc1.CC1(C)[C@@H]2CC[C@@]1(C)c1[nH]n(-c3ccccc3)c(=O)c12,CC1(C)[C@@H]2CC[C@@]1(C)c1c2c(=O)n(-c2ccccc2)n1CCc1ccccc1
CCI.COC(=O)c1ccccc1S(=O)(=O)NC(=O)Nc1n[nH]c(SC)n1,CCn1nc(NC(=O)NS(=O)(=O)c2ccccc2C(=O)OC)nc1SC
NC(=O)c1cnccn1,NC(=O)C1CNCCN1
CI.O=C1CC[C@@]2(OCc3ccc(Cl)cc3)[C@H]3Cc4ccc(O)c5c4[C@@]2(CCN3CC2CC2)[C@H]1O5,C[N@+]1(CC2CC2)CC[C@]23c4c5ccc(O)c4O[C@H]2C(=O)CC[C@@]3(OCc2ccc(Cl)cc2)[C@H]1C5
CCCCC/C=C/CCC=O,CCCCC/C=C/CCCO
CCC(CC)CO.CCOC(=O)C1=Cc2ccc(O)cc2OC1C(F)(F)F,CCOC(=O)C1=Cc2ccc(OCC(CC)CC)cc2OC1C(F)(F)F
O=C1CCOC1.O=[N+]([O-])c1cnccc1N1CCNCC1,O=[N+]([O-])c1cnccc1N1CCN(C2CCOC2)CC1
CC(=O)CNC1(c2ccc(OC(C)=O)cc2)Sc2ccccc2N(C)C1=O,CC(=O)CNC1(c2ccc(O)cc2)Sc2ccccc2N(C)C1=O
C[C@]12CCC3=C(CCc4cc(O)ccc43)C1=CCC2=O,C[C@]12CCC3=C(CCc4cc(O)ccc43)[C@@H]1CCC2=O
COc1ccc2c(=O)n(CCN)c(CN(C)C)c(-c3ccccc3)c2c1.CS(=O)(=O)Cl,COc1ccc2c(=O)n(CCNS(C)(=O)=O)c(CN(C)C)c(-c3ccccc3)c2c1
CC(C)N1CCC(Oc2ccc3c(c2)cc2n3CCNC2=O)CC1.O=C(CCl)N1CCOCC1,CC(C)N1CCC(Oc2ccc3c(c2)cc2n3CCN(CC(=O)N3CCOCC3)C2=O)CC1
Cc1nn(CC(=O)N2CCN(C)CC2)cc1-n1c(=O)n(C)c2cnc3ccc(Br)cc3c21.OB(O)c1ccccc1,Cc1nn(CC(=O)N2CCN(C)CC2)cc1-n1c(=O)n(C)c2cnc3ccc(-c4ccccc4)cc3c21
CC(C)(C)c1ccc(-c2ccc3c(c2)cc(C(=O)Cl)n3-c2ccc(OC3CCCC3)cc2)cc1.CCOC(=O)CN,CCOC(=O)CNC(=O)c1cc2cc(-c3ccc(C(C)(C)C)cc3)ccc2n1-c1ccc(OC2CCCC2)cc1
COc1cccc(Cc2ccc(C3OCCO3)cc2)c1,COc1cccc(Cc2ccc(C=O)cc2)c1
CCCCCC[C@@H](O)C/C=C\CCCCCCCC(=O)OCC.CI,CCCCCCC(CC=CCCCCCCCC(=O)OCC)OC
CC(C)(C)[C@H](N)C(=O)N[C@@H]1CCN(Cc2ccccc2)C1.O=C=Nc1cc(F)ccc1F,CC(C)(C)[C@H](NC(=O)Nc1cc(F)ccc1F)C(=O)N[C@@H]1CCN(Cc2ccccc2)C1
CC(C)(C)OC(=O)NCC(C)(C)c1ccc(B2OC(C)(C)C(C)(C)O2)cc1F.COc1cc(C)c2[nH]c(=O)c3sccc3c2c1Br,COc1cc(C)c2[nH]c(=O)c3sccc3c2c1-c1ccc(C(C)(C)CNC(=O)OC(C)(C)C)c(F)c1
N#Cc1cc(C=O)ccc1F.Oc1ccc(F)cc1,N#Cc1cc(C=O)ccc1Oc1ccc(F)cc1
Clc1ccc(-c2nc(Cl)c3ccccc3n2)c(Cl)c1.N#Cc1ccc(NCCN)nc1,N#Cc1ccc(NCCNc2nc(-c3ccc(Cl)cc3Cl)nc3ccccc23)nc1
C=CCn1c(N)nc(-c2cccc(F)c2)c(-c2ccc(=O)[nH]c2)c1=O.OB(O)c1ccccc1,C=CCn1c(N)nc(-c2cccc(F)c2)c(-c2ccc(=O)n(-c3ccccc3)c2)c1=O
Cc1cc(C)cc(Nc2ncc(Br)c(-n3nc(C(F)(F)F)cc3C)n2)c1.O=C1NS(=O)(=O)c2ccc(B(O)O)cc21,Cc1cc(C)cc(Nc2ncc(-c3ccc4c(c3)C(=O)NS4(=O)=O)c(-n3nc(C(F)(F)F)cc3C)n2)c1
COC(=O)c1cnc(N)s1.Cc1nc(Cl)cc(Cl)n1,COC(=O)c1cnc(Nc2cc(Cl)nc(C)n2)s1
Cc1cccc(C(=O)O)c1.Nc1cc(-c2cccc3[nH]ccc23)cc2[nH]ncc12,Cc1cccc(C(=O)Nc2cc(-c3cccc4[nH]ccc34)cc3[nH]ncc23)c1
O=C(OCc1ccccc1)N1CCC[C@H](NC(=O)N2CC[C@@H]3[C@H]2C(=O)N3S(=O)(=O)O)CC1,O=C(N[C@H]1CCCNCC1)N1CC[C@@H]2[C@H]1C(=O)N2S(=O)(=O)O
FC(F)(F)c1ccccc1OC1CCN(c2ncc(Br)s2)CC1.O=C1CCCN1,O=C1CCCN1c1cnc(N2CCC(Oc3ccccc3C(F)(F)F)CC2)s1
COc1ccc(F)cc1C(C)(C)CC(O)(CN)C(F)(F)F.COc1cccc(-n2ncc3c(Br)cc(C)cc32)c1,COc1cccc(-n2ncc3c(NCC(O)(CC(C)(C)c4cc(F)ccc4OC)C(F)(F)F)cc(C)cc32)c1
CS(=O)(=O)c1ccc(C#CC(O)(c2ccccc2N(CCC(F)(F)F)S(=O)(=O)c2cccc([N+](=O)[O-])c2)C(F)(F)F)cc1,CS(=O)(=O)c1ccc(C#CC(O)(c2ccccc2N(CCC(F)(F)F)S(=O)(=O)c2cccc(N)c2)C(F)(F)F)cc1
O=c1n(CCCF)nnn1-c1cc([N+](=O)[O-])c(Cl)cc1F,Nc1cc(-n2nnn(CCCF)c2=O)c(F)cc1Cl
CC(C)(C)OC(=O)NC[C@H]1CCc2cc(I)ccc2O1.CCOC(=O)c1ccccc1O,CCOC(=O)c1ccccc1Oc1ccc2c(c1)CC[C@H](CNC(=O)OC(C)(C)C)O2
CC(C)(C)c1cc(Br)cc2c1OCC2(C)C.CCC[CH2][Sn]([CH2]CCC)([CH2]CCC)[c]1cccs1,CC(C)(C)c1cc(-c2cccs2)cc2c1OCC2(C)C
COC(=O)[C@@H]1C[C@H](O)CN1C(=O)OC(C)(C)C.Oc1nc(-c2ccccn2)nc2ccsc12,COC(=O)[C@@H]1C[C@@H](Oc2nc(-c3ccccn3)nc3ccsc23)CN1C(=O)OC(C)(C)C
CC(C)(C)OC(=O)CC1C(=O)C=C2NCCC(=O)Cn3cnc1c32,O=C(O)CC1C(=O)C=C2NCCC(=O)Cn3cnc1c32
O[C@H]1CCCN[C@H]1c1ccccc1,O=C1CCCN[C@H]1c1ccccc1
C1CN(C2CC2)CCN1.O=[N+]([O-])c1ccc(Cl)nc1,O=[N+]([O-])c1ccc(N2CCN(C3CC3)CC2)nc1
BrCc1ccccc1.CCOC(=O)n1[nH]c(=O)c2cnc(Cl)cc21,CCOC(=O)n1c2cc(Cl)ncc2c(=O)n1Cc1ccccc1
COc1cccc2c(Cl)nc(Cl)nc12.Nc1ccccc1,COc1cccc2c(Nc3ccccc3)nc(Cl)nc12
CI.COc1cc2nc(N3CCN(c4nc5ccccc5[nH]4)CC3)nc(N)c2cc1OC,COc1cc2nc(N3CCN(c4nc5ccccc5n4C)CC3)nc(N)c2cc1OC
CCCCCCN.O=C[C@H](O)[C@@H](O)[C@H](O)[C@H](O)CO,CCCCCCNC[C@H](O)[C@@H](O)[C@H](O)[C@H](O)CO
CC(C)(C)OC(=O)Nc1c(Br)ccc(C(F)(F)F)c1F,Nc1c(Br)ccc(C(F)(F)F)c1F
CC(C)(C)OC(=O)OC(=O)OC(C)(C)C.NC/C=C/CN,CC(C)(C)OC(=O)NCC=CCN
CCN.CCOC(=O)c1nnc(CNC(=O)OC(C)(C)C)o1,CCNC(=O)c1nnc(CNC(=O)OC(C)(C)C)o1
CC(C)(C)OC(=O)N1CCC/C(=C\c2ncn3c2CCc2ccccc2-3)C1=O,CC(C)(C)OC(=O)N1CCCC(Cc2ncn3c2CCc2ccccc2-3)C1=O
COc1ccc(-c2ccc(C(F)(F)F)cc2)cc1C(=O)N[C@H](Cc1ccc(-c2ccc(F)c(Cl)c2)cc1)C(=O)N(C)OC.[CH3][Mg+],COc1ccc(-c2ccc(C(F)(F)F)cc2)cc1C(=O)N[C@H](Cc1ccc(-c2ccc(F)c(Cl)c2)cc1)C(C)=O
CCOC(=O)C(C)(Cc1ccc(OCc2ccccc2)cc1)Oc1ccccc1,CCOC(=O)C(C)(Cc1ccc(O)cc1)Oc1ccccc1
CC(=O)Cl.CNCC(C)(C)c1cc(NC(=O)OC(C)(C)C)on1,CC(=O)N(C)CC(C)(C)c1cc(NC(=O)OC(C)(C)C)on1
N[C@H]1CCCCN(c2ccccc2)C1=O.O=C(O)[C@H](CC[C@H](Cc1ccc(F)cc1)C(=O)O)Cc1ccc(F)cc1,O=C(O)[C@H](CC[C@H](Cc1ccc(F)cc1)C(=O)N[C@H]1CCCCN(c2ccccc2)C1=O)Cc1ccc(F)cc1
CC1(NC(=O)OC(C)(C)C)CCN(c2cnccn2)CC1,CC1(N)CCN(c2cnccn2)CC1
ClCc1cscn1.O=[N+]([O-])c1ccc(O)cc1,O=[N+]([O-])c1ccc(OCc2cscn2)cc1
C#Cc1ccc(-c2ccc(Cl)cc2)cn1.Fc1cc(I)ccc1OCCN1CCCC1,Fc1cc(C#Cc2ccc(-c3ccc(Cl)cc3)cn2)ccc1OCCN1CCCC1
CC(=O)c1c(F)cncc1-c1cc2cc(C#N)ccc2o1.[CH3][Mg+],CC(C)(O)c1c(F)cncc1-c1cc2cc(C#N)ccc2o1
CCC=O.NC1Cc2cccc3ncn(c23)C1,CCCNC1Cc2cccc3ncn(c23)C1
BrCCc1ccc2c(c1)CCO2.NC(=O)C(c1ccccc1)(c1ccccc1)[C@@H]1CCNC1,NC(=O)C(c1ccccc1)(c1ccccc1)[C@@H]1CCN(CCc2ccc3c(c2)CCO3)C1
CCC[CH2][Sn]([CH2]CCC)([CH2]CCC)[c]1nccs1.O=Cc1ccc(-c2nc3ncccn3c2Br)cc1,O=Cc1ccc(-c2nc3ncccn3c2-c2nccs2)cc1
N#Cc1ccc(I)c(O)c1,NCc1ccc(I)c(O)c1
CC(C)C(=O)Cl.CCCn1c(COCC)nc2c(N)nc3ccc(OCCCCCCN)cc3c21,CCCn1c(COCC)nc2c(N)nc3ccc(OCCCCCCNC(=O)C(C)C)cc3c21
CC(C)(C)c1cc[c]([Mg+])cc1.O=C1Cc2ccccc2C1,CC(C)(C)c1ccc(C2(O)Cc3ccccc3C2)cc1
N[C@@H]1C[C@H]1c1cccc(C(=O)NC2CCCC2)c1.O=C1CCN(C2CC2)CC1,O=C(NC1CCCC1)c1cccc([C@@H]2C[C@H]2NC2CCN(C3CC3)CC2)c1
CC(C)(C)[Si](C)(C)OCC(=O)COc1cc(Cl)c(-c2noc(-c3cn4cc(C(F)(F)F)cc(Cl)c4n3)n2)cc1Cl,O=C(CO)COc1cc(Cl)c(-c2noc(-c3cn4cc(C(F)(F)F)cc(Cl)c4n3)n2)cc1Cl
CCOC(=O)Cc1nc(-c2ccccc2)oc1-c1ccsc1,O=C(O)Cc1nc(-c2ccccc2)oc1-c1ccsc1
N#Cc1cc(F)c(CBr)cc1F.Oc1ccc(Cl)c(Cl)c1,N#Cc1cc(F)c(COc2ccc(Cl)c(Cl)c2)cc1F
COC(=O)[C@@H](NC(=O)c1ccc(C#CC#C[C@@H](O)CCO)cc1)C(C)(C)N.NO,CC(C)(N)[C@H](NC(=O)c1ccc(C#CC#C[C@@H](O)CCO)cc1)C(=O)NO
COc1cc(CN2CCNCC2)cc(OC)c1OC.O=C(O)c1ccc2c(c1)C(=O)c1ccccc1-2,COc1cc(CN2CCN(C(=O)c3ccc4c(c3)C(=O)c3ccccc3-4)CC2)cc(OC)c1OC
C#CCO.CCC(=O)N(Cc1cccc(I)c1)c1cccc(-c2nnn[nH]2)c1,CCC(=O)N(Cc1cccc(C#CCO)c1)c1cccc(-c2nnn[nH]2)c1
CS(=O)(=O)Cl.N#Cc1ccc(-c2ccc3oc(CCO)cc3c2)cc1,CS(=O)(=O)OCCc1cc2cc(-c3ccc(C#N)cc3)ccc2o1
COC(=O)c1c(Cl)cc(=O)n2c1CCC2,O=C(O)c1c(Cl)cc(=O)n2c1CCC2
COC(=O)c1cccc(C#CC(C)(C)C)c1-c1ccc2nc(N)c(N3CCOCC3)cc2c1,COC(=O)c1cccc(CCC(C)(C)C)c1-c1ccc2nc(N)c(N3CCOCC3)cc2c1
O=C(CN1CCc2c([nH]c3ccc(Br)cc23)C1)N1CCN(C2CCC2)CC1.OB(O)c1cncnc1,O=C(CN1CCc2c([nH]c3ccc(-c4cncnc4)cc23)C1)N1CCN(C2CCC2)CC1
CCCCc1ccc(C#Cc2ccc(CNc3ccc(F)c(C(=O)OC)c3)cc2)cc1.CCOC(=O)C1CC1C=O,CCCCc1ccc(C#Cc2ccc(CN(CC3CC3C(=O)OCC)c3ccc(F)c(C(=O)OC)c3)cc2)cc1
BrCCOCCBr.NCC(F)(F)CO,OCC(F)(F)CN1CCOCC1
CC(C)CC(=O)O.N[C@H]1CC[C@H](CCN2CCCCC2c2coc3cccc-3c2)CC1,CC(C)CC(=O)N[C@@H]1CC[C@@H](CCN2CCCCC2c2coc3cccc-3c2)CC1
CC(C)(C)OC(=O)NCc1ncc(Nc2ccc(Cl)cc2C(F)(F)F)cc1F,NCc1ncc(Nc2ccc(Cl)cc2C(F)(F)F)cc1F
CC(C)(C)OC(=O)OC(=O)OC(C)(C)C.COC(=O)C(c1ccc(Cl)cc1)n1ccc2c(N)cccc21,COC(=O)C(c1ccc(Cl)cc1)n1ccc2c(NC(=O)OC(C)(C)C)cccc21
COc1ccc(-c2cc3c(C(=O)O)n[nH]c3cc2Cl)cc1.Cc1ccc(O)cc1,COc1ccc(-c2cc3c(C(=O)Oc4ccc(C)cc4)n[nH]c3cc2Cl)cc1
C#C.O=C1CCc2c(O)c3c(c(O)c2C1)C(=O)c1ccccc1C3=O,C#CC1(O)CCc2c(O)c3c(c(O)c2C1)C(=O)c1ccccc1C3=O
Cc1nc(N)nc(Cl)c1C.OB(O)c1cccc2ccccc12,Cc1nc(N)nc(-c2cccc3ccccc23)c1C
O=C1Nc2cc(Cl)ccc2C1(O)C1CCCCC1,O=C1Nc2cc(Cl)ccc2C1C1CCCCC1
Clc1cc(Cl)c(OCc2ccccc2)cc1I,Oc1cc(I)c(Cl)cc1Cl
CCCCCCCCCCCCCCCCNc1ccc(CC(=O)Cl)cc1.N,CCCCCCCCCCCCCCCCNc1ccc(CC(N)=O)cc1
CCOC(=O)COc1ccc(O)c(Cl)c1.CI,CCOC(=O)COc1ccc(OC)c(Cl)c1
CC(F)(F)CCCCn1ccc(N)n1.Cc1ccc(/C=C/C(=O)O)cc1,Cc1ccc(/C=C/C(=O)Nc2ccn(CCCCC(C)(F)F)n2)cc1
CC(C)(C)C(=O)OCCl.CCc1nc2c(C)cc(C)nc2n1Cc1ccc(-c2ccccc2-c2c(O)c(=O)c2=O)cc1,CCc1nc2c(C)cc(C)nc2n1Cc1ccc(-c2ccccc2-c2c(OCOC(=O)C(C)(C)C)c(=O)c2=O)cc1
Cc1ccc(Sc2ccc(CBr)cc2)cc1.N,Cc1ccc(Sc2ccc(CN)cc2)cc1
CS(=O)(=O)CCN.O=C(O)c1ccc(-c2ccc3ncnc(Nc4ccc(OCc5ccccc5)cc4)c3c2)o1,CS(=O)(=O)CCNC(=O)c1ccc(-c2ccc3ncnc(Nc4ccc(OCc5ccccc5)cc4)c3c2)o1
CCOC(=O)CN1CCN(Cc2c3ccccc3cc3ccccc23)CC1.NN,NNC(=O)CN1CCN(Cc2c3ccccc3cc3ccccc23)CC1
CCI.CCOC(=O)N1c2ccc(O)nc2[C@@H](Nc2ncc(N3CCOCC3)c(Cc3cc(C(F)(F)F)cc(C(F)(F)F)c3)n2)C[C@H]1CC,CCOC(=O)N1c2ccc(OCC)nc2[C@@H](Nc2ncc(N3CCOCC3)c(Cc3cc(C(F)(F)F)cc(C(F)(F)F)c3)n2)C[C@H]1CC
CC(C#N)N1C(=O)COc2nc(-c3ccc(C4(NC(=O)OC(C)(C)C)CCC4)cc3)c(-c3ccccc3)cc21,CC(C#N)N1C(=O)COc2nc(-c3ccc(C4(N)CCC4)cc3)c(-c3ccccc3)cc21
NCc1ccccc1.O=C1CCCc2ccc(OCc3ccncc3)cc21,c1ccc(CNC2CCCc3ccc(OCc4ccncc4)cc32)cc1
Cc1cc2cc(N)ccc2[nH]1.Cn1c(-c2cc3nccc(Cl)c3s2)cnc1C#N,Cc1cc2cc(Nc3ccnc4cc(-c5cnc(C#N)n5C)sc34)ccc2[nH]1
CC1(C)OB(c2cccc3[nH]ncc23)OC1(C)C.Clc1nc(N2CCOCC2)c2sc(-c3cnoc3)cc2n1,c1cc(-c2nc(N3CCOCC3)c3sc(-c4cnoc4)cc3n2)c2cn[nH]c2c1
Cc1ccnc(Cl)n1.O[C@H]1CC[C@H](N2CCNCC2)CC1,Cc1ccnc(N2CCN([C@@H]3CC[C@@H](O)CC3)CC2)n1
COc1c(C)cccc1C(=O)c1ccc(Cl)cc1.O=C1CCC(=O)N1Br,COc1c(CBr)cccc1C(=O)c1ccc(Cl)cc1
C[C@H](c1ccccc1)N(CC(=O)OC(C)(C)C)S(=O)(=O)c1ccc2c(Cl)cnc(NC(=N)N)c2c1,C[C@H](c1ccccc1)N(CC(=O)O)S(=O)(=O)c1ccc2c(Cl)cnc(NC(=N)N)c2c1
CON(C)C(=O)c1csc(NC(=O)OC(C)(C)C)n1.C[CH2][Mg+],CCC(=O)c1csc(NC(=O)OC(C)(C)C)n1
C1CCNC1.ClCCCOc1n[nH]c2ncnc(Nc3ccc(OCc4ccccn4)c(Cl)c3)c12,Clc1cc(Nc2ncnc3[nH]nc(OCCCN4CCCC4)c23)ccc1OCc1ccccn1
CNCCCNC.N#Cc1ccccc1S(=O)(=O)Cl,CNCCCN(C)S(=O)(=O)c1ccccc1C#N
CC(C(=O)O)c1cccc2cnccc12.NCc1cccc(OC(F)(F)F)c1,CC(C(=O)NCc1cccc(OC(F)(F)F)c1)c1cccc2cnccc12
CC(=O)c1ccccc1-c1cnn2c(-c3cccc(NC(=O)c4cccc(C(F)(F)F)c4)c3)ccnc12,CC(O)c1ccccc1-c1cnn2c(-c3cccc(NC(=O)c4cccc(C(F)(F)F)c4)c3)ccnc12
C1COCCN1.CS(=O)(=O)OCC1CN(c2ccc3cc(-c4ccccc4C(F)(F)F)[nH]c(=O)c3c2)C(=O)O1,O=C1OC(CN2CCOCC2)CN1c1ccc2cc(-c3ccccc3C(F)(F)F)[nH]c(=O)c2c1
BrCc1ccccc1.OCCCCCCCCCCC=C(F)F,FC(F)=CCCCCCCCCCCOCc1ccccc1
NCCO.O=Cc1ccccc1,OCC/N=C/c1ccccc1
O=[N+]([O-])/C=C/c1ccc(Br)cc1,O=[N+]([O-])CCc1ccc(Br)cc1
CCc1sc(C(=O)CCc2cc(C)c(CCCO)c(C)c2)c2c1CC(C)(C)CC2.CS(=O)(=O)Cl,CCc1sc(C(=O)CCc2cc(C)c(CCCOS(C)(=O)=O)c(C)c2)c2c1CC(C)(C)CC2
C=C(C)CCl.COc1cc(C=O)ccc1O,C=C(C)COc1ccc(C=O)cc1OC
COc1ccc2[nH]c(=O)c3cccnc3c2c1,O=c1[nH]c2ccc(O)cc2c2ncccc12
O=C(O)CCCCCCCCCCBr.Oc1ccccc1,O=C(O)CCCCCCCCCCOc1ccccc1
CC(C)(C)OC(=O)N1Cc2ccc(I)cc2C1.CCC[CH2][Sn]([CH2]CCC)([CH2]CCC)[C]1=CCOCC1,CC(C)(C)OC(=O)N1Cc2ccc(C3=CCOCC3)cc2C1
N[C@H]1CCN(C(=O)c2cc(C(F)(F)F)cc(C(F)(F)F)c2)[C@H](Cc2ccccc2)C1.O=Cc1ccnc2ccccc12,O=C(c1cc(C(F)(F)F)cc(C(F)(F)F)c1)N1CC[C@H](NCc2ccnc3ccccc23)C[C@H]1Cc1ccccc1
CNCCc1ccccc1.O=C(NC1C2CC3CC(C2)CC1C3)c1cnn(-c2ccccc2)c1Cl,CN(CCc1ccccc1)c1c(C(=O)NC2C3CC4CC(C3)CC2C4)cnn1-c1ccccc1
CC[C@H](C)n1cc(C(=O)O)c(=O)c(Br)c1C.CS(=O)(=O)c1ccc(CN)nc1,CC[C@H](C)n1cc(C(=O)NCc2ccc(S(C)(=O)=O)cn2)c(=O)c(Br)c1C
CC(C)(C)C(=O)OCCl.CN(C)[C@@H]1CCN(c2cc(O)c3c(=O)[nH]cnc3c2)C1,CN(C)[C@@H]1CCN(c2cc(O)c3c(=O)n(COC(=O)C(C)(C)C)cnc3c2)C1
COc1ccc(OC)c(C(=O)C=Cc2ccc(OC3CCCCO3)cc2)c1,COc1ccc(OC)c(C(=O)C=Cc2ccc(O)cc2)c1
[N-]=[N+]=NCC1CCCN1Cc1ccccc1,NCC1CCCN1Cc1ccccc1
N#Cc1ccc(C=O)cc1.N#Cc1cnc2c(C(F)(F)F)cc(N)cc2c1Nc1ccc(F)c(Cl)c1,N#Cc1ccc(CNc2cc(C(F)(F)F)c3ncc(C#N)c(Nc4ccc(F)c(Cl)c4)c3c2)cc1
CC(C)(C)CC(=O)Cl.CNCc1cc(-c2ncco2)ccc1-c1ccccc1S(=O)(=O)Nc1noc(C)c1C,Cc1onc(NS(=O)(=O)c2ccccc2-c2ccc(-c3ncco3)cc2CN(C)C(=O)CC(C)(C)C)c1C
COc1cc(OC)cc(-c2c(Cl)nnc(C)c2-c2ccccc2)c1.[CH3][Sn]([CH3])([CH3])[c]1ccccn1,COc1cc(OC)cc(-c2c(-c3ccccn3)nnc(C)c2-c2ccccc2)c1
N#Cc1cc(Br)c2c(c1)cc1n2CCNC1=O.OCc1ccc(B(O)O)cc1,N#Cc1cc(-c2ccc(CO)cc2)c2c(c1)cc1n2CCNC1=O
CC(=O)c1ccc2c(c1)CC(=O)N2C(C)=O.CCCCCCCC(=O)O,CCCCCCCC(O)=C1C(=O)N(C(C)=O)c2ccc(C(C)=O)cc21
CCCI.c1ccc2c(c1)[nH]c1ccccc12,CCCn1c2ccccc2c2ccccc21
CC(C)(C)OC(=O)NCCC(=O)O.CC(C)(N)CO,CC(C)(CO)NC(=O)CCNC(=O)OC(C)(C)C
COC(=O)c1cc(OC(C)C)cc(C(=O)OC)c1C.O=C1CCC(=O)N1Br,COC(=O)c1cc(OC(C)C)cc(C(=O)OC)c1CBr
CCOC(=O)c1cc2cc(Cl)ncc2[nH]1,OCc1cc2cc(Cl)ncc2[nH]1
COC(CN(C)S(=O)(=O)NC(=O)c1ccc2c(C3CCCCC3)c3n(c2c1)CC(COCCN(C)Cc1ccccc1)COc1ccccc1-3)OC,CNCCOCC1COc2ccccc2-c2c(C3CCCCC3)c3ccc(C(=O)NS(=O)(=O)N(C)CC(OC)OC)cc3n2C1
O=C(O)C1CNC1.O=Cc1ccc2c(c1)CCc1c-2noc1CCC1(c2ccc(F)cc2)CCCCC1,O=C(O)C1CN(Cc2ccc3c(c2)CCc2c-3noc2CCC2(c3ccc(F)cc3)CCCCC2)C1
CN(C)C(=O)c1cc2nccc(Cl)c2s1.CNC(=O)c1c(C)n(C)c2cc(O)ccc12,CNC(=O)c1c(C)n(C)c2cc(Oc3ccnc4cc(C(=O)N(C)C)sc34)ccc12
CCCCCCCCCCCC(=O)Cl.Cc1oc([Si](C)(C)C)c(-c2ccccc2)c1CO,CCCCCCCCCCCC(=O)OCc1c(C)oc([Si](C)(C)C)c1-c1ccccc1
COc1cc(N)ccc1-n1cnc(C)n1.Cc1cc(Cc2ccccc2)nc(Cl)n1,COc1cc(Nc2nc(C)cc(Cc3ccccc3)n2)ccc1-n1cnc(C)n1
CCC(=O)O.CN1CCC(c2c[nH]c3ccc(N)cc23)CC1,CCC(=O)Nc1ccc2[nH]cc(C3CCN(C)CC3)c2c1
CC(C)(C)OC(=O)N[C@@H]1c2cccnc2C(=O)CC[C@H]1c1cccc(F)c1F.CCOC(=O)C=P(c1ccccc1)(c1ccccc1)c1ccccc1,CCOC(=O)/C=C1\CC[C@@H](c2cccc(F)c2F)[C@H](NC(=O)OC(C)(C)C)c2cccnc21
COc1cc(N)cc(OCCN2CCCC2=O)c1.O=C(O)Cn1cnc2cccc([N+](=O)[O-])c21,COc1cc(NC(=O)Cn2cnc3cccc([N+](=O)[O-])c32)cc(OCCN2CCCC2=O)c1
CCN1CCNCC1.Cc1ccc(NC(=O)c2cccc(C(F)(F)F)c2)cc1-n1c(C)nc2ccc(Br)cc2c1=O,CCN1CCN(c2ccc3nc(C)n(-c4cc(NC(=O)c5cccc(C(F)(F)F)c5)ccc4C)c(=O)c3c2)CC1
C1CCN(C2CCNCC2)C1.COC(=O)c1c(CBr)c(-c2cccc(C(F)(F)F)c2)nc2ccc(S(C)(=O)=O)cc12,COC(=O)c1c(CN2CCC(N3CCCC3)CC2)c(-c2cccc(C(F)(F)F)c2)nc2ccc(S(C)(=O)=O)cc12
Cn1ccc(S(=O)(=O)Cl)n1.O=C(NCC(F)(F)F)Nc1cccc(-c2cnc3cc(-c4cnn(C5CCNCC5)c4)cnn23)c1,Cn1ccc(S(=O)(=O)N2CCC(n3cc(-c4cnn5c(-c6cccc(NC(=O)NCC(F)(F)F)c6)cnc5c4)cn3)CC2)n1
COCCCN1CCOc2ccc(CO[C@@H]3CC[C@@H](CC(C)(C)C(=O)CCl)N(S(=O)(=O)c4ccc(C)cc4)C3)cc21.NC1CCOCC1,COCCCN1CCOc2ccc(CO[C@@H]3CC[C@@H](CC(C)(C)C(=O)CNC4CCOCC4)N(S(=O)(=O)c4ccc(C)cc4)C3)cc21
BrCc1nc2ccccc2s1.Cc1nc(-n2ccc(O)cc2=O)sc1C(=O)NCc1ccccc1,Cc1nc(-n2ccc(OCc3nc4ccccc4s3)cc2=O)sc1C(=O)NCc1ccccc1
CC(C)(C)OC(=O)N[C@H](Cc1cccnc1)C(=O)O.CCOC(=O)CNCc1ccccc1,CCOC(=O)CN(Cc1ccccc1)C(=O)[C@@H](Cc1cccnc1)NC(=O)OC(C)(C)C
COc1ccc(-c2nc(C)c(C(=O)O)s2)cc1.Nc1nnn[nH]1,COc1ccc(-c2nc(C)c(C(=O)Nc3nnn[nH]3)s2)cc1
COC(=O)C1CC(C#N)(c2ccc(Cl)nc2)CCC1=O,N#CC1(c2ccc(Cl)nc2)CCC(=O)CC1
COc1ccc(F)cc1C(C)(C)CC(O)(C=O)C(F)(F)F.Cc1ncc2c(N)ccc(F)c2n1,COc1ccc(F)cc1C(C)(C)CC(O)(C=Nc1ccc(F)c2nc(C)ncc12)C(F)(F)F
COc1cc(C(=O)N2CCNCC2)cc(OC)c1OC.O=C(O)/C=C(\c1ccccc1)c1ccncc1,COc1cc(C(=O)N2CCN(C(=O)/C=C(\c3ccccc3)c3ccncc3)CC2)cc(OC)c1OC
CCOC(=O)c1nc(I)c2c(-c3ccc(F)cc3)noc2c1O.N#[C][Cu],CCOC(=O)c1nc(C#N)c2c(-c3ccc(F)cc3)noc2c1O
CC1CCCN1CCCOc1ccc(-c2nc(CC(=O)N3CCCC3)co2)cc1,CC1CCCN1CCCOc1ccc(-c2nc(CCN3CCCC3)co2)cc1
BrCC1CC1.OCc1ccccc1O,OCc1ccccc1OCC1CC1
CC(C)[Si](OCC1(c2cccc(Cn3nc(-c4nc(-c5ccc(OC(F)(F)F)cc5)no4)ccc3=O)c2)CC1)(C(C)C)C(C)C,O=c1ccc(-c2nc(-c3ccc(OC(F)(F)F)cc3)no2)nn1Cc1cccc(C2(CO)CC2)c1
C=CC[C@H]1CNC[C@@]1(N=[N+]=[N-])C(=O)OCC(=O)c1ccccc1.CC(C)(C)OC(=O)N1Cc2cc(Cl)ccc2CC1C(=O)O,C=CC[C@H]1CN(C(=O)C2Cc3ccc(Cl)cc3CN2C(=O)OC(C)(C)C)C[C@@]1(N=[N+]=[N-])C(=O)OCC(=O)c1ccccc1
C1CC(N2CCc3nc(C4CCNCC4)sc3CC2)C1.O=C(O)c1csnn1,O=C(c1csnn1)N1CCC(c2nc3c(s2)CCN(C2CCC2)CC3)CC1
BrC(Br)(Br)Br.CC(C)C(C)(c1ccc(-c2cc(CO)no2)cc1)c1ccc(OCc2ccccn2)cn1,CC(C)C(C)(c1ccc(-c2cc(CBr)no2)cc1)c1ccc(OCc2ccccn2)cn1
CN[C@H](CN1CC[C@H](O)C1)c1ccccc1.CS(=O)(=O)NCc1ccc(CC(=O)O)cc1,CN(C(=O)Cc1ccc(CNS(C)(=O)=O)cc1)[C@H](CN1CC[C@H](O)C1)c1ccccc1
CCOC(=O)C[C@@H](NC(=O)OCc1ccccc1)C(C)C.CN,CNC(=O)C[C@@H](NC(=O)OCc1ccccc1)C(C)C
CCCc1n[nH]c2ncnc(Cl)c12.Cc1ccc(Cl)cc1N1CCNCC1,CCCc1n[nH]c2ncnc(N3CCN(c4cc(Cl)ccc4C)CC3)c12
O=C(O)c1ccc2c(c1)N(c1ccccc1)C(=O)CC2,O=C1CCc2ccc(CO)cc2N1c1ccccc1
Cc1c2c(nn1-c1nnc(-c3ccc(OC(C)C)c(C#N)c3)s1)CCN(C(=O)OC(C)(C)C)C2,Cc1c2c(nn1-c1nnc(-c3ccc(OC(C)C)c(C#N)c3)s1)CCNC2
CC(N)C(Oc1cc2cnn(-c3ccc(F)cc3)c2cc1Cl)c1ccc(F)cc1.O=C(OC(=O)C(F)(F)F)C(F)(F)F,CC(NC(=O)C(F)(F)F)C(Oc1cc2cnn(-c3ccc(F)cc3)c2cc1Cl)c1ccc(F)cc1
CC/C=C/[C@@H](CC(=O)OC)c1cccc(O)c1,CCCC[C@H](CC(=O)OC)c1cccc(O)c1
CC(C)c1cccc(C(C)C)c1NC(=O)CS(=O)(=O)CCCl.c1ccc(N2CCNCC2)cc1,CC(C)c1cccc(C(C)C)c1NC(=O)CS(=O)(=O)CCN1CCN(c2ccccc2)CC1
CCCCC(CC)CBr.[C-]#N,CCCCC(CC)CC#N
CN1CCC(OC2c3ccccc3CCn3cc(I)nc32)CC1.Cc1ccc(B(O)O)cc1,Cc1ccc(-c2cn3c(n2)C(OC2CCN(C)CC2)c2ccccc2CC3)cc1
CCN(CC)C(=O)OCC1CNCCN1.COc1cc(C(=O)Cl)cc(OC)c1OC,CCN(CC)C(=O)OCC1CN(C(=O)c2cc(OC)c(OC)c(OC)c2)CCN1
Cn1c(=O)n(-c2ccc(C(C)(C)C#N)nc2)c2c3cc(Br)ccc3ncc21.OB(O)c1cccnc1,Cn1c(=O)n(-c2ccc(C(C)(C)C#N)nc2)c2c3cc(-c4cccnc4)ccc3ncc21
Cc1ccc2nc(-c3cncc(Br)c3)nn2c1.OB(O)C1CC1,Cc1ccc2nc(-c3cncc(C4CC4)c3)nn2c1
COCS(=O)(=O)c1ccc(C(CC2CCCC2)C(=O)O)cc1.Nc1nccs1,COCS(=O)(=O)c1ccc(C(CC2CCCC2)C(=O)Nc2nccs2)cc1
CC(C)(C)OC(=O)N1CCC(c2cc3ccccc3c(=O)[nH]2)CC1CO,O=c1[nH]c(C2CCNC(CO)C2)cc2ccccc12
COC(=O)c1nccnc1Nc1ccccc1.Nc1cccc(Cl)c1,O=C(Nc1cccc(Cl)c1)c1nccnc1Nc1ccccc1
COC(=O)C[C@@H]1COc2cc(O[C@@H]3CCc4c3ccc(C(F)(F)F)c4C=O)ccc21,COC(=O)C[C@@H]1COc2cc(O[C@@H]3CCc4c3ccc(C(F)(F)F)c4CO)ccc21
COc1cc(-c2cccnc2)ccc1F,COc1cc(C2CCCNC2)ccc1F
CCOC(=O)c1cc(Br)c(-c2cc(F)cc(Cl)c2)s1.N#Cc1cc(B(O)O)ccc1F,CCOC(=O)c1cc(-c2ccc(F)c(C#N)c2)c(-c2cc(F)cc(Cl)c2)s1
O=C(O)c1[nH]c2ccccc2c1Nc1ccncc1.OCCN1CCCCC1,O=C(OCCN1CCCCC1)c1[nH]c2ccccc2c1Nc1ccncc1
COc1cc2c(cc1N)OC(C)(C)[C@](O)(CCc1ccccc1)[C@]2(OC(N)=O)C(C)(C)C.O=S(=O)(Cl)CCl,COc1cc2c(cc1NS(=O)(=O)CCl)OC(C)(C)[C@](O)(CCc1ccccc1)[C@]2(OC(N)=O)C(C)(C)C
CCOC(=O)c1cc(-c2cccc(OCc3ccccc3)c2)c(C#N)n1N,N#Cc1c(-c2cccc(OCc3ccccc3)c2)cc(CO)n1N
CC(C)(C)OC(=O)N1CCC(n2cc(-c3ccccc3)c(OCc3ccccc3)n2)C1,c1ccc(COc2nn(C3CCNC3)cc2-c2ccccc2)cc1
CN1CCNC(=O)C1.Nc1ccc(I)cc1,CN1CCN(c2ccc(N)cc2)C(=O)C1
CC(C)OC(=O)Cl.Cn1nccc1-c1cc(N)ccc1OCCN1CCCOCC1,CC(C)OC(=O)Nc1ccc(OCCN2CCCOCC2)c(-c2ccnn2C)c1
COC(=O)c1cccn(-c2ccc(F)cc2)c1=O,O=C(O)c1cccn(-c2ccc(F)cc2)c1=O
CC(=O)c1ccc(C(F)(F)F)cc1.[Mg+][CH]1CC1,CC(O)(c1ccc(C(F)(F)F)cc1)C1CC1
C=C(C)c1cncc(N)c1,CC(C)c1cncc(N)c1
COC(=O)C(CN1CCN(C(=O)OC(C)(C)C)CC1)c1c(F)ccc2ccc(OC)nc12,COc1ccc2ccc(F)c(C(CO)CN3CCN(C(=O)OC(C)(C)C)CC3)c2n1
C1COCCN1.C=O.CC(=O)c1ccccc1[N+](=O)[O-],O=C(CCN1CCOCC1)c1ccccc1[N+](=O)[O-]
CON(C)C(=O)c1cccc(C)c1[N+](=O)[O-].O=C1CCC(=O)N1Br,CON(C)C(=O)c1cccc(CBr)c1[N+](=O)[O-]
CC(=O)c1ccc2nnc(Cc3c(F)cc4ncc(N5CCOCC5)cc4c3F)n2n1.NO,C/C(=N\O)c1ccc2nnc(Cc3c(F)cc4ncc(N5CCOCC5)cc4c3F)n2n1
COC(=O)c1cccc(Br)c1.O=C1NCCO1,COC(=O)c1cccc(N2CCOC2=O)c1
CCCCC[C@H]1CC[C@H](CCc2ccc(O)cc2)CC1.CC[C@H](C)CCCCCOc1ccc(C(=O)Cl)cc1,CCCCC[C@H]1CC[C@H](CCc2ccc(OC(=O)c3ccc(OCCCCC[C@@H](C)CC)cc3)cc2)CC1
CNC[C@H](CC1CCCCC1)NC(=O)c1cccc(C(=CCCCOC)c2ccccc2)c1,CNC[C@H](CC1CCCCC1)NC(=O)c1cccc(C(CCCCOC)c2ccccc2)c1
COC(=O)C(C)Br.Cc1nn(-c2cc(O)c(Cl)cc2F)c(=O)n1C(F)F,COC(=O)C(C)Oc1cc(-n2nc(C)n(C(F)F)c2=O)c(F)cc1Cl
COC(=O)c1ccc(-c2ccc(NCCN(C[C@H](O)c3cccc(Cl)c3)C(=O)OC(C)(C)C)cc2)cc1OC1CCCCC1,CC(C)(C)OC(=O)N(CCNc1ccc(-c2ccc(C(=O)O)c(OC3CCCCC3)c2)cc1)C[C@H](O)c1cccc(Cl)c1
COC(=O)c1nc(Cl)c(N)nc1N,COC(=O)c1ncc(N)nc1N
CN(c1cc(C(=O)O)ncn1)C1CCCCC1.COCCNS(=O)(=O)c1ccc(N)cc1,COCCNS(=O)(=O)c1ccc(NC(=O)c2cc(N(C)C3CCCCC3)ncn2)cc1
CCC[CH2][Sn]([CH2]CCC)([CH2]CCC)[c]1cccc(-c2cccc(S(=O)(=O)NC(C)(C)C)c2)n1.Cc1cc(-c2ccc(C(F)(F)F)nc2)cc(OS(=O)(=O)C(F)(F)F)n1,Cc1cc(-c2ccc(C(F)(F)F)nc2)cc(-c2cccc(-c3cccc(S(=O)(=O)NC(C)(C)C)c3)n2)n1
CCn1ncc(C(=O)c2ccc(S(C)(=O)=O)c(F)c2Cl)c1O.Cc1cc(C)[nH]n1,CCn1ncc(C(=O)c2ccc(S(C)(=O)=O)c(-n3nc(C)cc3C)c2Cl)c1O
CC1(C)CCCC2(C1)CC2(C)C(=O)O.CCOC(=O)CO,CCOC(=O)COC(=O)C1(C)CC12CCCC(C)(C)C2
COCCc1noc(C2CNCC(c3ccc(CC(F)F)cc3)C2)n1.O=C(Cl)Oc1ccc([N+](=O)[O-])cc1,COCCc1noc(C2CC(c3ccc(CC(F)F)cc3)CN(C(=O)Oc3ccc([N+](=O)[O-])cc3)C2)n1
C/C(=C\c1ccc(Br)cc1Cl)[N+](=O)[O-],CC(Cc1ccc(Br)cc1Cl)[N+](=O)[O-]
Nc1ncc(S(N)(=O)=O)s1.O=C(O)c1cnn2c(C(F)F)cc(-c3ccc(C(F)(F)F)cc3)nc12,NS(=O)(=O)c1cnc(NC(=O)c2cnn3c(C(F)F)cc(-c4ccc(C(F)(F)F)cc4)nc23)s1
Cc1c(N2CC3CN(Cc4ccccc4)CC3C2)nn2c(-c3ccnc(N)c3)c(-c3ccc(F)cc3)nc2c1C,Cc1c(N2CC3CNCC3C2)nn2c(-c3ccnc(N)c3)c(-c3ccc(F)cc3)nc2c1C
CO.O=C(O)[C@H](O)Cc1ccc(O)c(Br)c1,COC(=O)[C@H](O)Cc1ccc(O)c(Br)c1
CC(C)OC(=O)N[C@@H](C(=O)O)c1ccccc1.COC(=O)[C@@H]1CCCN1,COC(=O)[C@@H]1CCCN1C(=O)[C@H](NC(=O)OC(C)C)c1ccccc1
CCOC(=O)Cc1cc(OC)ccc1S(=O)(=O)Nc1ccc2c(c1)B(O)OC2,CCOC(=O)Cc1cc(O)ccc1S(=O)(=O)Nc1ccc2c(c1)B(O)OC2
C#CC(O)CCc1cccnc1.CC(=O)c1cccc(-c2ccc(OS(=O)(=O)C(F)(F)F)cc2)c1,CC(=O)c1cccc(-c2ccc(C#CC(O)CCc3cccnc3)cc2)c1
CCOC(=O)[C@H]1CN(C(=O)OCc2ccccc2)CCN1C(=O)OC(C)(C)C,CC(C)(C)OC(=O)N1CCN(C(=O)OCc2ccccc2)C[C@@H]1C(=O)O
COC1CCC(CCN=C=O)CC1OC.O=c1[nH]cc(F)c(=O)[nH]1,COC1CCC(CCNC(=O)n2cc(F)c(=O)[nH]c2=O)CC1OC
CNC(=O)c1ccccc1Nc1cc(Cl)ncc1C(F)(F)F.Cc1nn(CCO)cc1N,CNC(=O)c1ccccc1Nc1cc(Nc2cn(CCO)nc2C)ncc1C(F)(F)F
COc1ccc(COc2ccc(O)cn2)cc1.N#Cc1ccc(N(CCO)CC(F)(F)F)cc1C(F)(F)F,COc1ccc(COc2ccc(OCCN(CC(F)(F)F)c3ccc(C#N)c(C(F)(F)F)c3)cn2)cc1
COC(=O)c1ccc2cc(-c3ccc(CCN(C[C@H](O)c4cccc(Cl)c4)C(=O)OC(C)(C)C)cc3)ccc2c1,CC(C)(C)OC(=O)N(CCc1ccc(-c2ccc3cc(C(=O)O)ccc3c2)cc1)C[C@H](O)c1cccc(Cl)c1
CNCCc1ccc(F)cc1.O=C(O)c1cc(Br)cs1,CN(CCc1ccc(F)cc1)C(=O)c1cc(Br)cs1
CCOC(=O)CC1NCCN(CCc2c[nH]c3ccc(Cl)cc23)C1=O.O=C(Cl)c1ccccc1,CCOC(=O)CC1C(=O)N(CCc2c[nH]c3ccc(Cl)cc23)CCN1C(=O)c1ccccc1
CN1CCN(c2ccc(Br)cc2)CC1.CS(=O)(=O)c1ccc(-c2cccc3nc(N)nn23)cc1,CN1CCN(c2ccc(Nc3nc4cccc(-c5ccc(S(C)(=O)=O)cc5)n4n3)cc2)CC1
CC1(C)OB(B2OC(C)(C)C(C)(C)O2)OC1(C)C.O=C1COC2(CCN(S(=O)(=O)c3ccc(Br)cc3)CC2)CN1C1CC1,CC1(C)OB(c2ccc(S(=O)(=O)N3CCC4(CC3)CN(C3CC3)C(=O)CO4)cc2)OC1(C)C
C=CCOC(=O)N1C[C@H](O[Si](C)(C)C(C)(C)C)C[C@H]1CCn1ccnc1,C=CCOC(=O)N1C[C@H](O)C[C@H]1CCn1ccnc1
CCOC(=O)c1oc2cccc(OCCCNCc3ccccc3)c2c1C,CCOC(=O)c1oc2cccc(OCCCN)c2c1C
Cc1ccccc1N=C=O.Nc1ccc(NS(=O)(=O)c2cccc(-c3ccc(F)cc3)c2)cc1,Cc1ccccc1NC(=O)Nc1ccc(NS(=O)(=O)c2cccc(-c3ccc(F)cc3)c2)cc1
COc1cccc(N)c1C#N.O=c1[nH]c2nccc(Cl)c2c2ccccc12,COc1cccc(Nc2ccnc3[nH]c(=O)c4ccccc4c23)c1C#N
Cc1c(Nc2ccc(I)cc2F)c([N+](=O)[O-])c2n(c1=O)CCN2Cc1ccccc1,Cc1c(Nc2ccc(I)cc2F)c(N)c2n(c1=O)CCN2Cc1ccccc1
CNCCC(=O)OCc1ccccc1.C[C@@H](O[C@H]1CC[C@@H](C=O)[C@@H]1c1ccc(F)cc1)c1cc(C(F)(F)F)cc(C(F)(F)F)c1,C[C@@H](O[C@H]1CC[C@@H](CN(C)CCC(=O)OCc2ccccc2)[C@@H]1c1ccc(F)cc1)c1cc(C(F)(F)F)cc(C(F)(F)F)c1
CNc1ncc2c(n1)N(c1cccc(NC(=O)OC(C)(C)C)c1)C(=O)N(C)C2,CNc1ncc2c(n1)N(c1cccc(N)c1)C(=O)N(C)C2
NCCc1ccccc1.O=C(O)c1ccccc1-c1ccccc1CN1C(=O)c2ccccc2C1=O,O=C(NCCc1ccccc1)c1ccccc1-c1ccccc1CN1C(=O)c2ccccc2C1=O
Cc1nn(C)c(C(N)=O)c1[N+](=O)[O-],Cc1nn(C)c(C(N)=O)c1N
COC(=O)Cc1coc2c(C)c(OCc3ccc(C)nc3C)cc(C)c12,Cc1ccc(COc2cc(C)c3c(CC(=O)O)coc3c2C)c(C)n1
CC(C)(C)OC(=O)N1C[C@@H](C(F)Cc2ccccc2[N+](=O)[O-])OC[C@H]1CO[Si](c1ccccc1)(c1ccccc1)C(C)(C)C,CC(C)(C)OC(=O)N1C[C@@H](C(F)Cc2ccccc2N)OC[C@H]1CO[Si](c1ccccc1)(c1ccccc1)C(C)(C)C
O=C(N1CC=C(c2cnc(-c3ccc4c(c3)CC3CCC(C4)C34CN(CC(F)(F)F)S(=O)(=O)N4)s2)CC1)C(F)(F)F,O=C(N1CCC(c2cnc(-c3ccc4c(c3)CC3CCC(C4)C34CN(CC(F)(F)F)S(=O)(=O)N4)s2)CC1)C(F)(F)F
CC(C)(C)OC(=O)N[C@@H]1CN(Cc2ccccc2)C[C@H]1c1cc(F)ccc1F,CC(C)(C)OC(=O)N[C@@H]1CNC[C@H]1c1cc(F)ccc1F
COc1ccc(-c2nc3ccccc3n2-c2ccccc2)cc1,Oc1ccc(-c2nc3ccccc3n2-c2ccccc2)cc1
Clc1cccc(N2CCNCC2)c1Cl.O=C1CCc2ccccc2N1CCCCBr,O=C1CCc2ccccc2N1CCCCN1CCN(c2cccc(Cl)c2Cl)CC1
CCOC(=O)c1cc(CN(C(C)C)C2CC2)c2c(c1)C(C)(C)CC(C)(C)O2,CC(C)N(Cc1cc(C(=O)O)cc2c1OC(C)(C)CC2(C)C)C1CC1
C=C(CC)CCC(C)O,C=C(CC)CCC(C)=O
COCC1CC2CCC(C1)N2c1nc(OC2CC3CC2CN3C(=O)OC(C)(C)C)nc2sc(C(=O)N(C)C)c(-c3ccccc3)c12,COCC1CC2CCC(C1)N2c1nc(OC2CC3CC2CN3)nc2sc(C(=O)N(C)C)c(-c3ccccc3)c12
C[C@@H](C(=O)N1CCOCC1)N1CC[C@H](N)C1=O.O=S(=O)(Cl)c1cc2cc(Cl)ccc2o1,C[C@@H](C(=O)N1CCOCC1)N1CC[C@H](NS(=O)(=O)c2cc3cc(Cl)ccc3o2)C1=O
CCC(C)NCC1OCCO1.O=C(Cl)CCl,CCC(C)N(CC1OCCO1)C(=O)CCl
NN1CCCCC1.O=C(O)c1cnc(C2CC2)c(-c2cccc(Cl)c2)n1,O=C(NN1CCCCC1)c1cnc(C2CC2)c(-c2cccc(Cl)c2)n1
CC(C)(C)OC(=O)OC(=O)OC(C)(C)C.Ic1cnc2c(N3CCNCC3)cccc2c1,CC(C)(C)OC(=O)N1CCN(c2cccc3cc(I)cnc23)CC1
C=CC(Cl)C(C)=O.NNC1=Nc2ccc(Cl)cc2C(c2ccccc2)=NC1,C=CC(Cl)C(C)=NNC1=Nc2ccc(Cl)cc2C(c2ccccc2)=NC1
CC(=O)Nc1nc(C)c(-c2ccc(S(=O)(=O)Cl)s2)s1.CCN(CC)CCNC,CCN(CC)CCN(C)S(=O)(=O)c1ccc(-c2sc(NC(C)=O)nc2C)s1
C[C@@H](NC(=O)OCc1ccccc1)c1ccc(C(=O)Nc2ccnc3[nH]ccc23)cc1N=[N+]=[N-],C[C@@H](N)c1ccc(C(=O)Nc2ccnc3[nH]ccc23)cc1N=[N+]=[N-]
CCOC(=O)c1cc2scc(Br)c2s1,O=C(O)c1cc2scc(Br)c2s1
Cc1nc(N)sc1C(=O)NCc1ccccc1.O=C(Cl)CCCCBr,Cc1nc(NC(=O)CCCCBr)sc1C(=O)NCc1ccccc1
CC(C)(C)OC(=O)N[C@@H](CCNC(=O)c1nc(C#N)c2cc(Oc3ccccc3)ccc2c1O)C(=O)O,N#Cc1nc(C(=O)NCC[C@H](N)C(=O)O)c(O)c2ccc(Oc3ccccc3)cc12
CN.O=C(O)c1ccccc1I,CNC(=O)c1ccccc1I
CCOC(=O)C(F)(F)Br.CS(=O)(=O)c1ccccc1I,CCOC(=O)C(F)(F)c1ccccc1S(C)(=O)=O
CN(C)Cc1c(OCc2ccc(F)cc2)ccc2c(CCC3CCN(C(=O)OC(C)(C)C)CC3)noc12,CN(C)Cc1c(OCc2ccc(F)cc2)ccc2c(CCC3CCNCC3)noc12
C=CCN.CC(C)(C)OC(=O)OC(=O)OC(C)(C)C,C=CCNC(=O)OC(C)(C)C
CCCOc1nc(Cl)ccc1C(N)=O,CCCOc1nc(Cl)ccc1C#N
CC(=O)OCC(=O)[C@@H]1CCCN1C(=O)[C@@H]1CCCN1C(=O)NCc1ccccc1,O=C(CO)[C@@H]1CCCN1C(=O)[C@@H]1CCCN1C(=O)NCc1ccccc1
CC1(C)CC2(CCC1NC(=O)OCc1ccccc1)OCCO2,CC1(C)CC(=O)CCC1NC(=O)OCc1ccccc1
COC[P+](c1ccccc1)(c1ccccc1)c1ccccc1.O=Cc1ccccc1-c1cc2ccccc2c2ccccc12,COC=Cc1ccccc1-c1cc2ccccc2c2ccccc12
Cc1c(C#C[Si](C)(C)C)cc(C(C)(C)C)c(OC(C)C)c1C=O,C#Cc1cc(C(C)(C)C)c(OC(C)C)c(C=O)c1C
COc1cc(C(=O)NC(C)(C)C)ccc1C.O=C1CCC(=O)N1Br,COc1cc(C(=O)NC(C)(C)C)ccc1CBr
NCc1cccc(-c2ccccc2)c1.Nc1ncccc1C(=O)O,Nc1ncccc1C(=O)NCc1cccc(-c2ccccc2)c1
Cc1c(C(=O)c2cccnc2)sc2cc(Br)ccc12,Cc1c(Cc2cccnc2)sc2cc(Br)ccc12
CC(C)(C)OC(=O)OC(=O)OC(C)(C)C.O=C(O)C1CCCNC1,CC(C)(C)OC(=O)N1CCCC(C(=O)O)C1
COc1ccc(C2(C)C(=O)Nc3c(Br)cc(Br)cc3C2=O)cc1N,CC1(c2ccc(O)c(N)c2)C(=O)Nc2c(Br)cc(Br)cc2C1=O
CC(C)(C)OC(=O)N1CCCC(c2ccc(Br)cc2)C1.CN1CCNCC1,CN1CCN(c2ccc(C3CCCN(C(=O)OC(C)(C)C)C3)cc2)CC1
COc1cc2nccc(Oc3ccc(CC(=O)O)cc3)c2cc1OC.Nc1ccon1,COc1cc2nccc(Oc3ccc(CC(=O)Nc4ccon4)cc3)c2cc1OC
CC(C)(C)OC(=O)N1CCC(Sc2ccc(Br)cc2)CC1.OO,CC(C)(C)OC(=O)N1CCC(S(=O)c2ccc(Br)cc2)CC1
O=C1CC(c2cccc(Cl)c2)C2(C(=O)Nc3cc(Cl)ccc32)C(c2cc(I)ccc2[N+](=O)[O-])N1,Nc1ccc(I)cc1C1NC(=O)CC(c2cccc(Cl)c2)C12C(=O)Nc1cc(Cl)ccc12
COC(=O)COc1ccc(Cl)cc1Br.OB(O)c1ccccc1,COC(=O)COc1ccc(Cl)cc1-c1ccccc1
CC(C)(C)OC(=O)NS(=O)(=O)N1CCCO1,NS(=O)(=O)N1CCCO1
CC(C)(C)OC(=O)CN1C(=O)C(N2C(=O)c3ccccc3C2=O)CCC(=O)N1Cc1ccccc1,CC(C)(C)OC(=O)CN1C(=O)C(N)CCC(=O)N1Cc1ccccc1
O=C1OCc2cc(CO)ccc21,O=Cc1ccc2c(c1)COC2=O
Brc1cc2c(Nc3ccc4[nH]ncc4c3)ncnc2[nH]1.C=C(C)B1OC(C)(C)C(C)(C)O1,C=C(C)c1cc2c(Nc3ccc4[nH]ncc4c3)ncnc2[nH]1
CC(C)(C)N1CCN(c2ccc(Cl)c(Cl)c2)C(C#N)C1,CC(C)(C)N1CCN(c2ccc(Cl)c(Cl)c2)C(CN)C1
CCc1nc(C)c(C(=O)Nc2ccc(-c3ccc(C45CCC(CC(=O)OC)(CC4)CO5)cc3)cc2)o1,CCc1nc(C)c(C(=O)Nc2ccc(-c3ccc(C45CCC(CC(=O)O)(CC4)CO5)cc3)cc2)o1
C=C(F)CN.O=C(O)Cn1ccnc1[N+](=O)[O-],C=C(F)CNC(=O)Cn1ccnc1[N+](=O)[O-]
CCC(N)c1ccccc1.CCOC(=O)c1ccc(-c2ccccc2Cn2c(C)c(C)c3cc(C(=O)O)ccc32)cc1,CCOC(=O)c1ccc(-c2ccccc2Cn2c(C)c(C)c3cc(C(=O)NC(CC)c4ccccc4)ccc32)cc1
CC(C)(C)OC(=O)NCCc1ccncc1,CC(C)(C)OC(=O)NCCC1CCNCC1
NO.O=C1CCOc2c(Br)cc(F)c(F)c21,ON=C1CCOc2c(Br)cc(F)c(F)c21
CC1(C)CCNc2nc(Cl)ccc21.OB(O)c1cccc(C(F)(F)F)c1,CC1(C)CCNc2nc(-c3cccc(C(F)(F)F)c3)ccc21
CCOC(=O)CCN1CCn2nc(C(=O)NC[C@H](NC(=O)OCc3ccccc3)C(=O)OC(C)(C)C)cc2C1=O.N=C(N)N,CC(C)(C)OC(=O)[C@H](CNC(=O)c1cc2n(n1)CCN(CCC(=O)NC(=N)N)C2=O)NC(=O)OCc1ccccc1
COc1ccc(Cn2nc(-c3ncc(OC)c(Nc4ccncc4)n3)c3ccccc32)cc1,COc1cnc(-c2n[nH]c3ccccc23)nc1Nc1ccncc1
CS(=O)CC[C@H](NC(=O)[C@H](Cc1ccccc1)NC(=O)CNC(=O)CNC(=O)[C@H](Cc1ccc(O)cc1)NC(=O)OC(C)(C)C)C(=O)O,CS(=O)CC[C@H](NC(=O)[C@H](Cc1ccccc1)NC(=O)CNC(=O)CNC(=O)[C@@H](N)Cc1ccc(O)cc1)C(=O)O
C[C@@H](CO[Si](C)(C)C(C)(C)C)n1ccc2c(Cl)ncnc21,C[C@@H](CO[Si](C)(C)C(C)(C)C)n1ccc2cncnc21
C1COCCN1.CC(=O)O[C@H]1CC[C@]2(C)[C@H]3CC[C@@H]4[C@H]5[C@H](C6(C)CC6)CC[C@]5(C(=O)Cl)CC[C@@]4(C)[C@]3(C)CC[C@H]2C1(C)C,CC(=O)O[C@H]1CC[C@]2(C)[C@H]3CC[C@@H]4[C@H]5[C@H](C6(C)CC6)CC[C@]5(C(=O)N5CCOCC5)CC[C@@]4(C)[C@]3(C)CC[C@H]2C1(C)C
CC1(C)NC(=O)N(c2ccc(F)c(C(F)(F)F)c2)C1=O.COC(=O)c1ccc(C(=O)c2ccccc2CBr)cc1,COC(=O)c1ccc(C(=O)c2ccccc2CN2C(=O)N(c3ccc(F)c(C(F)(F)F)c3)C(=O)C2(C)C)cc1
CN(CCOc1ccc(C=O)cc1)c1nc2ccccc2o1.O=C1CSC(=O)N1,CN(CCOc1ccc(C=C2SC(=O)NC2=O)cc1)c1nc2ccccc2o1
C=CCC(C(N)=O)(C(=O)OCC)C(F)F,C=CCC(N)(C(=O)OCC)C(F)F
COC(=O)C(C)(C)c1cn(NC(=O)c2cnc(-c3ccccn3)nc2C)c2ccc(F)cc12,Cc1nc(-c2ccccn2)ncc1C(=O)Nn1cc(C(C)(C)C(=O)O)c2cc(F)ccc21
Cc1[nH]c(=O)c2c(ccc3nc(Nc4c(Cl)cccc4Cl)n(C)c32)c1CC(=O)N1CCOCC1,Cc1[nH]c(=O)c2c(ccc3nc(Nc4c(Cl)cccc4Cl)n(C)c32)c1CCN1CCOCC1
C1CCNCC1.CC(C)(C)OC(=O)N1CCC(C(=O)O)CC1,CC(C)(C)OC(=O)N1CCC(C(=O)N2CCCCC2)CC1
COc1ccc(C=CC(=O)NN)cc1.O=C(OC(=O)C(F)(F)F)C(F)(F)F,COc1ccc(C=CC(=O)NNC(=O)C(F)(F)F)cc1
COC(=O)c1cccc([N+](=O)[O-])c1OCc1ccccc1,COC(=O)c1cccc(N)c1OCc1ccccc1
CC(C)OC(=O)c1cccnc1N1CCN(Cc2cccc(Br)c2)CC1.Nc1ccccc1C(F)(F)F,CC(C)OC(=O)c1cccnc1N1CCN(Cc2cccc(Nc3ccccc3C(F)(F)F)c2)CC1
COCCCN1CCOc2ccc(CO[C@H]3CN(S(=O)(=O)c4ccc(C)cc4)[C@H](CC=O)C[C@@H]3c3ccc(COC[C@@H](C)COC)cc3)cc21.[CH3][Mg+],COCCCN1CCOc2ccc(CO[C@H]3CN(S(=O)(=O)c4ccc(C)cc4)[C@H](CC(C)O)C[C@@H]3c3ccc(COC[C@@H](C)COC)cc3)cc21
CCC(C(=O)O)c1cccc2cnccc12.NCc1ccc(Br)cc1,CCC(C(=O)NCc1ccc(Br)cc1)c1cccc2cnccc12
CC(C)(N)CCF.CCC(Oc1ccc2ncc(I)cc2c1)C(=O)O,CCC(Oc1ccc2ncc(I)cc2c1)C(=O)NC(C)(C)CCF
CC(C)(C)OC(=O)N1CCC(Nc2nc(Nc3cccc(C(F)(F)F)c3)nc(OCC(F)(F)F)n2)CC1,FC(F)(F)COc1nc(Nc2cccc(C(F)(F)F)c2)nc(NC2CCNCC2)n1
CCCOc1cc(OC)c2c(c1)C(=O)c1cccc(O)c1-2.CCN(CC)CCCl,CCCOc1cc(OC)c2c(c1)C(=O)c1cccc(OCCN(CC)CC)c1-2
C1CCNCC1.COC(=O)c1ccc(F)cc1C(F)(F)F,COC(=O)c1ccc(N2CCCCC2)cc1C(F)(F)F
CCc1nc2c(cnn2CC)c(NC2CCOCC2)c1CNC(=O)c1cccc(C(=O)NCc2cc(Cl)cc(Br)c2)c1.O=Cc1cccc(B(O)O)c1,CCc1nc2c(cnn2CC)c(NC2CCOCC2)c1CNC(=O)c1cccc(C(=O)NCc2cc(Cl)cc(-c3cccc(C=O)c3)c2)c1
CC(=N)NS(=O)(=O)c1cc(I)cc(C#N)c1.Clc1ccccc1,CC(=Nc1ccccc1)NS(=O)(=O)c1cc(I)cc(C#N)c1
CCOC(=O)/C=C(\C)CC/C=C(/C)CCC=C(C)C,CC(C)=CCC/C(C)=C\CC/C(C)=C/CO
Clc1cc(-c2ccccc2)nc2ccccc12.O=C(O)CCS,O=C(O)CCSc1cc(-c2ccccc2)nc2ccccc12
COc1cc(C(=O)O)n(C)n1.Cc1ccc(Oc2ccc3nc(NC(=O)C4CC4C)cn3n2)cc1N,COc1cc(C(=O)Nc2cc(Oc3ccc4nc(NC(=O)C5CC5C)cn4n3)ccc2C)n(C)n1
Cc1ccc([N+](=O)[O-])cc1CC(=O)N1CCC(c2c[nH]c3c(Cl)cccc23)CC1,Cc1ccc(N)cc1CC(=O)N1CCC(c2c[nH]c3c(Cl)cccc23)CC1
CCc1ccc(N2Cc3cnc(Cl)nc3N([C@H]3CC[C@H](O[Si](C)(C)C(C)(C)C)C3)C2=O)cc1.Nc1ccc(F)cc1,CCc1ccc(N2Cc3cnc(Nc4ccc(F)cc4)nc3N([C@H]3CC[C@H](O[Si](C)(C)C(C)(C)C)C3)C2=O)cc1
Clc1ncc2cnn(CC3CCCNC3)c2n1.Cn1cc(N)cn1,Cn1cc(Nc2ncc3cnn(CC4CCCNC4)c3n2)cn1
C#CC[C@@H](C[C@H](NC(=O)OC(C)(C)C)C(=O)OC(C)(C)C)C(=O)OC(C)(C)C.CS(=O)(=O)OCCN=[N+]=[N-],CC(C)(C)OC(=O)N[C@@H](C[C@H](Cc1cn(CCOS(C)(=O)=O)nn1)C(=O)OC(C)(C)C)C(=O)OC(C)(C)C
CCOC(=O)CCC(C)Cl.Sc1nnc(S)s1,CCOC(=O)CCC(C)Sc1nnc(S)s1
N[C@H]1CC[C@H](O)CC1.O=c1[nH]cnc2cc(F)ccc12,NC1CCC(Oc2ccc3c(=O)[nH]cnc3c2)CC1
Cc1cc(Br)ncc1Br.OB(O)c1ccccc1,Cc1cc(-c2ccccc2)ncc1Br
Brc1cccc2sccc12.CON(C)C(=O)CC1CC1,O=C(CC1CC1)c1cccc2sccc12
CC=C(C(=O)OCC)C(C)CCCC,CC=C(C(=O)O)C(C)CCCC
COC(=O)c1ccc(C=C[C@@H]2C[C@H]2C(=O)NCc2ccc(-c3cccc(F)c3C(=O)OC)cc2F)cc1,COC(=O)c1c(F)cccc1-c1ccc(CNC(=O)[C@@H]2C[C@H]2C=Cc2ccc(C(=O)O)cc2)c(F)c1
COC(=O)c1cc[nH]c1.Clc1ccnc2ccccc12,COC(=O)c1ccn(-c2ccnc3ccccc23)c1
CN1C(=O)Cc2c(Oc3ccc(N)cc3Cl)cccc21.Cn1c(C#N)cc2ncnc(Cl)c21,CN1C(=O)Cc2c(Oc3ccc(Nc4ncnc5cc(C#N)n(C)c45)cc3Cl)cccc21
O=[N+]([O-])c1ccc(F)cc1.Oc1ccc(Cl)cc1C1CCCCC1,O=[N+]([O-])c1ccc(Oc2ccc(Cl)cc2C2CCCCC2)cc1
CC(C)c1ccc2c(c1)NCC2.COc1cc2ncnc(Cl)c2cc1OC,COc1cc2ncnc(N3CCc4ccc(C(C)C)cc43)c2cc1OC
Clc1ncnc2ccccc12.NN,NNc1ncnc2ccccc12
CC(=O)N1c2ccccc2NC(=O)[C@@H](NC(=O)[C@H](C)N(C)C(=O)OC(C)(C)C)[C@@H]1C.Cc1ccc2ccccc2c1CCl,CC(=O)N1c2ccccc2N(Cc2c(C)ccc3ccccc23)C(=O)[C@@H](NC(=O)[C@H](C)N(C)C(=O)OC(C)(C)C)[C@@H]1C
N=C(N)NN.O=Cc1cccc(C(F)(F)F)c1F,N=C(N)NN=Cc1cccc(C(F)(F)F)c1F
CNc1cccc(Cl)c1.Clc1ncnc(Cl)n1,CN(c1cccc(Cl)c1)c1ncnc(Cl)n1
CC(C)(C)OC(=O)Nc1ccc(C(F)(F)F)cc1N.Cc1nccc(-c2cccc(C(=O)CC(=O)OC(C)(C)C)c2)c1C,Cc1nccc(-c2cccc(C(=O)CC(=O)Nc3cc(C(F)(F)F)ccc3NC(=O)OC(C)(C)C)c2)c1C
C1CCNC1.CCOC(=O)c1ccc(Br)s1,CCOC(=O)c1ccc(N2CCCC2)s1
CCOC(=O)c1cc(C)c(C=C2C(=O)Nc3ccc(Cl)cc32)[nH]1,Cc1cc(C(=O)O)[nH]c1C=C1C(=O)Nc2ccc(Cl)cc21
CC(=O)NCCN.Clc1ccc(-c2nc(Cl)cc(Cl)n2)cc1,CC(=O)NCCNc1cc(Cl)nc(-c2ccc(Cl)cc2)n1
COc1cc(N)c(C(N)=O)c(OC)c1.Cc1ccccc1C=O,COc1cc(OC)c2c(=O)[nH]c(-c3ccccc3C)nc2c1
BrC(Br)(Br)Br.COC(=O)c1ccc(C(F)(F)F)c(N(CCO)S(C)(=O)=O)c1,COC(=O)c1ccc(C(F)(F)F)c(N(CCBr)S(C)(=O)=O)c1
Cc1cc(Cl)n2nccc2n1.N#Cc1ccccc1-c1oc2ccc(CN)cc2c1Br,Cc1cc(NCc2ccc3oc(-c4ccccc4C#N)c(Br)c3c2)n2nccc2n1
N#Cc1ccc(-c2cnc3cc(-c4ccsc4)ccn23)cc1,NCc1ccc(-c2cnc3cc(-c4ccsc4)ccn23)cc1
Clc1nncc2ccccc12.Oc1ccc(N2CCNCC2)cc1,Oc1ccc(N2CCN(c3nncc4ccccc34)CC2)cc1
Clc1ncnc2[nH]cnc12.NC(=O)c1cccc2c(NCc3cccc(N)c3)ncnc12,NC(=O)c1cccc2c(NCc3cccc(Nc4ncnc5[nH]cnc45)c3)ncnc12
CC(C)(C)C[C@@H]1N[C@@H](C(=O)O)[C@H](c2cccc(Cl)c2F)[C@@]1(C#N)c1ccc(Cl)cc1F.COC(=O)c1cc(OC)c(N)cc1F,COC(=O)c1cc(OC)c(NC(=O)[C@@H]2N[C@@H](CC(C)(C)C)[C@](C#N)(c3ccc(Cl)cc3F)[C@H]2c2cccc(Cl)c2F)cc1F
CC(C)(C)OC(=O)N1C[C@H](O)C[C@H]1C(=O)O.Clc1cc(-c2ccccn2)nc2ccsc12,CC(C)(C)OC(=O)N1C[C@H](Oc2cc(-c3ccccn3)nc3ccsc23)C[C@H]1C(=O)O
CC(N)c1cnccn1.Cc1ccc(-c2cc(C(=O)O)cc(-n3c(C)nnc3C(C)C)c2)cc1,Cc1ccc(-c2cc(C(=O)NC(C)c3cnccn3)cc(-n3c(C)nnc3C(C)C)c2)cc1
C#C[C@]1(O)CCN(C)C1=O.CNC(=O)c1c(C(N)=O)nn2c1CCOc1ccc(Br)cc1-2,CNC(=O)c1c(C(N)=O)nn2c1CCOc1ccc(C#C[C@]3(O)CCN(C)C3=O)cc1-2
CC(C)(C)OC(=O)Nc1ccc(B(O)O)cc1.C[C@H]1COCCN1c1cc(CS(C)(=O)=O)nc(Cl)n1,C[C@H]1COCCN1c1cc(CS(C)(=O)=O)nc(-c2ccc(NC(=O)OC(C)(C)C)cc2)n1
CCC(O)(c1cn(Cc2ccc3c(-c4ccc(F)cc4)cc(Cl)nc3c2)nn1)C(F)(F)F.NCc1ccccc1,CC[C@](O)(c1cn(Cc2ccc3c(-c4ccc(F)cc4)cc(NCc4ccccc4)nc3c2)nn1)C(F)(F)F
COC(=O)CCN(CCc1ccc(OC)cc1)S(=O)(=O)c1ccc(-c2nnn[nH]2)cc1.NO,COc1ccc(CCN(CCC(=O)NO)S(=O)(=O)c2ccc(-c3nnn[nH]3)cc2)cc1
CCCCCCCCCCCCCCCCCCOc1ccc([N+](=O)[O-])c(C)c1,CCCCCCCCCCCCCCCCCCOc1ccc(N)c(C)c1
CCS[C@@H]1NC(=O)[C@H]1NC(=O)COc1ccccc1.OO,CCS(=O)[C@@H]1NC(=O)[C@H]1NC(=O)COc1ccccc1
CC(=O)N1CCNCC1.COc1cc(Br)cc(C)c1OCCCN1CCN(c2cccc3sccc23)CC1,COc1cc(N2CCN(C(C)=O)CC2)cc(C)c1OCCCN1CCN(c2cccc3sccc23)CC1
CCN(CC)CCBr.O=C(Nc1cccc(C(F)(F)F)c1)c1ccc(Cl)c(Nc2ncnc3[nH]ncc23)c1,CCN(CC)CCn1ncc2c(Nc3cc(C(=O)Nc4cccc(C(F)(F)F)c4)ccc3Cl)ncnc21
COC(=O)CNc1nc2ncc(-c3cn(Cc4cc(Cl)c(Cl)c(Cl)c4)nn3)nc2s1,O=C(O)CNc1nc2ncc(-c3cn(Cc4cc(Cl)c(Cl)c(Cl)c4)nn3)nc2s1
CC(=O)NC(C)C(=O)O.COc1ccc(-n2nnnc2C(F)(F)F)cc1CN[C@H]1CCNC[C@H]1c1ccccc1,COc1ccc(-n2nnnc2C(F)(F)F)cc1CN[C@H]1CCN(C(=O)C(C)NC(C)=O)C[C@H]1c1ccccc1
CCOC(=O)C1=Cc2cc(Cl)ccc2OC1C(F)(F)F,O=C(O)C1=Cc2cc(Cl)ccc2OC1C(F)(F)F
C#CCCN1CCN(C)CC1.N#Cc1cnc2sc(I)cc2c1Nc1ccc2[nH]ccc2c1,CN1CCN(CCC#Cc2cc3c(Nc4ccc5[nH]ccc5c4)c(C#N)cnc3s2)CC1
CC(NCCCCNC(=O)OC(C)(C)C)c1nccn1C.Cc1cccnc1C=O,Cc1cccnc1CN(CCCCNC(=O)OC(C)(C)C)C(C)c1nccn1C
CC(C)(C)OC(=O)N1CC[C@H]1COc1cnc[c]([Sn]([CH3])([CH3])[CH3])c1.COC(=O)C=Cc1cc(F)cc(I)c1,COC(=O)C=Cc1cc(F)cc(-c2cncc(OC[C@@H]3CCN3C(=O)OC(C)(C)C)c2)c1
Cn1cnc([N+](=O)[O-])c1Cl.NCCN1CCC(Nc2nc3cccnc3n2Cc2ccc(F)cc2)CC1,Cn1cnc([N+](=O)[O-])c1NCCN1CCC(Nc2nc3cccnc3n2Cc2ccc(F)cc2)CC1
CCc1noc(-c2sc(N)nc2-c2ccccc2)n1.O=C(Cl)Cc1ccccc1,CCc1noc(-c2sc(NC(=O)Cc3ccccc3)nc2-c2ccccc2)n1
CCCOc1cc2c(cc1/C(CC)=C(F)\C=C\C(C)=C(/F)C(=O)OCC)C(C)(C)CCC2(C)C,CCCOc1cc2c(cc1/C(CC)=C(F)\C=C\C(C)=C(/F)C(=O)O)C(C)(C)CCC2(C)C
O=C1c2ccccc2C(=O)c2cc(Cl)ccc21.OB(O)c1ccccc1-c1ccccc1,O=C1c2ccccc2C(=O)c2cc(-c3ccccc3-c3ccccc3)ccc21
CC(C)=CCBr.O=[N+]([O-])c1ncc[nH]1,CC(C)=CCn1ccnc1[N+](=O)[O-]
CCOC(=O)C(CC(C)=O)C(=O)c1ccccc1.Nc1cccc(I)c1,CCOC(=O)c1cc(C)n(-c2cccc(I)c2)c1-c1ccccc1
Nc1ncnc2[nH]nc(I)c12.O=c1oc(CBr)c(-c2ccccc2)c2ccccc12,Nc1ncnc2c1c(I)nn2Cc1oc(=O)c2ccccc2c1-c1ccccc1
CN(C)CCOC(=O)c1cc(-c2ccccc2)c(=O)n2c1-c1sccc1SCC2.O=C(OO)c1cccc(Cl)c1,CN(C)CCOC(=O)c1cc(-c2ccccc2)c(=O)n2c1-c1sccc1S(=O)CC2
O=C(Cl)c1ccccc1.O=C1C=CC(O)C1,O=C1C=CC(OC(=O)c2ccccc2)C1
CCOC(=O)c1cnc2ccccc2c1N(CC1CC1)CC1CC1,OCc1cnc2ccccc2c1N(CC1CC1)CC1CC1
CC(=O)Nc1cc(N2CCCN(C(=O)OC(C)(C)C)CC2)ccc1S(=O)(=O)c1cccc(F)c1,CC(=O)Nc1cc(N2CCCNCC2)ccc1S(=O)(=O)c1cccc(F)c1
COC(=O)c1ccc(NC(=O)C(CC2CCCC2)c2ccc(-c3cccc4ccccc34)cc2)nc1,O=C(O)c1ccc(NC(=O)C(CC2CCCC2)c2ccc(-c3cccc4ccccc34)cc2)nc1
COC(=O)c1ccc(C(=O)OCc2ccccc2)cc1F,COC(=O)c1ccc(C(=O)O)cc1F
Nc1ccc(S(=O)(=O)N2CCOCC2)cc1.O=C(Cl)c1cnc(Cl)nc1Cl,O=C(Nc1ccc(S(=O)(=O)N2CCOCC2)cc1)c1cnc(Cl)nc1Cl
CCOC(=O)C(=O)OCC.NN,CCOC(=O)C(=O)NN
CC(C)c1ccc(N)c([N+](=O)[O-])c1.CC(CBr)Cc1ccc(Cl)cc1,CC(CNc1ccc(C(C)C)cc1[N+](=O)[O-])Cc1ccc(Cl)cc1
ClCCBr.O=[N+]([O-])c1ccccc1O,O=[N+]([O-])c1ccccc1OCCCl
CCOc1cc([C@@H](CC(=O)N(C)C)N2Cc3cccc(N)c3C2=O)ccc1OC.O=C(Cl)C1CC1,CCOc1cc([C@@H](CC(=O)N(C)C)N2Cc3cccc(NC(=O)C4CC4)c3C2=O)ccc1OC
N#Cc1ccc(Oc2ccc(C(N)=O)cc2)nc1,NCc1ccc(Oc2ccc(C(N)=O)cc2)nc1
CCOC(=O)C=P(c1ccccc1)(c1ccccc1)c1ccccc1.O=C1OC(=O)c2cc(Cl)c(Cl)cc21,CCOC(=O)C=C1OC(=O)c2cc(Cl)c(Cl)cc21
CCCCCC1CCc2c(I)c(OCOC)c(F)c(F)c2O1,CCCCCC1CCc2c(I)c(O)c(F)c(F)c2O1
Nc1ncnc2c1c(-c1ccc(Oc3ccccc3)cc1)cn2C1C=CC(O)C1,Nc1ncnc2c1c(-c1ccc(Oc3ccccc3)cc1)cn2C1CCC(O)C1
Cc1cnc(N)cn1.O=C(Cl)Oc1ccccc1,Cc1cnc(NC(=O)Oc2ccccc2)cn1
CCN=C=O.Cn1cc(-c2cc3c(-c4cnc(C5(N)CCC5)s4)c(Cl)cnc3[nH]2)cn1,CCNC(=O)NC1(c2ncc(-c3c(Cl)cnc4[nH]c(-c5cnn(C)c5)cc34)s2)CCC1
COC(=O)c1cc(I)ccc1O.Fc1ccc(CBr)cc1,COC(=O)c1cc(I)ccc1OCc1ccc(F)cc1
C=C(C)C(=O)Cl.NCCN,C=C(C)C(=O)NCCN
NC(=S)Cc1c[nH]cn1.O=C1c2ccc3ccccc3c2CCC1Br,c1ccc2c3c(ccc2c1)-c1nc(Cc2c[nH]cn2)sc1CC3
CC(C)(C)NC(=O)c1cc(Cl)ccn1.COc1ccc(CN(Cc2ccc(OC)cc2)c2ncc(-c3nc(N4CCOCC4)nc4c3CCN4)cn2)cc1,COc1ccc(CN(Cc2ccc(OC)cc2)c2ncc(-c3nc(N4CCOCC4)nc4c3CCN4c3ccnc(C(=O)NC(C)(C)C)c3)cn2)cc1
CC(C)(C)c1ccc(S(=O)(=O)Nc2ccc3sc(C(=O)O)c(-c4ccccc4)c3c2)cc1.NCCN1CCOCC1,CC(C)(C)c1ccc(S(=O)(=O)Nc2ccc3sc(C(=O)NCCN4CCOCC4)c(-c4ccccc4)c3c2)cc1
CC(C)(C)OC(=O)CN.N#Cc1ccc(N=C=S)cc1,CC(C)(C)OC(=O)CNC(=S)Nc1ccc(C#N)cc1
Cc1[nH]c(C(=O)NC2CCN(c3cc(C(N)=O)nc(Cl)n3)CC2)c(Cl)c1Cl,Cc1[nH]c(C(=O)NC2CCN(c3cc(C#N)nc(Cl)n3)CC2)c(Cl)c1Cl
COc1cccc(-c2ccc(C)cc2N)c1.Cc1ccc2c(Cl)ccnc2n1,COc1cccc(-c2ccc(C)cc2Nc2ccnc3nc(C)ccc23)c1
C[C@@H]1CN(c2ncc(Br)cc2C=O)C[C@H](C)O1.OB(O)c1cccnc1,C[C@@H]1CN(c2ncc(-c3cccnc3)cc2C=O)C[C@H](C)O1
CC#CCOc1cc(C#CCN2CCOCC2)cc(Sc2ccc(OCC(=O)OCC)c(C)c2)c1,CC#CCOc1cc(C#CCN2CCOCC2)cc(Sc2ccc(OCC(=O)O)c(C)c2)c1
N#Cc1cc(-c2ncnc(Nc3cccc(Cl)c3)n2)ccn1,NCc1cc(-c2ncnc(Nc3cccc(Cl)c3)n2)ccn1
CC1(C)OB(c2cc(Cl)c(O)c(Cl)c2)OC1(C)C.O=C(c1cnc2ccc(Br)cc2c1N[C@H]1CC[C@H](CN2CCC(O)C2)CC1)C1CC1,O=C(c1cnc2ccc(-c3cc(Cl)c(O)c(Cl)c3)cc2c1N[C@@H]1CC[C@@H](CN2CCC(O)C2)CC1)C1CC1
C[Si](C)(C)c1ccc(B(O)O)cc1.Cc1ccc(Br)nc1,Cc1ccc(-c2ccc([Si](C)(C)C)cc2)nc1
COC(=O)C1(C)OCC(Cc2nc(-c3ccccc3)oc2C)CO1,Cc1oc(-c2ccccc2)nc1CC1COC(C)(C(=O)O)OC1
CC(C)(C)CC1NC(C(=O)OC(C)(C)C)C(c2cccc(Cl)c2F)C1(C#N)c1ncc(Cl)cc1F,CC(C)(C)CC1NC(C(=O)O)C(c2cccc(Cl)c2F)C1(C#N)c1ncc(Cl)cc1F
CC(C)(C#N)c1ccc([N+](=O)[O-])cc1F,CC(C)(CN)c1ccc([N+](=O)[O-])cc1F
CC(C)C(=O)Nc1cccc(C2CCN(CCCCC(O)c3ccccc3)CC2)c1.CCOc1ccccc1O,CCOc1ccccc1OC(CCCCN1CCC(c2cccc(NC(=O)C(C)C)c2)CC1)c1ccccc1
C=O.CCC1(C)CC(OCc2ccccc2)C(C)C(C)(CC)N1,CCC1(C)CC(OCc2ccccc2)C(C)C(C)(CC)N1C
COc1cc[c]([Mg+])cc1.Fc1cc(F)cc(Br)c1,COc1ccc(-c2cc(F)cc(F)c2)cc1
COc1ccc(-c2cc3c4cc(-c5ccn[nH]5)ccc4n(C)c3n(C)c2=O)c(Cl)c1,Cn1c(=O)c(-c2ccc(O)cc2Cl)cc2c3cc(-c4ccn[nH]4)ccc3n(C)c21
Cc1cccc(C)c1N.O=C(O)CBr,Cc1cccc(C)c1NC(=O)CBr
O=C1CCc2ccc(C=CCCCN3CCN(c4cccc5c4CCCC5)CC3)nc2N1,O=C1CCc2ccc(CCCCCN3CCN(c4cccc5c4CCCC5)CC3)nc2N1
CCCCCC(=O)CCCCC.NO,CCCCCC(CCCCC)=NO
Clc1cccc(CBr)c1.Nc1cc[nH]n1,Nc1ccn(Cc2cccc(Cl)c2)n1
CCOC(=O)C(C(=O)OCC)c1ccc(Br)cc1.CNc1ccccc1,CCOC(=O)C(C(=O)OCC)c1ccc(N(C)c2ccccc2)cc1
CC(Br)C(=O)Cl.OCC1CCCO1,CC(Br)C(=O)OCC1CCCO1
O=C(NCc1cccc(C(F)(F)F)c1)c1ccnc(Br)c1.O=[N+]([O-])c1ccccc1B(O)O,O=C(NCc1cccc(C(F)(F)F)c1)c1ccnc(-c2ccccc2[N+](=O)[O-])c1
C=O.CCCNCCC.CCc1oc2cc(C)nn2c1-c1ccc(Cl)cc1Cl,CCCN(CCC)Cc1c(C)nn2c(-c3ccc(Cl)cc3Cl)c(CC)oc12
CC(C)(N)c1ccccc1.COC(=O)c1cccc(-c2nn(C3CCCCO3)c3ccc(-c4ncn(C(c5ccccc5)(c5ccccc5)c5ccccc5)n4)cc23)c1,CC(C)(NC(=O)c1cccc(-c2nn(C3CCCCO3)c3ccc(-c4ncn(C(c5ccccc5)(c5ccccc5)c5ccccc5)n4)cc23)c1)c1ccccc1
Nc1cc(F)c(-n2cnc(Cl)c2)c(F)c1,Nc1cc(F)c(-n2ccnc2)c(F)c1
COc1cc(CC(=O)Nc2cccc(I)c2)ccc1OCCNC(=O)OC(C)(C)C.OB(O)c1ccccc1,COc1cc(CC(=O)Nc2cccc(-c3ccccc3)c2)ccc1OCCNC(=O)OC(C)(C)C
CC1(C)OB(c2cccc(CN)c2)OC1(C)C.CCS(=O)(=O)N1CCC(c2c[nH]c3c(C(N)=O)cc(Br)cc23)CC1,CCS(=O)(=O)N1CCC(c2c[nH]c3c(C(N)=O)cc(-c4cccc(CN)c4)cc23)CC1
CCCN.Cc1cc(C(=N)NO)nc(Cl)n1,CCCNc1nc(C)cc(C(=N)NO)n1
NCc1ccncc1.O=S(=O)(Cl)c1ccc(Br)s1,O=S(=O)(NCc1ccncc1)c1ccc(Br)s1
Clc1ccc2c(c1)CC1(CCN(Cc3ccccc3)C1)O2,Clc1ccc2c(c1)CC1(CCNC1)O2
CCOC(=O)C1(CI)CCN(C(=O)c2ccc(F)cc2)C1.Oc1ccc(-c2ccc(Cl)cn2)cc1,CCOC(=O)C1(COc2ccc(-c3ccc(Cl)cn3)cc2)CCN(C(=O)c2ccc(F)cc2)C1
Nc1nccc(Cl)n1.O=C(Nc1ccc(O)cc1)c1ccccc1Nc1ccc(F)cc1,Nc1nccc(Oc2ccc(NC(=O)c3ccccc3Nc3ccc(F)cc3)cc2)n1
CCOc1cc(O)cc(CC(=O)OC)c1.FC(F)(F)c1ccc(-c2cccc(Br)c2)cc1,CCOc1cc(CC(=O)OC)cc(Oc2cccc(-c3ccc(C(F)(F)F)cc3)c2)c1
CN(C)CCOc1ccc(C(=O)O)cc1.COc1cc2c(cc1Cl)CCNCC2c1cccc2c1OCC2,COc1cc2c(cc1Cl)CCN(C(=O)c1ccc(OCCN(C)C)cc1)CC2c1cccc2c1OCC2
CC(C)c1nc2c(c(I)c1[C@H](O)c1ccc(C(F)(F)F)cc1)[C@@H](O[Si](C)(C)C(C)(C)C)CC1(CCC1)C2.CC1(C)OB(C2=CCOCC2)OC1(C)C,CC(C)c1nc2c(c(C3=CCOCC3)c1[C@H](O)c1ccc(C(F)(F)F)cc1)[C@@H](O[Si](C)(C)C(C)(C)C)CC1(CCC1)C2
CC(=O)Cl.Nc1c(F)cccc1[N+](=O)[O-],CC(=O)Nc1c(F)cccc1[N+](=O)[O-]
C#CCNC(=O)Cc1ccc2cc[nH]c2c1.FC(F)(F)Oc1ccc(I)cc1,O=C(Cc1ccc2cc[nH]c2c1)NCC#Cc1ccc(OC(F)(F)F)cc1
COC(=O)CBr.O=C1C2=C(CCCC2)C(=O)N1c1cc(O)c(Cl)cc1F,COC(=O)COc1cc(N2C(=O)C3=C(CCCC3)C2=O)c(F)cc1Cl
C[C@@H]1CN[C@@H](c2ccc(F)cc2)CO1.O=C1COc2ccc(Br)nc2N1,C[C@H]1CN(c2ccc3c(n2)NC(=O)CO3)[C@H](c2ccc(F)cc2)CO1
Cc1cnc(N2CCN(C(=O)c3c(F)cc(Br)cc3F)CC2)c(C)c1.O=C1CC[C@H](CO)N1,Cc1cnc(N2CCN(C(=O)c3c(F)cc(N4C(=O)CC[C@@H]4CO)cc3F)CC2)c(C)c1
COC(=O)c1cc(Cl)ccc1N.O=C(Cl)c1cccc(CCl)c1,COC(=O)c1cc(Cl)ccc1NC(=O)c1cccc(CCl)c1
O=C(N1CC2CCC(C1)c1cc([N+](=O)[O-])c(O)cc12)C(F)(F)F,Nc1cc2c(cc1O)C1CCC2CN(C(=O)C(F)(F)F)C1
CCOP(OCC)OCC.COCOc1cc(CI)cc(OCOC)c1CC=C(C)CCC=C(C)CO[Si](c1ccccc1)(c1ccccc1)C(C)(C)C,CCOP(=O)(Cc1cc(OCOC)c(CC=C(C)CCC=C(C)CO[Si](c2ccccc2)(c2ccccc2)C(C)(C)C)c(OCOC)c1)OCC
CC1(O[Si](C)(C)C)CN(C(=O)OCc2ccccc2)CCC1=O,CC1(O)CN(C(=O)OCc2ccccc2)CCC1=O
CC(C)Cc1ccc(-c2nc(Br)ns2)cc1C#N.CCc1c(C=O)cccc1B1OC(C)(C)C(C)(C)O1,CCc1c(C=O)cccc1-c1nsc(-c2ccc(CC(C)C)c(C#N)c2)n1
C#CCO.O/N=C/c1cc(C(F)(F)F)cc(C(F)(F)F)c1,OCc1cc(-c2cc(C(F)(F)F)cc(C(F)(F)F)c2)no1
CC(C)(C)OC(=O)N1CCNCC1.Cn1c(-c2cc(Br)ccc2F)nc2ccccc21,Cn1c(-c2cc(N3CCN(C(=O)OC(C)(C)C)CC3)ccc2F)nc2ccccc21
C[C@@H]1CN2c3c(cc(C(=O)O)c(F)c3F)CC3(C(=O)NC(=O)NC3=O)[C@H]2[C@H](C)O1.NC1CCOC1=O,C[C@@H]1CN2c3c(cc(C(=O)NC4CCOC4=O)c(F)c3F)CC3(C(=O)NC(=O)NC3=O)[C@H]2[C@H](C)O1
CC(Br)c1ccnc2ncnn12.Oc1ccc(F)cc1,CC(Oc1ccc(F)cc1)c1ccnc2ncnn12
BrC1CCCC1.COC(=O)c1ccc(O)cc1,COC(=O)c1ccc(OC2CCCC2)cc1
ClCCNCCCl.Nc1c(F)cc(F)cc1F,Fc1cc(F)c(N2CCNCC2)c(F)c1
COc1ccc(F)cc1C(C)(C)C[C@@](O)(C(=O)O)C(F)(F)F,COc1ccc(F)cc1C(C)(C)C[C@@](O)(CO)C(F)(F)F
Cc1cc(Br)c(N)c(Br)c1.N#Cc1ccc(Nc2nccc(Cl)n2)cc1,Cc1cc(Br)c(Nc2ccnc(Nc3ccc(C#N)cc3)n2)c(Br)c1
CCOC(=O)C(Cl)c1ccccc1Cl.O=c1[nH]c2c(c(=O)n1Cc1ccccc1)CNCC2,CCOC(=O)C(c1ccccc1Cl)N1CCc2[nH]c(=O)n(Cc3ccccc3)c(=O)c2C1
COC(=O)CCNC(=O)c1ccc(C(CCC(F)(F)F)Oc2cc(C)c(I)c(C)c2)s1.OB(O)c1ccc(OC(F)(F)F)cc1,COC(=O)CCNC(=O)c1ccc(C(CCC(F)(F)F)Oc2cc(C)c(-c3ccc(OC(F)(F)F)cc3)c(C)c2)s1
CCN(Cc1ccccc1OCc1ccccc1)c1ccc(C(=O)OC(C)(C)C)c(F)c1,CCN(Cc1ccccc1OCc1ccccc1)c1ccc(C(=O)O)c(F)c1
Nc1ccccc1.S=C(Cl)N(Cc1ccc(Br)cc1)C1CCCC1,S=C(Nc1ccccc1)N(Cc1ccc(Br)cc1)C1CCCC1
CCOC(=O)N1CCC(Nc2nc3ccccc3[nH]2)CC1.Cc1nc(CCl)cs1,CCOC(=O)N1CCC(Nc2nc3ccccc3n2Cc2csc(C)n2)CC1
OB(O)c1ccc(OC(F)(F)F)c(F)c1.OCc1ccc(Br)cn1,OCc1ccc(-c2ccc(OC(F)(F)F)c(F)c2)cn1
CNOC.COc1ccc(O)c(C(=O)O)c1,COc1ccc(O)c(C(=O)N(C)OC)c1
CC(C)(C)C[C@@H]1N[C@@H](C(=O)Nc2cccc(C(=O)OC(C)(C)C)c2)[C@H](c2cccc(Cl)c2F)[C@@]1(C#N)c1ccc(Cl)cc1F,CC(C)(C)C[C@@H]1N[C@@H](C(=O)Nc2cccc(C(=O)O)c2)[C@H](c2cccc(Cl)c2F)[C@@]1(C#N)c1ccc(Cl)cc1F
C#C[Si](C)(C)C.O=S(=O)(Oc1cncc(Cl)c1)C(F)(F)F,C[Si](C)(C)C#Cc1cncc(Cl)c1
COc1ccc2cccnc2c1O.ClCc1ccccc1,COc1ccc2cccnc2c1OCc1ccccc1
CCCN.O=C(O)c1ccc([N+](=O)[O-])s1,CCCNC(=O)c1ccc([N+](=O)[O-])s1
CSc1nsc(Cl)n1.OCc1ccco1,CSc1nsc(OCc2ccco2)n1
CC(C)(C)[O-].CC(C)(CCl)C(=O)Cl,CC(C)(C)OC(=O)C(C)(C)CCl
CC(C)(C)OC(=O)NC1(c2ccc(C(=O)NN)cn2)CC1.O=C(O)C1CC1,CC(C)(C)OC(=O)NC1(c2ccc(C(=O)NNC(=O)C3CC3)cn2)CC1
CCOC(=O)C(=Cc1ccncc1)C(=O)OCC,CCOC(=O)C(=CC1CCNCC1)C(=O)OCC
COc1cccc(N)c1.Cc1ccccc1C=O,COc1cccc(N=Cc2ccccc2C)c1
ClCc1ccc(Cl)c(Cl)c1.O=C1NCCN1,O=C1NCCN1Cc1ccc(Cl)c(Cl)c1
C[C@]12CC[C@H](O)CC1NC(=O)[C@@H]1[C@@H]2CC[C@]2(C)C(=O)CC[C@@H]12,C[C@]12CCC(=O)CC1NC(=O)[C@@H]1[C@@H]2CC[C@]2(C)C(=O)CC[C@@H]12
O=C(c1ccccc1)c1cccc(Br)c1,OC(c1ccccc1)c1cccc(Br)c1
C#C[C@]1(O)CCN(C)C1=O.COC(=O)c1nc2c(s1)C(F)(F)COc1ccc(Br)cc1-2,COC(=O)c1nc2c(s1)C(F)(F)COc1ccc(C#C[C@]3(O)CCN(C)C3=O)cc1-2
Cc1ccc(-c2cnn(C)c2)c(C(=O)N2CCC[C@@H](C)[C@H]2CN)c1.Cc1cccnc1Br,Cc1ccc(-c2cnn(C)c2)c(C(=O)N2CCC[C@@H](C)[C@H]2CNc2ncccc2C)c1
CC(=O)Nc1nc2ccc(Oc3ccc(Cl)c(N)c3)nc2s1.CC(C)(C#N)c1cccc(C(=O)O)c1Cl,CC(=O)Nc1nc2ccc(Oc3ccc(Cl)c(NC(=O)c4cccc(C(C)(C)C#N)c4Cl)c3)nc2s1
O=C(O)CCCCC[P+](c1ccccc1)(c1ccccc1)c1ccccc1.O=C(c1cccnc1)c1ccc2c(c1)OCO2,O=C(O)CCCC/C=C(\c1cccnc1)c1ccc2c(c1)OCO2
CC(C)(C)OC(=O)Nc1ccc(-c2cccs2)cc1N.CCOC(=O)Cl,CCOC(=O)Nc1cc(-c2cccs2)ccc1NC(=O)OC(C)(C)C
COC(=O)CS(=O)(=O)c1cc(C)ccc1[N+](=O)[O-],COC(=O)CS(=O)(=O)c1cc(C)ccc1N
CC1(C)CC(N)CC(C)(C)N1.O=C(O)c1cc([N+](=O)[O-])c(Sc2c(Cl)cncc2Cl)s1,CC1(C)CC(NC(=O)c2cc([N+](=O)[O-])c(Sc3c(Cl)cncc3Cl)s2)CC(C)(C)N1
O=C(OCc1ccccc1)c1cn(C2CC2)c2cc(N3CCNCC3)c(F)cc2c1=O.O=[N+]([O-])CC1OB(O)c2c(OCCCBr)cccc21,O=C(OCc1ccccc1)c1cn(C2CC2)c2cc(N3CCN(CCCOc4cccc5c4B(O)OC5C[N+](=O)[O-])CC3)c(F)cc2c1=O
Brc1cnc(Br)cn1.CC1(CO)Cn2cc([N+](=O)[O-])nc2O1,CC1(COc2cnc(Br)cn2)Cn2cc([N+](=O)[O-])nc2O1
CC(C)(C)OC(=O)Nc1cccc(CC2CCOCC2)n1,Nc1cccc(CC2CCOCC2)n1
CCCC(C(=O)OC)c1c(C)nc2cc(C(C)(C)C)nn2c1-c1ccc2c(c1)CCN2C,CCCC(C(=O)O)c1c(C)nc2cc(C(C)(C)C)nn2c1-c1ccc2c(c1)CCN2C
CCOC(=O)c1cccc(Sc2c(C)[nH]c3cc(Cl)ccc23)c1.CCn1cc(Br)cn1,CCOC(=O)c1cccc(Sc2c(C)n(-c3cnn(CC)c3)c3cc(Cl)ccc23)c1
C1CNCCN1.Fc1ccc2nc(Cl)ccc2c1,Fc1ccc2nc(N3CCNCC3)ccc2c1
Fc1ccc(Cc2ccc(C3CCNCC3)cc2)cc1.O=C(CCCBr)Nc1ccccc1Cc1ccccc1,O=C(CCCN1CCC(c2ccc(Cc3ccc(F)cc3)cc2)CC1)Nc1ccccc1Cc1ccccc1
CCCCCCc1ccc(-c2ccc([C@@H]3CC[C@@H](CO)CC3)cc2)nc1,CCCCCCc1ccc(-c2ccc([C@@H]3CC[C@@H](C=O)CC3)cc2)nc1
C#CCc1ccccc1.O=C(O)c1ccc(Cn2cnc3ccc(I)cc3c2=O)cc1,O=C(O)c1ccc(Cn2cnc3ccc(C#CCc4ccccc4)cc3c2=O)cc1
CC(=O)NC[C@H]1CN(c2ccc(C=O)cc2)C(=O)O1.O=C1CSC(=O)N1,CC(=O)NC[C@H]1CN(c2ccc(/C=C3\SC(=O)NC3=O)cc2)C(=O)O1
Cc1ccc(-c2nc3ccccc3c(=O)n2-c2ccccc2)cc1.O=C1CCC(=O)N1Br,O=c1c2ccccc2nc(-c2ccc(CBr)cc2)n1-c1ccccc1
BrC1CCCC1.COc1cc(F)c(C=O)cc1O,COc1cc(F)c(C=O)cc1OC1CCCC1
C1=C(c2ccc(OCCCN3CCCCC3)cc2)CCNC1.O=C(O)c1ccc(F)cc1,O=C(c1ccc(F)cc1)N1CC=C(c2ccc(OCCCN3CCCCC3)cc2)CC1
Cc1nc2c3c(ccn2c1C)C(=O)C(O)C(c1ccccc1)N3,Cc1nc2c3c(ccn2c1C)C(O)C(O)C(c1ccccc1)N3
CCc1cc2c(Cl)nc(-c3cccnc3)nc2s1.NCc1ccc(Cl)c(Cl)c1,CCc1cc2c(NCc3ccc(Cl)c(Cl)c3)nc(-c3cccnc3)nc2s1
COC(=O)c1ccc(Cl)c(C(=O)C(C(C)=O)C(=O)OC(C)(C)C)c1Cl,COC(=O)c1ccc(Cl)c(C(=O)CC(C)=O)c1Cl
COCOc1ccc(C(C)(O[Si](C)(C)C)C(F)(F)F)nc1,COCOc1ccc(C(C)(O)C(F)(F)F)nc1
CCc1c(C(=O)C(N)=O)c2cc(OCCCC(=O)OC(C)(C)C)ccc2n1Cc1ccccc1,CCc1c(C(=O)C(N)=O)c2cc(OCCCC(=O)O)ccc2n1Cc1ccccc1
N#Cc1cc(C(F)(F)F)ccc1N,NCc1cc(C(F)(F)F)ccc1N
C#C[Si](C)(C)C.Nc1ncc(F)cc1I,C[Si](C)(C)C#Cc1cc(F)cnc1N
C=CC(=O)OCC.O=C(c1c(Cl)cc(Br)cc1Cl)n1ccc2cnccc21,CCOC(=O)/C=C/c1cc(Cl)c(C(=O)n2ccc3cnccc32)c(Cl)c1
COC(=O)C(N)CO.Cc1ccc(C)c(CC(=O)N2CCC(C(=O)O)CC2)c1,COC(=O)C(CO)NC(=O)C1CCN(C(=O)Cc2cc(C)ccc2C)CC1
COC(=O)C(C)(C)C[C@@H]1CC[C@@H](O)CN1S(=O)(=O)c1ccc(C)cc1.COCCCN1C(=O)C(C)(C)Oc2ccc(CCl)cc21,COCCCN1C(=O)C(C)(C)Oc2ccc(CO[C@@H]3CC[C@@H](CC(C)(C)C(=O)OC)N(S(=O)(=O)c4ccc(C)cc4)C3)cc21
O=[N+]([O-])c1ccc(Cl)c(Br)c1,Nc1ccc(Cl)c(Br)c1
CC(Br)C(=O)Cl.Fc1ccc2sccc2c1,CC(Br)C(=O)c1cc2cc(F)ccc2s1
CN=C=S.Cc1ccc(N2CCOCC2)c(N)c1,CNC(=S)Nc1cc(C)ccc1N1CCOCC1
CNc1nc(Cl)nc2c1CCCC2.N[C@H]1CC[C@@H](CNC(=O)OCc2ccccc2)CC1,CNc1nc(N[C@@H]2CC[C@H](CNC(=O)OCc3ccccc3)CC2)nc2c1CCCC2
CCn1c(C=CC(=O)C[C@@H](O)CC(=O)OC)c(-c2ccc(F)cc2)c(C(C)C)c1C(=O)Nc1ccccc1,CCn1c(C=C[C@@H](O)C[C@@H](O)CC(=O)OC)c(-c2ccc(F)cc2)c(C(C)C)c1C(=O)Nc1ccccc1
CC(C)(C)OC(=O)N[C@H]1CCCC[C@H]1Nc1ncc2cncc(I)c2n1.Cn1cc(B(O)O)cn1,Cn1cc(-c2cncc3cnc(N[C@@H]4CCCC[C@@H]4NC(=O)OC(C)(C)C)nc23)cn1
CCN1CCC2(CC1)c1ccccc1Sc1c(OC)cccc12,CCN1CCC2(CC1)c1ccccc1Sc1c(O)cccc12
CC(C)(C)[Si](C)(C)OC[C@H]1CCc2sc3ncnc(OC4CCC(N5CC6(COC6)C5)CC4)c3c21,OC[C@H]1CCc2sc3ncnc(OC4CCC(N5CC6(COC6)C5)CC4)c3c21
O=[N+]([O-])c1cc(OC[C@@H](O)CN(Cc2ccccc2)[C@H](CO)Cc2ccc(OCc3ccccc3)cc2)ccc1OCc1ccccc1,Nc1cc(OC[C@@H](O)CN(Cc2ccccc2)[C@H](CO)Cc2ccc(OCc3ccccc3)cc2)ccc1OCc1ccccc1
O=C(CCC(=O)C(CC1CCOCC1)c1ccc(S(=O)(=O)C2CC2)cc1)c1ncc(CO)s1.[NH4+],O=S(=O)(c1ccc(C(CC2CCOCC2)c2ccc(-c3ncc(CO)s3)[nH]2)cc1)C1CC1
CC(=O)OCc1nccc(Oc2ccc3[nH]c(C)cc3c2F)n1.O=C=Nc1cccc(C(F)(F)F)c1,CC(=O)OCc1nccc(Oc2ccc3c(cc(C)n3C(=O)Nc3cccc(C(F)(F)F)c3)c2F)n1
BrCC1CC1.Oc1ccccc1S,Oc1ccccc1SCC1CC1
CS(=O)(=O)Cl.O=C1C[C@H](O)CN1Cc1ccc(Oc2ccc(F)cc2)nc1,CS(=O)(=O)O[C@H]1CC(=O)N(Cc2ccc(Oc3ccc(F)cc3)nc2)C1
CN(C)CC(=O)Cl.Nc1nccn2c(C3CCNCC3)nc(I)c12,CN(C)CC(=O)N1CCC(c2nc(I)c3c(N)nccn23)CC1
CC(C)(C)OC(=O)N1C[C@H]2C[C@@H]1CN2.Clc1ccc(I)cn1,CC(C)(C)OC(=O)N1C[C@H]2C[C@@H]1CN2c1ccc(Cl)nc1
BrCC1CC1.OCc1c(F)cc(O)cc1F,OCc1c(F)cc(OCC2CC2)cc1F
CCOC(=O)c1c(-c2ccccc2OC)csc1N1C(=O)c2ccccc2C1=O,COc1ccccc1-c1csc(N2C(=O)c3ccccc3C2=O)c1C(=O)O
C=CCC1(C(=O)Nc2cccc(Cl)c2)CCNCC1.Cc1c[nH]c2ncnc(Cl)c12,C=CCC1(C(=O)Nc2cccc(Cl)c2)CCN(c2ncnc3[nH]cc(C)c23)CC1
COc1cc(C=CC=O)cc(OC)c1O.N#CCC(=O)O,COc1cc(/C=C/C=C(\C#N)C(=O)O)cc(OC)c1O
Nc1nccs1.O=C(O)C(CC1CCCC1)c1ccc(C#CCN2CCOCC2)cc1,O=C(Nc1nccs1)C(CC1CCCC1)c1ccc(C#CCN2CCOCC2)cc1
C=CCBr.Cc1cc(Br)c(O)c([N+](=O)[O-])c1,C=CCOc1c(Br)cc(C)cc1[N+](=O)[O-]
CC(C)(C)OC(=O)N1CCC(Nc2ccc(C#N)c(C(F)(F)F)c2)CC1,N#Cc1ccc(NC2CCNCC2)cc1C(F)(F)F
Clc1ccc2c(C3CCNCC3)cn(Cc3ccccc3)c2c1.O=CC1CCCCCCC1,Clc1ccc2c(C3CCN(CC4CCCCCCC4)CC3)cn(Cc3ccccc3)c2c1
COC(=O)c1ccc(C)c(-n2cnc3c(C(N)=O)cc(I)cc3c2=O)c1,COC(=O)c1ccc(C)c(-n2cnc3c(C#N)cc(I)cc3c2=O)c1
CS(=O)(=O)Cl.Cc1nccn1CCO,Cc1nccn1CCOS(C)(=O)=O
ClCc1cnc(Nc2ccccn2)s1.O=C(NC1CC1)c1ccc(F)c(O)c1,O=C(NC1CC1)c1ccc(F)c(OCc2cnc(Nc3ccccn3)s2)c1
CON(C)C(=O)c1ccc(Br)cn1.OB(O)c1ccc(Cl)cc1,CON(C)C(=O)c1ccc(-c2ccc(Cl)cc2)cn1
Cc1cc(Br)cc(C)c1N.Clc1nc(Cl)nc(Cl)n1,Cc1cc(Br)cc(C)c1Nc1nc(Cl)nc(Cl)n1
Brc1cccnc1.CC(C)(C)OC(=O)N1CC[C@H](Nc2ccc(F)c(Cl)c2)C1,CC(C)(C)OC(=O)N1CC[C@H](N(c2cccnc2)c2ccc(F)c(Cl)c2)C1
CCC(Cl)=Nc1c(C)cc(C(=O)C(C)C)nc1Cl.N[C@H]1CCc2cc(Br)ccc21,CCC(=Nc1c(C)cc(C(=O)C(C)C)nc1Cl)N[C@H]1CCc2cc(Br)ccc21
O=[N+]([O-])c1ccc(N2CCN(c3ccncc3)CC2)cc1,Nc1ccc(N2CCN(c3ccncc3)CC2)cc1
COc1cc(CC(=O)N2CCN(c3nsc4ccccc34)CC2)c([N+](=O)[O-])cc1OC,COc1cc(CCN2CCN(c3nsc4ccccc34)CC2)c([N+](=O)[O-])cc1OC
COc1ccc(COCC2(c3ccc(F)c(F)c3)COC(C)(C)OC2)cc1,CC1(C)OCC(CO)(c2ccc(F)c(F)c2)CO1
CC(C)(C)OC(=O)c1ccc(-c2ccccc2)cc1N.O=C(O)c1ccc(-n2cccc2)cc1,CC(C)(C)OC(=O)c1ccc(-c2ccccc2)cc1NC(=O)c1ccc(-n2cccc2)cc1
CCNS(=O)(=O)c1cccc(N)c1.O=C(O)c1cnn2c(C(F)F)cc(-c3ccc(C(F)(F)F)cc3)nc12,CCNS(=O)(=O)c1cccc(NC(=O)c2cnn3c(C(F)F)cc(-c4ccc(C(F)(F)F)cc4)nc23)c1
COC(=O)COC1(c2ccccc2OC)C(=O)Nc2ccc(Cl)cc21,COc1ccccc1C1(OCC(=O)O)C(=O)Nc2ccc(Cl)cc21
Fc1ccc(Nc2nc(Cl)nc(NCc3ccc(Cl)nc3)n2)cc1C(F)(F)F.NN,NNc1nc(NCc2ccc(Cl)nc2)nc(Nc2ccc(F)c(C(F)(F)F)c2)n1
Cc1cc(CC(c2cccc(Br)n2)N2C(=O)c3ccccc3C2=O)cc2cn(COCC[Si](C)(C)C)nc12,Cc1cc(CC(N)c2cccc(Br)n2)cc2cn(COCC[Si](C)(C)C)nc12
COC(=O)COc1ccc(C(=O)CN2CCN(c3ccncc3)CC2)cc1.N,NC(=O)COc1ccc(C(=O)CN2CCN(c3ccncc3)CC2)cc1
CN(C)CCCCl.COc1ccc(Cn2ncc3cc(/C=C4\SC(=O)NC4=O)ccc32)c(C(F)(F)F)c1,COc1ccc(Cn2ncc3cc(/C=C4\SC(=O)N(CCCN(C)C)C4=O)ccc32)c(C(F)(F)F)c1
COc1cc(F)c([N+](=O)[O-])cc1N.Clc1ncc(Cl)c(-c2cnn3ccccc23)n1,COc1cc(F)c([N+](=O)[O-])cc1Nc1ncc(Cl)c(-c2cnn3ccccc23)n1
CCOC(=O)c1nc(-c2ccc(N)cc2)nc(N2CCOCC2)c1OCC.C[Si](C)(C)N=C=O,CCOC(=O)c1nc(-c2ccc(NC(N)=O)cc2)nc(N2CCOCC2)c1OCC
COC(=O)c1cc(SCc2ccc(OC)cc2)c(F)c(F)c1Nc1ccccc1F.[N-]=[N+]=[N-],COC(=O)c1cc(SCc2ccc(OC)cc2)c(N=[N+]=[N-])c(F)c1Nc1ccccc1F
CS(=O)(=O)Cl.O=C(OCc1ccccc1)N1CC[C@H](CO)C[C@@H]1c1ccc(F)c(F)c1,CS(=O)(=O)OC[C@H]1CCN(C(=O)OCc2ccccc2)[C@@H](c2ccc(F)c(F)c2)C1
CC(C)(C)OC(=O)N1CC(OS(C)(=O)=O)C1.CN1CCN(Cc2ccc(O)cc2F)CC1,CN1CCN(Cc2ccc(OC3CN(C(=O)OC(C)(C)C)C3)cc2F)CC1
CCOc1cc(CN2CCC(N)CC2)ccc1Cl.Cc1ccc(C(=O)Cl)cc1,CCOc1cc(CN2CCC(NC(=O)c3ccc(C)cc3)CC2)ccc1Cl
CCOc1ccccc1Br,CCOc1ccccc1
O=C(Cl)c1ccc(C(F)(F)F)cc1.O=C1CNC[C@@H]2C[C@@H](Oc3cnc(C4CC4)cn3)CN12,O=C(c1ccc(C(F)(F)F)cc1)N1CC(=O)N2C[C@H](Oc3cnc(C4CC4)cn3)C[C@H]2C1
COc1ccc(C(=O)C(=O)c2cc(Cl)ccn2)cc1,O=C(C(=O)c1cc(Cl)ccn1)c1ccc(O)cc1
C#Cc1cc(C(C)(C)C)c(OC(C)C)c(C=O)c1C.COC(=O)Cc1ccc(I)cc1,COC(=O)Cc1ccc(C#Cc2cc(C(C)(C)C)c(OC(C)C)c(C=O)c2C)cc1
N#Cc1nccnc1Cl,NCc1nccnc1Cl
N#CCCN.O=Cc1ccc(C#Cc2cncnc2Nc2ccc(OCc3cccc(F)c3)c(Cl)c2)o1,N#CCCNCc1ccc(C#Cc2cncnc2Nc2ccc(OCc3cccc(F)c3)c(Cl)c2)o1
COC(=O)N1C[C@H](CN2CCCC2)NC[C@H]1CO.O=C(O)Cc1ccc(Cl)c(Cl)c1,COC(=O)N1C[C@H](CN2CCCC2)N(C(=O)Cc2ccc(Cl)c(Cl)c2)C[C@H]1CO
COC(=O)c1cc(-c2cc(C)ccc2F)on1,Cc1ccc(F)c(-c2cc(CO)no2)c1
CCN(CC)C(=O)Nc1ccc(S(=O)(=O)Cl)cc1.NC1(c2ccccc2Cl)C(=O)Nc2ccc(Cl)cc21,CCN(CC)C(=O)Nc1ccc(S(=O)(=O)N2C(=O)C(N)(c3ccccc3Cl)c3cc(Cl)ccc32)cc1
CC1(C)OB(c2ccc(N)nc2)OC1(C)C.C[C@H](O)CNC(=O)c1cccc(-c2cc3nc(Cl)nc(N4CCOCC4)c3s2)c1,C[C@H](O)CNC(=O)c1cccc(-c2cc3nc(-c4ccc(N)nc4)nc(N4CCOCC4)c3s2)c1
CCOC(=O)CC(=O)N1CCN(c2ccccc2C(C)(C)C)CC1,CC(C)(C)c1ccccc1N1CCN(C(=O)CC(=O)O)CC1
CC(C)CCN1CCC[C@]1(C(N)=O)C(=O)OCc1ccccc1,CC(C)CCN1CCC[C@H]1C(N)=O
CCOC(=O)Cc1ccncc1,CCOC(=O)CC1CCNCC1
CCCc1cc(C)[nH]c(=O)c1CNC(=O)c1cc(/C=C/C(=O)OCC)cc2c1c(C)cn2C(C)C,CCCc1cc(C)[nH]c(=O)c1CNC(=O)c1cc(CCC(=O)OCC)cc2c1c(C)cn2C(C)C
CC(=O)c1ccc(C(=O)N2CC(Oc3ccc(F)cc3C(C)(C)C)C2)cc1.[CH3][Mg+],CC(C)(C)c1cc(F)ccc1OC1CN(C(=O)c2ccc(C(C)(C)O)cc2)C1
Cc1ccnc(Cl)c1NC(=O)c1cccnc1Cl.NC1CC1,Cc1ccnc(Cl)c1NC(=O)c1cccnc1NC1CC1
CC(C)n1nccc1-c1cc2c(=O)n(NS(C)(=O)=O)c(=O)[nH]c2cc1C(F)F.CCC(=O)Cl,CCC(=O)N(n1c(=O)[nH]c2cc(C(F)F)c(-c3ccnn3C(C)C)cc2c1=O)S(C)(=O)=O
CN(CCNS(=O)(=O)c1cc(S(=O)(=O)c2ccccc2)ccc1C(F)(F)F)C(=O)N[C@H]1CCN(C(=O)OC(C)(C)C)C1,CN(CCNS(=O)(=O)c1cc(S(=O)(=O)c2ccccc2)ccc1C(F)(F)F)C(=O)N[C@H]1CCNC1
CCOC(=O)/C(C)=C/[C@H](C(C)C)N(C)C(=O)[C@@H](N)C(C)(C)SC.CN(C(=O)OC(C)(C)C)[C@H](C(=O)O)C(C)(C)c1ccccc1,CCOC(=O)/C(C)=C/[C@H](C(C)C)N(C)C(=O)[C@@H](NC(=O)[C@@H](N(C)C(=O)OC(C)(C)C)C(C)(C)c1ccccc1)C(C)(C)SC
COC(=O)c1ccc(CN(C)CC2(CN(C)CC(=O)Nc3ccc(Oc4ccccc4)cc3)CCCC2)cc1,CN(CC(=O)Nc1ccc(Oc2ccccc2)cc1)CC1(CN(C)Cc2ccc(C(=O)O)cc2)CCCC1
CC(C)(C)c1ccc(Br)cc1.Cc1nc(CC2CCNCC2)nc(C(=O)OC(C)(C)C)c1OCc1ccccc1,Cc1nc(CC2CCN(c3ccc(C(C)(C)C)cc3)CC2)nc(C(=O)OC(C)(C)C)c1OCc1ccccc1
Brc1ccncc1.CCOC(C(=O)NCc1ccc(C#N)cc1)c1c(F)cc(B2OC(C)(C)C(C)(C)O2)cc1F,CCOC(C(=O)NCc1ccc(C#N)cc1)c1c(F)cc(-c2ccncc2)cc1F
COc1cc2c(NC(N)=S)cnc(CNC(=O)OC(C)(C)C)c2cc1OC.O=C(CBr)c1ccccc1,COc1cc2c(Nc3nc(-c4ccccc4)cs3)cnc(CNC(=O)OC(C)(C)C)c2cc1OC
COc1c(I)cc(-n2ccc(=O)[nH]c2=O)cc1C(C)(C)C.OB(O)c1ccc2cc(O)ccc2c1,COc1c(-c2ccc3cc(O)ccc3c2)cc(-n2ccc(=O)[nH]c2=O)cc1C(C)(C)C
COC(=O)C1C(=O)C(C)SC1C.NO,COC(=O)C1C(=NO)C(C)SC1C
COc1ccc(C#N)cc1N.N#Cc1cnc2c(NCC(F)(F)F)cc(Cl)nn12,COc1ccc(C#N)cc1Nc1cc(NCC(F)(F)F)c2ncc(C#N)n2n1
C[C@H](N)Cn1ccc(-c2ccc(C#N)c(Cl)c2)n1.O=C(O)c1cscn1,C[C@@H](Cn1ccc(-c2ccc(C#N)c(Cl)c2)n1)NC(=O)c1cscn1
O=C(N[C@@H]1CCCc2c1ccc(CO)c2[N+](=O)[O-])C(F)(F)F,O=Cc1ccc2c(c1[N+](=O)[O-])CCC[C@H]2NC(=O)C(F)(F)F
Cc1ccc(N(CC(C)C)S(=O)(=O)c2cccc(O)c2)c(C)c1.OCCN1CCOCC1,Cc1ccc(N(CC(C)C)S(=O)(=O)c2cccc(OCCN3CCOCC3)c2)c(C)c1
Clc1ccc(Br)c(CBr)c1.O=C1CCCc2c(O)cccc21,O=C1CCCc2c(OCc3cc(Cl)ccc3Br)cccc21
CN(Cc1ccccc1)C(=O)c1ccc(Cl)c(S(N)(=O)=O)c1.CN1CCNCC1,CN1CCN(c2ccc(C(=O)N(C)Cc3ccccc3)cc2S(N)(=O)=O)CC1
CN(C[C@H](O)c1cccc(Cl)c1)C(=O)OC(C)(C)C.O=C1NC(=O)c2ccccc21,CN(C[C@H](c1cccc(Cl)c1)N1C(=O)c2ccccc2C1=O)C(=O)OC(C)(C)C
COC(=O)c1cc[nH]n1.FC(F)(F)C1(c2cc(Cl)cc(Cl)c2)CC(Cl)=NO1,COC(=O)c1ccn(C2=NOC(c3cc(Cl)cc(Cl)c3)(C(F)(F)F)C2)n1
C1COCCN1.O=C1CCN(c2ccc(CN3CCOCC3)cc2)CC1,c1cc(N2CCC(N3CCOCC3)CC2)ccc1CN1CCOCC1
C=CC(=O)Cl.CC(=O)OCc1ccc2cnc(Nc3ccc(N4CCN(C)CC4)cc3)nc2c1-c1cccc(N)c1,C=CC(=O)Nc1cccc(-c2c(COC(C)=O)ccc3cnc(Nc4ccc(N5CCN(C)CC5)cc4)nc23)c1
C=O.C[C@]1(CN2CCC(Nc3ccc(OC(F)(F)F)cc3)CC2)Cn2cc([N+](=O)[O-])nc2O1,CN(c1ccc(OC(F)(F)F)cc1)C1CCN(C[C@@]2(C)Cn3cc([N+](=O)[O-])nc3O2)CC1
CC(C)(C)Cc1ccc2c(c1)C(N=[N+]=[N-])CCN2C(=O)OCc1ccccc1,CC(C)(C)Cc1ccc2c(c1)C(N)CCN2C(=O)OCc1ccccc1
CN(C)CCn1cc(-c2ccc(F)c(C(F)(F)F)c2)nc1C1CCNCC1.COc1ccc(CN2C(=O)Cc3c(Cl)ncnc32)c(OC)c1,COc1ccc(CN2C(=O)Cc3c(N4CCC(c5nc(-c6ccc(F)c(C(F)(F)F)c6)cn5CCN(C)C)CC4)ncnc32)c(OC)c1
COc1ccc(C(=C(F)F)C(F)(F)F)cc1CN[C@H]1CCCN(C(=O)OC(C)(C)C)[C@H]1c1ccccc1,COc1ccc(C(=C(F)F)C(F)(F)F)cc1CN[C@H]1CCCN[C@H]1c1ccccc1
COc1ccc2c(c1C#CCN1CCN(C(=O)OC(C)(C)C)CC1)OCC2=O,COc1ccc2c(c1CCCN1CCN(C(=O)OC(C)(C)C)CC1)OCC2=O
CCOC(=O)C[C@H]1O[C@H](c2ccc(OCC)cc2OC)c2cc(Cl)ccc2N(CC(C)(C)C)C1=O,CCOc1ccc([C@H]2O[C@H](CC(=O)O)C(=O)N(CC(C)(C)C)c3ccc(Cl)cc32)c(OC)c1
CCOC(=O)/C=C/C#Cc1ccc(C(F)(F)F)cc1,OC/C=C/C#Cc1ccc(C(F)(F)F)cc1
COc1ccc(S(=O)(=O)Cl)c(OC(F)(F)F)c1.COc1ccccc1C1(N2CCCC[C@H]2C(=O)OCc2ccccc2)C(=O)Nc2ccc(Cl)cc21,COc1ccc(S(=O)(=O)N2C(=O)C(c3ccccc3OC)(N3CCCC[C@H]3C(=O)OCc3ccccc3)c3cc(Cl)ccc32)c(OC(F)(F)F)c1
C[CH2][Mg+].O=Cc1ccc(Br)nc1,CCC(O)c1ccc(Br)nc1
C=CCC(c1ccc(F)cc1)c1nc(Nc2ccc(-n3cnc(Cl)c3)c(OC)c2)nn1CC=C,COc1cc(Nc2nc3n(n2)CC=CCC3c2ccc(F)cc2)ccc1-n1cnc(Cl)c1
CCC(=O)Cl.Nc1nc(NC2CCNCC2)ccc1C(=O)c1ccccc1F,CCC(=O)N1CCC(Nc2ccc(C(=O)c3ccccc3F)c(N)n2)CC1
CNCCc1ccn(-c2ccc(F)cn2)n1.O=C(O)c1cc(Cl)ccc1-n1nccn1,CN(CCc1ccn(-c2ccc(F)cn2)n1)C(=O)c1cc(Cl)ccc1-n1nccn1
CCC(C)n1cnc2c(Cl)nc(Cl)nc21.NCc1cccc(I)c1,CCC(C)n1cnc2c(NCc3cccc(I)c3)nc(Cl)nc21
CCOC(=O)Cc1c(C#N)ccc(NCC(F)(F)c2ccc(C)cn2)c1F,Cc1ccc(C(F)(F)CNc2ccc(C#N)c(CC(=O)O)c2F)nc1
CC(C)N1CCN(C(=O)C2CCN(C(=O)OC(C)(C)C)CC2)[C@@H](C)C1,CC(C)N1CCN(C(=O)C2CCNCC2)[C@@H](C)C1
Clc1nc2ccccc2s1.O=C(c1ccccc1C(F)(F)F)N1CCNCC1,O=C(c1ccccc1C(F)(F)F)N1CCN(c2nc3ccccc3s2)CC1
COC(=O)C1CC2(CCN1)CCN(c1cc(O[C@H](c3ccc(Cl)cc3-n3ccc(C)n3)C(F)(F)F)nc(N)n1)CC2,Cc1ccn(-c2cc(Cl)ccc2[C@@H](Oc2cc(N3CCC4(CCNC(C(=O)O)C4)CC3)nc(N)n2)C(F)(F)F)n1
C=CC(=O)OC.COc1cc(Br)ccc1-c1nc2c(C)nn(C3CCCCC3)c2c(=O)[nH]1,COC(=O)/C=C/c1ccc(-c2nc3c(C)nn(C4CCCCC4)c3c(=O)[nH]2)c(OC)c1
Brc1ccc2c(I)n[nH]c2c1.O=C(Cl)c1c(Cl)cccc1C(F)(F)F,O=C(c1c(Cl)cccc1C(F)(F)F)n1nc(I)c2ccc(Br)cc21
CC(=O)OCC(C)(C)C(=O)Cl.Nc1ccc(I)cn1,CC(=O)OCC(C)(C)C(=O)Nc1ccc(I)cn1
CC(C)(C)OC(=O)Nc1cccc(NCc2cccc([N+](=O)[O-])c2)c1,Nc1cccc(NCc2cccc([N+](=O)[O-])c2)c1
CC(C)(C)OC(=O)N1C[C@@H](C=O)[C@H](C(C)(C)O[SiH2]C(C)(C)C)C1.CC(C)N,CC(C)NC[C@@H]1CN(C(=O)OC(C)(C)C)C[C@H]1C(C)(C)O[SiH2]C(C)(C)C
Cc1ccc([C@@H](N)c2ccccc2)c(C)c1.Cc1cnccc1C(=O)c1cc2cc(CC(=O)O)ccc2o1,Cc1ccc([C@@H](NC(=O)Cc2ccc3oc(C(=O)c4ccncc4C)cc3c2)c2ccccc2)c(C)c1
CCCS(=O)(=O)N1CCC(c2ccccn2)(C(C)(C)N)CC1.O=C(Cl)c1c(F)ccc(F)c1Cl,CCCS(=O)(=O)N1CCC(c2ccccn2)(C(C)(C)NC(=O)c2c(F)ccc(F)c2Cl)CC1
CI.Oc1cc2cccc(Br)c2cn1,COc1cc2cccc(Br)c2cn1
N#Cc1ccc(OCc2ccccn2)cc1,NCc1ccc(OCc2ccccn2)cc1
CC(C)(C)OC(=O)NC1(C(=O)O)CCN(c2ncnc3[nH]ccc23)CC1.N[C@@H](CCO)c1ccc(Cl)cc1,CC(C)(C)OC(=O)NC1(C(=O)N[C@@H](CCO)c2ccc(Cl)cc2)CCN(c2ncnc3[nH]ccc23)CC1
CN1C2CCC1(C(N)c1ccccc1)CC2.Cc1cccc(C)c1C(=O)O,Cc1cccc(C)c1C(=O)NC(c1ccccc1)C12CCC(CC1)N2C
NNC(=O)c1cc2cc(Cl)ncc2[nH]1.O=C=Nc1cccs1,O=C(NNC(=O)c1cc2cc(Cl)ncc2[nH]1)Nc1cccs1
COc1cccc(OC)c1C(=O)Cl.c1ccc2c(c1)NCC1CCCN21,COc1cccc(OC)c1C(=O)N1CC2CCCN2c2ccccc21
Cc1cccc(-c2sc(C)nc2C(=O)N2C[C@@H]3C[C@@H]3[C@H]2CN)c1.O=C(O)c1cccc2c1NCCO2,Cc1cccc(-c2sc(C)nc2C(=O)N2C[C@@H]3C[C@@H]3[C@H]2CNC(=O)c2cccc3c2NCCO3)c1
O=[N+]([O-])c1c2ccccc2cc2ccccc12,Nc1c2ccccc2cc2ccccc12
COCC(=O)Cl.Cc1[nH]c2c(-c3cc(F)ccc3OCC3CC3)ccnc2c1C(=O)N[C@H]1CC[C@H](N)CC1,COCC(=O)N[C@@H]1CC[C@@H](NC(=O)c2c(C)[nH]c3c(-c4cc(F)ccc4OCC4CC4)ccnc23)CC1
CCOC(=O)CCNC(=O)c1ccc(C(NC(=O)Nc2ccc(OC(F)(F)F)cc2)[C@H]2CC[C@@H](C(C)(C)C)CC2)cc1,CC(C)(C)[C@@H]1CC[C@H](C(NC(=O)Nc2ccc(OC(F)(F)F)cc2)c2ccc(C(=O)NCCC(=O)O)cc2)CC1
COC(=O)Nc1nc(C)nc(OC)n1.Cn1cc(-c2ccccc2S(N)(=O)=O)cn1,COc1nc(C)nc(NC(=O)NS(=O)(=O)c2ccccc2-c2cnn(C)c2)n1
Cc1cc(Br)c2c(c1)cc1n2CCCNC1=O.OB(O)c1ccc(F)c(F)c1,Cc1cc(-c2ccc(F)c(F)c2)c2c(c1)cc1n2CCCNC1=O
CN(Cc1ccc(C(=O)Cn2cnc3cc(-c4ccc(Cl)cc4)sc3c2=O)cc1)C(=O)C(F)(F)F,CNCc1ccc(C(=O)Cn2cnc3cc(-c4ccc(Cl)cc4)sc3c2=O)cc1
Cc1ccc(C(=O)O)cc1-n1ccc2ccc(O)cc2c1=O.ClCCBr,Cc1ccc(C(=O)O)cc1-n1ccc2ccc(OCCCl)cc2c1=O
COc1ccccc1-n1nnc(C(=O)O)c1C.Cc1cccc(N)n1,COc1ccccc1-n1nnc(C(=O)Nc2cccc(C)n2)c1C
CC(C)(C)OC(=O)c1ccc(-c2ccccc2)cc1NC(=O)c1cc(Br)ccc1OCc1ccccc1.CC1(C)OB(c2ccoc2)OC1(C)C,CC(C)(C)OC(=O)c1ccc(-c2ccccc2)cc1NC(=O)c1cc(-c2ccoc2)ccc1OCc1ccccc1
COc1ccc2ccc(=O)n(CC=O)c2c1.O=C(NC[C@@H]1CNC[C@@H]1O)OCc1ccccc1,COc1ccc2ccc(=O)n(CCN3C[C@@H](CNC(=O)OCc4ccccc4)[C@@H](O)C3)c2c1
CC(=O)N1CC(C)(C)c2ccc(Nc3ncnc4c3CCN(c3ncccc3Cl)C4)cc21,CC1(C)CNc2cc(Nc3ncnc4c3CCN(c3ncccc3Cl)C4)ccc21
COCCOc1nc(C(F)(F)F)ccc1C=CC(=O)O.CS(=O)(=O)Nc1c(F)cc(CN)cc1C#N,COCCOc1nc(C(F)(F)F)ccc1C=CC(=O)NCc1cc(F)c(NS(C)(=O)=O)c(C#N)c1
CC(C)(C)n1nc([N+](=O)[O-])c2ccccc21,CC(C)(C)n1nc(N)c2ccccc21
CCCC=O.O=C1Nc2ccccc2C12CCCNC2,CCCCN1CCCC2(C1)C(=O)Nc1ccccc12
CC(=O)OC[C@H]1O[C@H](Br)[C@H](OC(C)=O)[C@@H](OC(C)=O)[C@@H]1OC(C)=O.COc1cc(O)ccc1C=O,COc1cc(O[C@@H]2O[C@H](COC(C)=O)[C@@H](OC(C)=O)[C@H](OC(C)=O)[C@H]2OC(C)=O)ccc1C=O
NCCOc1ccc(OCC(F)(F)F)cc1.O=C(Cl)c1c(F)cccc1F,O=C(NCCOc1ccc(OCC(F)(F)F)cc1)c1c(F)cccc1F
CCCCc1nc(C)[nH]c(=O)c1Cc1ccc(-c2ccccc2C#N)cc1.OB(O)c1cccc(Br)c1,CCCCc1nc(C)n(-c2cccc(Br)c2)c(=O)c1Cc1ccc(-c2ccccc2C#N)cc1
Clc1c(-c2ccccc2)nnc2[nH]nc(C3CC3)c12.O=C(CCl)N1CCCC1,O=C(Cn1nc(C2CC2)c2c(Cl)c(-c3ccccc3)nnc21)N1CCCC1
COc1cc2c(cc1N)C[C@@H]1[C@@H]3CCCC[C@]23CCN1C(=O)OCc1ccccc1.ClCCOCCCl,COc1cc2c(cc1N1CCOCC1)C[C@@H]1[C@@H]3CCCC[C@]23CCN1C(=O)OCc1ccccc1
CC(CNS(=O)(=O)C(C)C)c1ccc(I)cc1.CCOC(=O)c1c(B2OC(C)(C)C(C)(C)O2)c(C#N)c(CC)n1C,CCOC(=O)c1c(-c2ccc(C(C)CNS(=O)(=O)C(C)C)cc2)c(C#N)c(CC)n1C
COc1ccc(C2CNC(=O)C2)cc1O.OB(O)c1ccc(Cl)cc1,COc1ccc(C2CNC(=O)C2)cc1Oc1ccc(Cl)cc1
COc1ccccc1N1CCN(CCN(C(=O)C2CCCCC2)c2ccccc2N)CC1.CS(=O)(=O)Cl,COc1ccccc1N1CCN(CCN(C(=O)C2CCCCC2)c2ccccc2NS(C)(=O)=O)CC1
CC(C)C[C@@H](C(=O)NN(CC(C)C)C(=O)[C@@H](C)O)[C@H](C/C=C/c1ccccc1)C(=O)NOC1CCCCO1,CC(C)C[C@@H](C(=O)NN(CC(C)C)C(=O)[C@@H](C)O)[C@H](C/C=C/c1ccccc1)C(=O)NO
COc1cccc(B(O)O)c1.CS(=O)(=O)Oc1ccc(C2(c3cccc(Br)c3)N=C(N)N3CCCN=C32)cc1,COc1cccc(-c2cccc(C3(c4ccc(OS(C)(=O)=O)cc4)N=C(N)N4CCCN=C43)c2)c1
COc1cccc2sc(B(O)O)cc12.O=[N+]([O-])c1ccc(I)cc1,COc1cccc2sc(-c3ccc([N+](=O)[O-])cc3)cc12
CS(N)(=O)=O.O=c1c(C2=NS(=O)(=O)c3cc(I)ccc3N2)c(O)c2cccn2n1Cc1ccc(F)cc1,CS(=O)(=O)Nc1ccc2c(c1)S(=O)(=O)N=C(c1c(O)c3cccn3n(Cc3ccc(F)cc3)c1=O)N2
CON(C)C(=O)C=P(c1ccccc1)(c1ccccc1)c1ccccc1.Cc1cc(C=O)co1,CON(C)C(=O)/C=C/c1coc(C)c1
Cc1c(Cl)cc(C(C)(C)C)c(O)c1C=O.NC(=O)c1cc(F)ccc1N,Cc1c(Cl)cc(C(C)(C)C)c(O)c1-c1nc2ccc(F)cc2c(=O)[nH]1
NO.O=C(O)C(=O)CC(O)(Cc1c[nH]c2ccccc12)C(=O)O,O=C(O)C(CC(O)(Cc1c[nH]c2ccccc12)C(=O)O)=NO
CC(=O)c1cc([N+](=O)[O-])c(Cl)s1.Sc1cnc2ccccc2n1,CC(=O)c1cc([N+](=O)[O-])c(Sc2cnc3ccccc3n2)s1
COC(=O)c1ccc(C(O)c2ccc(SC)cc2)c(O)c1,COC(=O)c1ccc(Cc2ccc(SC)cc2)c(O)c1
N[C@H]1CC[C@H](CCN2CCCCC2c2coc3cccc-3c2)CC1.O=C(O)C1CCC(C(F)(F)F)CC1,O=C(N[C@@H]1CC[C@@H](CCN2CCCCC2c2coc3cccc-3c2)CC1)C1CCC(C(F)(F)F)CC1
COC(=O)c1c(CN)c(=O)c2ccc(OC)cc2n1-c1ccccc1.O=C(Cl)c1ccc(F)cc1,COC(=O)c1c(CNC(=O)c2ccc(F)cc2)c(=O)c2ccc(OC)cc2n1-c1ccccc1
CC(CCl)Cc1ccc(C(C)(C)C)cc1.N[C@@H]1CCCC[C@H]1N,CC(CN[C@@H]1CCCC[C@H]1N)Cc1ccc(C(C)(C)C)cc1
CC(=O)C1=C(C)NC(C)=C(C(=O)CCCCCBr)C1c1cccc([N+](=O)[O-])c1.c1ccc(C2(c3ccccc3)CCNCC2)cc1,CC(=O)C1=C(C)NC(C)=C(C(=O)CCCCCN2CCC(c3ccccc3)(c3ccccc3)CC2)C1c1cccc([N+](=O)[O-])c1
CC(C)(C)C(=O)Cl.Cc1nnc2ccc(-c3cccc(N)c3)nn12,Cc1nnc2ccc(-c3cccc(NC(=O)C(C)(C)C)c3)nn12
CCC[C@@H](C)CO.CS(=O)(=O)Cl,CCC[C@@H](C)COS(C)(=O)=O
O=[N+]([O-])c1cccc(Cl)c1Cl.Sc1ccc(Cl)cc1Cl,O=[N+]([O-])c1cccc(Cl)c1Sc1ccc(Cl)cc1Cl
C=C(NC(C)=O)C(=O)OC.Cc1cc(Br)cc(Cl)c1N,COC(=O)/C(=C\c1cc(C)c(N)c(Cl)c1)NC(C)=O
COc1cc(C=CC(=O)N[C@@H]2CC[C@@H](C)CC2)ccc1OCCn1ccnc1,COc1cc(CCC(=O)N[C@@H]2CC[C@@H](C)CC2)ccc1OCCn1ccnc1
CC(=O)c1c(-c2ccc(Br)cc2)nn2c(Cl)cccc12.CCCCN,CCCCNc1cccc2c(C(C)=O)c(-c3ccc(Br)cc3)nn12
CC(C)(C)OC(=O)N[C@@H]1CC[C@H](N=[N+]=[N-])CC1,CC(C)(C)OC(=O)N[C@@H]1CC[C@H](N)CC1
COCCN1CCC(Nc2nn(Cc3ccc(OC)cc3)c3nccc(Oc4ccc(N)cc4F)c23)CC1.O=C(O)c1ccnn(-c2ccc(F)cc2)c1=O,COCCN1CCC(Nc2nn(Cc3ccc(OC)cc3)c3nccc(Oc4ccc(NC(=O)c5ccnn(-c6ccc(F)cc6)c5=O)cc4F)c23)CC1
CC(N)=S.O=C(CBr)c1ccc(Cl)c([N+](=O)[O-])c1,Cc1nc(-c2ccc(Cl)c([N+](=O)[O-])c2)cs1
COc1cc2c(Nc3ccc(Cl)cc3F)ncnc2cc1O.Cc1cc(N(C)CCO)cc(C)n1,COc1cc2c(Nc3ccc(Cl)cc3F)ncnc2cc1OCCN(C)c1cc(C)nc(C)c1
C#[C][Mg+].COCO[C@@H]1[C@H]2OC(C)(C)O[C@H]2[C@H](O[C@H]2C[C@H]3OC(C)(C)OC[C@]34C3C(CC[C@]4(O)C2)[C@@]2(O)CC[C@H](C=O)[C@@]2(C)C[C@H]3OCOC)O[C@H]1C,C#CC(O)[C@H]1CC[C@]2(O)C3CC[C@]4(O)C[C@@H](O[C@@H]5O[C@@H](C)[C@H](OCOC)[C@H]6OC(C)(C)O[C@@H]56)C[C@H]5OC(C)(C)OC[C@]54C3[C@H](OCOC)C[C@]12C
C#CCNCC=O.O=C=Nc1ncc(I)s1,C#CCN(CC=O)C(=O)Nc1ncc(I)s1
NO.O=CC1=Cc2cc(Cc3cccnc3)ccc2OC1,ON=CC1=Cc2cc(Cc3cccnc3)ccc2OC1
CCOC(C(=O)NCc1ccc(C#N)cc1)c1c(F)cc(Br)cc1F.OB(O)c1ccccc1,CCOC(C(=O)NCc1ccc(C#N)cc1)c1c(F)cc(-c2ccccc2)cc1F
CCO.N#Cc1cnc(N)cc1Cl,CCOc1cc(N)ncc1C#N
CCOC(=O)C(O[Si](C)(C)C(C)(C)C)c1ccc(-c2ncc(Cl)c(Nc3cc(C4CC4)[nH]n3)n2)s1,CCOC(=O)C(O)c1ccc(-c2ncc(Cl)c(Nc3cc(C4CC4)[nH]n3)n2)s1
CCn1nc(C)cc1C(=O)Nc1ccc(C(=O)c2ccc3c(c2)C(=CO)C(=O)N3)cc1.Nc1ccc(N2CCOCC2)cc1,CCn1nc(C)cc1C(=O)Nc1ccc(C(=O)c2ccc3c(c2)C(=CNc2ccc(N4CCOCC4)cc2)C(=O)N3)cc1
CSCC[C@H](NC(=O)c1cc(OC(Cc2cncn2C)c2nccs2)ccc1CCc1ccc(F)cc1)C(=O)OC(C)(C)C,CSCC[C@H](NC(=O)c1cc(OC(Cc2cncn2C)c2nccs2)ccc1CCc1ccc(F)cc1)C(=O)O
CCOC(=O)CCCc1ccc(-c2noc(-c3ccc(OC(C)C)c(Cl)c3)n2)c2c1ccn2C,CC(C)Oc1ccc(-c2nc(-c3ccc(CCCC(=O)O)c4ccn(C)c34)no2)cc1Cl
COC(=O)/C=C/c1cccc(CC(C)=O)c1,COC(=O)CCc1cccc(CC(C)=O)c1
CON(C)C(=O)CS(C)(c1ccc(Cl)cc1)c1ccc(Cl)cc1.C[CH2][Mg+],CCC(=O)CS(C)(c1ccc(Cl)cc1)c1ccc(Cl)cc1
COC(=O)c1cccc(CSc2ccc(F)cc2N)c1.O=S(=O)(Cl)c1cc2ccccc2o1,COC(=O)c1cccc(CSc2ccc(F)cc2NS(=O)(=O)c2cc3ccccc3o2)c1
NCCCCCn1ccnc1.O=CCCc1ccccc1,c1ccc(CCCNCCCCCn2ccnc2)cc1
COc1ccc(F)c(Cl)c1[C@@H](C)c1c[nH]c2ncc(B3OC(C)(C)C(C)(C)O3)cc12.Cn1cc(Br)c(C(F)(F)F)n1,COc1ccc(F)c(Cl)c1[C@@H](C)c1c[nH]c2ncc(-c3cn(C)nc3C(F)(F)F)cc12
CCOC(=O)CN1CCC(C2CCN(C(=O)[C@@H](Cc3cc(C(F)(F)F)cc(C(F)(F)F)c3)OC(=O)N3CCC(N4CCc5ccccc5NC4=O)CC3)CC2)CC1,O=C(O)CN1CCC(C2CCN(C(=O)[C@@H](Cc3cc(C(F)(F)F)cc(C(F)(F)F)c3)OC(=O)N3CCC(N4CCc5ccccc5NC4=O)CC3)CC2)CC1
CC(=O)Nc1ncc(Cl)s1.Cc1nnc(S)s1,CC(=O)Nc1ncc(Sc2nnc(C)s2)s1
NCc1nc(C(F)(F)F)no1.O=C(O)c1cnc(O[C@@H]2CCOC2)c(-c2ccc(Cl)cc2)c1,O=C(NCc1nc(C(F)(F)F)no1)c1cnc(O[C@@H]2CCOC2)c(-c2ccc(Cl)cc2)c1
CC(Oc1cc(-n2cnc3cc(CO[Si](C)(C)C(C)(C)C)ncc32)sc1C(N)=O)c1ccccc1C(F)(F)F,CC(Oc1cc(-n2cnc3cc(CO)ncc32)sc1C(N)=O)c1ccccc1C(F)(F)F
CC(=O)Cc1ccc(OCc2cc(=O)c(O)co2)cc1.NCC(O)c1ccc(O)cc1,CC(Cc1ccc(OCc2cc(=O)c(O)co2)cc1)NCC(O)c1ccc(O)cc1
CS(=O)(=O)c1ccc(C(CC2CCCC2)C(=O)O)cc1C#N.Nc1nccs1,CS(=O)(=O)c1ccc(C(CC2CCCC2)C(=O)Nc2nccs2)cc1C#N
Cc1c(-c2noc(-c3ccc(OC(C)C)c(C#N)c3)n2)ccc2c1CCN(CC(=O)O)C2.OC1CNC1,Cc1c(-c2noc(-c3ccc(OC(C)C)c(C#N)c3)n2)ccc2c1CCN(CC(=O)N1CC(O)C1)C2
O=C1NC(=O)c2ccccc21.OCCCCC1COC(c2ccccc2)O1,O=C1c2ccccc2C(=O)N1CCCCC1COC(c2ccccc2)O1
CCOC(=O)CBr,CCOC(C)=O
CC(=O)/C=C/C(=O)Cl.CCNCC,CCN(CC)C(=O)/C=C/C(C)=O
COc1ccc(C(OC)C(=O)O)c(Cl)c1.N#Cc1ccc(CN)cc1,COc1ccc(C(OC)C(=O)NCc2ccc(C#N)cc2)c(Cl)c1
CCOC(=O)C1=Cc2cc(Br)ccc2N=C(N)C1.Cc1cccc(B2OC(C)(C)C(C)(C)O2)c1Cl,CCOC(=O)C1=Cc2cc(-c3cccc(C)c3Cl)ccc2N=C(N)C1
CCOC(=O)CC1(c2ccc(B3OC(C)(C)C(C)(C)O3)cc2)CC1.Cc1noc(-c2ccc(Br)cc2)c1C(O)CC/C=C/c1ccccc1,CCOC(=O)CC1(c2ccc(-c3ccc(-c4onc(C)c4C(O)CC/C=C/c4ccccc4)cc3)cc2)CC1
CCOC(=O)C(C(=O)c1ccccc1)c1cccnc1,O=C(Cc1cccnc1)c1ccccc1
Clc1cc(Cl)nc(Cl)n1.Nc1ccc(OC(F)(F)F)cc1,FC(F)(F)Oc1ccc(Nc2nc(Cl)cc(Cl)n2)cc1
CCO[C@@H](Cc1ccc(O)cc1Cl)C(=O)OC.Cc1oc(C(C)(C)C)nc1CCl,CCO[C@@H](Cc1ccc(OCc2nc(C(C)(C)C)oc2C)cc1Cl)C(=O)OC
COC(=O)c1cnc(N2CCN(C(=O)c3c(-c4ccccc4)n(C)c4ccc(C)cc34)CC2)cn1,Cc1ccc2c(c1)c(C(=O)N1CCN(c3cnc(C(=O)O)cn3)CC1)c(-c1ccccc1)n2C
FC1(F)CNC1.O=C(O)c1ccc(Br)cc1F,O=C(c1ccc(Br)cc1F)N1CC(F)(F)C1
NCCCc1ccc(S(=O)(=O)Nc2ccc3c(c2)OCO3)cc1.O=C(Cl)COCc1ccc(F)cc1,O=C(COCc1ccc(F)cc1)NCCCc1ccc(S(=O)(=O)Nc2ccc3c(c2)OCO3)cc1
CSCCCO.Oc1cc(F)c(Br)cc1F,CSCCCOc1cc(F)c(Br)cc1F
CC(C)(C)OC(=O)N[C@H]1CC[C@H](N)CC1.Cc1c(C(=O)O)c2nccc(-c3cc(F)ccc3OCC3CC3)c2n1COCC[Si](C)(C)C,Cc1c(C(=O)N[C@@H]2CC[C@@H](NC(=O)OC(C)(C)C)CC2)c2nccc(-c3cc(F)ccc3OCC3CC3)c2n1COCC[Si](C)(C)C
Cc1c(-c2ccccc2S(C)(=O)=O)nc2cc(F)cc(F)c2c1Cl.c1nc2c(cc1N1CCOCC1)NCC21CCOCC1,Cc1c(-c2ccccc2S(C)(=O)=O)nc2cc(F)cc(F)c2c1N1CC2(CCOCC2)c2ncc(N3CCOCC3)cc21
CCOC(=O)/C(=N/OC1CCCC1)c1ccc(S(C)(=O)=O)cc1,CS(=O)(=O)c1ccc(/C(=N\OC2CCCC2)C(=O)O)cc1
C#CCC=C(C)C(O)C#C.CC(C)C(C(=O)Cl)c1ccc(Cl)cc1,C#CCC=C(C)C(C#C)OC(=O)C(c1ccc(Cl)cc1)C(C)C
C#CCO.COC(=O)C(CC1CCCC1)c1ccc(I)cc1,COC(=O)C(CC1CCCC1)c1ccc(C#CCO)cc1
FC(F)(F)c1ccc(-c2cc(Cn3cc4nc(Br)nc-4cn3)on2)c(C(F)(F)F)c1.OB(O)c1cccc2[nH]ccc12,FC(F)(F)c1ccc(-c2cc(Cn3cc4nc(-c5cccc6[nH]ccc56)nc-4cn3)on2)c(C(F)(F)F)c1
CS(=N)(=O)c1ccc([N+](=O)[O-])cc1.O=C(Cl)N1CCOCC1,CS(=O)(=NC(=O)N1CCOCC1)c1ccc([N+](=O)[O-])cc1
C=CC[C@@]1(C)C[C@H](c2cccc(Cl)c2)[C@@H](c2ccc(Cl)cc2)N([C@H](C=O)CC)C1=O.CN,C=CC[C@@]1(C)C[C@H](c2cccc(Cl)c2)[C@@H](c2ccc(Cl)cc2)N([C@@H](CC)CNC)C1=O
Cc1ncc(CCl)c(N)n1.Clc1ccc(-c2ccc3c(c2)CCNC3)cc1,Cc1ncc(CN2CCc3cc(-c4ccc(Cl)cc4)ccc3C2)c(N)n1
CCOC(=O)c1cccnc1Cl.NOCc1ccccc1,CCOC(=O)c1cccnc1NOCc1ccccc1
C#CC(C)(C)C.N#Cc1ccc(Br)cc1,CC(C)(C)C#Cc1ccc(C#N)cc1
BrCc1ccccc1.CCOC(=O)c1cccc(O)c1,CCOC(=O)c1cccc(OCc2ccccc2)c1
O=C(N[C@@H]1CCN(c2ccc(Br)cn2)C1)C(F)F,FC(F)CN[C@@H]1CCN(c2ccc(Br)cn2)C1
CC(C)C[C@@H](C(=O)NN(CC(C)C)C(=O)CNC(N)=O)[C@H](C/C=C/c1ccccc1)C(=O)NOC1CCCCO1,CC(C)C[C@@H](C(=O)NN(CC(C)C)C(=O)CNC(N)=O)[C@H](C/C=C/c1ccccc1)C(=O)NO
CC(C)(C)OC(=O)N1CC[C@H]1COc1cnc(Cl)c(Br)c1,Clc1ncc(OC[C@@H]2CCN2)cc1Br
COCCBr.COc1cc(C=O)cc(Br)c1O,COCCOc1c(Br)cc(C=O)cc1OC
COC(=O)c1cc(N2CCOC[C@@H]2C)nc(Cl)n1,C[C@H]1COCCN1c1cc(CO)nc(Cl)n1
O=C(NCC(=O)N1CCNCC1)c1ccc(-c2ccccc2)cc1.O=C(O)c1ccc(Cl)nc1,O=C(NCC(=O)N1CCN(C(=O)c2ccc(Cl)nc2)CC1)c1ccc(-c2ccccc2)cc1
Nc1c(NCCCCl)c(=O)c1=O.Oc1cccc(CN2CCCCC2)c1,Nc1c(NCCCOc2cccc(CN3CCCCC3)c2)c(=O)c1=O
O=C(Nc1ccc(Sc2ccnc(O)c2)cc1)c1ccc([N+](=O)[O-])cc1,Nc1ccc(C(=O)Nc2ccc(Sc3ccnc(O)c3)cc2)cc1
O=C1CCC(COCCF)CC1.O=C1CO[C@H]2CCCC[C@@H]2N1C1CCNCC1,O=C1CO[C@H]2CCCC[C@@H]2N1C1CCN(C2CCC(COCCF)CC2)CC1
CCOC(=O)c1cnc(Sc2cc3c(cc2C)C(C)(C)CCC3(C)C)s1,Cc1cc2c(cc1Sc1ncc(C(=O)O)s1)C(C)(C)CCC2(C)C
COC(=O)c1cc(O)cc(Oc2cccc(C(F)(F)F)c2)c1.NN,NNC(=O)c1cc(O)cc(Oc2cccc(C(F)(F)F)c2)c1
CC1(C)CCC(=O)CC1.CN,CNC1CCC(C)(C)CC1
COC(=O)c1ccc(CCC(=O)O)cc1.COc1nc2c(OCc3c(Cl)ccc(N(C)C(=O)CN)c3Cl)cccc2n1Cc1ccccn1,COC(=O)c1ccc(CCC(=O)NCC(=O)N(C)c2ccc(Cl)c(COc3cccc4c3nc(OC)n4Cc3ccccn3)c2Cl)cc1
O=Cc1ccc(S(=O)(=O)c2ccccc2)cc1,O=S(=O)(c1ccccc1)c1ccc(CO)cc1
CC(C)N.Cc1cc2c(cc(Cl)c3nnc(C)n32)n1Cc1ccccc1,Cc1cc2c(cc(NC(C)C)c3nnc(C)n32)n1Cc1ccccc1
CC(C)(C)OC(=O)N1CCNCC1.Cc1cc(-c2cc(COS(C)(=O)=O)c(=O)n(CC(C)C)n2)ccc1F,Cc1cc(-c2cc(CN3CCN(C(=O)OC(C)(C)C)CC3)c(=O)n(CC(C)C)n2)ccc1F
CCC(C)c1ccc(N)cc1.N#C[C@@H]1C[C@H](F)CN1C(=O)CNC12CCC(C(=O)O)(CC1)CC2,CCC(C)c1ccc(NC(=O)C23CCC(NCC(=O)N4C[C@@H](F)C[C@H]4C#N)(CC2)CC3)cc1
CC(=O)OC(C)=O.COc1cccc2c1c(NS(=O)(=O)c1ccc(Cl)s1)nn2Cc1cccc(CN)c1,COc1cccc2c1c(NS(=O)(=O)c1ccc(Cl)s1)nn2Cc1cccc(CNC(C)=O)c1
COc1ccc2c(C)cc(Cl)nc2c1.N[C@H]1C[C@@H]2C[C@H]1[C@@H](N(Cc1ccccc1)C(=O)OCc1ccccc1)C2,COc1ccc2c(C)cc(N[C@H]3C[C@@H]4C[C@H]3[C@@H](N(Cc3ccccc3)C(=O)OCc3ccccc3)C4)nc2c1
O=C(CCc1ccccc1)N1CCC[C@H]1C(=O)N1CCC[C@H]1C(O)COc1ccccc1,O=C(COc1ccccc1)[C@@H]1CCCN1C(=O)[C@@H]1CCCN1C(=O)CCc1ccccc1
CCCCc1ccc(N)cc1.NC(=O)c1[nH]c2ccc(C=O)cc2c1Sc1ccccc1,CCCCc1ccc(NCc2ccc3[nH]c(C(N)=O)c(Sc4ccccc4)c3c2)cc1
COC(=O)c1cc(Cl)ccc1NC(=O)C(CCC(=O)Nc1ccc(Cl)cc1)NC(=O)OCc1ccccc1,O=C(CCC(NC(=O)OCc1ccccc1)C(=O)Nc1ccc(Cl)cc1C(=O)O)Nc1ccc(Cl)cc1
CC(=O)c1cccc(O)c1.[CH3][Mg+],CC(C)(O)c1cccc(O)c1
C[S-].O=C1c2cccc3c(Br)ccc(c23)C(=O)N1O,CSc1ccc2c3c(cccc13)C(=O)N(O)C2=O
CC1Cc2c(N3CCNCC3)c(F)c(N)c3c(=O)c(C(=O)O)cn1c23.CI,CC1Cc2c(N3CCN(C)CC3)c(F)c(N)c3c(=O)c(C(=O)O)cn1c23
Cc1cccc(C(=O)c2ccccc2)n1.O=C(OO)c1cccc(Cl)c1,Cc1cccc(C(=O)c2ccccc2)[n+]1[O-]
COCCCBr.COCCCOc1ccc([C@H]2[C@H](O)CN(C(=O)OCc3ccccc3)C[C@@H]2OCc2ccc3c(c2)N(CCCOC)CCO3)cc1,COCCCOc1ccc([C@@H]2[C@@H](OCc3ccc4c(c3)N(CCCOC)CCO4)CN(C(=O)OCc3ccccc3)C[C@H]2OCCCOC)cc1
COC(=O)c1ccc(N(Cc2ccc(OC(F)(F)F)cc2)Cc2ccc(C3CCCCC3)cc2)cc1,O=C(O)c1ccc(N(Cc2ccc(OC(F)(F)F)cc2)Cc2ccc(C3CCCCC3)cc2)cc1
CC(C)(O)c1ccc2c(c1)/C(=C/CCBr)c1cccnc1CO2.CCNC(=O)CN(Cc1ccc(Cl)cc1)C1CCNC1,CCNC(=O)CN(Cc1ccc(Cl)cc1)C1CCN(CCC=C2c3cc(C(C)(C)O)ccc3OCc3ncccc32)C1
C#CC1CCCCC1.NS(=O)(=O)c1ccccc1NS(=O)(=O)CCc1ccc(Br)nc1,NS(=O)(=O)c1ccccc1NS(=O)(=O)CCc1ccc(C#CC2CCCCC2)nc1
CCn1c(-c2nonc2N)nc2cnc(Br)cc21.CN1CCN(C(=O)CCC(=O)c2cccc(O)c2)CC1,CCn1c(-c2nonc2N)nc2cnc(Oc3cccc(C(=O)CCC(=O)N4CCN(C)CC4)c3)cc21
CCOc1ccc(N=Cc2cc(OC)c(OC)c(OC)c2)cc1,CCOc1ccc(NCc2cc(OC)c(OC)c(OC)c2)cc1
COC(=O)[C@H](C(C)C)N1Cc2ccc(-c3ccc(N)cc3)cc2C1=O.N#Cc1cccc(N=C=S)c1,COC(=O)[C@H](C(C)C)N1Cc2ccc(-c3ccc(NC(=S)Nc4cccc(C#N)c4)cc3)cc2C1=O
CC(C)c1ccc(NC(=O)CC2C(=O)OC(C)(C)CN2Cc2ccccc2)cc1,CC(C)c1ccc(NC(=O)CC2NCC(C)(C)OC2=O)cc1
C1CCNC1.O=C1O[C@]2(CCN(C(=O)C3(c4ccc(-c5ccc(F)nc5)cc4)CC3)C2)c2ccccc21,O=C1O[C@]2(CCN(C(=O)C3(c4ccc(-c5ccc(N6CCCC6)nc5)cc4)CC3)C2)c2ccccc21
CC(C)(C)[Si](C)(C)OCCC(O)CO[Si](C)(C)C(C)(C)C.CS(=O)(=O)Cl,CC(C)(C)[Si](C)(C)OCCC(CO[Si](C)(C)C(C)(C)C)OS(C)(=O)=O
COc1ccccc1B(O)O.O=C1Nc2cccc(I)c2/C1=C/c1ccc[nH]1,COc1ccccc1-c1cccc2c1/C(=C/c1ccc[nH]1)C(=O)N2
CC1(C)OB(c2cccc(OCC3CCCCO3)c2)OC1(C)C.Nc1ncnc2c1c(I)cn2[C@H]1C[C@@H](CO)C1,Nc1ncnc2c1c(-c1cccc(OCC3CCCCO3)c1)cn2[C@@H]1C[C@H](CO)C1
C1COCCN1.O=[N+]([O-])c1cnc(Cl)nc1,O=[N+]([O-])c1cnc(N2CCOCC2)nc1
CCCC(=O)Cl.C[Si](C)(C)CCOCn1ccc2nc(-c3cccnc3N[C@@H]3CCNC3)cnc21,CCCC(=O)N1CC[C@@H](Nc2ncccc2-c2cnc3c(ccn3COCC[Si](C)(C)C)n2)C1
CC(=O)Cl.CCC(C)CO,CCC(C)COC(C)=O
CC1(C)OCC(CN)O1.COC(=O)c1cc(CNc2ccccc2C(=O)Nc2ccc3c(c2)OC(F)(F)O3)ccn1,CC1(C)OCC(CNC(=O)c2cc(CNc3ccccc3C(=O)Nc3ccc4c(c3)OC(F)(F)O4)ccn2)O1
CC(C)(C)[O-].O=C(CNC(=O)c1cccc(C(F)(F)F)c1)NC1CN(C2CCC(O)(c3ccc(F)nc3)CC2)C1,CC(C)(C)Oc1ccc(C2(O)CCC(N3CC(NC(=O)CNC(=O)c4cccc(C(F)(F)F)c4)C3)CC2)cn1
CCOC(=O)CCn1cnc2c(=O)[nH]cnc21,O=C(O)CCn1cnc2c(=O)[nH]cnc21
CNC.COC(=O)Cc1cn(Cc2ccc3oc(-c4nc(C(C)(C)C)cs4)cc3c2)c2ccc(OCC(=O)O)cc12,COC(=O)Cc1cn(Cc2ccc3oc(-c4nc(C(C)(C)C)cs4)cc3c2)c2ccc(OCC(=O)N(C)C)cc12
Cc1cccc(S(=O)(=O)NC(C)C)c1[N+](=O)[O-],Cc1cccc(S(=O)(=O)NC(C)C)c1N
CC(C)(C)OC(=O)C1CCN(C(=O)OCc2ccccc2)N1,O=C(O)C1CCN(C(=O)OCc2ccccc2)N1
COC(=O)c1ccc(=O)n(C)c1,Cn1cc(C(=O)O)ccc1=O
C#CCOc1ccc(CCC(=O)NCc2ccc(COS(C)(=O)=O)cc2)cc1OC.Oc1ccccc1,C#CCOc1ccc(CCC(=O)NCc2ccc(COc3ccccc3)cc2)cc1OC
CSC(=N)N.O=S(=O)(Cl)c1cc(Cl)sc1Cl,CSC(=N)NS(=O)(=O)c1cc(Cl)sc1Cl
Nc1ccc(-n2cccn2)cc1.O=C(Cl)OCC(Cl)(Cl)Cl,O=C(Nc1ccc(-n2cccn2)cc1)OCC(Cl)(Cl)Cl
CN(C)C(=O)Cl.NCc1ccc(/C=C/C(c2cc(Cl)c(Cl)c(Cl)c2)C(F)(F)F)cc1Cl,CN(C)C(=O)NCc1ccc(/C=C/C(c2cc(Cl)c(Cl)c(Cl)c2)C(F)(F)F)cc1Cl
CC(C)[C@H](NC(=O)OCc1ccccc1)C(=O)O.OCCO,CC(C)[C@H](NC(=O)OCc1ccccc1)C(=O)OCCO
CN(C)C=O.OCCCc1c[nH]c2c1CCCCC2,O=Cc1[nH]c2c(c1CCCO)CCCCC2
CC(C)(C)[Si](C)(C)O[C@@H]1COC[C@H]1Oc1ccc(-c2c(C#N)c(N)nc(S)c2C#N)cc1.ClCc1csc(-c2ccc(Cl)cc2)n1,CC(C)(C)[Si](C)(C)O[C@@H]1COC[C@H]1Oc1ccc(-c2c(C#N)c(N)nc(SCc3csc(-c4ccc(Cl)cc4)n3)c2C#N)cc1
CCOC(=O)c1ccccc1B1OC(C)(C)C(C)(C)O1.Fc1ccc(Br)c(Cl)c1,CCOC(=O)c1ccccc1-c1ccc(F)cc1Cl
Cn1c(=O)n(CC(C)(C)O)c(=O)c2c1ncn2Cc1ccccc1,Cn1c(=O)n(CC(C)(C)O)c(=O)c2[nH]cnc21
CC(O)c1nc2ccc(F)cc2o1,CC(=O)c1nc2ccc(F)cc2o1
CC(=O)OCc1c(B2OC(C)(C)C(C)(C)O2)cccc1-n1ncc2cc(C(C)(C)C)cc(F)c2c1=O.CCS(=O)(=O)c1ccc(Nc2cc(Cl)nn(C)c2=O)nc1,CCS(=O)(=O)c1ccc(Nc2cc(-c3cccc(-n4ncc5cc(C(C)(C)C)cc(F)c5c4=O)c3COC(C)=O)nn(C)c2=O)nc1
COc1cc(N=C=O)c(Br)cc1C.O=C1C=CNC(c2cccnc2)C1,COc1cc(NC(=O)N2C=CC(=O)CC2c2cccnc2)c(Br)cc1C
C#CCOc1cccnc1C.CC(C)(C)C(=O)OCN=[N+]=[N-],Cc1ncccc1OCc1cnnn1COC(=O)C(C)(C)C
CC1(C)OB(c2cnn(-c3cccnc3)c2)OC1(C)C.CCON=C1CS(=O)(=O)N(C)c2ccc(Br)nc21,CCON=C1CS(=O)(=O)N(C)c2ccc(-c3cnn(-c4cccnc4)c3)nc21
CC(C)(C)OC(=O)N1CCC(n2c(=O)[nH]c3ccccc32)CC1.CI,Cn1c(=O)n(C2CCN(C(=O)OC(C)(C)C)CC2)c2ccccc21
CCN1CCN(Cc2ccc(N)cc2C(F)(F)F)CC1.Cc1ccc(C(=O)Cl)cc1[N+](=O)[O-],CCN1CCN(Cc2ccc(NC(=O)c3ccc(C)c([N+](=O)[O-])c3)cc2C(F)(F)F)CC1
CO.O=[N+]([O-])c1cc2c(Nc3ccc(F)c(Cl)c3)ncnc2cc1F,COc1cc2ncnc(Nc3ccc(F)c(Cl)c3)c2cc1[N+](=O)[O-]
O=Cc1sccc1Br.Sc1ccccc1,O=Cc1sccc1Sc1ccccc1
CN(C)C=O.Cc1cc2ccccc2n1-c1ccc(OCc2ccccc2)cc1,Cc1c(C=O)c2ccccc2n1-c1ccc(OCc2ccccc2)cc1
CC1(C)OB(c2cnc(Cl)c(NS(=O)(=O)c3ccc(F)cc3)c2)OC1(C)C.Clc1ccc2ncc(Br)n2n1,O=S(=O)(Nc1cc(-c2cnc3ccc(Cl)nn23)cnc1Cl)c1ccc(F)cc1
CC1(C)OB(c2ccc(C3(c4ccc(OCc5nccs5)cc4)CC4CCC3C4)cc2)OC1(C)C.Cc1ccc(Cl)nn1,Cc1ccc(-c2ccc(C3(c4ccc(OCc5nccs5)cc4)CC4CCC3C4)cc2)nn1
COCCOc1ccc(-c2c(C#N)c(N)nc(SC(C)c3cccc(C(=O)OC)c3)c2C#N)cc1,COCCOc1ccc(-c2c(C#N)c(N)nc(SC(C)c3cccc(C(=O)O)c3)c2C#N)cc1
CC(C)(C)OC(=O)OC(=O)OC(C)(C)C.Nc1cccc(Br)c1,CC(C)(C)OC(=O)Nc1cccc(Br)c1
C=CCC1CCCCCCCCCCC1=O,C=CCC1CCCCCCCCCCC1O
Nc1cccc2ccc(O)cc12.O=CO,O=CNc1cccc2ccc(O)cc12
Cc1ccc(S(=O)(=O)Cl)cc1.Nc1cc(F)c([N+](=O)[O-])cc1N,Cc1ccc(S(=O)(=O)Nc2cc([N+](=O)[O-])c(F)cc2N)cc1
NCCO.O=C(CCl)Nc1cccc([N+](=O)[O-])c1,O=C(CNCCO)Nc1cccc([N+](=O)[O-])c1
CN(c1ccccc1CNc1cccn2nc(Cl)nc12)S(C)(=O)=O.Nc1ccc(OCCN2CCCC2)cc1,CN(c1ccccc1CNc1cccn2nc(Nc3ccc(OCCN4CCCC4)cc3)nc12)S(C)(=O)=O
O=C(NCCNc1n[nH]c2ccc(-c3ccc(NCC4(c5ncccc5F)CCC4)nn3)cc12)OCc1ccccc1,NCCNc1n[nH]c2ccc(-c3ccc(NCC4(c5ncccc5F)CCC4)nn3)cc12
Brc1ccccn1.C1CNCCNC1,c1ccc(N2CCCNCC2)nc1
CC1Cc2cc(CCCCl)ccc2NC1=O.c1ccc2c(N3CCNCC3)n[nH]c2c1,CC1Cc2cc(CCCN3CCN(c4n[nH]c5ccccc45)CC3)ccc2NC1=O
Brc1cccc(Br)n1.O=Cc1ccc(OCCO)cc1,O=Cc1ccc(OCCOc2cccc(Br)n2)cc1
BrC(Br)(Br)Br.O=C1CC(CO)CN1c1ccc(F)cc1,O=C1CC(CBr)CN1c1ccc(F)cc1
COc1ccc(C=O)c(OC)c1.COc1cccc(C(O)c2cc(Cl)ccc2N)c1OC(F)F,COc1ccc(CNc2ccc(Cl)cc2C(O)c2cccc(OC)c2OC(F)F)c(OC)c1
Nc1c(Cl)cc(Br)cc1Cl.O=C(Cl)CC1CCCC1,O=C(CC1CCCC1)Nc1c(Cl)cc(Br)cc1Cl
BrCCOc1ccccc1.CCOC(=O)C1(CCCn2c(=O)ccc3ccc(OC)cc32)CCNCC1,CCOC(=O)C1(CCCn2c(=O)ccc3ccc(OC)cc32)CCN(CCOc2ccccc2)CC1
NCC(=O)N1CCN(C(=O)c2cc(F)ccc2Cl)CC1.O=C(O)c1cn(-c2ccccn2)nn1,O=C(NCC(=O)N1CCN(C(=O)c2cc(F)ccc2Cl)CC1)c1cn(-c2ccccn2)nn1
CC(C)(C)OC(=O)NC1(C(=O)O)CC1,CC(C)(C)OC(=O)NC1(CO)CC1
COC(=O)c1cc(C(F)(F)F)cc(N2CCCC2=O)c1F,O=C(O)c1cc(C(F)(F)F)cc(N2CCCC2=O)c1F
Clc1nccc2occ(Br)c12.N,Nc1nccc2occ(Br)c12
CC(C)(C)OC(=O)Nc1ncc(C#C[Si](C)(C)C)s1,C#Cc1cnc(NC(=O)OC(C)(C)C)s1
C#C[C@]1(O)CCN(C)C1=O.NC(=O)c1cc(C2CC2)n(-c2cc(I)ccn2)n1,CN1CC[C@@](O)(C#Cc2ccnc(-n3nc(C(N)=O)cc3C3CC3)c2)C1=O
C=O.Cc1cc2c(s1)Nc1ccccc1N=C2N1CCN[C@@H](CCc2ccc(Cl)cc2)C1,Cc1cc2c(s1)Nc1ccccc1N=C2N1CCN(C)[C@@H](CCc2ccc(Cl)cc2)C1
CCOc1ccc(-n2c(C)c3c(C)nnc(C)c3c2C)cc1CO,CCOc1ccc(-n2c(C)c3c(C)nnc(C)c3c2C)cc1C=O
CC(C)(C)OC(=O)OC(=O)OC(C)(C)C.O=Cc1nc[nH]n1,CC(C)(C)OC(=O)n1cnc(C=O)n1
CNS(=O)(=O)c1ccc([N+](=O)[O-])cc1,CNS(=O)(=O)c1ccc(N)cc1
COC(=O)C(C)(C)Cn1c(=O)n(Cc2csc3cccc(C)c23)c2ccccc21,Cc1cccc2scc(Cn3c(=O)n(CC(C)(C)C(=O)O)c4ccccc43)c12
CC(C)=O.Nn1c(-c2c(F)cccc2F)c(Cl)nc(-n2cccn2)c1=O,CC(C)=Nn1c(-c2c(F)cccc2F)c(Cl)nc(-n2cccn2)c1=O
CCC(=O)C(Cc1ccc(C(=O)N2CCCC2)cc1)C(=O)OC.COC(=O)COc1ccc(Cl)c(N)c1,CCc1[nH]c2c(Cl)ccc(OCC(=O)OC)c2c(=O)c1Cc1ccc(C(=O)N2CCCC2)cc1
CC(C)(C)OC(=O)N1CC(F)(F)CC1CO,CC(C)(C)OC(=O)N1CC(F)(F)CC1C=O
COC(=O)c1ccc(NC(=O)c2ccccc2C)nc1,Cc1ccccc1C(=O)Nc1ccc(C(=O)O)cn1
CCOC(=O)c1cc(Cl)cc(-c2cccc(C#C[C@]3(O)CCN(C)C3=O)c2)n1.Cn1nccc1B(O)O,CCOC(=O)c1cc(-c2ccnn2C)cc(-c2cccc(C#C[C@]3(O)CCN(C)C3=O)c2)n1
CC(=O)Nc1ccc2c(c1)CCCC2=O.CI,CC(=O)N(C)c1ccc2c(c1)CCCC2=O
COC(=O)[C@H]1C[C@H](S(=O)(=O)c2ccccc2Cl)C[C@@H]1O.Cc1ccc(CBr)cc1,COC(=O)[C@H]1C[C@H](S(=O)(=O)c2ccccc2Cl)C[C@@H]1OCc1ccc(C)cc1
C=CCN1CCC2=C(C1)c1c(O)cc(C(C)C(C)CCCCC)cc1OC2(CC)CC.O=C(O)CCCN1CCCCC1,C=CCN1CCC2=C(C1)c1c(OC(=O)CCCN3CCCCC3)cc(C(C)C(C)CCCCC)cc1OC2(CC)CC
CS(=O)(=O)Cl.O=C(c1ccc(OCCN2CCCCC2)cc1)c1c(OS(=O)(=O)C(F)(F)F)ccc2cc(O)ccc12,CS(=O)(=O)Oc1ccc2c(C(=O)c3ccc(OCCN4CCCCC4)cc3)c(OS(=O)(=O)C(F)(F)F)ccc2c1
CN(C)C[C@H](N)CC(=O)OCc1ccccc1.O=C(O)CCCCCCCOCc1ccc(F)cc1F,CN(C)C[C@@H](CC(=O)OCc1ccccc1)NC(=O)CCCCCCCOCc1ccc(F)cc1F
COCCN1CCc2ccc(N)cc2CC1.N#CCOc1cccc(F)c1Nc1nc(Cl)ncc1Cl,COCCN1CCc2ccc(Nc3ncc(Cl)c(Nc4c(F)cccc4OCC#N)n3)cc2CC1
CCOC(=O)c1cccc(-c2cccn3nc(Nc4cccc(C(F)(F)F)c4)nc23)c1,O=C(O)c1cccc(-c2cccn3nc(Nc4cccc(C(F)(F)F)c4)nc23)c1
CC(C)(C)OC(=O)OC(=O)OC(C)(C)C.CSC1=N[C@@H]2CCCC[C@@H]2N1,CSC1=N[C@@H]2CCCC[C@@H]2N1C(=O)OC(C)(C)C
CCOC(=O)c1cncn1Cc1ccc2c(c1)CCN(C(=O)OC(C)(C)C)CC2,CC(C)(C)OC(=O)N1CCc2ccc(Cn3cncc3C(=O)O)cc2CC1
COC(=O)c1ccc2c(C3CCCCC3)c(Br)n(CC(=O)OC(C)(C)C)c2c1,COC(=O)c1ccc2c(C3CCCCC3)c(Br)n(CC(=O)O)c2c1
CC(C)(C)c1cc(Cl)nc(N)n1.Nc1cnc(-c2ccc(C3CCC3)c(O)c2F)cn1,CC(C)(C)c1cc(Oc2c(C3CCC3)ccc(-c3cnc(N)cn3)c2F)nc(N)n1
CC(=O)c1cc(C)nc(NC(C)C)n1.NO,CC(=NO)c1cc(C)nc(NC(C)C)n1
O=C(O)c1ccc2cc(-c3ccccc3)[nH]c2c1,OCc1ccc2cc(-c3ccccc3)[nH]c2c1
O=C(Cl)C1CCCCC1.c1ccccc1,O=C(c1ccccc1)C1CCCCC1
Nc1ccc(Cl)cc1.O=C(O)CCCN1CCN2CCCCC2C1,O=C(CCCN1CCN2CCCCC2C1)Nc1ccc(Cl)cc1
COC(=O)c1ccc(O[C@@H]2CCOC2)c(OC)c1,COc1cc(C(=O)O)ccc1O[C@@H]1CCOC1
OCc1cn(Cc2ccc(OCc3ccccc3)cc2)nc1OCc1ccc(OCc2ccccc2)cc1,O=Cc1cn(Cc2ccc(OCc3ccccc3)cc2)nc1OCc1ccc(OCc2ccccc2)cc1
Nc1ccc(Oc2ccnc3[nH]ccc23)c(F)c1.Nc1nc(Cl)cc(C2CCCN(C(=O)OCc3ccccc3)C2)n1,Nc1nc(Nc2ccc(Oc3ccnc4[nH]ccc34)c(F)c2)cc(C2CCCN(C(=O)OCc3ccccc3)C2)n1
CC(=O)c1cc(Cl)c2cccnc2c1OS(=O)(=O)C(F)(F)F.COC1CCNC1,COC1CCN(c2c(C(C)=O)cc(Cl)c3cccnc23)C1
COC(=O)CCc1cnc(C[C@@H]2S[C@@H](c3cccc(OC)c3OC)c3cc(Cl)ccc3-n3c(CF)nnc32)s1,COc1cccc([C@@H]2S[C@@H](Cc3ncc(CCC(=O)O)s3)c3nnc(CF)n3-c3ccc(Cl)cc32)c1OC
CC(C)(C)OC(=O)C1CC(S(C)(=O)=O)C(c2ccccc2F)N1C(=O)CNC(=O)Nc1cccc(C(=O)OCc2ccccc2)c1,CC(C)(C)OC(=O)C1CC(S(C)(=O)=O)C(c2ccccc2F)N1C(=O)CNC(=O)Nc1cccc(C(=O)O)c1
CC(=O)c1cn(CC(=O)OC(C)(C)C)c2ccc(O)cc12.Fc1ncc(Br)cn1,CC(=O)c1cn(CC(=O)OC(C)(C)C)c2ccc(Oc3ncc(Br)cn3)cc12
COC(=O)Cc1cccc(OCCCl)c1,O=C(O)Cc1cccc(OCCCl)c1
CC(C)(C)OC(=O)NN.Cn1nnc2ccc(C(=O)c3ccc(Cl)cc3)cc21,Cn1nnc2ccc(C(=NNC(=O)OC(C)(C)C)c3ccc(Cl)cc3)cc21
CN(C(=O)OC(C)(C)C)c1ccc2c(c1[N+](=O)[O-])OCCO2,CNc1ccc2c(c1[N+](=O)[O-])OCCO2
CSc1ncc(Br)c(CN2C(=O)O[C@H](c3cc(C(F)(F)F)cc(C(F)(F)F)c3)[C@@H]2C)n1.Nc1cc(B(O)O)ccc1F,CSc1ncc(-c2ccc(F)c(N)c2)c(CN2C(=O)O[C@H](c3cc(C(F)(F)F)cc(C(F)(F)F)c3)[C@@H]2C)n1
Cc1ncc(-c2cc(N)cc(Cl)c2)n1C.Clc1ncnc2c1CCc1ccccc1-2,Cc1ncc(-c2cc(Cl)cc(Nc3ncnc4c3CCc3ccccc3-4)c2)n1C
COc1ccc(COc2cccc(Oc3ccccc3)c2C)cc1,Cc1c(O)cccc1Oc1ccccc1
Nc1ccc(CC(C(=O)O)c2cn(C3CCCCC3)cn2)cn1.OCCO,Nc1ccc(CC(C(=O)OCCO)c2cn(C3CCCCC3)cn2)cn1
C1CCNCC1.CS(=O)(=O)OC1CN(c2nc3ccc(Br)cc3s2)C1,Brc1ccc2nc(N3CC(N4CCCCC4)C3)sc2c1
CC(C)(N)c1cccc(C(F)(F)F)n1.COc1cccc([C@H]2CC(=O)C(=O)N2c2ccc(C(F)(F)F)cc2)c1,COc1cccc([C@H]2C[C@@H](NC(C)(C)c3cccc(C(F)(F)F)n3)C(=O)N2c2ccc(C(F)(F)F)cc2)c1
Nc1nnc(-c2ccc(CN3CCCCCC3)s2)o1.O=C=NCc1ccccc1,O=C(NCc1ccccc1)Nc1nnc(-c2ccc(CN3CCCCCC3)s2)o1
CC(C)C(=O)Nc1cccc(C2CCN(CCCCC(=O)c3cccc(F)c3)CC2)c1.NNc1cccc2ccccc12,CC(C)C(=O)Nc1cccc(C2CCN(CCCc3c(-c4cccc(F)c4)[nH]c4c3ccc3ccccc34)CC2)c1
COc1ncc(C2(c3cccc(Br)c3)N=C(N)c3c(F)cccc32)cc1C(F)(F)F.OB(O)c1cncnc1,COc1ncc(C2(c3cccc(-c4cncnc4)c3)N=C(N)c3c(F)cccc32)cc1C(F)(F)F
Cc1ccc(C(=O)O)c(-c2ccc(C(F)(F)F)cc2)c1.Cc1ccc(C)n1-c1cccc(CCCOc2ccc(N)cc2)n1,Cc1ccc(C(=O)Nc2ccc(OCCCc3cccc(-n4c(C)ccc4C)n3)cc2)c(-c2ccc(C(F)(F)F)cc2)c1
CC(C)C[C@H](CO)Nc1nc(S)nc2nc(N)sc12.C[C@@H](Cl)c1cc(C#N)ccn1,CC(C)C[C@H](CO)Nc1nc(S[C@@H](C)c2cc(C#N)ccn2)nc2nc(N)sc12
CC(C)(C)OC(=O)N1CCN(c2cc(-c3ccc(Cl)s3)c(C(F)(F)F)nn2)CC1,FC(F)(F)c1nnc(N2CCNCC2)cc1-c1ccc(Cl)s1
CC(C)(O)c1cc(F)c(-c2cc(C(N)=O)c(N)s2)c(F)c1.CNC(=O)OCc1nccc(Cl)n1,CNC(=O)OCc1nccc(Nc2sc(-c3c(F)cc(C(C)(C)O)cc3F)cc2C(N)=O)n1
COC(=O)Cc1ccccc1,O=C(O)Cc1ccccc1
C1CSCN1.C[C@H](NC(=O)c1ccc(C(=O)O)c(Br)c1)c1nc2cc(Cl)ccc2[nH]1,C[C@H](NC(=O)c1ccc(C(=O)N2CCSC2)c(Br)c1)c1nc2cc(Cl)ccc2[nH]1
CNC.Cc1ccc(-c2cc(COS(C)(=O)=O)c(=O)n(CC(C)C)n2)cc1,Cc1ccc(-c2cc(CN(C)C)c(=O)n(CC(C)C)n2)cc1
Clc1ncc(Cl)c(Cl)n1.Nc1cc(OCC2CC2)[nH]n1,Clc1ncc(Cl)c(Nc2cc(OCC3CC3)[nH]n2)n1
CCn1nc(C(=O)O)c(=O)c2c([N+](=O)[O-])c3c(cc21)OCO3,CCn1nc(C(=O)O)c(=O)c2c(N)c3c(cc21)OCO3
CC(=O)Cl.CCCS(=O)(=O)Nc1ccc(F)c(C(=O)Nc2cnc3[nH]ccc3c2)c1F,CCCS(=O)(=O)Nc1ccc(F)c(C(=O)Nc2cnc3[nH]cc(C(C)=O)c3c2)c1F
O=Cc1ccc(F)cc1Br.Oc1ccccc1,O=Cc1ccc(Oc2ccccc2)cc1Br
CNC(=O)[C@H]1CCCN(CC(=O)O)C1.COc1nc2c(OCc3c(Cl)ccc(N(C)C(=O)CN)c3Cl)cccc2n1Cc1ccccn1,CNC(=O)[C@H]1CCCN(CC(=O)NCC(=O)N(C)c2ccc(Cl)c(COc3cccc4c3nc(OC)n4Cc3ccccn3)c2Cl)C1
Cc1cc(=O)n(C)c2cc(O)ccc12.O=C(NC1CCN(CCCCl)CC1)c1ccccc1,Cc1cc(=O)n(C)c2cc(OCCCN3CCC(NC(=O)c4ccccc4)CC3)ccc12
CCc1c(CC(N)=O)c2cc(OCc3ccccc3C(=O)OC)ccc2n1Cc1ccccc1,CCc1c(CC(N)=O)c2cc(OCc3ccccc3C(=O)O)ccc2n1Cc1ccccc1
Clc1cc2ccccc2c(Cl)n1,Clc1cc2ccccc2cn1
CC(C)(C)CN.Cc1csc2c(Cl)nc(Cl)nc12,Cc1csc2c(NCC(C)(C)C)nc(Cl)nc12
CCc1cc(C(N)=S)ccn1.COC(=O)CC(=O)CCl,CCc1cc(-c2nc(CC(=O)OC)cs2)ccn1
CC(C)C[C@H]1CN[C@@H](CC(C)C)C(=O)N1.O=C(O)[C@@H]1C[C@H]1c1ccc(F)cc1F,CC(C)C[C@H]1CN(C(=O)[C@@H]2C[C@H]2c2ccc(F)cc2F)[C@@H](CC(C)C)C(=O)N1
Cc1cc2cc(O)ccc2[nH]1.Clc1ccnc(Cl)n1,Cc1cc2cc(Oc3ccnc(Cl)n3)ccc2[nH]1
CCCI.C[Si](C)(C)CCOC(=O)C[C@]1(c2ccc(-c3ccc(O)cc3)s2)CCCCS1(=O)=O,CCCOc1ccc(-c2ccc([C@@]3(CC(=O)OCC[Si](C)(C)C)CCCCS3(=O)=O)s2)cc1
CC(C)(C)OC(=O)NCCO.CCOC(=O)/C=C/c1cccc(Br)c1O,CCOC(=O)/C=C/c1cccc(Br)c1OCCNC(=O)OC(C)(C)C
C[C@H](NS(C)(=O)=O)c1ccc(C(=O)O)cc1.Cc1cnc(N2CCNCC2)c(C)c1,Cc1cnc(N2CCN(C(=O)c3ccc([C@H](C)NS(C)(=O)=O)cc3)CC2)c(C)c1
CC(N)C(O[Si](C)(C)C(C)(C)C)c1ccc2ncnn2c1.Cc1cccc(N=C=O)c1,Cc1cccc(NC(=O)NC(C)C(O[Si](C)(C)C(C)(C)C)c2ccc3ncnn3c2)c1
CC(=O)c1ccccn1,C[C@@H](O)c1ccccn1
CC(C)(C)OC(=O)N[C@@H](Cc1ccc([N+](=O)[O-])cc1)C(=O)OC1CCCC1,CC(C)(C)OC(=O)N[C@@H](Cc1ccc(N)cc1)C(=O)OC1CCCC1
CI.CS(=O)(=O)Nc1cccc(Br)c1,CN(c1cccc(Br)c1)S(C)(=O)=O
CC(=O)N(CC(=O)O)Cc1ccc(C(Nc2ccc3c(N(C(=O)OC(C)(C)C)C(=O)OC(C)(C)C)nccc3c2)C(=O)NCc2cccc(N)c2)cc1,CC(=O)N1CC(=O)Nc2cccc(c2)CNC(=O)C(Nc2ccc3c(N(C(=O)OC(C)(C)C)C(=O)OC(C)(C)C)nccc3c2)c2ccc(cc2)C1
Brc1ccc(I)cc1.Cc1ccnc(Br)c1,Cc1ccnc(-c2ccc(Br)cc2)c1
CC1(C)CCNC(=O)[C@H](NS(=O)(=O)c2ccc(Cl)cc2)C1.COC(=O)c1ccc(CBr)c(F)c1,COC(=O)c1ccc(CN([C@@H]2CC(C)(C)CCNC2=O)S(=O)(=O)c2ccc(Cl)cc2)c(F)c1
CCI.COc1cc(C(=O)N2CCN(Cc3ccccc3)C(CO)C2)cc(OC)c1OC,CCOCC1CN(C(=O)c2cc(OC)c(OC)c(OC)c2)CCN1Cc1ccccc1
CI.Oc1ncccc1Br,COc1ncccc1Br
CCOC(=O)c1cccc(-c2csc(-c3ccc(OC)c4oc5ccccc5c34)n2)n1,COc1ccc(-c2nc(-c3cccc(C(=O)O)n3)cs2)c2c1oc1ccccc12
CS(=O)(=O)Cl.Cc1c(NC(=O)c2ccc(C(C)(C)C)cc2)cccc1-c1ncnc2[nH]c(C3=CCNCC3)cc12,Cc1c(NC(=O)c2ccc(C(C)(C)C)cc2)cccc1-c1ncnc2[nH]c(C3=CCN(S(C)(=O)=O)CC3)cc12
CS(=O)(=O)OCc1cccc(C(=O)N2CCCC2)c1.Cc1cc(/C=C(\F)c2ccc(OC(F)(F)F)cc2)n[nH]1,Cc1cc(/C=C(\F)c2ccc(OC(F)(F)F)cc2)nn1Cc1cccc(C(=O)N2CCCC2)c1
NCC1CCOCC1.O=[N+]([O-])c1cnc2ccc(OCc3ccccc3)cc2c1Cl,O=[N+]([O-])c1cnc2ccc(OCc3ccccc3)cc2c1NCC1CCOCC1
C[C@@H](N)c1cccc(C(F)(F)F)c1.Nc1nccc(C(=O)O)n1,C[C@@H](NC(=O)c1ccnc(N)n1)c1cccc(C(F)(F)F)c1
C[C@H](C(=O)OC(C)(C)C)[C@@H](C)NC(=O)c1nc(C#N)c2cc(Oc3ccccc3)ccc2c1O,C[C@H](C(=O)O)[C@@H](C)NC(=O)c1nc(C#N)c2cc(Oc3ccccc3)ccc2c1O
CC(C)C(=O)[O-].CC(Cl)OC(=O)Oc1c(F)cccc1F,CC(OC(=O)Oc1c(F)cccc1F)OC(=O)C(C)C
CC(C)CCNC(=O)c1ccc(N2CCNCC2)nn1.O=C(O)c1cnccc1C(F)(F)F,CC(C)CCNC(=O)c1ccc(N2CCN(C(=O)c3cnccc3C(F)(F)F)CC2)nn1
Cc1c(C)c(N2CCN(C(=O)OC(C)(C)C)CC2)c(C)c2c1OC(C)(C)C2N1CCCCC1,Cc1c(C)c(N2CCNCC2)c(C)c2c1OC(C)(C)C2N1CCCCC1
COC1CC2CC(OS(C)(=O)=O)CC2C1.[N-]=[N+]=[N-],COC1CC2CC(N=[N+]=[N-])CC2C1
C#CCO.Cc1ccc(O)cc1C,C#CCOc1ccc(C)c(C)c1
COc1cc(OC)c(F)c(N)c1F.COc1ccc(Cn2ncc3c(Cl)c(CCl)cnc32)cc1,COc1ccc(Cn2ncc3c(Cl)c(CNc4c(F)c(OC)cc(OC)c4F)cnc32)cc1
COC(=O)Cc1cn(C2CCCCC2)nc1OCc1ccccc1,COC(=O)Cc1cn(C2CCCCC2)nc1O
COC(=O)c1ccc(C2(N)CC2)cc1.O=C(O)c1cc(C(F)(F)F)cnc1N1CC(Oc2cccc(F)c2)C1,COC(=O)c1ccc(C2(NC(=O)c3cc(C(F)(F)F)cnc3N3CC(Oc4cccc(F)c4)C3)CC2)cc1
COC(=O)C1=CCN(C2CCC3(Cc4ccccc4Cc4ccccc43)C2)CC1,O=C(O)C1=CCN(C2CCC3(Cc4ccccc4Cc4ccccc43)C2)CC1
Fc1cc(Cl)c(-n2cc3cncc(F)c3n2)c(Cl)c1.O=C(OO)c1cccc(Cl)c1,[O-][n+]1cc(F)c2nn(-c3c(Cl)cc(F)cc3Cl)cc2c1
CC(C)(C)OC(=O)N1C[C@@H](O[Si](C)(C)C(C)(C)C)C[C@@H]1COCc1ccccc1,CC(C)(C)OC(=O)N1C[C@@H](O)C[C@@H]1COCc1ccccc1
CN1CCNCC1.COc1cc(Nc2c(C#N)cnc3cc(-c4ccc(C=O)cc4)sc23)c(Cl)cc1Cl,COc1cc(Nc2c(C#N)cnc3cc(-c4ccc(CN5CCN(C)CC5)cc4)sc23)c(Cl)cc1Cl
CCCc1nc2c(C)cc(-c3nc4ccccc4n3C)cc2n1Cc1ccc(-c2ccccc2C(=O)OC)cc1,CCCc1nc2c(C)cc(-c3nc4ccccc4n3C)cc2n1Cc1ccc(-c2ccccc2C(=O)O)cc1
CC(C)(CN)c1nc(-c2cc(F)cc(F)c2)cs1.O=C(O)c1cccc(-c2noc(C(F)(F)F)n2)c1,CC(C)(CNC(=O)c1cccc(-c2noc(C(F)(F)F)n2)c1)c1nc(-c2cc(F)cc(F)c2)cs1
C[C@H](Oc1cnc(C(=O)O)nc1-c1ccc(Cl)cc1)C(F)(F)F.NCc1cc(C(F)(F)F)no1,C[C@H](Oc1cnc(C(=O)NCc2cc(C(F)(F)F)no2)nc1-c1ccc(Cl)cc1)C(F)(F)F
CC(C)(C)OC(=O)COc1cccc(CN)c1.O=S(=O)(Cl)c1cccnc1,CC(C)(C)OC(=O)COc1cccc(CNS(=O)(=O)c2cccnc2)c1
CN(C)c1ccccc1S.NC(CCl)=NO,CN(C)c1ccccc1SCC(N)=NO
CC(C)(C)OC(=O)NCCOCCN.CC1(c2ccccc2)OC(C(=O)O)=CC1=O,CC(C)(C)OC(=O)NCCOCCNC(=O)C1=CC(=O)C(C)(c2ccccc2)O1
CCOC(=O)c1cn2c3c(c(Br)c(F)c(F)c3c1=O)OC[C@@H]2C.Cc1c[c]([Sn]([CH3])([CH3])[CH3])cc(C)n1,CCOC(=O)c1cn2c3c(c(-c4cc(C)nc(C)c4)c(F)c(F)c3c1=O)OC[C@@H]2C
COc1cc(N2CCN(C(=O)CCl)CC2)ccc1Cl.Fc1ccccc1-c1[nH]nc(C(F)(F)F)c1Cl,COc1cc(N2CCN(C(=O)Cn3nc(C(F)(F)F)c(Cl)c3-c3ccccc3F)CC2)ccc1Cl
CC(C)=CCCC(C)CC(C)O,CC(=O)CC(C)CCC=C(C)C
CC(N)=O.Cc1nc2c(OCc3ccccc3)cc(Br)cc2n1C,CC(=O)Nc1cc(OCc2ccccc2)c2nc(C)n(C)c2c1
CCOC(=O)c1csc(-c2ccc(-c3onc(C)c3NC(=O)OC(C)c3ccccc3Cl)cc2)n1,Cc1noc(-c2ccc(-c3nc(C(=O)O)cs3)cc2)c1NC(=O)OC(C)c1ccccc1Cl
CCCn1c2ccccc2c2nc(SCC(=O)O)n(-c3ccccc3)c(=O)c21.NC1CCCCC1,CCCn1c2ccccc2c2nc(SCC(=O)NC3CCCCC3)n(-c3ccccc3)c(=O)c21
CCCCCCC(O)CCCCCCCCCCC(=O)OC.CCCCN,CCCCCCC(O)CCCCCCCCCCC(=O)NCCCC
CC1(C)CC(OCCBr)CC(C)(C)N1.Oc1ccc(-c2nc3ccccc3o2)cc1,CC1(C)CC(OCCOc2ccc(-c3nc4ccccc4o3)cc2)CC(C)(C)N1
CC[P+](c1ccccc1)(c1ccccc1)c1ccccc1.COCOc1cccc(C=O)c1,CC=Cc1cccc(OCOC)c1
OCCc1ccc(Nc2nc(-c3cccc(Cl)c3)nc3c2CCC3)cc1,O=CCc1ccc(Nc2nc(-c3cccc(Cl)c3)nc3c2CCC3)cc1
CC(C)(C)OC(=O)Nn1cccc1.FC(F)(F)c1ccc(CCl)cc1,CC(C)(C)OC(=O)N(Cc1ccc(C(F)(F)F)cc1)n1cccc1
CSc1cncc(-c2nc(=O)c3ccccc3s2)n1.O=C(OO)c1cccc(Cl)c1,CS(=O)c1cncc(-c2nc(=O)c3ccccc3s2)n1
COc1cc([N+](=O)[O-])ccc1C#N,N#Cc1ccc([N+](=O)[O-])cc1O
CC(C)(C)OC(=O)OC(=O)OC(C)(C)C.NCc1cc(Br)ccc1F,CC(C)(C)OC(=O)NCc1cc(Br)ccc1F
CCCN1CC[C@@H](c2ccc(N)cc2)C1.O=S(=O)(F)c1ccc(SC(F)(F)F)cc1,CCCN1CC[C@@H](c2ccc(NS(=O)(=O)c3ccc(SC(F)(F)F)cc3)cc2)C1
COCC=O.Cc1cccc(C)c1N,COCC=Nc1c(C)cccc1C
NC1CCCCCCC1.O=Cc1ccccc1C(c1ccc(OCc2ccccc2)cc1)c1ccc(OCc2ccccc2)cc1,c1ccc(COc2ccc(C(c3ccc(OCc4ccccc4)cc3)c3ccccc3CNC3CCCCCCC3)cc2)cc1
CC#CCn1c(=O)n(C)c2ccnc(Cl)c21.CC(C)(C)OC(=O)N1CCNCC1,CC#CCn1c(=O)n(C)c2ccnc(N3CCN(C(=O)OC(C)(C)C)CC3)c21
O=C(c1ccc(F)cc1)N1CCC[C@H](O)C1.O=C=Nc1cccc(F)c1,O=C(Nc1cccc(F)c1)O[C@H]1CCCN(C(=O)c2ccc(F)cc2)C1
O=C(Cl)Oc1ccc(Oc2ccc(C(F)(F)F)cn2)cc1.O=C1CCCN1C1CCNCC1,O=C(Oc1ccc(Oc2ccc(C(F)(F)F)cn2)cc1)N1CCC(N2CCCC2=O)CC1
CCOC(=O)c1cn(C2CC2)c2c(F)c(N3CCOC3)c(F)cc2c1=O,O=C(O)c1cn(C2CC2)c2c(F)c(N3CCOC3)c(F)cc2c1=O
CC(NC(=O)c1coc(Cl)n1)c1cc(F)c(NS(C)(=O)=O)c(F)c1.CC(c1cccc(O)c1)C(F)(F)F,CC(NC(=O)c1coc(Oc2cccc(C(C)C(F)(F)F)c2)n1)c1cc(F)c(NS(C)(=O)=O)c(F)c1
COC(=O)C[C@@H]1COc2cc(O[C@@H]3CCc4c(B5OC(C)(C)C(C)(C)O5)ccc(F)c43)ccc21.Cc1cc(OC2CCOCC2)cc(C)c1Br,COC(=O)C[C@@H]1COc2cc(O[C@@H]3CCc4c(-c5c(C)cc(OC6CCOCC6)cc5C)ccc(F)c43)ccc21
NC(=O)C(=C1Nc2ccc([N+](=O)[O-])cc2S1)c1nccc(C(F)(F)F)n1,NC(=O)C(=C1Nc2ccc(N)cc2S1)c1nccc(C(F)(F)F)n1
CC(C)(C)OC(=O)N1CCC(OS(C)(=O)=O)CC1.O=c1cc(O)cc[nH]1,CC(C)(C)OC(=O)N1CCC(Oc2cc[nH]c(=O)c2)CC1
CCOC(=O)/C=C/c1csc(NC2CCN(C(=O)c3ccc(Cl)cc3)C2)n1,O=C(O)/C=C/c1csc(NC2CCN(C(=O)c3ccc(Cl)cc3)C2)n1
Cc1nnc(N)s1.O=C(OCc1ccccc1)C(CCc1ccccc1)CC1(C(=O)O)CCCC1,Cc1nnc(NC(=O)C2(CC(CCc3ccccc3)C(=O)OCc3ccccc3)CCCC2)s1
CC(C)(C)OC(=O)OC(=O)OC(C)(C)C.COC(=O)c1ccc(C[C@@H]2CC[C@H]([C@H](O[Si](C)(C)C(C)(C)C)c3ccccc3)N2)cc1,COC(=O)c1ccc(C[C@@H]2CC[C@H]([C@H](O[Si](C)(C)C(C)(C)C)c3ccccc3)N2C(=O)OC(C)(C)C)cc1
CC1(C)OB(C2=CCCOC2)OC1(C)C.NC1=N[C@@]2(CCO1)c1cc(N)ccc1Oc1c2cc(Cl)nc1F,NC1=N[C@@]2(CCO1)c1cc(N)ccc1Oc1c2cc(C2=CCCOC2)nc1F
COC(=O)[C@@H]1[C@@H](O)CCN1C(=O)OC(C)(C)C.O=C(O)c1ccccc1,COC(=O)[C@@H]1[C@H](OC(=O)c2ccccc2)CCN1C(=O)OC(C)(C)C
CNCCOC.Nc1cc(Cl)ccc1[N+](=O)[O-],COCCN(C)c1ccc([N+](=O)[O-])c(N)c1
CCOC(=O)COC1CC2COCC(C1)N2C(=O)OCc1ccccc1,CCOC(=O)COC1CC2COCC(C1)N2
CS(=O)(=O)Cl.NC1CCCc2ccc([N+](=O)[O-])cc21,CS(=O)(=O)NC1CCCc2ccc([N+](=O)[O-])cc21
CC(C)(C)c1cc(N)n(-c2ccc(Cl)c(O)c2)n1.OCCOC1CCCCO1,CC(C)(C)c1cc(N)n(-c2ccc(Cl)c(OCCOC3CCCCO3)c2)n1
CCCC1CN(C)CC=C1c1ccc(Cl)cc1.O,CCCC1CN(C)CC(O)C1c1ccc(Cl)cc1
CN(CCO)Cc1ccc(N)cn1.O=C(Cl)Oc1ccccc1,CN(CCO)Cc1ccc(NC(=O)Oc2ccccc2)cn1
CC(=O)Cl.Cc1c(C(=O)OCc2ccccc2)sc(N)c1C(=O)OC(C)(C)C,CC(=O)Nc1sc(C(=O)OCc2ccccc2)c(C)c1C(=O)OC(C)(C)C
Cc1c(C=O)c[nH]c1-c1ccccc1.O=S(=O)(Cl)c1cccc2c1OCCO2,Cc1c(C=O)cn(S(=O)(=O)c2cccc3c2OCCO3)c1-c1ccccc1
COCCCCC#Cc1ccc([C@@H]2CC[C@](N)(C(=O)OC)C2)cc1,COCCCCCCc1ccc([C@@H]2CC[C@](N)(C(=O)OC)C2)cc1
COC(=O)c1cc(NC(=O)OCc2ccccc2)nn1C,COC(=O)c1cc(N)nn1C
CC(C)(C)OC(=O)N1CCC(CN)CC1.Cc1cc(C(=O)O)nn1Cc1cc(Cl)cc2cc(-c3ccccc3Cl)oc12,Cc1cc(C(=O)NCC2CCN(C(=O)OC(C)(C)C)CC2)nn1Cc1cc(Cl)cc2cc(-c3ccccc3Cl)oc12
Nc1ccc2[nH]nc(I)c2c1.O=S(=O)(Cl)c1cccc(F)c1,O=S(=O)(Nc1ccc2[nH]nc(I)c2c1)c1cccc(F)c1
CCOC(=O)c1cnc(C(C)(C)C)nc1Cl.OB(O)c1cccc(F)c1,CCOC(=O)c1cnc(C(C)(C)C)nc1-c1cccc(F)c1
CC(C)(C)OC(=O)N1C[C@H]2NC(=O)c3c(cccc3C(F)(F)F)[C@@H]2C1.CI,CN1C(=O)c2c(cccc2C(F)(F)F)[C@@H]2CN(C(=O)OC(C)(C)C)C[C@H]21
CCCCCCc1c(C(=O)c2cccc(C(=O)OC)c2)c2cc(Cl)ccc2n1C,CCCCCCc1c(C(=O)c2cccc(C(=O)O)c2)c2cc(Cl)ccc2n1C
CCOC(=O)c1nnn(-c2ccc(F)c(Cl)c2)c1C.Nc1ccnc(Cl)c1,Cc1c(C(=O)Nc2ccnc(Cl)c2)nnn1-c1ccc(F)c(Cl)c1
COC(=O)c1ccc(F)c(Br)n1.O=Cc1ccc(F)c(B(O)O)c1F,COC(=O)c1ccc(F)c(-c2c(F)ccc(C=O)c2F)n1
COC(=O)CCC(C(N)=O)N1Cc2cccc(OC(=O)c3ccc(CN4CCN(C(=O)OC(C)(C)C)CC4)cc3)c2C1,CC(C)(C)OC(=O)N1CCN(Cc2ccc(C(=O)Oc3cccc4c3CN(C3CCC(=O)NC3=O)C4)cc2)CC1
CCN1CCN(C(=O)Cl)C(=O)C1=O.C[C@H](OCc1ccccc1)[C@@H](N)C(=O)O,CCN1CCN(C(=O)N[C@@H](C(=O)O)[C@H](C)OCc2ccccc2)C(=O)C1=O
Nc1ccncc1.O=C(NC1CCOc2cc(C(=O)O)ccc21)OCc1ccccc1,O=C(NC1CCOc2cc(C(=O)Nc3ccncc3)ccc21)OCc1ccccc1
C=CCC(C#N)(CC=C)c1cccc(C)c1,Cc1cccc(C2(C#N)CC=CC2)c1
Cc1c2n(c3c(Br)cc(C#N)cc13)CCCNC2=O.OB(O)c1ccc(Cl)cc1,Cc1c2n(c3c(-c4ccc(Cl)cc4)cc(C#N)cc13)CCCNC2=O
CCOC(=O)N[C@H](C(=O)N1CCC[C@H]1C(=O)NCc1ccc2c(N)nccc2c1)C(C)(C)SCC(=O)OC(C)(C)C,CCOC(=O)N[C@H](C(=O)N1CCC[C@H]1C(=O)NCc1ccc2c(N)nccc2c1)C(C)(C)SCC(=O)O
BrCc1ccccc1.Brc1ccc2[nH]c3c(c2c1)CCCC3,Brc1ccc2c(c1)c1c(n2Cc2ccccc2)CCCC1
CC(=O)c1ccc(Nc2ncc(Cl)c(NC3CC3)n2)cc1.OCCO,CC1(c2ccc(Nc3ncc(Cl)c(NC4CC4)n3)cc2)OCCO1
CCOc1cc2[nH]ncc2cc1Nc1ncnc2sc3c(c12)CCC(C(=O)O)C3.CNCCOC,CCOc1cc2[nH]ncc2cc1Nc1ncnc2sc3c(c12)CCC(C(=O)N(C)CCOC)C3
CC(C)OCCO.CC1(C)OB(c2ccc(O)cc2)OC1(C)C,CC(C)OCCOc1ccc(B2OC(C)(C)C(C)(C)O2)cc1
CS(=O)(=O)c1cccc(C(=O)O)c1,CS(=O)(=O)c1cccc(CO)c1
Cc1cn([C@H]2C[C@H](O)[C@@H](CN=[N+]=[N-])O2)c(=O)[nH]c1=O,Cc1cn([C@H]2C[C@H](O)[C@@H](CN)O2)c(=O)[nH]c1=O
CON(C)C(=O)c1cc(Cl)nc(Cl)c1.[CH3][Mg+],CC(=O)c1cc(Cl)nc(Cl)c1
C=CCn1nc(-c2ccc(OC)cc2C)c2cccc(C(F)(F)F)c21,C=CCn1nc(-c2ccc(O)cc2C)c2cccc(C(F)(F)F)c21
CCCCCCC(C)(C)c1ccc(Br)c(O)c1.OB(O)c1cc(Cl)cc(Cl)c1,CCCCCCC(C)(C)c1ccc(-c2cc(Cl)cc(Cl)c2)c(O)c1
COC(=O)[C@](C)(NC(=O)c1ccc(F)cc1NC(=O)Nc1c(C)cc(C)cc1C)C1CCCCC1,Cc1cc(C)c(NC(=O)Nc2cc(F)ccc2C(=O)N[C@@](C)(C(=O)O)C2CCCCC2)c(C)c1
CCc1cnc(OC2CCC(C(=O)O)CC2)nc1.CS(=O)(=O)N1CCN(C(=O)CCCN)CC1,CCc1cnc(OC2CCC(C(=O)NCCCC(=O)N3CCN(S(C)(=O)=O)CC3)CC2)nc1
Cc1nc(-n2ccc(OCc3ccccc3)cc2=O)sc1C(=O)O.NCc1ccc(C(F)(F)F)nc1,Cc1nc(-n2ccc(OCc3ccccc3)cc2=O)sc1C(=O)NCc1ccc(C(F)(F)F)nc1
Nc1ccc(CCO)cc1.O=[N+]([O-])c1cc(Cl)c(Cl)nc1Cl,O=[N+]([O-])c1cc(Cl)c(Cl)nc1Nc1ccc(CCO)cc1
CCCC[C@H](NC(=O)[C@H](CC(C)C)NC(=O)OCc1ccccc1Cl)C(=O)OC,CCCC[C@@H](CO)NC(=O)[C@H](CC(C)C)NC(=O)OCc1ccccc1Cl
C1CNCCN1.CC(C)Cn1c(CCl)nc2c(N)nc3ccccc3c21,CC(C)Cn1c(CN2CCNCC2)nc2c(N)nc3ccccc3c21
CC1(C)OB(Cc2ccccc2)OC1(C)C.Cn1nc(-c2ccccc2OS(=O)(=O)C(F)(F)F)ccc1=O,Cn1nc(-c2ccccc2Cc2ccccc2)ccc1=O
COc1ccc2c(Cl)cc(=O)oc2c1OC1CCCC1.Nc1c(Cl)cccc1C(F)(F)F,COc1ccc2c(Nc3c(Cl)cccc3C(F)(F)F)cc(=O)oc2c1OC1CCCC1
CCCCCS(N)(=O)=O.N#CCCCOc1ccc(/C=C/C(=O)O)c(Oc2ncc(C(F)(F)F)cc2Cl)c1,CCCCCS(=O)(=O)NC(=O)/C=C/c1ccc(OCCCC#N)cc1Oc1ncc(C(F)(F)F)cc1Cl
CCOC(=O)[C@@H](N)Cc1ccccc1.C[C@H](NC(=O)OCc1ccccc1)C(=O)O,CCOC(=O)[C@H](Cc1ccccc1)NC(=O)[C@H](C)NC(=O)OCc1ccccc1
CC(C)(C)OC(=O)N1CCC(=Cc2cccc(Oc3ccc(O)cc3)c2)CC1.FC(F)(F)CI,CC(C)(C)OC(=O)N1CCC(=Cc2cccc(Oc3ccc(OCC(F)(F)F)cc3)c2)CC1
CCOC(=O)c1cc(-c2cc(NC(C)=O)ncc2C)oc1Br,CC(=O)Nc1cc(-c2cc(C(=O)O)c(Br)o2)c(C)cn1
CC(C)(C)OC(=O)N[C@@H](CC(=O)N1CCCC(c2nc3ccccc3[nH]2)C1)Cc1ccc(Cl)cc1,N[C@@H](CC(=O)N1CCCC(c2nc3ccccc3[nH]2)C1)Cc1ccc(Cl)cc1
CN.N#Cc1ccc(CBr)cc1,CNCc1ccc(C#N)cc1
COc1ccc(Oc2ncc(-c3cc(C(C)N4C(=O)c5ccccc5C4=O)on3)s2)c(Cl)c1,COc1ccc(Oc2ncc(-c3cc(C(C)N)on3)s2)c(Cl)c1
CCC(C)Oc1ccc(O)cc1.COC(=O)NCCCl,CCC(C)Oc1ccc(OCCNC(=O)OC)cc1
CCOC(=O)/C=C/c1cc(Br)c(F)cc1N.SCc1ccccc1,CCOC(=O)/C=C/c1cc(SCc2ccccc2)c(F)cc1N
C1CCNC1.Cc1[nH]c2ccc(CCOS(C)(=O)=O)cc2c1C(=O)OCc1ccccc1,Cc1[nH]c2ccc(CCN3CCCC3)cc2c1C(=O)OCc1ccccc1
CN1CCCNCC1.O=C(O)CC1CCN(c2ncc(-c3ccccc3)cc2NC(=O)c2cccc(Cl)c2)CC1,CN1CCCN(C(=O)CC2CCN(c3ncc(-c4ccccc4)cc3NC(=O)c3cccc(Cl)c3)CC2)CC1
COC(=O)/C(I)=C\C1CCCC1.Cc1nnnn1-c1ccc(I)cc1Cl,COC(=O)/C(=C/C1CCCC1)c1ccc(-n2nnnc2C)c(Cl)c1
COC(=O)c1ccc2[nH]ccc2c1.Cc1ccc(S(=O)(=O)Cl)cc1,COC(=O)c1ccc2c(ccn2S(=O)(=O)c2ccc(C)cc2)c1
COc1cc(-c2ccccc2)cc(-c2ccccc2)c1,Oc1cc(-c2ccccc2)cc(-c2ccccc2)c1
COC(=O)c1ccc(OCCc2c(C=CC(=O)O)n(C(c3ccccc3)c3ccccc3)c3ccc(Cl)cc23)cc1,COC(=O)c1ccc(OCCc2c(CCC(=O)O)n(C(c3ccccc3)c3ccccc3)c3ccc(Cl)cc23)cc1
CC(C)(C)OC(=O)N1CCNCC1.N#Cc1cc([N+](=O)[O-])ccc1F,CC(C)(C)OC(=O)N1CCN(c2ccc([N+](=O)[O-])cc2C#N)CC1
C[NH3+].O=Cc1cc(-c2ccc(F)cc2)n(S(=O)(=O)c2ccc(C(F)(F)F)cc2)c1,CNCc1cc(-c2ccc(F)cc2)n(S(=O)(=O)c2ccc(C(F)(F)F)cc2)c1
CCN(CC)c1cccc2nc(C(O)c3ccc(Cl)cc3Cl)n(CCCO)c12,CCN(CC)c1cccc2nc(C(=O)c3ccc(Cl)cc3Cl)n(CCCO)c12
CCCCC(C)=O.O=CC(=O)O,CCCC(=CC(=O)O)C(C)=O
CC(C)(C)OC(=O)N1CCNCC1.N#Cc1ccc(F)c(F)c1,CC(C)(C)OC(=O)N1CCN(c2ccc(C#N)cc2F)CC1
FC(F)(F)c1ccc(-c2cncc(CCl)c2)cc1.Oc1ccc(CCCCn2ccnn2)cc1,FC(F)(F)c1ccc(-c2cncc(COc3ccc(CCCCn4ccnn4)cc3)c2)cc1
CCOC(=O)CCCCCCBr.COc1cc2ncnc(Nc3ccc(F)c(Cl)c3)c2cc1O,CCOC(=O)CCCCCCOc1cc2c(Nc3ccc(F)c(Cl)c3)ncnc2cc1OC
CC(C)(C)OC(=O)N1CC=C(OS(=O)(=O)C(F)(F)F)C(C)(C)C1.COc1ccccc1-c1cc2cc(B3OC(C)(C)C(C)(C)O3)ccc2[nH]1,COc1ccccc1-c1cc2cc(C3=CCN(C(=O)OC(C)(C)C)CC3(C)C)ccc2[nH]1
CN1CCc2sccc2C(O)C1.Fc1cccc(Br)c1Cl,CN1CCc2sccc2C(Oc2cccc(Br)c2Cl)C1
CCCNC.O=C(O)c1cncc(C(=O)O)c1,CCCN(C)C(=O)c1cncc(C(=O)O)c1
C1CCNC1.Clc1nc(NCc2ccccc2)c2ccccc2n1,c1ccc(CNc2nc(N3CCCC3)nc3ccccc23)cc1
O=[N+]([O-])CC(O)c1ccc(F)cc1,NCC(O)c1ccc(F)cc1
NC1=N[C@@]2(COC1)c1cc(Br)ccc1Oc1ccc(I)cc12.OB(O)c1ccnc(F)c1,NC1=N[C@@]2(COC1)c1cc(Br)ccc1Oc1ccc(-c3ccnc(F)c3)cc12
CC(C)(C)OC(=O)N[C@@H]1CCNC1.O=C1CCC2(CC1)OCCO2,CC(C)(C)OC(=O)N[C@@H]1CCN(C2CCC3(CC2)OCCO3)C1
CCOC(=O)c1cn(CC2CCNC2)c2ccc(I)cc2c1=O.ClCC1CCCO1,CCOC(=O)c1cn(CC2CCN(CC3CCCO3)C2)c2ccc(I)cc2c1=O
CN(Cc1c[nH]c(-c2cccnc2F)c1F)C(=O)OC(C)(C)C.O=S(=O)(Cl)c1ccc(OCc2ccccc2)cc1,CN(Cc1cn(S(=O)(=O)c2ccc(OCc3ccccc3)cc2)c(-c2cccnc2F)c1F)C(=O)OC(C)(C)C
COc1cccc(Cl)c1N,Nc1c(O)cccc1Cl
CCNc1cc(-c2ccc3ncc4c(c3c2)n(-c2cn(C)nc2C)c(=O)n4C)cnc1CO.CI,CCNc1cc(-c2ccc3ncc4c(c3c2)n(-c2cn(C)nc2C)c(=O)n4C)cnc1COC
COC(=O)CCNS(=O)(=O)c1ccccc1[N+](=O)[O-],O=C(O)CCNS(=O)(=O)c1ccccc1[N+](=O)[O-]
NC(=O)C[C@H](N)C(=O)O.O=C(O)c1ccc2ccccc2n1,NC(=O)C[C@H](NC(=O)c1ccc2ccccc2n1)C(=O)O
Cc1ccccc1CCl.Cc1nc2c(N)cc(C(N)=O)cn2c1C,Cc1ccccc1CNc1cc(C(N)=O)cn2c(C)c(C)nc12
CC(C)=O.N[C@H](CNc1nnc(-c2ccc3c(c2)CC(=O)N3)s1)Cc1ccc(C(F)(F)F)cc1,CC(C)=C1C(=O)Nc2ccc(-c3nnc(NC[C@@H](N)Cc4ccc(C(F)(F)F)cc4)s3)cc21
CC(C)[C@@H]1CNCCN1.CC1(C)Cc2c(C#N)c(OS(=O)(=O)C(F)(F)F)nc(C3CC3)c2CO1,CC(C)[C@@H]1CN(c2nc(C3CC3)c3c(c2C#N)CC(C)(C)OC3)CCN1
COc1cc(N)cc(OC)c1.O=S(=O)(Cl)CCCCl,COc1cc(NS(=O)(=O)CCCCl)cc(OC)c1
COc1cc(C=O)cc(OC)c1OC.C[C@]12CC[C@@H]3c4ccc(O)cc4CC[C@H]3[C@@H]1CCC2=O,COc1cc(C=C2CC3C4CCc5cc(O)ccc5C4CCC3(C)C2=O)cc(OC)c1OC
CC(=O)C(C)C=CC1CCC(C)C1(C)C,CC(O)C(C)C=CC1CCC(C)C1(C)C
CCOC(=O)Cc1ccc(N)cc1.O=[N+]([O-])c1c(Cl)ncnc1Cl,CCOC(=O)Cc1ccc(Nc2ncnc(Cl)c2[N+](=O)[O-])cc1
CC(C)(CNCC(F)(F)F)n1cnc(N)c1.CCCC(NC1CCc2cc(F)cc(F)c2C1)C(=O)O,CCCC(NC1CCc2cc(F)cc(F)c2C1)C(=O)Nc1cn(C(C)(C)CNCC(F)(F)F)cn1
O=[N+]([O-])c1cc(F)ccc1NCCCO,Nc1cc(F)ccc1NCCCO
CCCCCCCCC(C#N)(CO)c1ccc(Cl)cc1Cl.CS(=O)(=O)Cl,CCCCCCCCC(C#N)(COS(C)(=O)=O)c1ccc(Cl)cc1Cl
Nc1ccc2c(c1)NC(=O)/C2=C(\Nc1ccc(CN2CCCCC2)cc1)c1ccccc1.O=C(O)Cc1ccccc1,O=C(Cc1ccccc1)Nc1ccc2c(c1)NC(=O)/C2=C(\Nc1ccc(CN2CCCCC2)cc1)c1ccccc1
CCOC(=O)C1C2CCC(C(C)(C)C)CC21,CC(C)(C)C1CCC2C(C1)C2C(=O)O
CCC(N)c1ccccc1.Cc1nc(NC(=O)c2ccccc2)sc1C(=O)O,CCC(NC(=O)c1sc(NC(=O)c2ccccc2)nc1C)c1ccccc1
CC(=O)N1CCNCC1.CCOc1cc(C(F)(F)F)ccc1C1=NC(C)(c2ccc(Cl)cc2)C(C)(c2ccc(Cl)cc2)N1C(=O)Cl,CCOc1cc(C(F)(F)F)ccc1C1=N[C@@](C)(c2ccc(Cl)cc2)[C@@](C)(c2ccc(Cl)cc2)N1C(=O)N1CCN(C(C)=O)CC1
CC(C)(C)OC(=O)N(N)C(=O)c1ccc(Cc2cc3cc(C(F)(F)F)ccc3n2S(=O)(=O)c2cccc(C(C)(C)C)c2)cc1,CC(C)(C)c1cccc(S(=O)(=O)n2c(Cc3ccc(C(=O)NN)cc3)cc3cc(C(F)(F)F)ccc32)c1
Nc1ccccc1S(N)(=O)=O.O=S(=O)(Cl)c1cccc(Cl)c1F,NS(=O)(=O)c1ccccc1NS(=O)(=O)c1cccc(Cl)c1F
C1CNCCN1.CCOc1cccc(-n2c(Cl)c(C=O)c3ccccc32)c1,CCOc1cccc(-n2c(N3CCNCC3)c(C=O)c3ccccc32)c1
C=[CH][Mg+].O=CC1CCN(C(=O)c2ccccc2)CC1,C=CC(O)C1CCN(C(=O)c2ccccc2)CC1
C=CCN(CC=C)S(=O)(=O)c1nc[nH]n1.CCN(CC)C(=O)Cl,C=CCN(CC=C)S(=O)(=O)c1ncn(C(=O)N(CC)CC)n1
ClCCCBr.O=c1[nH]c2cc([N+](=O)[O-])ccc2o1,O=c1oc2ccc([N+](=O)[O-])cc2n1CCCCl
CC/C=C\C/C=C\C/C=C\C/C=C\C/C=C\CCCC(=O)O.OC[C@@H]1[C@@H](O)[C@H](O)[C@@H](O)CN1CCCCl,CC/C=C\C/C=C\C/C=C\C/C=C\C/C=C\CCCC(=O)OCCCN1CC(O)C(O)[C@H](O)C1CO
COc1cc([C@@H](C)N[C@H]2CC[C@@H](c3ccc(OCC(=O)O)cc3)C2)ccc1F.OCCN1CCNCC1,COc1cc([C@@H](C)N[C@H]2CC[C@@H](c3ccc(OCC(=O)N4CCN(CCO)CC4)cc3)C2)ccc1F
O=C(O)c1ccc(B(O)O)c(F)c1.Oc1ccc2cc(Br)ccc2c1F,O=C(O)c1ccc(-c2ccc3c(F)c(O)ccc3c2)c(F)c1
CC(C)(C)OC(=O)N1CC(OS(C)(=O)=O)C1.Nc1ncnc2[nH]nc(I)c12,CC(C)(C)OC(=O)N1CC(n2nc(I)c3c(N)ncnc32)C1
CN1CCN(CCCN)CC1.Cc1cnc(Cl)nc1-c1cc2ccc(NC(=O)OC(C)(C)C)cc2s1,Cc1cnc(NCCCN2CCN(C)CC2)nc1-c1cc2ccc(NC(=O)OC(C)(C)C)cc2s1
COC(=O)c1ccc(OCCCC2CCN(C(=O)OC(C)(C)C)CC2)cc1F,COC(=O)c1ccc(OCCCC2CCNCC2)cc1F
BrC(Br)(Br)Br.COC(=O)C(C)(C)Cc1ccc(CCO)cc1,COC(=O)C(C)(C)Cc1ccc(CCBr)cc1
CC(=O)OO.COC(=O)C1=C(Cc2ccc(Cl)cc2)CCC1(C)C,COC(=O)C12OC1(Cc1ccc(Cl)cc1)CCC2(C)C
Cc1ccc(S(=O)(=O)Cl)cc1.O=S1CCCC(O)C1,Cc1ccc(S(=O)(=O)OC2CCCS(=O)C2)cc1
COc1ccc(CNc2nccs2)cc1.O=[N+]([O-])c1ccc(S(=O)(=O)Cl)cc1F,COc1ccc(CN(c2nccs2)S(=O)(=O)c2ccc([N+](=O)[O-])c(F)c2)cc1
CC(C)(C)OC(=O)N1CCN(CC(=O)N2CCC(=O)CC2)CC1.C[S+](C)(C)=O,CC(C)(C)OC(=O)N1CCN(CC(=O)N2CCC3(CC2)CO3)CC1
COC(=O)c1ccccc1CBr.O=C(O)CCc1ccc(S)cc1,COC(=O)c1ccccc1CSc1ccc(CCC(=O)O)cc1
CC(C)(C)OC(=O)N1CCC(N)CC1.Fc1ccc(-c2cnc(Cl)o2)cc1,CC(C)(C)OC(=O)N1CCC(Nc2ncc(-c3ccc(F)cc3)o2)CC1
O=c1[nH]c2cc(C(F)(F)F)cc(Br)c2[nH]1.OB(O)c1cc(F)c(F)c(F)c1,O=c1[nH]c2cc(C(F)(F)F)cc(-c3cc(F)c(F)c(F)c3)c2[nH]1
COc1cc(-c2cnc3[nH]cc(I)c3n2)cc(OC)c1OC.Cc1ccc(S(=O)(=O)Cl)cc1,COc1cc(-c2cnc3c(n2)c(I)cn3S(=O)(=O)c2ccc(C)cc2)cc(OC)c1OC
CCOC(=O)C1CCC(O)CC1.O=C(NC1C2CC3CC(C2)CC1C3)c1ccc(O)cc1,CCOC(=O)C1CCC(Oc2ccc(C(=O)NC3C4CC5CC(C4)CC3C5)cc2)CC1
CN(C)Cc1ccnc(CCCC#N)c1,CN(C)Cc1ccnc(CCCCN)c1
COc1nc(Cl)ncc1Br.Cc1cc(C)cc(N)c1,COc1nc(Nc2cc(C)cc(C)c2)ncc1Br
COC(=O)c1csc(Br)c1.Cn1nccc1B1OC(C)(C)C(C)(C)O1,COC(=O)c1csc(-c2ccnn2C)c1
COC(=O)c1cc(F)ccc1N.O=C1CCC2(CC1)OCCO2,COC(=O)c1cc(F)ccc1NC1CCC2(CC1)OCCO2
COC(=O)[C@H](C(C)C)N1Cc2ccc(-c3ccc(NC(=O)Nc4ccc(Oc5ccccc5)cc4)cc3)cc2C1=O,CC(C)[C@@H](C(=O)O)N1Cc2ccc(-c3ccc(NC(=O)Nc4ccc(Oc5ccccc5)cc4)cc3)cc2C1=O
OCCCBr.Oc1ccc(OCC=C(Cl)Cl)cc1,OCCCOc1ccc(OCC=C(Cl)Cl)cc1
Nc1ccncc1.O=C(O)[C@@H]1CC[C@@H]2CN1C(=O)N2OCc1ccccc1,O=C(Nc1ccncc1)[C@@H]1CC[C@@H]2CN1C(=O)N2OCc1ccccc1
CC1(C)OB(c2ccc(N)cc2F)OC1(C)C.Nc1ncc(Br)cc1I,Nc1ccc(-c2cc(Br)cnc2N)c(F)c1
O=C(Cl)c1ccc(C(=O)c2ccccc2)cc1.c1ccc2c(c1)CNc1ccccc1O2,O=C(c1ccccc1)c1ccc(C(=O)N2Cc3ccccc3Oc3ccccc32)cc1
CC(=O)OCc1cccc(C(N)=O)n1,CC(=O)OCc1cccc(C#N)n1
COc1ccc(CN(C)C(=O)c2ccc(C#N)cc2)cc1,CN(Cc1ccc(O)cc1)C(=O)c1ccc(C#N)cc1
CC1CN(S(=O)(=O)c2ccc3ccccc3c2)C(C)CN1.O=C(Cl)C1CCN(c2ccncc2)CC1,CC1CN(S(=O)(=O)c2ccc3ccccc3c2)C(C)CN1C(=O)C1CCN(c2ccncc2)CC1
C[C@H]1COCCN1c1cc(C2(S(=O)(=O)C3CCOC3)CC2)nc(-c2ccc(N)cc2)n1.O=C(Cl)Oc1ccccc1,C[C@H]1COCCN1c1cc(C2(S(=O)(=O)C3CCOC3)CC2)nc(-c2ccc(NC(=O)Oc3ccccc3)cc2)n1
CCN.O=c1n(Cc2ccc(C(F)(F)F)nc2Cl)nc2c(-c3ccncc3)c(-c3ccc(Cl)cc3)ccn12,CCNc1nc(C(F)(F)F)ccc1Cn1nc2c(-c3ccncc3)c(-c3ccc(Cl)cc3)ccn2c1=O
CCOC(=O)c1cc2ccccc2n1CCc1ccc(Cl)cc1,O=C(O)c1cc2ccccc2n1CCc1ccc(Cl)cc1
CC(CSC(=O)c1ccccc1)C(=O)Cl.O=C(O)C1Cc2ccccc2CN1,CC(CSC(=O)c1ccccc1)C(=O)N1Cc2ccccc2CC1C(=O)O
CC(=O)NNC(=O)[C@H]1C[C@H]2CSC(NC(=O)c3ccccc3)=N[C@@]2(c2ccc(F)cc2F)CO1,Cc1nnc([C@H]2C[C@H]3CSC(NC(=O)c4ccccc4)=N[C@@]3(c3ccc(F)cc3F)CO2)o1
CCC[CH2][Sn]([CH2]CCC)([CH2]CCC)[c]1cc2cc(C=O)ccc2o1.Cc1c(Nc2c(I)cncc2C#N)cc(Cl)c2[nH]ccc12,Cc1c(Nc2c(C#N)cncc2-c2cc3cc(C=O)ccc3o2)cc(Cl)c2[nH]ccc12
CN(C)N=CNc1ccc(C(=O)O)cc1.N=C(N)c1ccc2c(CC(N)=O)c(O)ccc2c1,CN(C)N=CNc1ccc(C(=O)Oc2ccc3cc(C(=N)N)ccc3c2CC(N)=O)cc1
C[C@@H]1CN(C(=O)OC(C)(C)C)CCN1c1ccc([N+](=O)[O-])cc1Cl,C[C@@H]1CNCCN1c1ccc([N+](=O)[O-])cc1Cl
O=C(NC1=N[C@@]2(c3cccc(F)c3F)CO[C@H](CF)[C@H]2CS1)c1ccccc1,NC1=N[C@@]2(c3cccc(F)c3F)CO[C@H](CF)[C@H]2CS1
CC(C)(C)OC(=O)N1CC[C@@H](NCc2ccccc2C(F)(F)F)[C@H](F)C1,F[C@@H]1CNCC[C@H]1NCc1ccccc1C(F)(F)F
COCCCNc1nc(C(C)(C)C)ncc1C(=O)N(CC(C)C)[C@H]1C[C@@H](C(=O)N2CCN(C)CC2)CN(C(=O)OC(C)(C)C)C1,COCCCNc1nc(C(C)(C)C)ncc1C(=O)N(CC(C)C)[C@@H]1CNC[C@H](C(=O)N2CCN(C)CC2)C1
C1COCCN1.COC(=O)c1cnn(-c2cccc(Br)c2)c1C1CCCCC1,COC(=O)c1cnn(-c2cccc(N3CCOCC3)c2)c1C1CCCCC1
CN(C)S(=O)(=O)Cl.Nc1cccc(C=C2c3ccccc3CCc3ccccc32)c1,CN(C)S(=O)(=O)Nc1cccc(C=C2c3ccccc3CCc3ccccc32)c1
CCn1cccc(CNN2CCC(C)=C(CC(=O)NCc3c(C)cc(NC(=O)OC(C)(C)C)nc3CO)C2=O)c1=O,CCn1cccc(CNN2CCC(C)=C(CC(=O)NCc3c(C)cc(N)nc3CO)C2=O)c1=O
CCOC(=O)c1nn(N)c(=O)c2ccccc12.O=C(Cl)Cc1ccc(Cl)cc1,CCOC(=O)c1nn(NC(=O)Cc2ccc(Cl)cc2)c(=O)c2ccccc12
COC(=O)c1ccc(C#N)c([N+](=O)[O-])c1.N,N#Cc1ccc(C(N)=O)cc1[N+](=O)[O-]
CCOC(=O)CCC(CCCCN(C(=O)OC(C)(C)C)S(=O)(=O)c1ccc(Cl)cc1)CCOc1cccnc1,CCOC(=O)CCC(CCCCNS(=O)(=O)c1ccc(Cl)cc1)CCOc1cccnc1
COC(=O)c1ccc2cc(-c3c(Cl)cccc3Cl)[nH]c2c1,O=C(O)c1ccc2cc(-c3c(Cl)cccc3Cl)[nH]c2c1
O=C(c1ccccc1)C(F)CC(F)N1CCC(O)(c2ccc(Cl)cc2)CC1.OC1(c2ccc(Cl)cc2)CCNCC1,O=C(c1ccccc1)C(F)CC(N1CCC(O)(c2ccc(Cl)cc2)CC1)N1CCC(O)(c2ccc(Cl)cc2)CC1
O=Cc1ccc(-c2noc(-c3nnn(-c4ccccc4F)c3-c3ccncc3)n2)cc1.OCC1CCNCC1,OCC1CCN(Cc2ccc(-c3noc(-c4nnn(-c5ccccc5F)c4-c4ccncc4)n3)cc2)CC1
CC(C)C(=O)Nc1cccc(C2CCN(CC[C@H](N)c3ccccc3)CC2)c1.O=C(Cl)c1cc(Cl)cc(Cl)c1,CC(C)C(=O)Nc1cccc(C2CCN(CC[C@H](NC(=O)c3cc(Cl)cc(Cl)c3)c3ccccc3)CC2)c1
CC(C)(C)OC(=O)NC1(c2ccc(-c3c(-c4ccccc4)oc4c(ccc5nc(C(F)F)[nH]c54)c3=O)cc2)CCC1,NC1(c2ccc(-c3c(-c4ccccc4)oc4c(ccc5nc(C(F)F)[nH]c54)c3=O)cc2)CCC1
CC(C)COc1ccc(N2CCN(CCC(=O)O)CC2)cc1.O=[N+]([O-])c1ccc(NC2CCNCC2)cc1C(F)(F)F,CC(C)COc1ccc(N2CCN(CCC(=O)N3CCC(Nc4ccc([N+](=O)[O-])c(C(F)(F)F)c4)CC3)CC2)cc1
COc1ccccc1C1(CN[C@@H](C)C(=O)N(C)C)C(=O)Nc2ccc(C#N)cc21.O=S(=O)(Cl)c1ccc(OC(F)(F)F)cc1,COc1ccccc1C1(CN[C@@H](C)C(=O)N(C)C)C(=O)N(S(=O)(=O)c2ccc(OC(F)(F)F)cc2)c2ccc(C#N)cc21
C[C@]12CC[C@@H]3c4ccc(B(O)O)cc4CC[C@H]3[C@@H]1C/C(=C\c1cccc(C(N)=O)c1)C2=O,C[C@]12CC[C@@H]3c4ccc(B(O)O)cc4CC[C@H]3[C@@H]1C/C(=C\c1cccc(C(N)=O)c1)[C@@H]2O
Cc1ccc(NC(=O)c2cccc(N(C)C)c2)cc1NC(=O)c1ccccc1F.NCCCN1CCOCC1,Cc1ccc(NC(=O)c2cccc(N(C)C)c2)cc1NC(=O)c1ccccc1NCCCN1CCOCC1
CC(C)(C)OC(=O)N1CCN(c2cc([N+](=O)[O-])ccc2OC(F)(F)F)CC1,CC(C)(C)OC(=O)N1CCN(c2cc(N)ccc2OC(F)(F)F)CC1
O=C(CBr)C12CCCN(CC1)C2.[N-]=[N+]=[N-],[N-]=[N+]=NCC(=O)C12CCCN(CC1)C2
COc1ccc(C(=O)Cl)c(OC)c1.NC1CN2CCC1CC2,COc1ccc(C(=O)NC2CN3CCC2CC3)c(OC)c1
O=C1Nc2c(F)cccc2C1=O,O=C1Nc2ccccc2C1=O
C=CCNCC=C.CC(C)(C)OC(=O)OC(=O)OC(C)(C)C,C=CCN(CC=C)C(=O)OC(C)(C)C
CNC.O=C(O)CC1(N2CCC(N[C@@H]3C[C@H]3c3ccccc3)CC2)CCC1,CN(C)C(=O)CC1(N2CCC(N[C@@H]3C[C@H]3c3ccccc3)CC2)CCC1
CCOP(=O)(CN)OCC.COC(=O)c1nc2c(N)ncnc2n1CCc1ccccc1,CCOP(=O)(CNC(=O)c1nc2c(N)ncnc2n1CCc1ccccc1)OCC
C=CCN.CCOC(=O)C(Cc1cc(-c2ccc(Br)cc2)n(-c2ccc(C)cc2)n1)c1cccc(C)c1,C=CCNc1ccc(-c2cc(CC(C(=O)OCC)c3cccc(C)c3)nn2-c2ccc(C)cc2)cc1
CC(C)(C)OC(=O)c1ccc(B2OC(C)(C)C(C)(C)O2)cc1.O=Cc1cn2c(Br)cnc(N3CCOCC3)c2n1,CC(C)(C)OC(=O)c1ccc(-c2cnc(N3CCOCC3)c3nc(C=O)cn23)cc1
COC(=O)C1CCC2(C=C(c3nc(-n4nnnc4C(F)(F)F)ccc3OC)CO2)C1c1ccc(F)cc1,COC(=O)[C@H]1CC[C@@]2(C[C@@H](c3nc(-n4nnnc4C(F)(F)F)ccc3OC)CO2)[C@@H]1c1ccc(F)cc1
CC(C)(C)OC(=O)N1CCC(Cn2cc(C(N)=O)cn2)CC1,NC(=O)c1cnn(CC2CCNCC2)c1
CC(C)OCCN.CCOC(=O)c1c(O)c2ncc(Cc3ccc(F)cc3)cc2n(CCN2CCCCC2=O)c1=O,CC(C)OCCNC(=O)c1c(O)c2ncc(Cc3ccc(F)cc3)cc2n(CCN2CCCCC2=O)c1=O
CC(C)COC(=O)Cl.CS(=O)(=O)Nn1c(=O)[nH]c2cc(C(F)(F)F)c([C@H]3CCCO3)cc2c1=O,CC(C)COC(=O)N(n1c(=O)[nH]c2cc(C(F)(F)F)c([C@H]3CCCO3)cc2c1=O)S(C)(=O)=O
ClCCCCCBr.Nc1c(C(=O)c2ccc(F)cc2F)ccc(=O)n1-c1c(F)cc(O)cc1F,Nc1c(C(=O)c2ccc(F)cc2F)ccc(=O)n1-c1c(F)cc(OCCCCCCl)cc1F
C=CCC(O)CCl.C=CCN,C=CCNCC(O)CC=C
O=C(Cl)C=Cc1ccc(Br)cc1.[N-]=[N+]=[N-],[N-]=[N+]=NC(=O)C=Cc1ccc(Br)cc1
CCCCc1nnc(Cl)c2cc(OC)ccc12.NC1CCN(Cc2ccc3ccccc3c2)CC1,CCCCc1nnc(NC2CCN(Cc3ccc4ccccc4c3)CC2)c2cc(OC)ccc12
C1CN(C2CC2)CCN1.O=C(Cl)c1cccc(Cn2nc(-c3nc(-c4ccc(OC(F)(F)F)cc4)no3)ccc2=O)c1,O=C(c1cccc(Cn2nc(-c3nc(-c4ccc(OC(F)(F)F)cc4)no3)ccc2=O)c1)N1CCN(C2CC2)CC1
CC1(C)CC(O)C(=O)c2ccccc21.NO,CC1(C)CC(O)C(=NO)c2ccccc21
COCCO.Cn1nc(CBr)c([N+](=O)[O-])c1Cl,COCCOCc1nn(C)c(Cl)c1[N+](=O)[O-]
OCCOCCOc1cccc(-c2ccsc2)c1,O=CCOCCOc1cccc(-c2ccsc2)c1
CC(=O)Nc1ccc(S(=O)(=O)Cl)c(C)c1.N#Cc1ccc(N(Cc2ccccc2Cl)[C@H]2CCNC2)cc1Cl,CC(=O)Nc1ccc(S(=O)(=O)N2CC[C@H](N(Cc3ccccc3Cl)c3ccc(C#N)c(Cl)c3)C2)c(C)c1
FC(F)(F)COCCOc1ccc(OC2CCNCC2)cc1.O=C(CCl)N[C@@H]1COc2nc([N+](=O)[O-])cn2C1,O=C(CN1CCC(Oc2ccc(OCCOCC(F)(F)F)cc2)CC1)N[C@@H]1COc2nc([N+](=O)[O-])cn2C1
COc1cc([N+](=O)[O-])cc(S(C)(=O)=O)c1,CS(=O)(=O)c1cc(O)cc([N+](=O)[O-])c1
Clc1nc(Cl)c2ccccc2n1.NCC1(c2ccccc2)CCCCC1,Clc1nc(NCC2(c3ccccc3)CCCCC2)c2ccccc2n1
CCCC[C@H]1CC[C@@H](O)[C@@H]1COCc1ccccc1,CCCC[C@H]1CC[C@@H](O)[C@@H]1CO
CCN(CC)c1cccc(O)c1.COC(=O)CCl,CCN(CC)c1cccc(OCC(=O)OC)c1
CCCCCCN.Clc1nc(Cl)c2ncn(C3CCCC3)c2n1,CCCCCCNc1nc(Cl)nc2c1ncn2C1CCCC1
CC(C)(O)CN1CCC(CN(Cc2ccccc2)Cc2ccccc2)CC1.CI,COC(C)(C)CN1CCC(CN(Cc2ccccc2)Cc2ccccc2)CC1
CC1(C)COC(c2ccc(OCCCC3CCN(Cc4ccccc4)CC3)cc2)=N1,CC1(C)COC(c2ccc(OCCCC3CCNCC3)cc2)=N1
FC(F)(F)c1cc(CBr)cc(C(F)(F)F)c1.O=C(CCc1c(-c2ccc(Cl)cc2)[nH]c2ccc(Cl)cc12)N1CCNCC1,O=C(CCc1c(-c2ccc(Cl)cc2)[nH]c2ccc(Cl)cc12)N1CCN(Cc2cc(C(F)(F)F)cc(C(F)(F)F)c2)CC1
Cc1cc(C(=O)O)cc(Cl)n1.NN,Cc1cc(C(=O)NN)cc(Cl)n1
C1COCCN1.O=c1c(F)c(Cl)nc2n1CC[C@@H](C(F)(F)F)N2,O=c1c(F)c(N2CCOCC2)nc2n1CC[C@@H](C(F)(F)F)N2
CN(C)C=O.COc1ccc(F)c(C(=O)c2cc(Cl)ccc2-n2cccc2)c1OC,COc1ccc(F)c(C(=O)c2cc(Cl)ccc2-n2cccc2C=O)c1OC
Cc1cc(OCc2ccccc2)cc(C)c1C[C@@H]1CCN(C2CCc3n[nH]cc3C2)C1=O,Cc1cc(O)cc(C)c1C[C@@H]1CCN(C2CCc3n[nH]cc3C2)C1=O
COC(=O)C[C@@H](c1ccc(OCc2ccc(-c3ccc(C(F)(F)F)cc3)s2)cc1)c1ccon1,O=C(O)C[C@@H](c1ccc(OCc2ccc(-c3ccc(C(F)(F)F)cc3)s2)cc1)c1ccon1
COC(=O)c1cnc(Br)s1.Cc1[nH]c(C(=O)NC2CCNCC23OCCO3)c(Cl)c1Cl,COC(=O)c1cnc(N2CCC(NC(=O)c3[nH]c(C)c(Cl)c3Cl)C3(C2)OCCO3)s1
O=C(c1cccc([N+](=O)[O-])c1)N1CCOCC1,Nc1cccc(C(=O)N2CCOCC2)c1
CC(C)(C)OC(=O)N1CCC(C=O)CC1.CC(C)(C)OC(=O)N1CCC(CN)CC1,CC(C)(C)OC(=O)N1CCC(CNCC2CCN(C(=O)OC(C)(C)C)CC2)CC1
N#Cc1ccc(CBr)cc1.NC(=O)[C@@H]1CCCC[C@@H]1NS(=O)(=O)c1ccc(Cl)cc1,N#Cc1ccc(CN([C@H]2CCCC[C@H]2C(N)=O)S(=O)(=O)c2ccc(Cl)cc2)cc1
CCOC(=O)C1=Cc2cc(Cl)cc(C#Cc3ccccc3)c2OC1C(F)(F)F,CCOC(=O)C1=Cc2cc(Cl)cc(CCc3ccccc3)c2OC1C(F)(F)F
CC(C)N(NC(=O)c1ccccc1)C(=O)CCc1ccccc1Br.OB(O)c1ccccc1F,CC(C)N(NC(=O)c1ccccc1)C(=O)CCc1ccccc1-c1ccccc1F
CC(C)(C)OC(=O)NCCC(=O)N(CC(=O)NCc1ccc(C(=O)OCC#N)c(O)c1)CC(=O)NCc1ccc(C(=O)OCC#N)c(O)c1,N#CCOC(=O)c1ccc(CNC(=O)CN(CC(=O)NCc2ccc(C(=O)OCC#N)c(O)c2)C(=O)CCN)cc1O
C[S-].O=[N+]([O-])c1cccc(F)c1CBr,CSCc1c(F)cccc1[N+](=O)[O-]
Brc1ccc(C2OCCO2)cc1.C#C[Si](C)(C)C,C[Si](C)(C)C#Cc1ccc(C2OCCO2)cc1
N#Cc1cnc2ccc(N)cc2c1Nc1ccc(F)c(Cl)c1.O=Cc1c[nH]c2c(F)c(F)c(F)c(F)c12,N#Cc1cnc2ccc(NCc3c[nH]c4c(F)c(F)c(F)c(F)c34)cc2c1Nc1ccc(F)c(Cl)c1
COC(=O)c1cnc(N2CCN(S(=O)(=O)c3ccc(OC)c(OC)c3)CC2)s1.NO,COc1ccc(S(=O)(=O)N2CCN(c3ncc(C(=O)NO)s3)CC2)cc1OC
CC(C)(C)OC(=O)N1CCCN(C(=O)CNC(=O)OCc2ccccc2)CC1,O=C(NCC(=O)N1CCCNCC1)OCc1ccccc1
CC(C)(C)OC(=O)NOC(C(=O)OCc1ccccc1)c1ccccc1,CC(C)(C)OC(=O)NOC(C(=O)O)c1ccccc1
COC(=O)COc1ccc(Cl)cc1Oc1ccc(S(C)(=O)=O)c(C(F)(F)F)c1,CS(=O)(=O)c1ccc(Oc2cc(Cl)ccc2OCC(=O)O)cc1C(F)(F)F
Clc1ccncc1.Cn1ccc2cc(N)ccc21,Cn1ccc2cc(Nc3ccncc3)ccc21
COC(=O)c1cc(F)cc(CNS(=O)(=O)c2ccc(-c3ccc(F)cc3)cc2)c1,O=C(O)c1cc(F)cc(CNS(=O)(=O)c2ccc(-c3ccc(F)cc3)cc2)c1
CCOC(=O)COc1c(C(=O)OC)sc2c(Br)csc12.Nc1cccc(B(O)O)c1,CCOC(=O)COc1c(C(=O)OC)sc2c(-c3cccc(N)c3)csc12
N#Cc1ccc(CBr)cc1.NC(=O)[C@@H]1CCC[C@@H]1NS(=O)(=O)c1ccc(Cl)cc1,N#Cc1ccc(CN([C@H]2CCC[C@H]2C(N)=O)S(=O)(=O)c2ccc(Cl)cc2)cc1
COC(=O)[C@H](CC(C)C)NC(=O)c1ccc(NC[C@@H](N)CS)cc1-c1ccccc1,CC(C)C[C@H](NC(=O)c1ccc(NC[C@@H](N)CS)cc1-c1ccccc1)C(=O)O
CC(C)CC(C(=O)NN1C(=O)NC2(CCCCC2)C1=O)[C@H](CC=Cc1ccccc1)C(=O)NOC1CCCCO1,CC(C)C[C@@H](C(=O)NN1C(=O)NC2(CCCCC2)C1=O)[C@H](CCCc1ccccc1)C(=O)NOC1CCCCO1
COc1ccc([N+](=O)[O-])cc1NC(=O)OC(C)(C)C,COc1ccc(N)cc1NC(=O)OC(C)(C)C
C[O-].Cc1cc(Cl)nc(Cl)c1,COc1cc(C)cc(Cl)n1
CCN1CCN(Cc2cc(F)ccc2S(=O)(=O)Cl)C(=O)C1.COC(=O)c1c(N)ccc2c1OCC1CC21,CCN1CCN(Cc2cc(F)ccc2S(=O)(=O)Nc2ccc3c(c2C(=O)OC)OCC2CC32)C(=O)C1
COC(=O)c1ccc(Cc2c[nH]c3ccc(N)cc23)c(OC)c1.O=C(Cl)OC1CCCC1,COC(=O)c1ccc(Cc2c[nH]c3ccc(NC(=O)OC4CCCC4)cc23)c(OC)c1
CC(C)(C)OC(=O)N1CCNCC1.Cn1c(Cl)nc2cccnc21,Cn1c(N2CCN(C(=O)OC(C)(C)C)CC2)nc2cccnc21
COC(=O)CCS(=O)(=O)Cl.Clc1ccc2c(c1)CCNC2,COC(=O)CCS(=O)(=O)N1CCc2cc(Cl)ccc2C1
Nc1nnn[nH]1.O=C(Cl)c1cc([N+](=O)[O-])ccc1O,O=C(Nc1nnn[nH]1)c1cc([N+](=O)[O-])ccc1O
CC(C)(C)OC(=O)c1ccc(C2(C(=O)Oc3ccc(C(=O)NO)cc3)CCCCC2)cc1,O=C(O)c1ccc(C2(C(=O)Oc3ccc(C(=O)NO)cc3)CCCCC2)cc1
CCOC(=O)c1ccc(COc2c(C3CCC3)ccc(-c3cnc(N)cn3)c2F)o1,Nc1cnc(-c2ccc(C3CCC3)c(OCc3ccc(C(=O)O)o3)c2F)cn1
CC(C)(C)OC(=O)CBr.O=C1NCCN1c1ccccn1,CC(C)(C)OC(=O)CN1CCN(c2ccccn2)C1=O
C[C@]1(c2cc(N)ccc2Cl)N=C(N)OCC1(F)F.N#Cc1ccc(C(=O)O)nc1,C[C@]1(c2cc(NC(=O)c3ccc(C#N)cn3)ccc2Cl)N=C(N)OCC1(F)F
CCOc1ccc(Br)cc1.COc1c(C)c(N2CCNCC2)c(C)c2c1OC(C)(C)C2,CCOc1ccc(N2CCN(c3c(C)c4c(c(OC)c3C)OC(C)(C)C4)CC2)cc1
CC(C)Oc1ccc(-c2nc(-c3ccc(O)cc3Cl)no2)cc1C#N.CCOC(=O)CBr,CCOC(=O)COc1ccc(-c2noc(-c3ccc(OC(C)C)c(C#N)c3)n2)c(Cl)c1
CC(C)(C#N)c1cccc(C(=O)Nc2ccc(Cl)c(Oc3ccc4nc(N)sc4n3)c2)c1.O=C(Cl)CCl,CC(C)(C#N)c1cccc(C(=O)Nc2ccc(Cl)c(Oc3ccc4nc(NC(=O)CCl)sc4n3)c2)c1
CC(C)(O)CCl.Oc1ccc(Oc2ccc(Cl)cc2)cc1,CC(C)(O)COc1ccc(Oc2ccc(Cl)cc2)cc1
CS(N)(=O)=O.O=C(O)c1ccc(CN(Cc2ccccn2)S(=O)(=O)c2ccc(Cl)cc2)cc1,CS(=O)(=O)NC(=O)c1ccc(CN(Cc2ccccn2)S(=O)(=O)c2ccc(Cl)cc2)cc1
NCCn1cc(C(c2ccccc2)c2ccccc2)ccc1=O.O=C(O)c1cccc2[nH]ccc12,O=C(NCCn1cc(C(c2ccccc2)c2ccccc2)ccc1=O)c1cccc2[nH]ccc12
CI.Cc1cccc(C(=O)O)c1O,COc1c(C)cccc1C(=O)O
CCCCc1ccc(CNCc2cccc(CC(=O)OC)c2)cc1.Cn1cnc(S(=O)(=O)Cl)c1,CCCCc1ccc(CN(Cc2cccc(CC(=O)OC)c2)S(=O)(=O)c2cn(C)cn2)cc1
CC(C)(C)OC(=O)OC(=O)OC(C)(C)C.O=Cc1ccc(NCc2ccc(Cl)cc2)nc1F,CC(C)(C)OC(=O)N(Cc1ccc(Cl)cc1)c1ccc(C=O)c(F)n1
BrCc1ccccn1.CC(C)(C)OC(=O)NC1(c2ccc(-c3nc4c(cc3-c3ccccc3)NC(=O)CO4)cc2)CCC1,CC(C)(C)OC(=O)NC1(c2ccc(-c3nc4c(cc3-c3ccccc3)N(Cc3ccccn3)C(=O)CO4)cc2)CCC1
Clc1ccc(NCCc2cccc(OCc3ccccc3)c2)cc1Cl.O=C(O)Cc1ccc(O)cc1,O=C(Cc1ccc(O)cc1)N(CCc1cccc(OCc2ccccc2)c1)c1ccc(Cl)c(Cl)c1
COc1cc(OC)cc(C(O)c2ccc3c(c2)OCCO3)c1,COc1cc(OC)cc(C(=O)c2ccc3c(c2)OCCO3)c1
O=C(c1ccccc1Cl)c1ccccc1-n1ccnc1CO.O=C1NC(=O)c2ccccc21,O=C(c1ccccc1Cl)c1ccccc1-n1ccnc1CN1C(=O)c2ccccc2C1=O
O=C(CCc1oc(-n2cnc3ccccc32)nc1-c1ccc(Cl)cc1)N1CCSC1.O=C(OO)c1cccc(Cl)c1,O=C(CCc1oc(-n2cnc3ccccc32)nc1-c1ccc(Cl)cc1)N1CCS(=O)C1
CC(O)c1cccc(N)c1.CCOC(=O)c1ccccc1N(CC(=O)N(C)c1ccccc1)C(=O)CN=C=O,CCOC(=O)c1ccccc1N(CC(=O)N(C)c1ccccc1)C(=O)CNC(=O)Nc1cccc(C(C)O)c1
CCCCn1nccc1COc1ccccc1C[C@@H](Oc1ncnc2sc(-c3ccc(F)nc3)c(-c3ccc(OCCN4CCN(C)CC4)c(Cl)c3C)c12)C(=O)OCC.COCCO,CCCCn1nccc1COc1ccccc1C[C@@H](Oc1ncnc2sc(-c3ccc(OCCOC)nc3)c(-c3ccc(OCCN4CCN(C)CC4)c(Cl)c3C)c12)C(=O)OCC
CCOC(=O)C(=Cc1cccc(OCCc2ccc(OS(C)(=O)=O)cc2)c1)OCC,CCOC(=O)C(Cc1cccc(OCCc2ccc(OS(C)(=O)=O)cc2)c1)OCC
O=[N+]([O-])c1cccc(C2=NOC(c3c(Cl)cccc3Cl)C2)c1,Nc1cccc(C2=NOC(c3c(Cl)cccc3Cl)C2)c1
CCCCOCCOc1ccc(-c2ccc3c(c2)C=C(C(=O)Nc2ccc(SCc4nccn4C)c(C)c2)CCN3CC(C)C)cc1.O=C(OO)c1cccc(Cl)c1,CCCCOCCOc1ccc(-c2ccc3c(c2)C=C(C(=O)Nc2ccc(S(=O)Cc4nccn4C)c(C)c2)CCN3CC(C)C)cc1
COc1cccc([N+](=O)[O-])c1Br,COc1cccc(N)c1Br
COC(=O)c1ccc([C@@H](C)n2cc(C[C@@H]3C(=O)NC=CN3S(=O)(=O)c3ccc(Cl)c(Cl)c3)nn2)cc1,C[C@H](c1ccc(CO)cc1)n1cc(C[C@@H]2C(=O)NC=CN2S(=O)(=O)c2ccc(Cl)c(Cl)c2)nn1
CC(C)N.Cc1cc(C(=O)N2CCN(Cc3ccccc3)CC2CC=O)c(-c2ccccc2)n1-c1ccccc1,Cc1cc(C(=O)N2CCN(Cc3ccccc3)CC2CCNC(C)C)c(-c2ccccc2)n1-c1ccccc1
CC(C)(C)OC(=O)N[C@@H]1CC[C@@H](Nc2nc(OCCOCc3ccccc3)c(C(N)=O)cc2F)CC1,CC(C)(C)OC(=O)N[C@@H]1CC[C@@H](Nc2nc(OCCO)c(C(N)=O)cc2F)CC1
C#Cc1cc(C)cc(Nc2nccc(C(F)F)n2)c1.CC1=CC(N=[N+]=[N-])CCC1,CC1=CC(n2cc(-c3cc(C)cc(Nc4nccc(C(F)F)n4)c3)nn2)CCC1
CCOC(=O)CC(=O)/C=C/c1ccc2cc[nH]c2c1,CCOC(=O)CC(=O)CCc1ccc2cc[nH]c2c1
Clc1ccc(N2CCNCC2)cc1.N#CCCCBr,N#CCCCN1CCN(c2ccc(Cl)cc2)CC1
Nc1ccccc1.O=[N+]([O-])c1cnc2ccc(Cl)cc2c1Cl,O=[N+]([O-])c1cnc2ccc(Cl)cc2c1Nc1ccccc1
CC(C(=O)OCc1ccccc1)N1CCOC1=O,CC(C(=O)O)N1CCOC1=O
CC(Cc1c[nH]c2ccccc12)(NC(=O)OC1C2CC3CC(C2)CC1C3)C(=O)O.NCCC1=CCCc2ccccc21,CC(Cc1c[nH]c2ccccc12)(NC(=O)OC1C2CC3CC(C2)CC1C3)C(=O)NCCC1=CCCc2ccccc21
ClP(c1ccccc1)c1ccccc1,c1ccc(Pc2ccccc2)cc1
CN1CCC(CN)c2ccccc21.O=C(O)c1ccncc1F,CN1CCC(CNc2cnccc2C(=O)O)c2ccccc21
CC(C)CCCCCCC(=O)O.CCOc1cc(CO)ccc1O,CCOc1cc(COC(=O)CCCCCCC(C)C)ccc1O
Cc1ccc([N+](=O)[O-])c(Cl)n1.Cc1cccc(C#CC=C2CCNCC2)n1,Cc1cccc(C#CC=C2CCN(c3nc(C)ccc3[N+](=O)[O-])CC2)n1
COC(=O)c1ccc(-c2ccc(NC(=O)OC(C)(C)C)cc2)o1,COC(=O)c1ccc(-c2ccc(N)cc2)o1
CCOC(=O)/C=C/c1ccc(C(F)(F)C(O)(Cn2cnnn2)c2ccc(F)cc2F)nc1,CCOC(=O)CCc1ccc(C(F)(F)C(O)(Cn2cnnn2)c2ccc(F)cc2F)nc1
CNc1ccc(F)cc1F.COC(=O)CBr,COC(=O)CN(C)c1ccc(F)cc1F
COc1ccc(OC(F)(F)F)cc1C=O,O=Cc1cc(OC(F)(F)F)ccc1O
CCn1ncc2c(C(=O)O)cc(C3CC3)nc21.Cc1cc(C)c(CN)c(=O)[nH]1,CCn1ncc2c(C(=O)NCc3c(C)cc(C)[nH]c3=O)cc(C3CC3)nc21
Cc1c(C=O)ccnc1Cl.NC1CC1,Cc1c(CNC2CC2)ccnc1Cl
COC(=O)Cl.NC(=O)NCC(N)C(=O)O,COC(=O)N[C@@H](CNC(N)=O)C(=O)O
CCN(CC)C(=O)CCCCl.CCN(CC)CCNC(=O)c1cc(Cl)c(N)cc1O,CCN(CC)CCNC(=O)c1cc(Cl)c(N)cc1OCCCC(=O)N(CC)CC
CC(C)(C)OC(=O)OC(=O)OC(C)(C)C.O=C(O)[C@@H]1C[C@@H](O)CN1,CC(C)(C)OC(=O)N1C[C@H](O)C[C@H]1C(=O)O
CN(C)Cc1ccc([C@H]2CC[C@H](O)CC2)cc1.O=C(Cl)c1ccc(Cl)cc1,CN(C)Cc1ccc([C@@H]2CC[C@@H](OC(=O)c3ccc(Cl)cc3)CC2)cc1
CC(C)(C)NS(=O)(=O)c1ccccc1CCO.CS(=O)(=O)Cl,CC(C)(C)NS(=O)(=O)c1ccccc1CCOS(C)(=O)=O
CCOC(=O)NN.Cc1nc(C=O)c[nH]1,CCOC(=O)NN=Cc1c[nH]c(C)n1
Cc1cnc(NC(=O)C2CC2)c[c]1[Sn]([CH3])([CH3])[CH3].NC(=O)c1nc(I)oc1-c1ccccc1Cl,Cc1cnc(NC(=O)C2CC2)cc1-c1nc(C(N)=O)c(-c2ccccc2Cl)o1
CN(Cc1cccc(C(=O)O)c1)C(=O)OC(C)(C)C.O=C1CNc2ccccc2N1,CN(Cc1cccc(C(=O)N2CC(=O)Nc3ccccc32)c1)C(=O)OC(C)(C)C
CCOC(=O)N1CC[C@@H](O)[C@H](c2ccccc2)C1.Oc1ccccc1F,CCOC(=O)N1CC[C@H](Oc2ccccc2F)[C@H](c2ccccc2)C1
CN(C)Cc1c(OCC2CC2)ccc2c(CCC3CCNCC3)noc12.Cn1c(C#N)ccc1C=O,CN(C)Cc1c(OCC2CC2)ccc2c(CCC3CCN(Cc4ccc(C#N)n4C)CC3)noc12
CCc1cc(C(=O)NCc2cccc([N+](=O)[O-])c2)c(NC(=O)C2CCC(C(=O)O)CC2)s1,CCc1cc(C(=O)NCc2cccc(N)c2)c(NC(=O)C2CCC(C(=O)O)CC2)s1
CC(=O)c1ccc(Br)cc1.OB(O)c1ccc(O)cc1,CC(=O)c1ccc(-c2ccc(O)cc2)cc1
CC(C)N.CCNc1nc(Cl)c(C#N)c(Cl)n1,CCNc1nc(Cl)c(C#N)c(NC(C)C)n1
O=[N+]([O-])c1cccc(S(=O)(=O)Nc2ccc3nsnc3c2)c1,Nc1cccc(S(=O)(=O)Nc2ccc3nsnc3c2)c1
CCNCc1ccccc1.O=C(O)c1cc(Nc2ccc3c(c2)CC2(C3)C(=O)Nc3ncccc32)ncn1,CCN(Cc1ccccc1)C(=O)c1cc(Nc2ccc3c(c2)CC2(C3)C(=O)Nc3ncccc32)ncn1
CCC[CH2][Sn]([CH2]CCC)([CH2]CCC)[N]=[N+]=[N-].CCc1cc(OCc2ccc(-c3ccccc3C#N)cc2)c2ccccc2n1,CCc1cc(OCc2ccc(-c3ccccc3-c3nnn[nH]3)cc2)c2ccccc2n1
COc1cnc(Cl)n2nc(N)nc12.C[O-],COc1cnc(OC)n2nc(N)nc12
O=C(OCc1ccccc1)N1CC[C@@H](c2ccccc2)C[C@H]1C1CCCC(F)(F)C1,FC1(F)CCCC([C@@H]2C[C@H](c3ccccc3)CCN2)C1
CCO.O=C(O)c1ccc2c(c1)C(=O)CC(c1ccccc1)=N2,CCOC(=O)c1ccc2c(c1)C(=O)CC(c1ccccc1)=N2
CC[C@@H]1C[C@H](Nc2ncc(O)c(Cc3cc(C(F)(F)F)cc(C(F)(F)F)c3)n2)c2nc(OC)ccc2N1C(=O)OCC(C)(C)C(=O)OC.N#CCCCBr,CC[C@@H]1C[C@H](Nc2ncc(OCCCC#N)c(Cc3cc(C(F)(F)F)cc(C(F)(F)F)c3)n2)c2nc(OC)ccc2N1C(=O)OCC(C)(C)C(=O)OC
CC(C)(C)OC(=O)N1C[C@@H]2CNCCN2[C@H](C(c2ccccc2)c2ccccc2)C1.CN(C)C(=O)Cl,CN(C)C(=O)N1CCN2[C@@H](CN(C(=O)OC(C)(C)C)C[C@H]2C(c2ccccc2)c2ccccc2)C1
CN.O=C(CN1CCCC1)c1ccc(Br)cc1,CNC(CN1CCCC1)c1ccc(Br)cc1
C[C@@H](O[C@H]1CCN(C(=O)NC2CCN(C(=O)OC(C)(C)C)CC2)C[C@H]1c1ccccc1)c1cc(C(F)(F)F)cc(C(F)(F)F)c1,C[C@@H](O[C@H]1CCN(C(=O)NC2CCNCC2)C[C@H]1c1ccccc1)c1cc(C(F)(F)F)cc(C(F)(F)F)c1
CI.COC(=O)C1(NC=O)CCN(C(=O)OC(C)(C)C)C1,COC(=O)C1(N(C)C=O)CCN(C(=O)OC(C)(C)C)C1
COc1cc2ncnc(Cl)c2cc1O[C@H]1CC[C@H](N2CCN(C)C(=O)C2)CC1.Nc1cccc(Cl)c1F,COc1cc2ncnc(Nc3cccc(Cl)c3F)c2cc1O[C@@H]1CC[C@@H](N2CCN(C)C(=O)C2)CC1
CI.O=C1CN(S(=O)(=O)c2cccc([N+](=O)[O-])c2)c2ccccc2N1,CN1C(=O)CN(S(=O)(=O)c2cccc([N+](=O)[O-])c2)c2ccccc21
CN(C)CCOc1cnc([N+](=O)[O-])cn1,CN(C)CCOc1cnc(N)cn1
CC(C)(C)OC(=O)N1C[C@@H](NS(=O)(=O)c2ccc(Oc3ccccc3)cc2)[C@H](SC(C)(C)C)C1.CI,CN([C@@H]1CN(C(=O)OC(C)(C)C)C[C@H]1SC(C)(C)C)S(=O)(=O)c1ccc(Oc2ccccc2)cc1
C=CC(=O)N(C)Cc1oc2ccccc2c1CC.CC1(C)NCc2cc(Br)cnc2NC1=O,CCc1c(CN(C)C(=O)/C=C/c2cnc3c(c2)CNC(C)(C)C(=O)N3)oc2ccccc12
CCCC[P+](c1ccccc1)(c1ccccc1)c1ccccc1.C[Si](C)(C)CCOCn1ncc2c(c(C=O)c(-c3ccc(OC(F)F)c(OC4CC4)c3)n2COCC[Si](C)(C)C)c1=O,CCCC=Cc1c(-c2ccc(OC(F)F)c(OC3CC3)c2)n(COCC[Si](C)(C)C)c2cnn(COCC[Si](C)(C)C)c(=O)c12
CC(C)(C)OC(=O)OC(=O)OC(C)(C)C.O=S(=O)(NCCCNCc1cccc2nccn12)C(F)(F)F,CC(C)(C)OC(=O)N(CCCNS(=O)(=O)C(F)(F)F)Cc1cccc2nccn12
COc1ccc(S(=O)(=O)Cl)c(OC)c1.O=c1[nH]c2ccc(Cl)cc2n1-c1cccc(Cl)c1,COc1ccc(S(=O)(=O)n2c(=O)n(-c3cccc(Cl)c3)c3cc(Cl)ccc32)c(OC)c1
CCOC(=O)C(C)(C)Cc1c(SC(C)(C)C)c2cc(OC[C@@H]3CCCN3C(=O)C(C)C)ccc2n1Cc1ccc(Cl)cc1,CC(C)C(=O)N1CCC[C@H]1COc1ccc2c(c1)c(SC(C)(C)C)c(CC(C)(C)C(=O)O)n2Cc1ccc(Cl)cc1
Cc1cc(C)c(O)c(Br)c1.OB(O)c1ccco1,Cc1cc(C)c(O)c(-c2ccco2)c1
CC(C)(C)OC(=O)N[C@@H](CC1CCCCC1)C(=O)O.CCOC(=O)CNC(=O)CN,CCOC(=O)CNC(=O)CNC(=O)[C@H](CC1CCCCC1)NC(=O)OC(C)(C)C
C#Cc1ccccc1.O=c1[nH]c2nccc(Cl)c2c2ccccc12,O=c1[nH]c2nccc(C#Cc3ccccc3)c2c2ccccc12
CCCCBr.COc1cc2c(cc1O)C(Cc1ccc(OC)c(OC)c1)N(CC(=O)NC1CCc3ccccc31)CC2,CCCCOc1cc2c(cc1OC)CCN(CC(=O)NC1CCc3ccccc31)C2Cc1ccc(OC)c(OC)c1
CC(C)(C)C(=O)Cl.CCOC(=O)Cc1ccc(OC)c(Oc2ccc(N)cc2CSC(C)C)c1,CCOC(=O)Cc1ccc(OC)c(Oc2ccc(NC(=O)C(C)(C)C)cc2CSC(C)C)c1
CCOC(=O)c1ccc(C#Cc2ccc3c(c2)C(c2ccc(C(C)C)cc2)=CC(C)(C)O3)cc1,CC(C)c1ccc(C2=CC(C)(C)Oc3ccc(C#Cc4ccc(C(=O)O)cc4)cc32)cc1
CC(C)(C)OC(=O)N1CCNCC1.N#Cc1ccc(F)cc1F,CC(C)(C)OC(=O)N1CCN(c2ccc(C#N)c(F)c2)CC1
CC[C@@H](c1ccccc1)N1Cc2cc3c(cc2C[C@H]1C(=O)O)N(C)C(=O)[C@H](c1ccc(O)cc1)O3.COC(=O)[C@@H](N)Cc1ccc(-c2ccc(Cl)cc2)cc1,CC[C@@H](c1ccccc1)N1Cc2cc3c(cc2C[C@H]1C(=O)N[C@@H](Cc1ccc(-c2ccc(Cl)cc2)cc1)C(=O)OC)N(C)C(=O)[C@H](c1ccc(O)cc1)O3
COc1cc([N+](=O)[O-])ccc1-c1sc(C)nc1C,COc1cc(N)ccc1-c1sc(C)nc1C
CN(C)C=O.O=Cc1ccc2cc[nH]c2c1,O=Cc1ccc2c(C=O)c[nH]c2c1
COC(=O)c1c[nH]c2ccccc12.Clc1ncccn1,COC(=O)c1cn(-c2ncccn2)c2ccccc12
CCCCOc1ccc(S(=O)(=O)C2(C(=O)OCC)CCN(Cc3ccncc3)CC2)cc1,CCCCOc1ccc(S(=O)(=O)C2(C(=O)O)CCN(Cc3ccncc3)CC2)cc1
Cc1ccc(B(O)O)cc1.N#Cc1cccnc1Br,Cc1ccc(-c2ncccc2C#N)cc1
C[C@@H]1CN(Cc2ccc(F)cc2)[C@@H](C)CN1C(=O)COc1ccc(Cl)cc1[N+](=O)[O-],C[C@@H]1CN(Cc2ccc(F)cc2)[C@@H](C)CN1C(=O)COc1ccc(Cl)cc1N
CCOC(=O)CBr.O=Cc1ccc(O)c(C(F)(F)F)c1,CCOC(=O)COc1ccc(C=O)cc1C(F)(F)F
BrCCCCBr.CCCc1c(O)ccc(C(C)=O)c1O,CCCc1c(OCCCCBr)ccc(C(C)=O)c1O
Clc1c2ccccc2nc2cccc(Br)c12.Oc1ccc(S)cc1,Oc1ccc(Sc2c3ccccc3nc3cccc(Br)c23)cc1
NO.O=Cc1ccc2c(c1)OC(F)(F)O2,ON=Cc1ccc2c(c1)OC(F)(F)O2
CC/C=C\C/C=C\CCO.Cc1ccc(S(=O)(=O)Cl)cc1,CC/C=C\C/C=C\CCOS(=O)(=O)c1ccc(C)cc1
CC(C)[Si](Oc1ccc(C=O)cc1)(C(C)C)C(C)C.C[P+](c1ccccc1)(c1ccccc1)c1ccccc1,C=Cc1ccc(O[Si](C(C)C)(C(C)C)C(C)C)cc1
CC(C)[Si](Oc1ccc(-c2ccc(CO)[se]2)cc1)(C(C)C)C(C)C,OCc1ccc(-c2ccc(O)cc2)[se]1
C=CCOC(CCCCCC(=O)OC)C(=O)O.C=Cc1cc(COc2ccccc2N)cc(OC)c1,C=CCOC(CCCCCC(=O)OC)C(=O)Nc1ccccc1OCc1cc(C=C)cc(OC)c1
C#CCC(NC(=O)OCc1ccccc1)C(=O)NC(CC(C)C)C(=O)O.COC(=O)C([NH3+])CCC(=O)NCCCN=[N+]=[N-],C#CCC(NC(=O)OCc1ccccc1)C(=O)NC(CC(C)C)C(=O)NC(CCC(=O)NCCCN=[N+]=[N-])C(=O)OC
CCCCN(Cc1ccc(OCC(=O)OCC)c(C)c1)c1cccc(-c2ccc(C(F)(F)F)cc2)c1C,CCCCN(Cc1ccc(OCC(=O)O)c(C)c1)c1cccc(-c2ccc(C(F)(F)F)cc2)c1C
Cc1nc(OCC2CC2)c(Br)cc1C(=O)O.N[C@@H]1CCCC[C@H]1O,Cc1nc(OCC2CC2)c(Br)cc1C(=O)N[C@@H]1CCCC[C@H]1O
CCCCCCCCNCc1ccc(F)cc1F.CCOC(=O)[C@H](Cc1ccc(OCC(=O)O)cc1)OCC,CCCCCCCCN(Cc1ccc(F)cc1F)C(=O)COc1ccc(C[C@H](OCC)C(=O)OCC)cc1
CN1CCNCC1.COc1cc(Cl)ccc1C(=O)O,COc1cc(Cl)ccc1C(=O)N1CCN(C)CC1
CO.COc1cc(C2CCNCC2)ccc1Nc1ncc(OCc2c(Cl)c(OC)cc(OC)c2Cl)cn1,COc1cc(C2CCN(C)CC2)ccc1Nc1ncc(OCc2c(Cl)c(OC)cc(OC)c2Cl)cn1
CC(C)(C)OC(=O)NCc1cccc([N+](=O)[O-])c1,CC(C)(C)OC(=O)NCc1cccc(N)c1
CCCCCCCCN.CCCCCCCCNC(=O)Nc1sc(C(=O)O)c(C)c1C(=O)OC(C)(C)C,CCCCCCCCNC(=O)Nc1sc(C(=O)NCCCCCCCC)c(C)c1C(=O)OC(C)(C)C
O=C(O)Cc1ccccc1C(F)(F)F.O=C1Nc2ccccc2C12CCNCC2,O=C(Cc1ccccc1C(F)(F)F)N1CCC2(CC1)C(=O)Nc1ccccc12
CCOC(=O)Cc1ccc(OC)c(-c2cc3c(n2C(C)C)C(c2ccc(Cl)cc2)N(c2cc(Cl)c(=O)n(C)c2)C3=O)c1,COc1ccc(CC(=O)O)cc1-c1cc2c(n1C(C)C)C(c1ccc(Cl)cc1)N(c1cc(Cl)c(=O)n(C)c1)C2=O
O=Cc1ccc(-c2cccnc2)o1,OCc1ccc(-c2cccnc2)o1
CCc1cc(-c2nnc(-c3cc(C)nc(C(C)C)c3)s2)cc(C)c1OCc1ccccc1,CCc1cc(-c2nnc(-c3cc(C)nc(C(C)C)c3)s2)cc(C)c1O
COC(=O)c1ccc([C@H](C)NC(=O)[C@H]2CCC3CC3N2C(=O)OC(C)(C)C)cc1,COC(=O)c1ccc([C@H](C)NC(=O)[C@H]2CCC3CC3N2)cc1
CC(C)c1nn2c(Cl)ccc2c(-c2ccc(F)cc2)c1C=O.NCCO,CC(C)c1nn2c(Cl)ccc2c(-c2ccc(F)cc2)c1CNCCO
COc1ccc(N)c2nc(-c3cccs3)[nH]c12.O=C(O)/C=C/c1cnc[nH]1,COc1ccc(NC(=O)/C=C/c2cnc[nH]2)c2nc(-c3cccs3)[nH]c12
CC1CCCN1CCCOc1ccc(-c2nc(CN3C(=O)CC[C@H]3CN3CCOCC3)co2)cc1,CC1CCCN1CCCOc1ccc(-c2nc(CN3CCC[C@H]3CN3CCOCC3)co2)cc1
COC(=O)CC(=O)CCl.COc1cc(S)cc(C(F)(F)F)c1,COC(=O)CC(=O)CSc1cc(OC)cc(C(F)(F)F)c1
COC(=O)Cc1cnc(N)s1.ClC(c1ccccc1)(c1ccccc1)c1ccccc1,COC(=O)Cc1cnc(NC(c2ccccc2)(c2ccccc2)c2ccccc2)s1
COC(=O)c1ccc2cncn2c1Cl.Nc1ccc(I)cc1F,COC(=O)c1ccc2cncn2c1Nc1ccc(I)cc1F
CC(C)(C)OC(=O)N1CCCC1c1ncc(-c2ccc3cc(Br)ccc3c2)[nH]1.COC(=O)NC(C(=O)N1C2CCC(C2)C1c1ncc(-c2ccc(B3OC(C)(C)C(C)(C)O3)cc2)[nH]1)C(C)C,COC(=O)NC(C(=O)N1C2CCC(C2)C1c1ncc(-c2ccc(-c3ccc4cc(-c5cnc(C6CCCN6C(=O)OC(C)(C)C)[nH]5)ccc4c3)cc2)[nH]1)C(C)C
C1COCCN1.O=C(O)c1ccc(Cn2c3ccc(F)cc3c3c2cnn3C2CCCCO2)cc1,O=C(c1ccc(Cn2c3ccc(F)cc3c3c2cnn3C2CCCCO2)cc1)N1CCOCC1
CC1CCNCC1.Cc1ccc(C(=O)c2cc([N+](=O)[O-])ccc2Cl)cc1,Cc1ccc(C(=O)c2cc([N+](=O)[O-])ccc2N2CCC(C)CC2)cc1
CCc1oc(C=Cc2ccccc2)nc1C(=O)O,CCc1oc(C=Cc2ccccc2)nc1CO
CN1CCC(Oc2cccc3ncnc(Nc4ccc(O)c(F)c4)c23)CC1.Fc1cccc(CCl)c1,CN1CCC(Oc2cccc3ncnc(Nc4ccc(OCc5cccc(F)c5)c(F)c4)c23)CC1
O=C(CCCN1CCNCC1)c1c[nH]c2ccc(F)cc12,Fc1ccc2[nH]cc(CCCCN3CCNCC3)c2c1
CCOc1cccc([C@@H](C)N)c1.O=C1CC[C@@H](c2ccc(F)nc2)C1,CCOc1cccc([C@@H](C)N[C@H]2CC[C@@H](c3ccc(F)nc3)C2)c1
O=C(C[PH4])CCl.Oc1cccc(Cl)c1,O=C(C[PH4])COc1cccc(Cl)c1
C[C@@H]1CCC[C@H](C)N1C(=O)CCl.Oc1ccc2cc(Br)ccc2c1,C[C@@H]1CCC[C@H](C)N1C(=O)COc1ccc2cc(Br)ccc2c1
CCOC(=O)c1cccc(-c2ccccc2-c2cc(Cl)ccc2O)c1.OCCc1ccccc1,CCOC(=O)c1cccc(-c2ccccc2-c2cc(Cl)ccc2OCCc2ccccc2)c1
CCOC(=O)c1cc2cc3c(nc2s1)CCC([Si](C)(C)C)C3.N,C[Si](C)(C)C1CCc2nc3sc(C(N)=O)cc3cc2C1
CNC(=O)CCC(=O)c1c(OC)cccc1OC,CNC(=O)CCC(=O)c1c(O)cccc1OC
CCOC(=O)c1sc(N2C(=O)N(Cc3ccc(F)cc3)C[C@@H]2C)nc1C,Cc1nc(N2C(=O)N(Cc3ccc(F)cc3)C[C@@H]2C)sc1C(=O)O
CC(=O)Nc1cc(-n2cccc2)cc(-n2cnc3cc(-c4cnco4)ccc32)c1,Nc1cc(-n2cccc2)cc(-n2cnc3cc(-c4cnco4)ccc32)c1
CC12CNc3ccc(Br)c(c31)NC(=O)C2.N#[C][Cu],CC12CNc3ccc(C#N)c(c31)NC(=O)C2
CCOC(=O)Cc1cnc(-c2ccc(C(CC)(CC)c3ccc(/C=C/C(O)(C(F)(F)F)C(F)(F)F)c(C)c3)cc2C)nc1,CCC(CC)(c1ccc(/C=C/C(O)(C(F)(F)F)C(F)(F)F)c(C)c1)c1ccc(-c2ncc(CC(=O)O)cn2)c(C)c1
Nc1cc(I)ccc1OC1CCOCC1.Nc1ncc(Cl)c(Cl)n1,Nc1ncc(Cl)c(Nc2cc(I)ccc2OC2CCOCC2)n1
COC(=O)c1ccnc(OC(F)F)c1,OCc1ccnc(OC(F)F)c1
Cc1nc(C(=O)Cl)c(C)o1.Nc1cccc(Oc2ccc3nc(NC(=O)C4CC4)nn3c2)c1,Cc1nc(C(=O)Nc2cccc(Oc3ccc4nc(NC(=O)C5CC5)nn4c3)c2)c(C)o1
Cc1cc(Br)ncc1Br.O=S1(=O)CCNCC1,Cc1cc(N2CCS(=O)(=O)CC2)ncc1Br
CNc1ncc2c(n1)N(C1CCN(C(=O)OC(C)(C)C)CC1)C(=O)N(c1c(F)c(OC)cc(OC)c1F)C2,CNc1ncc2c(n1)N(C1CCNCC1)C(=O)N(c1c(F)c(OC)cc(OC)c1F)C2
CC(C)(C)OC(=O)OC(=O)OC(C)(C)C.CC(C)(C)[Si](OCC1OCCCC1N)(c1ccccc1)c1ccccc1,CC(C)(C)OC(=O)NC1CCCOC1CO[Si](c1ccccc1)(c1ccccc1)C(C)(C)C
COC(=O)C[C@H]1Nc2ccccc2NC1=O,O=C1Nc2ccccc2N[C@@H]1CCO
CCCCCCCCCCCCCCCCCCN=C=O.CN(C)CCCNC(=O)CCc1ccccc1O,CCCCCCCCCCCCCCCCCCNC(=O)Oc1ccccc1CCC(=O)NCCCN(C)C
COC(=O)C1CN(C(=O)OC(C)(C)C)CCc2c1[nH]c1ccccc21,CC(C)(C)OC(=O)N1CCc2c([nH]c3ccccc23)C(C(=O)O)C1
CCC(Oc1ccc(Cl)c(C(F)(F)F)c1)C(=O)Cl.NCc1ccncc1,CCC(Oc1ccc(Cl)c(C(F)(F)F)c1)C(=O)NCc1ccncc1
C[C@H]1CNC[C@H]1NC(=O)OC(C)(C)C.O=C(O)c1cn(C2CC2)c2c(F)c(F)c(F)cc2c1=O,C[C@H]1CN(c2c(F)cc3c(=O)c(C(=O)O)cn(C4CC4)c3c2F)C[C@H]1NC(=O)OC(C)(C)C
Cc1ccc(C(=O)Nc2cn(C3CCCCO3)nc2C(=O)NCC(F)(F)F)cn1,Cc1ccc(C(=O)Nc2c[nH]nc2C(=O)NCC(F)(F)F)cn1
CCOC(=O)C1(COS(C)(=O)=O)CC1.Cc1c(O)ccc(OCc2ccccc2)c1C,CCOC(=O)C1(COc2ccc(OCc3ccccc3)c(C)c2C)CC1
CON.Cc1nc(N)c2nc(CCl)n(CC(C)C)c2c1C,CONCc1nc2c(N)nc(C)c(C)c2n1CC(C)C
BrCCCCBr.CCc1cc2c(C(=O)NC)c(-c3ccc(F)cc3)oc2nc1NS(C)(=O)=O,CCc1cc2c(C(=O)NC)c(-c3ccc(F)cc3)oc2nc1N(CCCCBr)S(C)(=O)=O
Cn1ccc(-c2ccc(C(=O)O)c(Cl)c2)n1.c1cnc2c(c1)CNc1ccccc1N2,Cn1ccc(-c2ccc(C(=O)N3Cc4cccnc4Nc4ccccc43)c(Cl)c2)n1
COc1ccc(-c2ccc(O)cc2)cc1.OCCCCCCBr,COc1ccc(-c2ccc(OCCCCCCO)cc2)cc1
COc1cc(N(C)C)ccc1-c1nc2c(s1)C(O)CCC2,CN(C)c1ccc(-c2nc3c(s2)C(O)CCC3)c(O)c1
O=Cc1cc(I)ccc1F,OCc1cc(I)ccc1F
COC(=O)C1CCc2c(cnn2-c2ccc(F)cc2)N1.Cc1c(Cl)c(C(F)(F)F)nn1CC(=O)O,COC(=O)C1CCc2c(cnn2-c2ccc(F)cc2)N1C(=O)Cn1nc(C(F)(F)F)c(Cl)c1C
CC1Cc2cccc([N+](=O)[O-])c2O1,CC1Cc2cccc(N)c2O1
Brc1ccc(I)cc1.C#CCCC,CCCC#Cc1ccc(Br)cc1
Clc1ncnc(-n2c(Cl)nc3ccccc32)n1.Nc1cccc(Cc2nnn[nH]2)c1,Clc1nc2ccccc2n1-c1ncnc(Nc2cccc(Cc3nnn[nH]3)c2)n1
COC(=O)c1cc(OCC2COC(C)(C)O2)cc(-c2ccc(C)cc2C#N)c1,Cc1ccc(-c2cc(OCC3COC(C)(C)O3)cc(C(=O)O)c2)c(C#N)c1
CCCCc1ccc(C#Cc2ccc(CNc3ccc4c(c3)C(=O)OC(C)(C)O4)cn2)cc1.O=C(Cl)CCC1CCCC1,CCCCc1ccc(C#Cc2ccc(CN(C(=O)CCC3CCCC3)c3ccc4c(c3)C(=O)OC(C)(C)O4)cn2)cc1
COc1ccc2c(c1)C=Cc1ccccc1C2CO.Cc1ccc(S(=O)(=O)Cl)cc1,COc1ccc2c(c1)C=Cc1ccccc1C2COS(=O)(=O)c1ccc(C)cc1
Cc1[nH]c(C=O)c(C)c1C(=O)NCCN1CCCC1.O=C1Cc2cc(-c3ccccc3)ccc2N1,Cc1[nH]c(C=C2C(=O)Nc3ccc(-c4ccccc4)cc32)c(C)c1C(=O)NCCN1CCCC1
CC(=O)OC(C)=O.CCNC(=O)Nc1nc2cc(-c3cccnc3)cc(C(=O)NN)n2n1,CCNC(=O)Nc1nc2cc(-c3cccnc3)cc(C(=O)NNC(C)=O)n2n1
Cc1c(SCCCCl)ccnc1CCl.Sc1ccncc1,Cc1c(SCCCCl)ccnc1CSc1ccncc1
O=C(O)CCCCC[P+](c1ccccc1)(c1ccccc1)c1ccccc1.O=Cc1cn(-c2cccnc2)c2ccccc12,O=C(O)CCCCC=Cc1cn(-c2cccnc2)c2ccccc12
CC(C)c1ccc(N)cc1OCCN(C)C.Cc1nc(-c2ccc(-c3ccc(C(=O)O)cc3)c(C)c2)no1,Cc1nc(-c2ccc(-c3ccc(C(=O)Nc4ccc(C(C)C)c(OCCN(C)C)c4)cc3)c(C)c2)no1
CCOc1ccc2ccccc2c1-c1c[nH]c(NC(C)=O)n1,CCOc1ccc2ccccc2c1-c1c[nH]c(N)n1
C1COCCN1.Nc1nnc(Cl)s1,Nc1nnc(N2CCOCC2)s1
N#CCc1ccc(OCC2CCCCC2)cc1.[N-]=[N+]=[N-],c1cc(OCC2CCCCC2)ccc1Cc1nnn[nH]1
CCOc1ccc([C@@H](O)[C@H](OC(C)C)C(=O)N2C(=O)OC[C@@H]2Cc2ccccc2)cc1,CCOc1ccc(C[C@H](OC(C)C)C(=O)N2C(=O)OC[C@@H]2Cc2ccccc2)cc1
C=CC(=O)Cl.CC(C)(C)c1cc(C2NCCS2)cc(C(C)(C)C)c1O,C=CC(=O)N1CCSC1c1cc(C(C)(C)C)c(O)c(C(C)(C)C)c1
COc1ccc(Cc2cc(Br)ccc2Cl)cc1,Oc1ccc(Cc2cc(Br)ccc2Cl)cc1
CCOC(=O)CCNC(=O)c1ccc(NC(CCCCOC)c2oc3ccc(OC)cc3c2C)cc1,COCCCC[C@H](Nc1ccc(C(=O)NCCC(=O)O)cc1)c1oc2ccc(OC)cc2c1C
CCOC(=O)c1ccc(CNC(=O)[C@@H]2N[C@@H](CC(C)(C)C)[C@](C#N)(c3ccc(Cl)cc3F)[C@H]2c2cccc(Cl)c2F)nc1,CC(C)(C)C[C@@H]1N[C@@H](C(=O)NCc2ccc(C(=O)O)cn2)[C@H](c2cccc(Cl)c2F)[C@@]1(C#N)c1ccc(Cl)cc1F
Cc1ccc(S(=O)(=O)Cl)cc1.Nc1ccc(I)cn1,Cc1ccc(S(=O)(=O)Nc2ccc(I)cn2)cc1
O=C1N(C(c2ccccc2)c2ccccc2)c2ccc(F)cc2C1(O)c1cc2c(cc1O)OCC2,O=C1C(c2cc3c(cc2O)OCC3)c2cc(F)ccc2N1C(c1ccccc1)c1ccccc1
CN(C(=O)OC(C)(C)C)c1ccccc1CC(=O)N1CC2C(=O)CCC(c3ccccc3)(c3ccccc3)C2C1,CNc1ccccc1CC(=O)N1CC2C(=O)CCC(c3ccccc3)(c3ccccc3)C2C1
NCC1CCN(Cc2ccccc2)CC1.O=C(O)c1c[nH]c2ccccc12,O=C(NCC1CCN(Cc2ccccc2)CC1)c1c[nH]c2ccccc12
CCCC1CCC(CO)S1.CCCCCCCCCCCc1cnc(-c2ccc(O)cc2)nc1,CCCCCCCCCCCc1cnc(-c2ccc(OCC3CCC(CCC)S3)cc2)nc1
CN(C)CCN.O=C(O)c1cccc(-c2ccccc2CSCCOc2ccccc2)c1,CN(C)CCNC(=O)c1cccc(-c2ccccc2CSCCOc2ccccc2)c1
CN1C(=O)C2(CC2)CN(C2CCCC2)c2nc(Cl)ncc21.Cc1cc(C(=O)O)ccc1N,Cc1cc(C(=O)O)ccc1Nc1ncc2c(n1)N(C1CCCC1)CC1(CC1)C(=O)N2C
CC(C)(O)C(NC(=O)N1CC(=O)N(COCC[Si](C)(C)C)c2cc(I)cnc21)c1ccc(OC(F)(F)F)c(F)c1.OB(O)C1CC1,CC(C)(O)C(NC(=O)N1CC(=O)N(COCC[Si](C)(C)C)c2cc(C3CC3)cnc21)c1ccc(OC(F)(F)F)c(F)c1
CC(C)(C)OC(=O)N[C@H]1CNC[C@@H]1N1CCCCC1=O.CC(C)OC(=O)N1CCC([C@H](C)CCOc2cnc(Cl)nc2)CC1,CC(C)OC(=O)N1CCC([C@H](C)CCOc2cnc(N3C[C@H](NC(=O)OC(C)(C)C)[C@@H](N4CCCCC4=O)C3)nc2)CC1
CS(=O)(=O)Cc1ccccn1.O=C(OO)c1cccc(Cl)c1,CS(=O)(=O)Cc1cccc[n+]1[O-]
CS(=O)(=O)Oc1ccc(F)cc1C=O,CS(=O)(=O)Oc1ccc(F)cc1CO
O=C(NC(Cc1cc(=O)[nH]c2ccccc12)C(=O)O)c1ccc(Cl)cc1.OCC1CCCCC1,O=C(NC(Cc1cc(=O)[nH]c2ccccc12)C(=O)OCC1CCCCC1)c1ccc(Cl)cc1
CSc1ccc(NC2CCNCC2)cc1C(F)(F)F.O=C(O)CCCN1CCN(c2ccc(C(F)(F)F)cc2)CC1,CSc1ccc(NC2CCN(C(=O)CCCN3CCN(c4ccc(C(F)(F)F)cc4)CC3)CC2)cc1C(F)(F)F
Brc1ccc2c(c1)CCN2.O=C(Cl)C=Cc1cccc(Cl)c1,O=C(/C=C/c1cccc(Cl)c1)N1CCc2cc(Br)ccc21
CSc1ccc(N)c(C(=O)O)c1.O=CNCCN1CCC(Nc2nc3ccccc3n2Cc2ccc(F)cc2)CC1,CSc1ccc2ncn(CCN3CCC(Nc4nc5ccccc5n4Cc4ccc(F)cc4)CC3)c(=O)c2c1
COc1ccccc1-c1nc(C(=O)O)cn1-c1ccc(C)cc1.Nc1ccc(F)cc1,COc1ccccc1-c1nc(C(=O)Nc2ccc(F)cc2)cn1-c1ccc(C)cc1
CCOC(=O)c1c(C)nc2cccc(OC[C@@H](N)C(C)C)c2c1N.O=C(O)c1cccc(O)c1,CCOC(=O)c1c(C)nc2cccc(OC[C@@H](NC(=O)c3cccc(O)c3)C(C)C)c2c1N
C#CCNc1c([N+](=O)[O-])c(Cl)nc2ccccc12,C#CCNc1c(N)c(Cl)nc2ccccc12
BrCc1ccccc1.Cc1cc(CC(NC(=O)N2CCC(N3Cc4ccccc4NC3=O)CC2)c2ncc[nH]2)cc2cn[nH]c12,Cc1cc(CC(NC(=O)N2CCC(N3Cc4ccccc4NC3=O)CC2)c2nccn2Cc2ccccc2)cc2cn[nH]c12
CN(C)Cc1c(OCc2ccc(C#N)cc2)ccc2c(CCC3CCN(C(=O)OC(C)(C)C)CC3)noc12,CN(C)Cc1c(OCc2ccc(C#N)cc2)ccc2c(CCC3CCNCC3)noc12
CC(C)(C)NCc1ccc2c(c1)CCCC2NC(=O)CC1CC(OCc2ccccc2)CN1S(=O)(=O)c1cccc(C(F)(F)F)c1,CC(C)(C)NCc1ccc2c(c1)CCCC2NC(=O)CC1CC(O)CN1S(=O)(=O)c1cccc(C(F)(F)F)c1
COc1cc(O)c2c(c1C(N)=O)OC1=CC(O)=C(C(C)=O)C(=O)[C@]12C.N#Cc1ccc(C=O)c2ccccc12,COc1cc(O)c2c(c1C(=O)NCc1ccc(C#N)c3ccccc13)OC1=CC(O)=C(C(C)=O)C(=O)[C@]12C
CC1(C)OB(c2cncc(C#N)c2)OC1(C)C.O[C@H]1CC[C@H](Nc2nc(CN3CCCCC3)cc(Nc3nc4ccc(Br)cc4s3)n2)CC1,N#Cc1cncc(-c2ccc3nc(Nc4cc(CN5CCCCC5)nc(N[C@@H]5CC[C@@H](O)CC5)n4)sc3c2)c1
CC(C)[C@H](NC(=O)OCc1ccccc1)C(=O)N1CCC[C@H]1C(=O)OC(C)(C)C,CC(C)[C@H](NC(=O)OCc1ccccc1)C(=O)N1CCC[C@H]1C(=O)O
CC(C)(C)OC(=O)N1C2CCC1CN(C(=O)c1ccc(N)nc1)C2.CN(C)C(=O)c1cc2cnc(Cl)nc2n1C(C)(C)C,CN(C)C(=O)c1cc2cnc(Nc3ccc(C(=O)N4CC5CCC(C4)N5C(=O)OC(C)(C)C)cn3)nc2n1C(C)(C)C
CCCC(=NOCC=CCl)[C@H]1C(=O)C[C@H](CC(C)SCC)CC1=O.OO,CCCC(=NOCC=CCl)[C@@H]1C(=O)C[C@@H](CC(C)S(=O)CC)CC1=O
C#C[Si](C)(C)C.Cc1ccc(-c2c(NS(=O)(=O)c3ccc(C(C)(C)C)cc3)ncnc2OCCOc2ncc(Br)cn2)cc1,Cc1ccc(-c2c(NS(=O)(=O)c3ccc(C(C)(C)C)cc3)ncnc2OCCOc2ncc(C#C[Si](C)(C)C)cn2)cc1
[N-]=[N+]=NC[C@@H]1C[C@H]1CN1CCN(c2csc3cc(C(F)(F)F)ccc23)CC1,NC[C@@H]1C[C@H]1CN1CCN(c2csc3cc(C(F)(F)F)ccc23)CC1
COC(=O)[C@H]1CC(=O)N(c2ccc(OCc3cccc(F)c3)cc2)C1,O=C(O)[C@H]1CC(=O)N(c2ccc(OCc3cccc(F)c3)cc2)C1
CCOC(=O)c1cnc(N2CCc3ccccc32)nc1O.COc1ccc(CCl)cc1,CCOC(=O)c1cnc(N2CCc3ccccc32)nc1OCc1ccc(OC)cc1
CCOC(=O)c1cccc(Sc2c(C)[nH]c3cc(Cl)ccc23)c1.FC(F)(F)Cn1cc(Br)cn1,CCOC(=O)c1cccc(Sc2c(C)n(-c3cnn(CC(F)(F)F)c3)c3cc(Cl)ccc23)c1
CCCOC(=O)C=C(CN[C@@H](CC(C)(F)F)C(=O)OC)Oc1ccccc1Cl,COC(=O)[C@H](CC(C)(F)F)N1CC(Oc2ccccc2Cl)=CC1=O
COC(OC)c1ccsc1Cc1ccccc1F,O=Cc1ccsc1Cc1ccccc1F
CC1OC1CCBr.O=c1c2ccc(Cl)cc2nc2[nH]c3ccccc3n12,CC1OC1CCn1c2ccccc2n2c(=O)c3ccc(Cl)cc3nc12
CC(=O)CC1OCCc2ccccc21.CC(N)C(O)c1ccc(O)cc1,CC(CC1OCCc2ccccc21)NC(C)C(O)c1ccc(O)cc1
N[C@H]1CCCc2ccccc21.O=Cc1ccc(Br)cc1,Brc1ccc(CN[C@H]2CCCc3ccccc32)cc1
C1CC(N2CCOCC2)CCN1.CCc1nccc(-c2ccc(C(=O)O)c(Cl)c2)c1C#Cc1ccc(N)nc1,CCc1nccc(-c2ccc(C(=O)N3CCC(N4CCOCC4)CC3)c(Cl)c2)c1C#Cc1ccc(N)nc1
COC(=O)C1=Cc2cc(Br)ccc2CCC1,O=C(O)C1=Cc2cc(Br)ccc2CCC1
N#Cc1ccccc1Oc1ccc(NCc2cccnc2)cc1.O=S(=O)(Cl)CC(F)(F)F,N#Cc1ccccc1Oc1ccc(N(Cc2cccnc2)S(=O)(=O)CC(F)(F)F)cc1
C[Si](C)(C)C#N.FC(F)(F)Oc1ccc(OCc2ccc(Br)cc2)c(CBr)c1,N#CCc1cc(OC(F)(F)F)ccc1OCc1ccc(Br)cc1
CC(C)(C)OC(=O)CBr.CCOC(=O)Cc1ccc(O)c(OCC)c1,CCOC(=O)Cc1ccc(OCC(=O)OC(C)(C)C)c(OCC)c1
CN1CC2(CNc3cc(O)ccc32)C1.Nc1ncc(Cl)c(Cl)n1,CN1CC2(C1)CN(c1nc(N)ncc1Cl)c1cc(O)ccc12
O=S(=O)(Nc1ccc2c(c1)B(O)OC2)c1ccc(O)cc1CBr.[N-]=[N+]=[N-],[N-]=[N+]=NCc1cc(O)ccc1S(=O)(=O)Nc1ccc2c(c1)B(O)OC2
CON(C)C(=O)c1cc(NC(=O)C(F)(F)F)cc(S(F)(F)(F)(F)F)c1.[CH3][Mg+],CC(=O)c1cc(NC(=O)C(F)(F)F)cc(S(F)(F)(F)(F)F)c1
COc1ccc(-n2nc(NC(=O)OC(C)(C)C)c3csc(N)c3c2=O)cc1,COc1ccc(-n2nc(N)c3csc(N)c3c2=O)cc1
CCOc1cc(CN(CC(=O)c2cc(C(C)(C)C)c(O)c(C(C)(C)C)c2)C(=O)OC(C)(C)C)c(Br)cc1C(=O)NC.[C-]#N,CCOc1cc(CN(CC(=O)c2cc(C(C)(C)C)c(O)c(C(C)(C)C)c2)C(=O)OC(C)(C)C)c(C#N)cc1C(=O)NC
NCc1ccn2ccnc2c1.O=C=Nc1ccc(Br)cc1,O=C(NCc1ccn2ccnc2c1)Nc1ccc(Br)cc1
Clc1ncnc2cc[nH]c12.Nc1ccc(Oc2cccc3[nH]ccc23)c(Cl)c1,Clc1cc(Nc2ncnc3cc[nH]c23)ccc1Oc1cccc2[nH]ccc12
CCCn1nc(-c2ccc(OC)cc2)c2cccc(-c3ccc(F)cc3)c21,CCCn1nc(-c2ccc(O)cc2)c2cccc(-c3ccc(F)cc3)c21
O=C(OCc1ccccc1)[C@@H]1CC(=O)N1Cc1ccccc1,O=C(O)[C@@H]1CC(=O)N1Cc1ccccc1
O=C(OCc1ccccc1)c1cc(O)cc(Cl)c1.OCCCBr,O=C(OCc1ccccc1)c1cc(Cl)cc(OCCCO)c1
O=[N+]([O-])c1ccc(N2CCn3c2nc2cccnc23)cc1,Nc1ccc(N2CCn3c2nc2cccnc23)cc1
CS(=O)(=O)OC[C@H]1CN(c2ccc(I)cc2)C(=O)O1.[N-]=[N+]=[N-],[N-]=[N+]=NC[C@H]1CN(c2ccc(I)cc2)C(=O)O1
COc1cc(NC(=N)N)ccc1-n1cnc(C)c1.COc1cccc(CC(=O)C2CN(C(=O)OC(C)(C)C)CCC2=O)c1,COc1cccc(Cc2nc(Nc3ccc(-n4cnc(C)c4)c(OC)c3)nc3c2CN(C(=O)OC(C)(C)C)CC3)c1
CCOC(=O)c1oc2cccc(CBr)c2c1C,CCOC(=O)c1oc2cccc(C)c2c1C
CC(C)(C)C(=O)OC(=O)C(C)(C)C.Nc1ncnc2c1ncn2-c1ccc(NC(=O)Nc2ccc(Cl)c(C(F)(F)F)c2)cc1,CC(C)(C)C(=O)Nc1ncnc2c1ncn2-c1ccc(NC(=O)Nc2ccc(Cl)c(C(F)(F)F)c2)cc1
BrCc1ccccc1.CCOC(=O)c1c(C(C)C)nc(C(C)C)c(CO)c1-c1ccc(F)cc1,CCOC(=O)c1c(C(C)C)nc(C(C)C)c(COCc2ccccc2)c1-c1ccc(F)cc1
CC(C)(C)OC(=O)OC(=O)OC(C)(C)C.CCOC(CCN)OCC,CCOC(CCNC(=O)OC(C)(C)C)OCC
CC[C@@]1(O)C(=O)OCc2c1cc1n(c2=O)Cc2c-1nc1ccccc1c2CC[Si](C)(C)CCCBr.c1nc[nH]n1,CC[C@@]1(O)C(=O)OCc2c1cc1n(c2=O)Cc2c-1nc1ccccc1c2CC[Si](C)(C)CCCn1cncn1
COC(=O)c1ccc2c(c1)N(S(=O)(=O)c1cc(Cl)ccc1OC)CC2,COc1ccc(Cl)cc1S(=O)(=O)N1CCc2ccc(C(=O)O)cc21
CCCCBr.O=Cc1cccc(O)c1,CCCCOc1cccc(C=O)c1
Cc1c(NC(=O)OCc2ccccc2)cccc1-c1cnc(C(N)=O)c2[nH]c3cc(Br)ccc3c12,Cc1c(N)cccc1-c1cnc(C(N)=O)c2[nH]c3cc(Br)ccc3c12
O=C(CC1CN2CCC1CC2)Nc1cccc(Br)c1.OCc1ccccc1B(O)O,O=C(CC1CN2CCC1CC2)Nc1cccc(-c2ccccc2CO)c1
COC(=O)c1cc(Oc2ccc(NS(=O)(=O)c3ccc(C)cc3)c(N(C)Cc3ccccc3)c2)ccc1NS(=O)(=O)c1ccc(C)cc1,CNc1cc(Oc2ccc(NS(=O)(=O)c3ccc(C)cc3)c(C(=O)OC)c2)ccc1NS(=O)(=O)c1ccc(C)cc1
C=C(C)CN1CCNCC1.O=C1Nc2cccnc2N(C(=O)CCCl)c2ccccc21,C=C(C)CN1CCN(CCC(=O)N2c3ccccc3C(=O)Nc3cccnc32)CC1
Cc1c(NN)ncnc1N1CCC(c2ccccc2)CC1.O=C(O)CC1CC1,Cc1c(NNC(=O)CC2CC2)ncnc1N1CCC(c2ccccc2)CC1
C1COCCN1.CC(=O)N(Cc1cc(C(F)(F)F)cc(C(F)(F)F)c1)C1CCCN(C(=O)OC(C)C)c2ccc(Br)cc21,CC(=O)N(Cc1cc(C(F)(F)F)cc(C(F)(F)F)c1)C1CCCN(C(=O)OC(C)C)c2ccc(N3CCOCC3)cc21
CCCCCCC(O)CCCCCCCCCCC(=O)OC,CCCCCCC(O)CCCCCCCCCCCO
CN.Ic1ccc(I)nn1,CNc1ccc(I)nn1
CC1CCC(C(C)C)C(Br)C1.Nc1ccc(C(=O)[O-])c(O)c1,CC1CCC(C(C)C)C(OC(=O)c2ccc(N)cc2O)C1
Nc1nnc2ccc(Cl)nn12.OC1CCC1,Nc1nnc2ccc(OC3CCC3)nn12
CN.N#Cc1ccc(Cn2cncc2C=O)cc1,CNCc1cncn1Cc1ccc(C#N)cc1
Nc1cccc2cc(-c3ncns3)[nH]c12.O=S(=O)(Cl)c1cccs1,O=S(=O)(Nc1cccc2cc(-c3ncns3)[nH]c12)c1cccs1
ClCc1ccccc1.Oc1ccc2cc(O)ccc2c1,Oc1ccc2cc(OCc3ccccc3)ccc2c1
C1CCNCC1.O=C(Nc1ccc(OCCN2CCOCC2)c2ccccc12)c1cccc(Br)c1,O=C(Nc1ccc(OCCN2CCOCC2)c2ccccc12)c1cccc(N2CCCCC2)c1
CC(=O)c1ccc(N2CCNCC2)cc1.CCOC(=O)Nc1nc2cc(OC)ccc2nc1OC,COc1ccc2nc(OC)c(NC(=O)N3CCN(c4ccc(C(C)=O)cc4)CC3)nc2c1
Cc1cc2c(cc1F)oc(=O)n2C1CCN(C(=O)OC(C)(C)C)CC1,Cc1cc2c(cc1F)oc(=O)n2C1CCNCC1
Brc1ccsc1.CCN(CC)CCc1ccc2cc[nH]c2c1,CCN(CC)CCc1ccc2ccn(-c3ccsc3)c2c1
[N-]=[N+]=[N-].[O-][n+]1c(Cl)ccc2ccccc21,[N-]=[N+]=Nc1ccc2ccccc2[n+]1[O-]
CC(=O)Nc1nc(N(C(C)=O)C(C)=O)c(CCC=O)c(=O)[nH]1.CCOC(=O)c1ccc(N)cc1,CCOC(=O)c1ccc(NCCCc2c(N(C(C)=O)C(C)=O)nc(NC(C)=O)[nH]c2=O)cc1
C[C@@]1(C2CCNCC2)Cc2cc(C3=CCN(S(C)(=O)=O)CC3)ncc2O1.Cc1cnc(Br)nc1,Cc1cnc(N2CCC([C@]3(C)Cc4cc(C5=CCN(S(C)(=O)=O)CC5)ncc4O3)CC2)nc1
CCC(CC)C(=O)Cl.Nc1ccc(N2CCC(C(c3ccccc3)c3ccccc3)CC2)c(F)c1,CCC(CC)C(=O)Nc1ccc(N2CCC(C(c3ccccc3)c3ccccc3)CC2)c(F)c1
COC(=O)C(Br)c1ccc(Oc2ccc(Cl)cc2)cc1.Oc1ccc(Cl)c(Cl)c1,COC(=O)C(Oc1ccc(Cl)c(Cl)c1)c1ccc(Oc2ccc(Cl)cc2)cc1
CC(=O)O.CC(C)(C)c1cc(I)cc(C2(NCC(O)C(N)Cc3cc(F)cc(F)c3)CCCCC2)c1,CC(=O)NC(Cc1cc(F)cc(F)c1)C(O)CNC1(c2cc(I)cc(C(C)(C)C)c2)CCCCC1
C=CC(=O)OC(C)(C)C.Nc1cccnc1Br,CC(C)(C)OC(=O)/C=C/c1ncccc1N
C=CC(=O)OC.O=Cc1ccc(Br)cc1F,COC(=O)/C=C/c1ccc(C=O)c(F)c1
BrC1CCCC1.Cc1cc(N2CCCC2=O)ccc1-c1ccc(C(=O)N2CCc3cc4c(cc32)C2(CCNCC2)CO4)cc1,Cc1cc(N2CCCC2=O)ccc1-c1ccc(C(=O)N2CCc3cc4c(cc32)C2(CCN(C3CCCC3)CC2)CO4)cc1
Clc1nc(Cl)c2cc[nH]c2n1.NC1CCCC(C(=O)O)C1,O=C(O)C1CCCC(Nc2nc(Cl)nc3[nH]ccc23)C1
[N-]=[N+]=NC[C@H]1CN(c2ccc(I)cc2)C(=O)O1,NC[C@H]1CN(c2ccc(I)cc2)C(=O)O1
Fc1cccc(-c2ccnc3cc(Cl)ccc23)c1.[CH3][Mg+],Cc1ccc2c(-c3cccc(F)c3)ccnc2c1
CS(=O)(=O)Cl.OCc1cn(-c2cccc(Cl)c2)nn1,CS(=O)(=O)OCc1cn(-c2cccc(Cl)c2)nn1
BrC1CCC1.CC(C)(C)OC(=O)NC1(c2ccc(-c3nc4c(cc3-c3ccccc3)NC(=O)CO4)cc2)CCC1,CC(C)(C)OC(=O)NC1(c2ccc(-c3nc4c(cc3-c3ccccc3)N(C3CCC3)C(=O)CO4)cc2)CCC1
Ic1ccc(-c2nc(-c3ccccn3)cn2-c2cccnc2)cc1.c1ccc2[nH]cnc2c1,c1ccc(-c2cn(-c3cccnc3)c(-c3ccc(-n4cnc5ccccc54)cc3)n2)nc1
CCOC(=O)c1c(O)cc(C)n(C)c1=O.Nc1ncc[nH]1,Cc1cc(O)c(C(=O)Nc2ncc[nH]2)c(=O)n1C
CCCNCc1cc(-c2ccccc2CCNS(=O)(=O)c2ccccc2)ccc1[N+](=O)[O-],CCCNCc1cc(-c2ccccc2CCNS(=O)(=O)c2ccccc2)ccc1N
CCOc1cc(C(C)(C)C#N)c(Cl)cc1C1=N[C@@H](c2ccc(Cl)cc2)[C@@H](c2ccc(Cl)cc2)N1C(=O)Cl.CON(C)C(=O)CN1CCNCC1,CCOc1cc(C(C)(C)C#N)c(Cl)cc1C1=N[C@@H](c2ccc(Cl)cc2)[C@@H](c2ccc(Cl)cc2)N1C(=O)N1CCN(CC(=O)N(C)OC)CC1
CC(C)(C)OC(=O)N1CCNCC1.CCc1cc2c(Cl)nc(Cl)nc2s1,CCc1cc2c(N3CCN(C(=O)OC(C)(C)C)CC3)nc(Cl)nc2s1
COC(=O)c1ccc(OC2CCCCO2)c(C2=CCCC2(C)C)c1,COC(=O)c1ccc(O)c(C2=CCCC2(C)C)c1
C=CCBr.O=C(O)c1ccc(O)cc1,C=CCOc1ccc(C(=O)O)cc1
COC(=O)c1ccc2cc(-c3ccc(O)cc3)ccc2n1.OCc1c(-c2c(Cl)cccc2Cl)noc1C1CCC1,COC(=O)c1ccc2cc(-c3ccc(OCc4c(-c5c(Cl)cccc5Cl)noc4C4CCC4)cc3)ccc2n1
CN1[C@@H]2CC=C[C@@]1(O)CC2.O=C=NC(c1ccccc1)c1ccccc1,CN1[C@@H]2CC=C[C@@]1(OC(=O)NC(c1ccccc1)c1ccccc1)CC2
COC(=O)c1ccc([C@H](C)NC(=O)c2cc(Cl)ccc2COc2ccccc2Cl)cc1,C[C@H](NC(=O)c1cc(Cl)ccc1COc1ccccc1Cl)c1ccc(C(=O)O)cc1
COc1ccc(C2(C)CC(O)N(c3ccc(Cl)c(Cl)c3)C2=O)cc1OCCN1CCCCC1,COc1ccc(C2(C)CCN(c3ccc(Cl)c(Cl)c3)C2=O)cc1OCCN1CCCCC1
CCOC(=O)c1nc(-c2ccc(C)cc2)oc1C,Cc1ccc(-c2nc(CO)c(C)o2)cc1
CCOc1cc(O)ccc1CCC(=O)OC.OCCCc1cn(-c2ccc(C(F)(F)F)cn2)nc1OCc1ccccc1,CCOc1cc(OCCCc2cn(-c3ccc(C(F)(F)F)cn3)nc2OCc2ccccc2)ccc1CCC(=O)OC
OCCCCN1CCOCC1,O=CCCCN1CCOCC1
CCCCCCCCCCCCCCN(CCCCCCCCCCCCCC)C(=O)CCCOC1OCC(CN)O1.O=C(O)CN(CCCN(CCCNC(=O)C(F)(F)F)CCCNC(=O)C(F)(F)F)C(=O)C(F)(F)F,CCCCCCCCCCCCCCN(CCCCCCCCCCCCCC)C(=O)CCCOC1OCC(CNC(=O)CN(CCCN(CCCNC(=O)C(F)(F)F)CCCNC(=O)C(F)(F)F)C(=O)C(F)(F)F)O1
CC(C)(N)c1nccs1.O=C(O)c1ccc(N2CCCS2(=O)=O)c(OCC2CC2)n1,CC(C)(NC(=O)c1ccc(N2CCCS2(=O)=O)c(OCC2CC2)n1)c1nccs1
CC(C)C(O)c1c(Cl)ccnc1Cl,CC(C)C(=O)c1c(Cl)ccnc1Cl
C=CC1CC1(NC(=O)C1CC(O)CN1C(=O)OC(C)(C)C)C(=O)OCC.O=C(Cl)c1ccc([N+](=O)[O-])cc1,C=CC1CC1(NC(=O)C1CC(OC(=O)c2ccc([N+](=O)[O-])cc2)CN1C(=O)OC(C)(C)C)C(=O)OCC
CS(=O)(=O)c1ccc(OCc2ccc(C3CCNCC3)cn2)cc1.N#CBr,CS(=O)(=O)c1ccc(OCc2ccc(C3CCN(C#N)CC3)cn2)cc1
COC(=O)C(C)c1ccc(B2OC(C)(C)C(C)(C)O2)c(Cl)c1.Cc1nc(C)c(-c2ccc(OS(=O)(=O)C(F)(F)F)cc2)nc1C(N)=O,COC(=O)C(C)c1ccc(-c2ccc(-c3nc(C(N)=O)c(C)nc3C)cc2)c(Cl)c1
CC(C)c1c(C(=O)NCc2ccc(F)c(F)c2)c2ccc(C=O)cc2n1Cc1ccccc1.NO,CC(C)c1c(C(=O)NCc2ccc(F)c(F)c2)c2ccc(/C=N/O)cc2n1Cc1ccccc1
CCOC(=O)Cc1ccc(N)cc1.Clc1nc(OC2CCCC2)nc2c1CCC2,CCOC(=O)Cc1ccc(Nc2nc(OC3CCCC3)nc3c2CCC3)cc1
C=C(C)C(=O)O.COC(CN)OC,C=C(C)C(=O)NCC(OC)OC
CCCC#CC(=O)O.Nc1nccn2c([C@@H]3CCCN3)nc(-c3ccc(C(=O)Nc4ccccn4)cc3)c12,CCCC#CC(=O)N1CCC[C@H]1c1nc(-c2ccc(C(=O)Nc3ccccn3)cc2)c2c(N)nccn12
CCOC(=O)CCNC(=O)C1CCCNC1.Cc1nc(NC(=N)N)sc1C(=O)O,CCOC(=O)CCNC(=O)C1CCCN(C(=O)c2sc(NC(=N)N)nc2C)C1
CC(C)CO.COC(=O)c1ccc(OCC=C(C)CBr)cc1,COC(=O)c1ccc(OCC=C(C)COCC(C)C)cc1
CO.O=C(O)C1Oc2ccccc2C2(CC2)c2ccccc2O1,COC(=O)C1Oc2ccccc2C2(CC2)c2ccccc2O1
CCOC(=O)Cl.CC[C@H]1C[C@@H](NC(=O)OCc2ccccc2)c2cc(C(F)(F)F)ccc2N1,CCOC(=O)N1c2ccc(C(F)(F)F)cc2[C@H](NC(=O)OCc2ccccc2)C[C@@H]1CC
CC(C)c1ccc(CO)c(=O)c(O)c1.CCI,CCOc1cc(C(C)C)ccc(CO)c1=O
CCO.O=C(O)C=Cc1cccc(Br)c1,CCOC(=O)C=Cc1cccc(Br)c1
O=C(c1ccc(I)cc1)N1CCN(c2ncc(C3CC3)cc2C2CC2)CC1.O=C1N[C@H](COC(=O)c2ccccc2)CO1,O=C(OC[C@@H]1COC(=O)N1c1ccc(C(=O)N2CCN(c3ncc(C4CC4)cc3C3CC3)CC2)cc1)c1ccccc1
COC(=O)c1cscc1NC(=O)CCc1ccc(-c2ccccc2)cc1,O=C(CCc1ccc(-c2ccccc2)cc1)Nc1cscc1C(=O)O
COCC(=O)Cl.O=C(NC1CCNCC1)c1c[nH]c2c(-c3ccc(F)cc3OCC3CC3)ncnc12,COCC(=O)N1CCC(NC(=O)c2c[nH]c3c(-c4ccc(F)cc4OCC4CC4)ncnc23)CC1
CC(=O)N(C)C1CN(c2c(F)cc3c(=O)c(C(=O)O)cn(C4CC4)c3c2F)CC1C,CNC1CN(c2c(F)cc3c(=O)c(C(=O)O)cn(C4CC4)c3c2F)CC1C
Cc1ccc(B(O)O)cc1.N#Cc1ccccc1Cl,Cc1ccc(-c2ccccc2C#N)cc1
C1C[C@@H]2CNCCN2C1.CC(C)(C)OC(=O)Cc1nc(Cl)nc2cccc(F)c12,CC(C)(C)OC(=O)Cc1nc(N2CCN3CCC[C@@H]3C2)nc2cccc(F)c12
CCOC(=O)C1=C(c2ccc([Si](C)(C)C)cc2)CCOC1,CCOC(=O)[C@@H]1COCC[C@@H]1c1ccc([Si](C)(C)C)cc1
Fc1ccccc1CBr.O=Cc1c[nH]c2ccccc12,O=Cc1cn(Cc2ccccc2F)c2ccccc12
Cc1cc(N2CCN(Cc3ccc(F)cc3)C2=O)sc1C(=O)O.Cc1cnc(CN)cn1,Cc1cnc(CNC(=O)c2sc(N3CCN(Cc4ccc(F)cc4)C3=O)cc2C)cn1
COC(=O)Cc1csc2c(F)c(O)cc(C)c12.Cc1nc(C(F)(F)F)ccc1CO,COC(=O)Cc1csc2c(F)c(OCc3ccc(C(F)(F)F)nc3C)cc(C)c12
COC(=O)[C@H](C(C)C)N1Cc2cc(-c3ccc(N)cc3)ccc2C1=O.COc1ccc(C(=O)Br)cc1,COC(=O)[C@H](C(C)C)N1Cc2cc(-c3ccc(NC(=O)c4ccc(OC)cc4)cc3)ccc2C1=O
COc1ccccc1C(F)(F)COc1ccc(CC#N)cc1,COc1ccccc1C(F)(F)COc1ccc(CCN)cc1
Clc1cnnc(Cl)c1.O=C(c1cc(F)ccc1-n1nccn1)N1CC[C@H]2CN[C@H]2C1,O=C(c1cc(F)ccc1-n1nccn1)N1CC[C@H]2CN(c3cnnc(Cl)c3)[C@H]2C1
COC1CN(C(=O)OC(C)(C)C)CC1n1cnnc1-c1ncc(Cl)cc1NS(=O)(=O)c1ccc(Cl)c(C(F)(F)F)c1,COC1CNCC1n1cnnc1-c1ncc(Cl)cc1NS(=O)(=O)c1ccc(Cl)c(C(F)(F)F)c1
CI.O=S(=O)(c1ccc(Cl)cc1)N1C2CC(C3(O)CC3)CC1CC1(C2)OCCO1,COC1(C2CC3CC4(CC(C2)N3S(=O)(=O)c2ccc(Cl)cc2)OCCO4)CC1
Clc1ccc2ncc(-c3cc4ccccc4o3)n2n1.OC[C@@H]1CCCN1,c1ccc2oc(-c3cnc4ccc(OC[C@@H]5CCCN5)nn34)cc2c1
CC(C)N(C1=Nc2ncccc2NN1)C(C)C.CCC(=O)OC(=O)CC,CCC(=O)N1NC(N(C(C)C)C(C)C)=Nc2ncccc21
NCc1cccc(Cl)c1.O=C(O)c1cccc(-c2cnc3c(c2)N(Cc2cc(Cl)ccc2C(F)(F)F)CCN3)c1,O=C(NCc1cccc(Cl)c1)c1cccc(-c2cnc3c(c2)N(Cc2cc(Cl)ccc2C(F)(F)F)CCN3)c1
Ic1ccccn1.OB(O)c1cccnc1F,Fc1ncccc1-c1ccccn1
CC(C)n1ncnc1-c1nc2c(s1)CCOc1cc(C3CCN(CCOC4CCCCO4)CC3)ccc1-2,CC(C)n1ncnc1-c1nc2c(s1)CCOc1cc(C3CCN(CCO)CC3)ccc1-2
ClCCCCBr.OCc1ccccc1S,OCc1ccccc1SCCCCCl
Nc1nc(-c2cccc(C(F)(F)F)c2F)cs1.O=C(Cl)c1ccc(Nc2cnccn2)cc1,O=C(Nc1nc(-c2cccc(C(F)(F)F)c2F)cs1)c1ccc(Nc2cnccn2)cc1
COc1ccc(F)cc1C(C)C(F)(F)F,CC(c1cc(F)ccc1O)C(F)(F)F
CC1(C)CC(Nc2nccc(Cl)n2)CC(C)(C)N1.OB(O)c1ccc2ccccc2c1,CC1(C)CC(Nc2nccc(-c3ccc4ccccc4c3)n2)CC(C)(C)N1
CC(C)(O)c1ccn2c(Br)cnc2n1.CC1(C)OB(c2ccc(F)c(-c3ccsc3C#N)c2)OC1(C)C,CC(C)(O)c1ccn2c(-c3ccc(F)c(-c4ccsc4C#N)c3)cnc2n1
CC(=O)N[C@@H](C)COc1ccc(Oc2ccc(O)cc2)cc1.CC(C)I,CC(=O)N[C@@H](C)COc1ccc(Oc2ccc(OC(C)C)cc2)cc1
C#CCOCCCCCCCCCCO.O=C(O)C1CC1,C#CCOCCCCCCCCCCOC(=O)C1CC1
Fc1cc(OC2CNC2)cc(C(F)(F)F)c1.O=C(O)CNC(=O)c1cc(-c2ccccc2)[nH]n1,O=C(NCC(=O)N1CC(Oc2cc(F)cc(C(F)(F)F)c2)C1)c1cc(-c2ccccc2)[nH]n1
CC(C)(C)O.Cc1ncc(-c2ccc(Cl)cc2)cc1C(=O)Cl,Cc1ncc(-c2ccc(Cl)cc2)cc1C(=O)OC(C)(C)C
CC(=O)c1ccc([N+](=O)[O-])c(Sc2ccc(F)cc2F)c1,CC(=O)c1ccc(N)c(Sc2ccc(F)cc2F)c1
CCOC(=O)C(C)(C)NCCNC(=O)OC(C)(C)C,CCOC(=O)C(C)(C)NCCN
CC(C)(N)CN.Cc1cc(S(=O)(=O)Nc2cccc(-c3ccc(C(=O)O)cc3)c2)c(C)cc1Cl,Cc1cc(S(=O)(=O)Nc2cccc(-c3ccc(C(=O)NCC(C)(C)N)cc3)c2)c(C)cc1Cl
COC(=O)c1cccc(-c2cccc(NCCNC(=O)OC(C)(C)C)c2)c1,COC(=O)c1cccc(-c2cccc(NCCN)c2)c1
CC(C)(C)OC(=O)N[C@@H](CCCOCc1ccccc1)C(=O)O.CC(C)(C)c1ccc(N)c(N)c1,CC(C)(C)OC(=O)N[C@@H](CCCOCc1ccccc1)c1nc2cc(C(C)(C)C)ccc2[nH]1
[N-]=[N+]=NCC(=O)c1ccc(O)c2[nH]c(=O)sc12,[N-]=[N+]=NC[C@H](O)c1ccc(O)c2[nH]c(=O)sc12
C1CC2(CCN1)OCCO2.Cn1c(-c2cccc(Br)c2)nc2ccccc21,Cn1c(-c2cccc(N3CCC4(CC3)OCCO4)c2)nc2ccccc21
O=C(O)CCCN1CCN(c2nnc(C(F)(F)F)s2)CC1.O=[N+]([O-])c1ccc(NC2CCNCC2)cc1C(F)(F)F,O=C(CCCN1CCN(c2nnc(C(F)(F)F)s2)CC1)N1CCC(Nc2ccc([N+](=O)[O-])c(C(F)(F)F)c2)CC1
CCOC(=O)C(=CNC1CC1)C(=O)c1cc([N+](=O)[O-])c(F)c(Cl)c1F,CCOC(=O)c1cn(C2CC2)c2c(Cl)c(F)c([N+](=O)[O-])cc2c1=O
OCCBr.Oc1ccc(Br)cc1-c1cc2ccccc2[nH]1,BrCCOc1ccc(Br)cc1-c1cc2ccccc2[nH]1
CC(=O)OCc1cccc(Br)c1.Oc1ccccc1,CC(=O)OCc1cccc(Oc2ccccc2)c1
CCOC(=O)C(NC(=O)c1ccc(F)cc1C(F)(F)F)C(O)C(F)(F)F.CN,CNC(=O)C(NC(=O)c1ccc(F)cc1C(F)(F)F)C(O)C(F)(F)F
O=C(NC[C@H]1CCCN(CC2CCCCC2)C1)[C@H]1CCCN1C(=O)[C@@H]1C[C@@H](O)CN1C(=O)CC(c1ccccc1)(c1ccccc1)c1ccccc1,O=C1C[C@@H](C(=O)N2CCC[C@@H]2C(=O)NC[C@H]2CCCN(CC3CCCCC3)C2)N(C(=O)CC(c2ccccc2)(c2ccccc2)c2ccccc2)C1
N=C(N)c1ccncc1.O=C(CBr)c1nn(C2CCCCO2)c2ccc(Br)cc12,Brc1ccc2c(c1)c(-c1cnc(-c3ccncc3)[nH]1)nn2C1CCCCO1
NC(=O)[C@@H](N)CC1CC1.O=C(O)c1ccc(C2CCOC2)c(OCC2CC2)n1,NC(=O)[C@H](CC1CC1)NC(=O)c1ccc(C2CCOC2)c(OCC2CC2)n1
CC1(C)OB(c2ccnc(N)c2)OC1(C)C.CN1Cc2cc(-c3ccc(I)s3)ccc2C1=O,CN1Cc2cc(-c3ccc(-c4ccnc(N)c4)s3)ccc2C1=O
CC1CN(CC(C)C(O)c2ccc(C(C)(C)C)cc2)CC(C)O1.O=C=Nc1ccc(Cl)c(Cl)c1,CC1CN(CC(C)C(OC(=O)Nc2ccc(Cl)c(Cl)c2)c2ccc(C(C)(C)C)cc2)CC(C)O1
COC(=O)Cc1nc(C(C)C)c(Sc2cc(Cl)cc(Cl)c2)n1C,CC(C)c1nc(CCO)n(C)c1Sc1cc(Cl)cc(Cl)c1
CC(C)(C)OC(=O)Nc1cc(N2CCOCC2)c(C(F)(F)F)cc1N.CN(C)Cc1cnnn1-c1cccc(C(=O)CC(=O)OC(C)(C)C)c1,CN(C)Cc1cnnn1-c1cccc(C(=O)CC(=O)Nc2cc(C(F)(F)F)c(N3CCOCC3)cc2NC(=O)OC(C)(C)C)c1
COc1ccc(C(N)=O)cc1C(=O)O.Nc1cccc(Cl)c1,COc1ccc(C(N)=O)cc1C(=O)Nc1cccc(Cl)c1
CC(C)(C)NC(=O)c1cccc(Oc2ccc(Nc3ncnc4c3C=C(C=O)CCN4)cc2Cl)c1.COC1CCNCC1,COC1CCN(CC2=Cc3c(ncnc3Nc3ccc(Oc4cccc(C(=O)NC(C)(C)C)c4)c(Cl)c3)NCC2)CC1
CC1(C)OB(c2ccc3ncsc3c2)OC1(C)C.CCCC(C(=O)OC)c1c(C)nc(-c2ccccc2)nc1Cl,CCCC(C(=O)OC)c1c(C)nc(-c2ccccc2)nc1-c1ccc2ncsc2c1
CC(=O)[C@H]1CC[C@H]2/C(=C/Br)CCC[C@]12C,C[C@@H](O)[C@H]1CC[C@H]2/C(=C/Br)CCC[C@]12C
CCOC(=O)c1cn2c(n1)sc1cc(F)ccc12,OCc1cn2c(n1)sc1cc(F)ccc12
COC(=O)C(CCCc1ccc(OC)cc1)NC(=O)OC(C)(C)C.N,COc1ccc(CCCC(NC(=O)OC(C)(C)C)C(N)=O)cc1
COC(=O)C(C)(CO)C(c1ccccc1)c1ccc2c(cnn2-c2ccc(F)cc2)c1,CC(CO)(C(=O)O)C(c1ccccc1)c1ccc2c(cnn2-c2ccc(F)cc2)c1
COc1cc2c(cc1CN[C@H]1CCCN(C(=O)OC(C)(C)C)[C@H]1c1ccccc1)C(c1ccccc1)(C(F)(F)F)OC2,COc1cc2c(cc1CN[C@H]1CCCN[C@H]1c1ccccc1)C(c1ccccc1)(C(F)(F)F)OC2
Cc1c(B2OC(C)(C)C(C)(C)O2)c(C(=O)N(C)CC(C)(C)C)n(Cc2ccccc2)c1C(F)(F)F.FC(F)(F)COc1ccc(Br)cc1,Cc1c(-c2ccc(OCC(F)(F)F)cc2)c(C(=O)N(C)CC(C)(C)C)n(Cc2ccccc2)c1C(F)(F)F
COCCNc1cc(Cl)nc(-c2ccc(OC)cc2)n1.Sc1ccc(Cl)cc1,COCCNc1cc(Sc2ccc(Cl)cc2)nc(-c2ccc(OC)cc2)n1
Cc1cc(Oc2ccccc2N=C=O)n(-c2ccccc2Cl)n1.Nc1ccc(C2CC2)cc1,Cc1cc(Oc2ccccc2NC(=O)Nc2ccc(C3CC3)cc2)n(-c2ccccc2Cl)n1
CCOC(=O)c1cc(Cl)c(S(C)(=O)=O)c(-c2cc(C)no2)c1C,CCOC(=O)c1ccc(S(C)(=O)=O)c(-c2cc(C)no2)c1C
CC(C)(C)N.CC(C)(C)c1cc(C(C)(C)C)c(-c2ccc(Cl)cc2)c(O)c1C=O,CC(C)(C)NCc1c(C(C)(C)C)cc(C(C)(C)C)c(-c2ccc(Cl)cc2)c1O
COC(=O)c1ccc2nc(-c3ccc(F)cc3)c(Cl)nc2c1.Cc1ccccc1N,COC(=O)c1ccc2nc(-c3ccc(F)cc3)c(Nc3ccccc3C)nc2c1
OCc1cccc2cc[nH]c12,O=Cc1cccc2cc[nH]c12
COc1ccnc(CCl)c1.NCCS,COc1ccnc(CSCCN)c1
COC(=O)c1c(-c2cc(Br)c(OC)c(OC)c2)c2cc(OC)c(OC)cc2c(=O)n1-c1cccc(N)c1.O=CO,COC(=O)c1c(-c2cc(Br)c(OC)c(OC)c2)c2cc(OC)c(OC)cc2c(=O)n1-c1cccc(NC=O)c1
C1=COCCC1.O=C1c2ccccc2C(=O)N1CC(O)c1cc2cccnc2[nH]1,O=C1c2ccccc2C(=O)N1CC(OC1CCCCO1)c1cc2cccnc2[nH]1
CN(C)CCCNc1ccc(C(=O)N2Cc3cccn3Cc3ccccc32)cn1.Cc1ccc(F)cc1C(=O)Cl,Cc1ccc(F)cc1C(=O)N(CCCN(C)C)c1ccc(C(=O)N2Cc3cccn3Cc3ccccc32)cn1
CC1(C)OB(C2=CCCOC2)OC1(C)C.NC1=N[C@@]2(CCO1)c1cc(NC(=O)c3ccc(Cl)cn3)ccc1Oc1ncc(Br)cc12,NC1=N[C@@]2(CCO1)c1cc(NC(=O)c3ccc(Cl)cn3)ccc1Oc1ncc(C3=CCCOC3)cc12
CC(C)(C)OC(=O)N1CC=C(B2OC(C)(C)C(C)(C)O2)CC1.O=[N+]([O-])c1cccc(Br)c1,CC(C)(C)OC(=O)N1CC=C(c2cccc([N+](=O)[O-])c2)CC1
COc1nc(C)c(N2CCCn3c2nc2c(Cl)ccc(CO)c23)c(C)n1,COc1nc(C)c(N2CCCn3c2nc2c(Cl)ccc(C=O)c23)c(C)n1
CNC.COc1cccc(F)c1C(=O)NC(=O)Nc1cccc(C(F)(F)F)c1,COc1cccc(N(C)C)c1C(=O)NC(=O)Nc1cccc(C(F)(F)F)c1
COC(=O)[C@H](Cc1ccc(Cl)c(Cl)c1)NC(=O)c1ccc(Cl)cc1NS(=O)(=O)c1cccc2nsnc12,O=C(N[C@@H](Cc1ccc(Cl)c(Cl)c1)C(=O)O)c1ccc(Cl)cc1NS(=O)(=O)c1cccc2nsnc12
C[C@]12CC[C@H]3[C@@H](CC=C4NC(=O)CC[C@@]43C)[C@@H]1CC[C@@H]2C(=O)O.Cc1ccc(C[C@H](N)c2ccccc2)cc1,Cc1ccc(C[C@H](NC(=O)[C@H]2CC[C@H]3[C@@H]4CC=C5NC(=O)CC[C@]5(C)[C@H]4CC[C@]23C)c2ccccc2)cc1
CCC(O)(CC)COc1ccc(C(CC)(CC)c2cc(C)c(C(=O)O)s2)cc1C.COC(=O)CN,CCC(O)(CC)COc1ccc(C(CC)(CC)c2cc(C)c(C(=O)NCC(=O)OC)s2)cc1C
O=C(O)CC[C@@H](C(=O)OCc1ccccc1)n1c2ccccc2c2ccccc21.OCCO,O=C(CC[C@@H](C(=O)OCc1ccccc1)n1c2ccccc2c2ccccc21)OCCO
CCO.O=C(O)Cc1cc(OCc2ccccc2)cc(C(F)(F)F)c1,CCOC(=O)Cc1cc(OCc2ccccc2)cc(C(F)(F)F)c1
CN(C)C.COC(=O)C1=C(C)N(c2cccc(C(F)(F)F)c2)c2nn(Cc3ccc(CBr)cc3)c(=O)n2C1c1ccc(C#N)cc1,COC(=O)C1=C(C)N(c2cccc(C(F)(F)F)c2)c2nn(Cc3ccc(C[N+](C)(C)C)cc3)c(=O)n2C1c1ccc(C#N)cc1
CCOC(=O)CBr.NC(=O)c1ccccc1N,CCOC(=O)CNc1ccccc1C(N)=O
C1COCCN1.O=C(O)c1ccc(Br)cc1F,O=C(c1ccc(Br)cc1F)N1CCOCC1
COC(=O)c1sc(N)nc1-c1ccc(C(=O)NC2CC2)cc1.O=C(O)[C@@H]1CCCN1C(=O)OCc1ccccc1,COC(=O)c1sc(NC(=O)[C@@H]2CCCN2C(=O)OCc2ccccc2)nc1-c1ccc(C(=O)NC2CC2)cc1
CC(C)(CO)CCCCCC(=O)CCCCCC(C)(C)CO,CC(C)(CO)CCCCCC(O)CCCCCC(C)(C)CO
CC1(C)OB(c2ccc3occc3c2)OC1(C)C.Cn1nc(-c2ccc(Br)cc2)n(C[C@@H]2CCN(C(=O)C3CC3)C2)c1=O,Cn1nc(-c2ccc(-c3ccc4occc4c3)cc2)n(C[C@@H]2CCN(C(=O)C3CC3)C2)c1=O
CC1(C)C(=O)N(C2CC2)c2cc(N)ncc21.Cc1ncc(C(=O)O)cn1,Cc1ncc(C(=O)Nc2cc3c(cn2)C(C)(C)C(=O)N3C2CC2)cn1
O=C(O)Cn1cnc2c(NC(=O)OC(c3ccccc3)c3ccccc3)ncnc21.O=C1CNCCN1S(=O)(=O)c1nc2ccccc2s1,O=C(Nc1ncnc2c1ncn2CC(=O)N1CCN(S(=O)(=O)c2nc3ccccc3s2)C(=O)C1)OC(c1ccccc1)c1ccccc1
COC(=O)[C@H](Cc1ccc([N+](=O)[O-])cc1)NC(=O)OC(C)(C)C,COC(=O)[C@H](Cc1ccc(N)cc1)NC(=O)OC(C)(C)C
CC(=O)Nc1cc(-c2nc(Br)c(-c3nccn3COCC[Si](C)(C)C)s2)ccn1.Cn1cc(B2OC(C)(C)C(C)(C)O2)c(C(F)(F)F)n1,CC(=O)Nc1cc(-c2nc(-c3cn(C)nc3C(F)(F)F)c(-c3nccn3COCC[Si](C)(C)C)s2)ccn1
Brc1ccccc1.O=Cc1sccc1B(O)O,O=Cc1sccc1-c1ccccc1
CI.COc1c(C(=O)Nc2c(Br)cc(C(F)(C(F)(F)F)C(F)(F)F)cc2Br)cccc1N(C)C(=O)c1ccncc1,COc1c(C(=O)N(C)c2c(Br)cc(C(F)(C(F)(F)F)C(F)(F)F)cc2Br)cccc1N(C)C(=O)c1ccncc1
BrC1CCC1.Oc1ccc(Br)cc1,Brc1ccc(OC2CCC2)cc1
CC(=O)Sc1ccc(C(=O)O)cc1,CC(=O)Sc1ccc(CO)cc1
CCCC1=C(CC(=O)OC)CCC1=O,CCCC1C(=O)CCC1CC(=O)OC
COC(=O)c1ccc2[nH]cc(CCCCCl)c2c1.c1cc2c(cc1N1CCNCC1)OCCO2,COC(=O)c1ccc2[nH]cc(CCCCN3CCN(c4ccc5c(c4)OCCO5)CC3)c2c1
CC(C)(C)C(=O)Cl.CCCCCCCCCCCC(=O)N(C)CCO,CCCCCCCCCCCC(=O)N(C)CCOC(=O)C(C)(C)C
Nc1cccc(-n2cnc3cc(C(=O)NCc4cccnc4)ccc32)c1.O=Cc1ccc(Cl)cc1,O=C(NCc1cccnc1)c1ccc2c(c1)ncn2-c1cccc(NCc2ccc(Cl)cc2)c1
C1CCNCC1.COc1c(Cl)c(C)c(C(C)=O)c(OCCBr)c1OCCC(C)c1ccc(F)cc1,COc1c(Cl)c(C)c(C(C)=O)c(OCCN2CCCCC2)c1OCCC(C)c1ccc(F)cc1
CC(C)(C)[Si](C)(C)OC(COC1CCC(OCc2ccccc2)CC1F)c1ccccc1,CC(C)(C)[Si](C)(C)OC(COC1CCC(O)CC1F)c1ccccc1
CS(=O)(=O)Cl.Cc1c(N)c(C(N)=O)nn1Cc1cc2c(cc1Br)OCO2,Cc1c(NS(C)(=O)=O)c(C(N)=O)nn1Cc1cc2c(cc1Br)OCO2
Cc1ccc(-c2ccon2)cc1.O=C1CCC(=O)N1Br,BrCc1ccc(-c2ccon2)cc1
CCOC(=O)CC1OB(O)c2cc(Oc3cnc(CN)cn3)cc(C)c21,Cc1cc(Oc2cnc(CN)cn2)cc2c1C(CC(=O)O)OB2O
CC(C)(CO)NS(=O)(=O)c1cccc(N)c1.Cc1cc(-c2ccc(Cl)cc2)nc2c(C(=O)O)cnn12,Cc1cc(-c2ccc(Cl)cc2)nc2c(C(=O)Nc3cccc(S(=O)(=O)NC(C)(C)CO)c3)cnn12
COc1cc(OC)cc(C2CNC(=O)CO2)c1,COc1cc(OC)cc(C2CNCCO2)c1
CC(Cl)OC(=O)C(NC(=O)OC(C)(C)C)C(C)C.CCCS(=O)(=O)Nc1ccc(F)c(C(=O)c2c[nH]c3ncc(-c4ccc(Cl)cc4)cc23)c1F,CCCS(=O)(=O)Nc1ccc(F)c(C(=O)c2cn(C(C)OC(=O)C(NC(=O)OC(C)(C)C)C(C)C)c3ncc(-c4ccc(Cl)cc4)cc23)c1F
CCOC(=O)Cc1cc(Nc2nc(CCc3ccccc3)cs2)ncc1Br,O=C(O)Cc1cc(Nc2nc(CCc3ccccc3)cs2)ncc1Br
Cn1c(=O)c([N+](=O)[O-])c(N)c2cccnc21,Cn1c(=O)c(N)c(N)c2cccnc21
Cc1ccccc1C[C@H](NC(=O)[C@H](CCC(=O)OC(C)(C)C)NC(=O)[C@H](CC(=O)OC(C)(C)C)NC(=O)OCC1c2ccccc2-c2ccccc21)C(=O)N[C@H](C(=O)N[C@@H](CC(C)C)C(=O)OCc1ccccc1)C(C)(C)C,Cc1ccccc1C[C@H](NC(=O)[C@H](CCC(=O)OC(C)(C)C)NC(=O)[C@@H](N)CC(=O)OC(C)(C)C)C(=O)N[C@H](C(=O)N[C@@H](CC(C)C)C(=O)OCc1ccccc1)C(C)(C)C
CC(C)(C)OC(=O)N1CCC(COC(C(N)=O)c2cc(Cl)cc3cn(COCC[Si](C)(C)C)nc23)(c2ccc(F)cc2)CC1,CC(C)(C)OC(=O)N1CCC(COC(C#N)c2cc(Cl)cc3cn(COCC[Si](C)(C)C)nc23)(c2ccc(F)cc2)CC1
Cc1nnc2n1CCNC2.O=C(O)c1cc2ncc(Cl)cn2n1,Cc1nnc2n1CCN(C(=O)c1cc3ncc(Cl)cn3n1)C2
NC(=O)C(N)Cc1ccccc1.O=C(O)c1cc2cc(Cl)ccc2nc1Cl,NC(=O)C(Cc1ccccc1)Nc1nc2ccc(Cl)cc2cc1C(=O)O
NC(=O)c1cccc2c(NCc3cccc(Nc4ncc(CN5C(=O)c6ccccc6C5=O)s4)c3)ncnc12,NCc1cnc(Nc2cccc(CNc3ncnc4c(C(N)=O)cccc34)c2)s1
CC(=O)OC(C)=O.CCOC(=O)c1cnn2c1NCC=C2c1cccc(NC(=O)c2cccc(C(F)(F)F)c2)c1,CCOC(=O)c1cnn2c1N(C(C)=O)CC=C2c1cccc(NC(=O)c2cccc(C(F)(F)F)c2)c1
CCN(Cc1cncc(-c2ccc3c(c2)c(-c2ncc(C(=O)O)[nH]2)nn3C2CCCCO2)c1C)C(=O)OC(C)(C)C.C[C@@H]1CNC[C@H](C)O1,CCN(Cc1cncc(-c2ccc3c(c2)c(-c2ncc(C(=O)N4C[C@@H](C)O[C@@H](C)C4)[nH]2)nn3C2CCCCO2)c1C)C(=O)OC(C)(C)C
CC(C)(C)OC(=O)[C@@H]1C[C@H](CO)CN1C(=O)OC(C)(C)C.CS(=O)(=O)Cl,CC(C)(C)OC(=O)[C@@H]1C[C@H](COS(C)(=O)=O)CN1C(=O)OC(C)(C)C
CCSCC(O)(C(Nc1cccc2nc(C)ccc12)c1ccc(F)c(OC)c1F)C(F)(F)F,CCSCC(O)(C(Nc1cccc2nc(C)ccc12)c1ccc(F)c(O)c1F)C(F)(F)F
COC(=O)c1ccc(Oc2ccc(I)cn2)cc1,O=C(O)c1ccc(Oc2ccc(I)cn2)cc1
C[C@H](N)c1nc2cccc(-c3cnn(C)c3)c2c(=O)n1C1CC1.Cc1noc(-c2c(N)ncnc2Cl)n1,Cc1noc(-c2c(N)ncnc2N[C@@H](C)c2nc3cccc(-c4cnn(C)c4)c3c(=O)n2C2CC2)n1
CC(=O)Oc1ccccc1,CC(=O)c1ccc(O)cc1
CC(C)(C)C(=O)Cl.Cc1nc2ccccc2n1C1C[C@H]2CC[C@@H](C1)N2CCC1(c2ccccc2)CNCCO1,Cc1nc2ccccc2n1C1C[C@H]2CC[C@@H](C1)N2CCC1(c2ccccc2)CN(C(=O)C(C)(C)C)CCO1
COC(=O)CC1Cc2ccc(OCCCNc3ncccn3)cc2CNC1=O,O=C(O)CC1Cc2ccc(OCCCNc3ncccn3)cc2CNC1=O
N#Cc1ccc(CBr)cc1F.c1c[nH]cn1,N#Cc1ccc(Cn2ccnc2)cc1F
CCCCC(CC)COC(=O)CCS.Ic1ccc2c(-c3ccccc3)cc3nncn3c2c1,CCCCC(CC)COC(=O)CCSc1ccc2c(-c3ccccc3)cc3nncn3c2c1
C=CCOCC1(c2cccc(C)c2)NC(=O)NC1=O.N#Cc1ccc(Br)cc1C(F)(F)F,C=CCOCC1(c2cccc(C)c2)NC(=O)N(c2ccc(C#N)c(C(F)(F)F)c2)C1=O
Cc1ccc(CC2CCNCC2)cc1.O=C1COc2cc(NC(=O)C(=O)O)ccc2N1,Cc1ccc(CC2CCN(C(=O)C(=O)Nc3ccc4c(c3)OCC(=O)N4)CC2)cc1
CC(C)(C)C(=O)OCCl.COc1cc2ccnc(CSc3nc4ccccc4[nH]3)c2cc1OCC(F)(F)F,COc1cc2ccnc(CSc3nc4ccccc4n3COC(=O)C(C)(C)C)c2cc1OCC(F)(F)F
CC(C)(C)NC(=O)c1ccc(C2=CCCn3cncc32)cc1,CC(C)(C)NC(=O)c1ccc(C2CCCn3cncc32)cc1
Cn1c(C#N)ccc1B(O)O.N#CNc1ccc(Br)cc1,Cn1c(C#N)ccc1-c1ccc(NC#N)cc1
COC(=O)NCCO[C@@H](c1cccc(Cl)c1)[C@@H]1CCCN(C(=O)O[C@@H]2CN(C(=O)OCc3ccccc3)CC[C@H]2CC(C)C)C1,COC(=O)NCCO[C@@H](c1cccc(Cl)c1)[C@@H]1CCCN(C(=O)O[C@@H]2CNCC[C@H]2CC(C)C)C1
COc1cc2c(Oc3ccc4[nH]ccc4c3)ncnc2cc1O.OCCN1CCOCC1,COc1cc2c(Oc3ccc4[nH]ccc4c3)ncnc2cc1OCCN1CCOCC1
CC(C)(C)OC(=O)N1CCCC(n2nc(-c3ccc(Oc4ccccc4)cc3)c(C(N)=O)c2N)C1,NC(=O)c1c(-c2ccc(Oc3ccccc3)cc2)nn(C2CCCNC2)c1N
CCOc1c(C=O)cc(Br)c(-c2ccc(F)cc2)c1F.OB(O)C1CC1,CCOc1c(C=O)cc(C2CC2)c(-c2ccc(F)cc2)c1F
BrCc1ccccc1.COCCOc1ccc(C(C)=O)c(O)c1,COCCOc1ccc(C(C)=O)c(OCc2ccccc2)c1
Cc1cc(OCC(F)(F)F)c(NC(=O)CBr)c(OCC(F)(F)F)n1.Fc1ccc2nc(SCCN3CCNCC3)[nH]c2c1,Cc1cc(OCC(F)(F)F)c(NC(=O)CN2CCN(CCSc3nc4ccc(F)cc4[nH]3)CC2)c(OCC(F)(F)F)n1
CC(Cl)OC(=O)OCc1ccccc1.O=C(O)[C@@H]1CCCN1,O=C(O)[C@@H]1CCCN1C(=O)OCc1ccccc1
CCOC(=O)C1=C(c2ccccc2)CN(Cc2ccccc2)C1,O=C(O)C1=C(c2ccccc2)CN(Cc2ccccc2)C1
CC(C)(C)OC(=O)N1CCC(c2nc(CCl)cs2)CC1.CSc1ncc(O)cn1,CSc1ncc(OCc2csc(C3CCN(C(=O)OC(C)(C)C)CC3)n2)cn1
N#Cc1ccc(B(O)O)cc1.Oc1ccc(C(=C2CCCCCCC2)c2ccc(Br)cc2)cc1,N#Cc1ccc(-c2ccc(C(=C3CCCCCCC3)c3ccc(O)cc3)cc2)cc1
CCC(=O)c1ccccc1O.ClCc1ccccc1,CCC(=O)c1ccccc1OCc1ccccc1
N.O=C(O)Cc1cccc2c(=O)cc(C3=CCCCC3)oc12,NC(=O)Cc1cccc2c(=O)cc(C3=CCCCC3)oc12
CC1(C)OB(c2cccc(NS(C)(=O)=O)c2)OC1(C)C.Nc1nnc(Br)c(-c2ccccc2)n1,CS(=O)(=O)Nc1cccc(-c2nnc(N)nc2-c2ccccc2)c1
CCOC(=O)c1cc2cccnc2n1C,Cn1c(CO)cc2cccnc21
CN1CCNCC1.Clc1ccc2nc(Cl)c3nc[nH]c3c2c1,CN1CCN(c2nc3ccc(Cl)cc3c3[nH]cnc23)CC1
CC(C)N1CCNCC1.COC(=O)c1c(CBr)c(-c2ccccc2)nc2ccccc12,COC(=O)c1c(CN2CCN(C(C)C)CC2)c(-c2ccccc2)nc2ccccc12
CCn1cc(-c2ccnc3[nH]c(C4=CCNCC4)cc23)c(-c2ccc(NC(=O)Nc3ccccc3)cc2)n1.CN(C)CC(=O)O,CCn1cc(-c2ccnc3[nH]c(C4=CCN(C(=O)CN(C)C)CC4)cc23)c(-c2ccc(NC(=O)Nc3ccccc3)cc2)n1
COc1c(C(C)Cl)cc(Cl)c(C)c1-c1ccnc(C#N)c1.Cc1n[nH]c2ncnc(N)c12,COc1c(C(C)n2nc(C)c3c(N)ncnc32)cc(Cl)c(C)c1-c1ccnc(C#N)c1
CCCCCCCN(CCc1csc(SC(C)(C)C(=O)OC(C)(C)C)n1)c1ncc(C(N)=O)cc1Cl,CCCCCCCN(CCc1csc(SC(C)(C)C(=O)OC(C)(C)C)n1)c1ncc(C#N)cc1Cl
Brc1ccc2[nH]ncc2c1.ClCCBr,ClCCn1ncc2cc(Br)ccc21
CC(=O)OCc1ccc(C(=O)C(C)(C)C)cc1,CC(C)(C)C(=O)c1ccc(CO)cc1
COC(=O)c1ccc(C(=O)NCc2ccc(C(=O)NN=C3C(=O)Nc4ccc(I)cc43)cc2)cc1,O=C1Nc2ccc(I)cc2C1=NNC(=O)c1ccc(CNC(=O)c2ccc(C(=O)O)cc2)cc1
CCOC(=O)C(C)(C)Oc1cc(CCN)cc(OC)c1.Cc1nc(-c2ccc(C(F)(F)F)cc2)ccc1C(=O)O,CCOC(=O)C(C)(C)Oc1cc(CCNC(=O)c2ccc(-c3ccc(C(F)(F)F)cc3)nc2C)cc(OC)c1
CCOC(=O)N1CCC(Nc2ccc(Cl)cc2)CC1.O=C(Cl)Cc1ccccc1,CCOC(=O)N1CCC(N(C(=O)Cc2ccccc2)c2ccc(Cl)cc2)CC1
CCOC(=O)CBr.O=[N+]([O-])c1cccc(O)c1,CCOC(=O)COc1cccc([N+](=O)[O-])c1
CCc1cccc(CNC[C@@H](O)[C@@H](N)Cc2cc(F)cc(F)c2)c1.COC(=O)CCc1cnc(-c2cccc(C(=O)O)c2)o1,CCc1cccc(CNC[C@@H](O)[C@H](Cc2cc(F)cc(F)c2)NC(=O)c2cccc(-c3ncc(CCC(=O)OC)o3)c2)c1
COC(=O)c1ccc(NC(=O)Cc2ccccc2)s1.NO,O=C(Cc1ccccc1)Nc1ccc(C(=O)NO)s1
COc1ccc(N)cc1.ClCCCOc1ccc2ccccc2c1,COc1ccc(NCCCOc2ccc3ccccc3c2)cc1
ClCc1ccc(-c2ccc(Cl)cc2)cc1.O=C(O)C(O)c1ccccc1,O=C(O)C(OCc1ccc(-c2ccc(Cl)cc2)cc1)c1ccccc1
CC1OCCC1S(=O)(=O)c1ccncc1C(=O)O.COCCCBr,COCCCOC(=O)c1cnccc1S(=O)(=O)C1CCOC1C
Nc1cc(Br)cc([N+](=O)[O-])c1.OB(O)c1ccoc1,Nc1cc(-c2ccoc2)cc([N+](=O)[O-])c1
CCNCCN(C)C.Nc1ncc(-c2ccc(C(=O)O)cc2)cc1C(=O)Nc1ccncc1,CCN(CCN(C)C)C(=O)c1ccc(-c2cnc(N)c(C(=O)Nc3ccncc3)c2)cc1
CCc1c(I)[nH]c(C=O)c1C(=O)OCc1ccccc1.O=[N+]([O-])c1cccc(B(O)O)c1,CCc1c(-c2cccc([N+](=O)[O-])c2)[nH]c(C=O)c1C(=O)OCc1ccccc1
CN(C)CCCN.O=Cc1ccc2c(c1)OCO2,CN(C)CCCN=Cc1ccc2c(c1)OCO2
CC(C)c1ccc(C#C[Si](C)(C)C)cc1,C#Cc1ccc(C(C)C)cc1
CC(C)Oc1ccc(-c2nc(-c3cccc4c3OCCN(C(=O)OC(C)(C)C)C4CCCC(=O)O)no2)cc1C#N,CC(C)Oc1ccc(-c2nc(-c3cccc4c3OCCNC4CCCC(=O)O)no2)cc1C#N
CC(C)(C)OC(=O)OC(=O)OC(C)(C)C.Cc1c(N)cncc1Br,Cc1c(Br)cncc1NC(=O)OC(C)(C)C
CC(=O)OC(C)=O.CC(C)Nc1nc2c(nc1N1CCC(C(=O)c3cc(Cl)ccc3F)CC1)CCNC2,CC(=O)N1CCc2nc(N3CCC(C(=O)c4cc(Cl)ccc4F)CC3)c(NC(C)C)nc2C1
Cc1nc(CCc2c(-c3ccccc3)noc2C)sc1C(=O)O.N[C@H]1CCOC1,Cc1nc(CCc2c(-c3ccccc3)noc2C)sc1C(=O)N[C@H]1CCOC1
COc1ccc(CC[C@@]2(C)C(=O)N(C(=O)N[C@H](C)c3ccccc3)[C@@H]2C(=O)OCc2ccccc2)cc1,COc1ccc(CC[C@@]2(C)C(=O)N(C(=O)N[C@H](C)c3ccccc3)[C@@H]2C(=O)O)cc1
CC(C)(C)OC(=O)N1CCCC(c2cc(C(=O)N3CCCCCC3)cs2)C1,O=C(c1csc(C2CCCNC2)c1)N1CCCCCC1
CC(C)(C)OC(=O)[C@@H](N)C(C)(C)C.O=C(O)c1ccc(-c2cnc3nnc(C4(c5ccc6ncsc6c5)CC4)n3n2)cc1,CC(C)(C)OC(=O)[C@@H](NC(=O)c1ccc(-c2cnc3nnc(C4(c5ccc6ncsc6c5)CC4)n3n2)cc1)C(C)(C)C
CC(C)(CO)S(=O)(=O)CCN.O=CC1=Cc2c(ncnc2Nc2ccc(Oc3cccc(C(F)(F)F)c3)c(Cl)c2)NCC1,CC(C)(CO)S(=O)(=O)CCNCC1=Cc2c(ncnc2Nc2ccc(Oc3cccc(C(F)(F)F)c3)c(Cl)c2)NCC1
Cn1ncc(Br)c1NC(=O)OCC(Cl)(Cl)Cl.c1ccc(-c2nsc(N3CCNCC3)n2)cc1,Cn1ncc(Br)c1NC(=O)N1CCN(c2nc(-c3ccccc3)ns2)CC1
Fc1ccc(CCl)cc1.O=C1CCN(Cc2ccccc2)CC1,OC1(Cc2ccc(F)cc2)CCN(Cc2ccccc2)CC1
CC(=O)OC(C)=O.CCOC(=O)Cn1nc(-c2ccc(F)cc2)cc1N,CCOC(=O)Cn1nc(-c2ccc(F)cc2)cc1NC(C)=O
CC(C)(C)OC(=O)NC1Cc2ccc(Br)cc2C1.[C-]#N,CC(C)(C)OC(=O)NC1Cc2ccc(C#N)cc2C1
Cc1c(-c2ccccc2)c(N2CC(N(C)C(=O)OC(C)(C)C)C2)n2c(nc3ncccc32)c1C#N,CNC1CN(c2c(-c3ccccc3)c(C)c(C#N)c3nc4ncccc4n23)C1
CC(=O)Cl.CC(C)c1nc(COCCO)n(C)c1Sc1cc(Cl)cc(Cl)c1,CC(=O)OCCOCc1nc(C(C)C)c(Sc2cc(Cl)cc(Cl)c2)n1C
COC(=O)C(C)(C)COC(c1ccccc1)(c1ccccc1)c1ccccc1,CC(C)(COC(c1ccccc1)(c1ccccc1)c1ccccc1)C(=O)O
N#CCBr.c1ccc(N2CCNCC2)nc1,N#CCN1CCN(c2ccccn2)CC1
C[O-].Nc1nc(Cl)nc2nc[nH]c12,COc1nc(N)c2[nH]cnc2n1
COc1ccc(Cn2c(C)cc(O)cc2=O)c(OC)c1.N#Cc1ccccc1CBr,COc1ccc(Cn2c(C)cc(OCc3ccccc3C#N)cc2=O)c(OC)c1
COc1ccc(NS(=O)(=O)C(F)(F)F)cc1CC1C(=O)c2cc(OCc3nc4cc(F)c(F)cc4s3)ccc2OC1(C)C,COc1ccc(NS(=O)(=O)C(F)(F)F)cc1C[C@H]1[C@@H](O)c2cc(OCc3nc4cc(F)c(F)cc4s3)ccc2OC1(C)C
COC(=O)c1ccc([C@H](C)NC(=O)c2cc(Cl)cnc2Cl)cc1.Cc1ccc(O)c(C)c1,COC(=O)c1ccc([C@H](C)NC(=O)c2cc(Cl)cnc2Oc2ccc(C)cc2C)cc1
N[C@H]1CC[C@H](CCN2CCN(c3nccc4c3CCO4)CC2)CC1.O=C(O)C[C@@H]1COCCO1,O=C(C[C@@H]1COCCO1)N[C@@H]1CC[C@@H](CCN2CCN(c3nccc4c3CCO4)CC2)CC1
NS(=O)(=O)c1cc2ccccc2o1.O=C=Nc1ccc(Cl)cc1,O=C(Nc1ccc(Cl)cc1)NS(=O)(=O)c1cc2ccccc2o1
CCCOc1ccc(N2CCN(S(=O)(=O)c3ccc([N+](=O)[O-])cc3)CC2)cc1,CCCOc1ccc(N2CCN(S(=O)(=O)c3ccc(N)cc3)CC2)cc1
C#CCN1C(=O)C2CC(c3ccc([N+](=O)[O-])cc3)(C2)C1=O,C#CCN1C(=O)C2CC(c3ccc(N)cc3)(C2)C1=O
Cc1cc(C=O)cc(C)c1O.N#CCC#N,Cc1cc(C=C(C#N)C#N)cc(C)c1O
CC(C)CC[P+](C)(C)C.C[C@H](C=O)CCCl,CC(C)C/C=C\[C@@H](C)CCCl
Cc1nc(N)ccc1Br.N#[C][Cu],Cc1nc(N)ccc1C#N
COC(=O)c1ccc(Br)cc1.[Mg+][CH]1CC1,COC(=O)c1ccc(C2CC2)cc1
Cn1cc(B2OC(C)(C)C(C)(C)O2)cn1.Nc1ncc2ccoc2c1OCc1nnc2ccc(Cl)nn12,Cn1cc(-c2ccc3nnc(COc4c(N)ncc5ccoc45)n3n2)cn1
CCOC(=O)C1CCCNC1.ClCCBr,CCOC(=O)C1CCCN(CCCl)C1
C[CH2][Mg+].O=Cc1ccc(Br)cn1,CCC(O)c1ccc(Br)cn1
COc1cc(NC(=O)c2nn(-c3ccc(Cl)cc3)cc2CCl)ccc1O,COc1cc(N2Cc3cn(-c4ccc(Cl)cc4)nc3C2=O)ccc1O
CN1CCNCC1.O=Cc1c(CN2C(=O)c3ccccc3C2=O)nc2ccccn12,CN1CCN(Cc2c(CN3C(=O)c4ccccc4C3=O)nc3ccccn23)CC1
CCOC(=O)CCNC(=O)Nc1nc(C)c(-c2ccc(S(=O)(=O)N(C)C)cc2)s1,Cc1nc(NC(=O)NCCC(=O)O)sc1-c1ccc(S(=O)(=O)N(C)C)cc1
CC(C)(CO)CCCN1CC2CN(C(=O)OC(C)(C)C)CCN2C1=O,CC(C)(CO)CCCN1CC2CNCCN2C1=O
Brc1ccc2nccnc2c1.OB(O)c1c(-c2ccccn2)nn2c1CCC2,c1ccc(-c2nn3c(c2-c2ccc4nccnc4c2)CCC3)nc1
CCCCCCCCCCCC(O)CCCCCCCC.O=C(O)c1ccccc1,CCCCCCCCCCCC(CCCCCCCC)OC(=O)c1ccccc1
O=C(C1CC1)N1CC[C@@H](CNc2cc(C(F)(F)F)ccc2[N+](=O)[O-])C1,Nc1ccc(C(F)(F)F)cc1NC[C@@H]1CCN(C(=O)C2CC2)C1
Cc1nc2c(o1)c(C(=O)O)cc1nc(Nc3c(Cl)cccc3Cl)[nH]c12.Nc1ccc(Br)cc1,Cc1nc2c(o1)c(C(=O)Nc1ccc(Br)cc1)cc1nc(Nc3c(Cl)cccc3Cl)[nH]c12
CCc1cc(O)c(OC)nc1C.ClCc1nc2ccccc2o1,CCc1cc(OCc2nc3ccccc3o2)c(OC)nc1C
COc1ccc(N)cc1-n1ccn2nc(-c3cccnc3)cc12.O=C(O)c1cccc(S(F)(F)(F)(F)F)c1,COc1ccc(NC(=O)c2cccc(S(F)(F)(F)(F)F)c2)cc1-n1ccn2nc(-c3cccnc3)cc12
C=CCC(C)(C)CCOC(=O)N[C@H](C(=O)O)C(C)(C)C.C=Cc1cc2cc([C@@]3(OC)CN[C@H](C(=O)OC)C3)ccc2cc1OC,C=CCC(C)(C)CCOC(=O)N[C@H](C(=O)N1C[C@](OC)(c2ccc3cc(OC)c(C=C)cc3c2)C[C@H]1C(=O)OC)C(C)(C)C
O=[N+]([O-])c1ccc(-c2nn(-c3ccccc3)cc2CO)o1,O=Cc1cn(-c2ccccc2)nc1-c1ccc([N+](=O)[O-])o1
OCCCCCl.Oc1c(Cl)cc(OCc2ccccc2)cc1Cl,OCCCCOc1c(Cl)cc(OCc2ccccc2)cc1Cl
CN.Cc1cc(OCc2ccc(F)cc2F)c(Cl)c(=O)n1-c1cc(C(=O)O)ccc1F,CNC(=O)c1ccc(F)c(-n2c(C)cc(OCc3ccc(F)cc3F)c(Cl)c2=O)c1
CCOC(=O)CCCOc1cccc(CCCCCCOc2cc(Br)cc(S(=O)(=O)C(C)C)c2)c1CCC(=O)OCC.OB(O)c1ccc(Cl)cc1,CCOC(=O)CCCOc1cccc(CCCCCCOc2cc(-c3ccc(Cl)cc3)cc(S(=O)(=O)C(C)C)c2)c1CCC(=O)OCC
Cc1nc(N(Cc2ccccc2)Cc2ccccc2)c([N+](=O)[O-])c(NNC(=O)OC(C)(C)C)c1C,Cc1nc(N(Cc2ccccc2)Cc2ccccc2)c(N)c(NNC(=O)OC(C)(C)C)c1C
O=Cc1ccc(-c2noc(-c3nnn(-c4ccccc4F)c3-c3ccncc3)n2)cc1.OCC1CNCCO1,OCC1CN(Cc2ccc(-c3noc(-c4nnn(-c5ccccc5F)c4-c4ccncc4)n3)cc2)CCO1
CC(C(=O)Cl)c1ccc(-n2cc(Cl)cn2)c(Cl)c1.N,CC(C(N)=O)c1ccc(-n2cc(Cl)cn2)c(Cl)c1
CC(C)(C)OC(=O)N(CCO)c1cn(-c2cccnc2)nc1Cl.CS(=O)(=O)Cl,CC(C)(C)OC(=O)N(CCOS(C)(=O)=O)c1cn(-c2cccnc2)nc1Cl
COC(=O)c1cc(OCCC2(CC=O)CCCCC2)cc(C(=O)OC)c1.Cc1ccc(NC2CCNCC2)cc1,COC(=O)c1cc(OCCC2(CCN3CCC(Nc4ccc(C)cc4)CC3)CCCCC2)cc(C(=O)OC)c1
C=CC(=O)Cl.O=C(OCc1ccccc1)N1CCC2(CC1)CNc1ccccc12,C=CC(=O)N1CC2(CCN(C(=O)OCc3ccccc3)CC2)c2ccccc21
Cc1cc(C)cc(C=O)c1.NO,Cc1cc(C)cc(C=NO)c1
CC[O-].Clc1cc(I)ccn1,CCOc1ccnc(Cl)c1
Cc1c(C)n(CC2CC2C)c2c(Cl)nncc12.OCc1ccc(F)cc1F,Cc1c(C)n(CC2CC2C)c2c(OCc3ccc(F)cc3F)nncc12
COC(=O)c1cc2c(Br)csc2cn1,O=C(O)c1cc2c(Br)csc2cn1
CCOC(=O)CC1CCC2(CC1)OCCO2,O=C(O)CC1CCC2(CC1)OCCO2
COc1ccc2c(COc3cccc4[nH]c(C(=O)O)cc34)coc2c1.C[C@H]1CN([C@@H](C)CN2CCC(N)CC2)CC[C@@H]1O,COc1ccc2c(COc3cccc4[nH]c(C(=O)NC5CCN(C[C@H](C)N6CC[C@H](O)[C@@H](C)C6)CC5)cc34)coc2c1
CS(=O)(=O)c1cc(-c2ccncc2)ccc1N,CS(=O)(=O)c1cc(C2CCNCC2)ccc1N
CC(C)(C)OC(=O)COc1ccc(C=O)cc1.Cc1ccc(N)cc1,Cc1ccc(/N=C/c2ccc(OCC(=O)OC(C)(C)C)cc2)cc1
COc1ccc(CNc2nncs2)c(OC)c1.N#Cc1cc(S(=O)(=O)Cl)ccc1F,COc1ccc(CN(c2nncs2)S(=O)(=O)c2ccc(F)c(C#N)c2)c(OC)c1
COc1ccc(N2C(=O)c3ccccc3C2=O)c(OC)n1,COc1ccc(N2C(=O)c3ccccc3C2=O)c(O)n1
CCOC(=O)C(Br)c1ccc2c(c1)OCO2.COC(=O)c1ccc(O)c(CC(C)C)c1,CCOC(=O)C(Oc1ccc(C(=O)OC)cc1CC(C)C)c1ccc2c(c1)OCO2
O=C(Cl)c1ccc([N+](=O)[O-])cc1Cl.c1cc2c(s1)CCCCN2,O=C(c1ccc([N+](=O)[O-])cc1Cl)N1CCCCc2sccc21
CC(=O)Nc1cc(C(=O)C(C)=NO)ccc1Cl.NNC(N)=S,CC(=O)Nc1cc(C(=NNC(N)=S)C(C)=NO)ccc1Cl
C[C@H](Cc1ccc(S(=O)(=O)c2ccc(F)cc2C=O)cc1)NC(=O)C(F)(F)F.Oc1ccccc1,C[C@H](Cc1ccc(S(=O)(=O)c2ccc(Oc3ccccc3)cc2C=O)cc1)NC(=O)C(F)(F)F
CNC.COC(=O)C1=C(C)N(c2cccc(C(F)(F)F)c2)c2n[nH]c(=O)n2C1c1ccc(C#N)cc1CBr,COC(=O)C1=C(C)N(c2cccc(C(F)(F)F)c2)c2n[nH]c(=O)n2C1c1ccc(C#N)cc1CN(C)C
O=C(C1CCNCC1)N1CCCCC1.O=C(O)c1cc2ccccc2n1Cc1ccc(F)cc1,O=C(c1cc2ccccc2n1Cc1ccc(F)cc1)N1CCC(C(=O)N2CCCCC2)CC1
Clc1nc(NC2CC2)nc(NC2CC2)n1.NC1CC1,C1CC1Nc1nc(NC2CC2)nc(NC2CC2)n1
CS[C@H]([C@@H](C)C(=O)O)[C@@H]1CCCN1C(=O)OC(C)(C)C.NCCc1cccc(O)c1,CS[C@H]([C@@H](C)C(=O)NCCc1cccc(O)c1)[C@@H]1CCCN1C(=O)OC(C)(C)C
NC1CCCCC1.O=C(O)C(c1cccc(Cl)c1)C1(O)CCCCC1,O=C(NC1CCCCC1)C(c1cccc(Cl)c1)C1(O)CCCCC1
CC1=[N+](CCCCCC(=O)O)c2ccc(Br)cc2C1(C)C.CCO,CCOC(=O)CCCCC[N+]1=C(C)C(C)(C)c2cc(Br)ccc21
CC(C)(C)OC(=O)[C@@H]1CS[C@H](c2ccccc2)N1C(=O)CN.O=C=Nc1ccc(Cl)c(C(F)(F)F)c1,CC(C)(C)OC(=O)[C@@H]1CS[C@H](c2ccccc2)N1C(=O)CNC(=O)Nc1ccc(Cl)c(C(F)(F)F)c1
COc1ccc(C2=NN(C3CCNCC3)C(=O)C2(C)C)cc1OC.O=S(=O)(Cl)c1ccccc1Cl,COc1ccc(C2=NN(C3CCN(S(=O)(=O)c4ccccc4Cl)CC3)C(=O)C2(C)C)cc1OC
OC1CCN(C(c2ccccc2)(c2ccccc2)c2ccccc2)CC1,c1ccc(C(c2ccccc2)(c2ccccc2)N2CCCCC2)cc1
CCCCOCCOc1ccc(-c2ccc3c(c2)C=C(C(=O)Nc2ccc(SCc4nccs4)cc2)CCN3CC(C)C)cc1.O=C(OO)c1cccc(Cl)c1,CCCCOCCOc1ccc(-c2ccc3c(c2)C=C(C(=O)Nc2ccc(S(=O)Cc4nccs4)cc2)CCN3CC(C)C)cc1
CCNc1nccc(C(C)=O)n1.CCOC(=O)C(=O)C(=O)OCC,CCNc1nccc(C(=O)CC(O)(C(=O)OCC)C(=O)OCC)n1
C[S-].Cn1nnc(N(Cc2cc(C(F)(F)F)cc(C(F)(F)F)c2)Cc2cc(C(F)(F)F)ccc2C(Br)C2CCCCC2)n1,CSC(c1ccc(C(F)(F)F)cc1CN(Cc1cc(C(F)(F)F)cc(C(F)(F)F)c1)c1nnn(C)n1)C1CCCCC1
COC(=O)C1CC(CC#N)C1,N#CCC1CC(C(=O)O)C1
CCCCC[C@H]1CC[C@H](C(=O)O)CC1.CCCCCc1ccc(-c2ccc(O)c(F)c2F)cc1,CCCCCc1ccc(-c2ccc(OC(=O)[C@@H]3CC[C@@H](CCCCC)CC3)c(F)c2F)cc1
CCOC[C@H](NC(=O)c1cc2ccccc2cc1NC(=O)Nc1c(C)cc(C)cc1C)C(=O)OC,CCOC[C@H](NC(=O)c1cc2ccccc2cc1NC(=O)Nc1c(C)cc(C)cc1C)C(=O)O
N#CCBr.Oc1ccc(Br)cc1,N#CCOc1ccc(Br)cc1
NS(=O)(=O)C1CC1.O=C(O)c1cc(C2CC2)c(OCC2CCN(S(=O)(=O)c3cc(Cl)c(Br)cc3F)CC2)cc1F,O=C(NS(=O)(=O)C1CC1)c1cc(C2CC2)c(OCC2CCN(S(=O)(=O)c3cc(Cl)c(Br)cc3F)CC2)cc1F
CC(C)OC(=O)N1CCC(Oc2cccc3c2CCN3c2ccc(I)cc2)CC1.N#[C][Cu],CC(C)OC(=O)N1CCC(Oc2cccc3c2CCN3c2ccc(C#N)cc2)CC1
CCN(CC)c1ccc(N)cn1.O=C(O)c1nc(-c2ccccc2)oc1C(F)(F)F,CCN(CC)c1ccc(NC(=O)c2nc(-c3ccccc3)oc2C(F)(F)F)cn1
NC(=O)CBr.OB(O)c1ccc(S)cc1,NC(=O)CSc1ccc(B(O)O)cc1
CN(C)CCN1CC(C(=O)O)CC1=O.Nc1cc(Cl)cc2c1[nH]c1cnccc12,CN(C)CCN1CC(C(=O)Nc2cc(Cl)cc3c2[nH]c2cnccc23)CC1=O
CCOC(=O)c1sc(-c2ccncc2)cc1Cc1ccc2ccccc2c1,O=C(O)c1sc(-c2ccncc2)cc1Cc1ccc2ccccc2c1
CCOC(=O)c1cc(OCC)cc(S(F)(F)(F)(F)F)c1.CNOC,CCOc1cc(C(=O)N(C)OC)cc(S(F)(F)(F)(F)F)c1
CCCCCC=O.COC(=O)c1cc(Oc2ccc(N)cc2)ccc1N,CCCCCCNc1ccc(Oc2ccc(N)c(C(=O)OC)c2)cc1
CC(C)(C)OC(=O)CCC(CP(=O)(CN)OC(C)(C)C)C(=O)OC(C)(C)C.O=C(Cl)c1ccccc1,CC(C)(C)OC(=O)CCC(CP(=O)(CNC(=O)c1ccccc1)OC(C)(C)C)C(=O)OC(C)(C)C
CNc1nc2c(Cl)nc3ccccc3c2n1C.N,CNc1nc2c(N)nc3ccccc3c2n1C
C#Cc1ccc(OC)c(NC(=O)C(F)(F)F)c1.Clc1ccnc(Cl)n1,COc1ccc(C#Cc2ccnc(Cl)n2)cc1NC(=O)C(F)(F)F
O=C1c2ccccc2COc2ccc(C=Cc3ccc4cc(F)c(F)cc4n3)cc21,OC1c2ccccc2COc2ccc(/C=C/c3ccc4cc(F)c(F)cc4n3)cc21
O=C(NCCCl)Nc1cccc(F)c1,O=C1NCCN1c1cccc(F)c1
CC(=O)OC(C)c1ccc(-c2ccc(C(=O)OCc3ccccc3)cc2)cc1,CC(O)c1ccc(-c2ccc(C(=O)OCc3ccccc3)cc2)cc1
CNC(=O)c1c(-c2ccc(F)cc2)oc2ccc(-c3cc(C(=O)O)ccc3C)c(F)c12.NC1(c2nc3cnccc3o2)CC1,CNC(=O)c1c(-c2ccc(F)cc2)oc2ccc(-c3cc(C(=O)NC4(c5nc6cnccc6o5)CC4)ccc3C)c(F)c12
CCOC(=O)C(Cc1ccc(C(F)(F)F)cc1)C(=O)c1ccc(F)c(F)c1,CCOC(=O)C(Cc1ccc(C(F)(F)F)cc1)C(O)c1ccc(F)c(F)c1
C1CNCCN1.Cc1ccc(F)c(S(=O)(=O)O)c1,Cc1ccc(N2CCNCC2)c(S(=O)(=O)O)c1
CC(=O)NCCN.CCOC(=O)c1cnc2ccc3c(c2c1Cl)CCS3(=O)=O,CCOC(=O)c1cnc2ccc3c(c2c1NCCNC(C)=O)CCS3(=O)=O
N.O=C(O)C1CCc2cc(C3CCCCCC3)c(Cl)cc21,NC(=O)C1CCc2cc(C3CCCCCC3)c(Cl)cc21
CC(C)c1cc(-c2ccc(C(F)(F)F)cc2)nc(-n2cnc(Br)c2)n1.CC1(C)OB(c2cnc(N)nc2)OC1(C)C,CC(C)c1cc(-c2ccc(C(F)(F)F)cc2)nc(-n2cnc(-c3cnc(N)nc3)c2)n1
CC(C)C(=O)Cl.O=C(N1CCC(Cc2ccccc2)CC1)C(F)(F)F,CC(C)C(=O)c1ccc(CC2CCN(C(=O)C(F)(F)F)CC2)cc1
CCOC(=O)[C@]1(Cc2ccc(Br)cc2)CCCN1C(=O)OC(C)(C)C,CC(C)(C)OC(=O)N1CCC[C@@]1(Cc1ccc(Br)cc1)C(=O)O
CCCCC/C=C\CCCC(O)CCCCCCCCCC,CCCCC/C=C\CCCC(=O)CCCCCCCCCC
Cc1nc(-n2ccc(OCc3ccccc3)cc2=O)sc1C(=O)O.NCc1nccs1,Cc1nc(-n2ccc(OCc3ccccc3)cc2=O)sc1C(=O)NCc1nccs1
CCc1ccc(C(=O)O)nc1.Nc1ccccc1N,CCc1ccc(-c2nc3ccccc3[nH]2)nc1
N=C(N)NN.O=Cc1cccc(F)c1,N=C(N)NN=Cc1cccc(F)c1
N#Cc1ccc(F)c(Cl)c1.NCCF,N#Cc1ccc(NCCF)c(Cl)c1
CCOC(=O)N1CC2CC(C)N(Cc3ccccc3)C2C1,CCOC(=O)N1CC2CC(C)NC2C1
Clc1cccc(OC2CCNCC2)n1.O=C(O)CNC(=O)c1cc(-c2ccccc2)[nH]n1,O=C(NCC(=O)N1CCC(Oc2cccc(Cl)n2)CC1)c1cc(-c2ccccc2)[nH]n1
CC(C)(C)OC(=O)N1CC(C=O)C(Cc2cc(F)cc(F)c2)C1.NCc1ccncc1,CC(C)(C)OC(=O)N1CC(CNCc2ccncc2)C(Cc2cc(F)cc(F)c2)C1
CC1(C)OB(c2cccs2)OC1(C)C.N#Cc1ccc(Cl)nc1,N#Cc1ccc(-c2cccs2)nc1
CC(=O)Cc1ccccc1,CC(O)Cc1ccccc1
CC(C)(C)OC(=O)N1CCC[C@@H]1COc1cc(OCc2ccccc2)cc2ncnc(Cl)c12.Nc1ccc(F)c(Cl)c1,CC(C)(C)OC(=O)N1CCC[C@@H]1COc1cc(OCc2ccccc2)cc2ncnc(Nc3ccc(F)c(Cl)c3)c12
Clc1cccc2c1CNC2.O=C(O)c1cn(C2CC2)c2c(F)c(F)c(F)c(F)c2c1=O,O=C(O)c1cn(C2CC2)c2c(F)c(N3Cc4cccc(Cl)c4C3)c(F)c(F)c2c1=O
CC(C)(CC(=O)O)NC(=O)OC(C)(C)C.N[C@@H]1CSc2ccccc2NC1=O,CC(C)(CC(=O)N[C@@H]1CSc2ccccc2NC1=O)NC(=O)OC(C)(C)C
CC(C)S.O=[N+]([O-])c1ccc(F)cc1,CC(C)Sc1ccc([N+](=O)[O-])cc1
Cn1c(C(F)F)nn(-c2cc(O)c(Cl)cc2Cl)c1=O.NC(=O)CI,Cn1c(C(F)F)nn(-c2cc(OCC(N)=O)c(Cl)cc2Cl)c1=O
CCOC(=O)Cn1cc(Sc2c(C)[nH]c3c(F)c(Cl)ccc23)cn1.CCn1cc(Br)cn1,CCOC(=O)Cn1cc(Sc2c(C)n(-c3cnn(CC)c3)c3c(F)c(Cl)ccc23)cn1
CC(=O)Nc1cn2cc(-c3cnc(N)c(Cl)c3)ccc2n1.OB(O)c1ccc(C(F)(F)F)cc1,CC(=O)Nc1cn2cc(-c3cnc(N)c(-c4ccc(C(F)(F)F)cc4)c3)ccc2n1
COc1cc(OC(C)=O)ccc1-c1nc2nccnc2[nH]1,COc1cc(O)ccc1-c1nc2nccnc2[nH]1
CNC.COC(=O)c1ccnc(C(=O)O)c1,COC(=O)c1ccnc(C(=O)N(C)C)c1
CC(C)COc1ccccc1-c1ncc(C(N)=O)c(=O)[nH]1,CC(C)COc1ccccc1-c1ncc(C#N)c(=O)[nH]1
CN(Cc1ccc(CC(=O)O)cc1)CC(O)C(O)C(O)C(O)CO.NCc1ccc(C2C(CCC(O)c3ccc(F)cc3)C(=O)N2c2ccc(F)cc2)cc1,CN(Cc1ccc(CC(=O)NCc2ccc(C3C(CCC(O)c4ccc(F)cc4)C(=O)N3c3ccc(F)cc3)cc2)cc1)CC(O)C(O)C(O)C(O)CO
CCN(C(=O)CCS)c1cn(-c2cccnc2)nc1Cl.CN(C(=O)CCl)c1cn(-c2cccnc2)nc1Cl,CCN(C(=O)CCSCC(=O)N(C)c1cn(-c2cccnc2)nc1Cl)c1cn(-c2cccnc2)nc1Cl
C1CSCN1.O=C(O)Cn1c(-c2ccc(Cl)cc2)nc2cccnc21,O=C(Cn1c(-c2ccc(Cl)cc2)nc2cccnc21)N1CCSC1
COC(=O)c1cc([N+](=O)[O-])ccc1-c1cc(C)ccc1OC,COc1ccc(C)cc1-c1ccc([N+](=O)[O-])cc1C(=O)O
C1CCNCC1.CS(=O)(=O)OCCc1c[nH]c2ccc(Oc3nc4ccccc4s3)cc12,c1ccc2sc(Oc3ccc4[nH]cc(CCN5CCCCC5)c4c3)nc2c1
Cc1oc(-c2ccccc2)nc1CCOc1ccc(C=O)cn1,Cc1oc(-c2ccccc2)nc1CCOc1ccc(CO)cn1
COc1nc2cc(B3OC(C)(C)C(C)(C)O3)cnc2n1C.Cc1nn(C)cc1-n1c(=O)n(C)c2cnc3ccc(Br)cc3c21,COc1nc2cc(-c3ccc4ncc5c(c4c3)n(-c3cn(C)nc3C)c(=O)n5C)cnc2n1C
COC(=O)c1ccc(-c2cccc(-n3c(=O)c(Cc4ccccc4)nc4cccnc43)c2)cc1,O=C(O)c1ccc(-c2cccc(-n3c(=O)c(Cc4ccccc4)nc4cccnc43)c2)cc1
CC(C)(C)OC(=O)CN.CCOC(=O)c1ccnc(C=O)c1,CCOC(=O)c1ccnc(CNCC(=O)OC(C)(C)C)c1
CC(C)(C)OC(=O)NC1Cc2ccc(C(=O)O)cc2C1.NCc1ccccc1,CC(C)(C)OC(=O)NC1Cc2ccc(C(=O)NCc3ccccc3)cc2C1
CC(=O)O.CNC1CCN(C(=O)OC(C)(C)C)CC1,CC(=O)N(C)C1CCN(C(=O)OC(C)(C)C)CC1
COC(=O)C(C)(C)c1ccc(CN=[N+]=[N-])cc1,COC(=O)C(C)(C)c1ccc(CN)cc1
O=c1c(I)c(OCc2ccccc2)ccn1CC1CC1.OB(O)C1CC1,O=c1c(C2CC2)c(OCc2ccccc2)ccn1CC1CC1
COC(=O)[C@@H](N)Cc1c[nH]cn1.O=C1CCC2(CCCCC2)CC1,COC(=O)C(Cc1c[nH]cn1)NC1CCC2(CCCCC2)CC1
CS(=O)(=O)c1cccc(B(O)O)c1.Clc1nc(N2CCOCC2)c2cc(I)sc2n1,CS(=O)(=O)c1cccc(-c2cc3c(N4CCOCC4)nc(Cl)nc3s2)c1
CCC(C)c1ccccc1O.O=C(Cl)Cl,CCC(C)c1ccccc1OC(=O)Cl
CN.COc1ccc(Cn2ncc(Br)c(Br)c2=O)cc1,CNc1c(Br)cnn(Cc2ccc(OC)cc2)c1=O
Cc1cccc(C(N)c2ccccc2)c1.O=C(O)CNC(=O)c1ccc(F)cc1,Cc1cccc(C(NC(=O)CNC(=O)c2ccc(F)cc2)c2ccccc2)c1
CC(O)CCl.O=c1[nH]cc(-c2ccccc2)c2ccccc12,CC(O)Cn1cc(-c2ccccc2)c2ccccc2c1=O
COc1ccc2[nH]c3c(-c4ccccc4)cc4c(c3c2c1)C(=O)NC4=O,O=C1NC(=O)c2c1cc(-c1ccccc1)c1[nH]c3ccc(O)cc3c21
CCOC(=O)CN(C(=O)c1ccc2sc(CNc3ccc(C(=N)N)cc3)nc2c1)c1ccccc1,N=C(N)c1ccc(NCc2nc3cc(C(=O)N(CC(=O)O)c4ccccc4)ccc3s2)cc1
C1COCCN1.O=C(O)COCc1cccc(Br)n1,O=C(COCc1cccc(Br)n1)N1CCOCC1
CC1(CO)CC1.Cc1ccc(O)cn1,Cc1ccc(OCC2(C)CC2)cn1
CN(CC(=O)N(Cc1ccc(C2CCCCC2)cc1)c1ccc(C(=O)OCc2ccccc2)c(OCc2ccccc2)c1)C(=O)C(F)(F)F,CNCC(=O)N(Cc1ccc(C2CCCCC2)cc1)c1ccc(C(=O)OCc2ccccc2)c(OCc2ccccc2)c1
CC1(C)OB(c2cnc3[nH]ccc3c2)OC1(C)C.COc1cccc(Nc2nc(Cl)nc3c2cnn3C)c1,COc1cccc(Nc2nc(-c3cnc4[nH]ccc4c3)nc3c2cnn3C)c1
CC(C)(C)OC(=O)N1CCC(CCS(=O)(=O)c2ccc(O)cc2)CC1.N#CCBr,CC(C)(C)OC(=O)N1CCC(CCS(=O)(=O)c2ccc(OCC#N)cc2)CC1
CSC(C(C)C(=O)O)C1CCCN1C(=O)OC(C)(C)C.NCCc1ccccc1,CSC(C(C)C(=O)NCCc1ccccc1)C1CCCN1C(=O)OC(C)(C)C
O=C(O)[C@H]1CC[C@H](NS(=O)(=O)c2ccc(C(F)(F)F)cc2)CC1.O=C1N[C@@H](c2ccccc2)CO1,O=C1OC[C@H](c2ccccc2)N1C(=O)[C@@H]1CC[C@@H](NS(=O)(=O)c2ccc(C(F)(F)F)cc2)CC1
CN(C(=O)OC(C)(C)C)[C@H](Cc1ccc2ccccc2c1)C(=O)N1CCc2ccccc2C1,CN[C@H](Cc1ccc2ccccc2c1)C(=O)N1CCc2ccccc2C1
CCOC(=O)CP(=O)(OCC)OCC.Cc1cccc(C2=C(c3ccc4ncnn4c3)OC3(CCC(=O)CC3)C2=O)c1,CCOC(=O)C=C1CCC2(CC1)OC(c1ccc3ncnn3c1)=C(c1cccc(C)c1)C2=O
Cc1cn([C@@]2([SiH](c3ccccc3)c3ccccc3)C[C@H](O)[C@@H](COC(C)(C)C)O2)c(=O)[nH]c1=O.ClCOCc1ccccc1,Cc1cn([C@@]2([SiH](c3ccccc3)c3ccccc3)C[C@H](O)[C@@H](COC(C)(C)C)O2)c(=O)n(COCc2ccccc2)c1=O
CCC(C)C1=C[C@H]2[C@@H](C1)C[C@@]2(CN)CC(=O)OC(C)(C)C,CCC(C)C1=C[C@H]2[C@@H](C1)C[C@@]2(CN)CC(=O)O
Nc1ccc(Cl)cn1.O=C(O)c1cc(Cl)[nH]n1,O=C(Nc1ccc(Cl)cn1)c1cc(Cl)[nH]n1
Cc1cc(OCc2ccccc2)cc(C)c1NC(=O)NC(=N)N,Cc1cc(O)cc(C)c1NC(=O)NC(=N)N
Clc1ccc2c(c1)Nc1ccccc1CC2.O=C(Cl)CCCl,O=C(CCCl)N1c2ccccc2CCc2ccc(Cl)cc21
Nc1ccc(Cl)cc1.O=C(Nc1ccccc1C(=O)O)c1cc(C(F)(F)F)cc(C(F)(F)F)c1,O=C(Nc1ccccc1C(=O)Nc1ccc(Cl)cc1)c1cc(C(F)(F)F)cc(C(F)(F)F)c1
O=C1CC[C@@]2(c3ccc4c(c3)OCO4)CCN(Cc3ccccc3)[C@H]2C1.[NH4+],NC1CC[C@@]2(c3ccc4c(c3)OCO4)CCN(Cc3ccccc3)[C@H]2C1
CC(C)(C)OC(=O)N1CCNCC1.Clc1cc(OCCCN2CCCCC2)ccc1Br,CC(C)(C)OC(=O)N1CCN(c2ccc(OCCCN3CCCCC3)cc2Cl)CC1
COC(=O)C[C@@H]1COc2cc(O[C@@H]3CCc4c(Cc5cccc(OC)c5)ccc(F)c43)ccc21,COc1cccc(Cc2ccc(F)c3c2CC[C@H]3Oc2ccc3c(c2)OC[C@H]3CC(=O)O)c1
CCCCCN.NC(=O)c1ccc(Oc2ccc(C=O)cc2F)cn1,CCCCCNCc1ccc(Oc2ccc(C(N)=O)nc2)c(F)c1
COC(=O)CSC.COc1ccc(N)c(C)c1C,COc1cc2c(c(C)c1C)NC(=O)C2SC
CC(C)(C)OC(=O)N1CCc2oc3cc(Br)ccc3c2C1.O=C1CN(CCc2ccc(Cl)cn2)CCN1,CC(C)(C)OC(=O)N1CCc2oc3cc(N4CCN(CCc5ccc(Cl)cn5)CC4=O)ccc3c2C1
CCI.CCOC(=O)c1ccc(O)c(I)c1,CCOC(=O)c1ccc(OCC)c(I)c1
COC(=O)c1ccc(C#N)c(Cl)c1C,Cc1c(CO)ccc(C#N)c1Cl
CCOC(=O)CCNc1cccc(C(F)(F)F)c1.O=C(Cl)CCl,CCOC(=O)CCN(C(=O)CCl)c1cccc(C(F)(F)F)c1
CCOC(=O)c1cnc2c(ccc3c(-c4ccccc4)ccnc32)c1O,O=C(O)c1cnc2c(ccc3c(-c4ccccc4)ccnc32)c1O
COCc1cc(OCc2ccccc2)c2nc(C)c(C)n2c1,COCc1cc(O)c2nc(C)c(C)n2c1
CC1NCCn2c(-c3cccnc3)ccc21.O=C(O)c1cc2ncc(Br)cn2n1,CC1c2ccc(-c3cccnc3)n2CCN1C(=O)c1cc2ncc(Br)cn2n1
CCCCCS(N)(=O)=O.O=C=Nc1ccc(Cl)cc1,CCCCCS(=O)(=O)NC(=O)Nc1ccc(Cl)cc1
CC(C)(C)OC(=O)N1CC(Oc2nc(Br)cnc2N)C1,Nc1ncc(Br)nc1OC1CNC1
Cc1cc(Br)nc(Br)c1.Nc1cc(C2CC2)ccn1,Cc1cc(Br)nc(Nc2cc(C3CC3)ccn2)c1
CCOCc1nc2c(N)nc3cc(-c4ccccc4)ccc3c2n1CC1CCN(C(=O)OC(C)(C)C)CC1,CCOCc1nc2c(N)nc3cc(-c4ccccc4)ccc3c2n1CC1CCNCC1
CNC.CS(=O)(=O)c1ccc(-c2cc(C#N)c(Cl)nc2-c2ccc(F)cc2)cc1,CN(C)c1nc(-c2ccc(F)cc2)c(-c2ccc(S(C)(=O)=O)cc2)cc1C#N
CC(C)Oc1ccc(-c2ncc(Br)s2)cc1C(F)(F)F.CCc1c(C=O)cccc1B1OC(C)(C)C(C)(C)O1,CCc1c(C=O)cccc1-c1cnc(-c2ccc(OC(C)C)c(C(F)(F)F)c2)s1
CC1(NC(=O)OCc2ccccc2)CCNCC1.COCCOc1ccn2c(-c3ccc4cccc(OS(=O)(=O)C(F)(F)F)c4n3)cnc2c1,COCCOc1ccn2c(-c3ccc4cccc(N5CCC(C)(NC(=O)OCc6ccccc6)CC5)c4n3)cnc2c1
CNC(=O)COCCOc1ccc([N+](=O)[O-])cc1,CNCCOCCOc1ccc([N+](=O)[O-])cc1
CC[C@H](COC)n1cc(Cl)nc(Cl)c1=O.COc1cc(Cl)c2c(c1)CCN2,CC[C@H](COC)n1cc(Cl)nc(N2CCc3cc(OC)cc(Cl)c32)c1=O
Clc1cc(Cl)ncn1.OB(O)c1c(F)cccc1F,Fc1cccc(F)c1-c1cc(Cl)ncn1
COc1ccc(C2=NN(C3CCN(C(=O)[C@@H](N)Cc4cccnc4)CC3)C(=O)[C@@H]3CCCC[C@H]23)cc1OC.O=C(O)c1c[nH]c2c(-c3c(OCC4CC4)ccc4c3OCO4)ncnc12,COc1ccc(C2=NN(C3CCN(C(=O)[C@H](Cc4cccnc4)NC(=O)c4c[nH]c5c(-c6c(OCC7CC7)ccc7c6OCO7)ncnc45)CC3)C(=O)[C@@H]3CCCC[C@H]23)cc1OC
[N-]=[N+]=NCC1Cc2cccc(-c3ccccc3)c2O1,NCC1Cc2cccc(-c3ccccc3)c2O1
CCOC(=O)C(C)(C)Oc1ccc(OCCc2nc(-c3ccc(-c4cncnc4)cc3)oc2C)cc1,Cc1oc(-c2ccc(-c3cncnc3)cc2)nc1CCOc1ccc(OC(C)(C)C(=O)O)cc1
COC(=O)c1ccc2cc[nH]c2c1.Cc1ccc(Br)cc1,COC(=O)c1ccc2ccn(-c3ccc(C)cc3)c2c1
CC(=O)c1ccc(-c2ccc([N+](=O)[O-])cc2)o1,CC(O)c1ccc(-c2ccc([N+](=O)[O-])cc2)o1
C[O-].Clc1cc(Cl)nc(Cl)n1,COc1cc(Cl)nc(Cl)n1
CN(C[C@H]1CC[C@H](C(=O)O)CC1)C(=O)Oc1ccc(Cl)cc1.CNCCCO,CN(C[C@@H]1CC[C@@H](C(=O)N(C)CCCO)CC1)C(=O)Oc1ccc(Cl)cc1
CN(c1ccnc(F)n1)c1ccnc(-c2ccccc2)n1.NCCc1ccccc1Cl,CN(c1ccnc(NCCc2ccccc2Cl)n1)c1ccnc(-c2ccccc2)n1
CCOC(=O)C(C)(C)C1CCNCC1.O=[N+]([O-])c1ccc(Cl)nc1,CCOC(=O)C(C)(C)C1CCN(c2ccc([N+](=O)[O-])cn2)CC1
CCOC(=O)CN1CCC(=C2c3ccc(C#N)cc3CCc3cccnc32)CC1.NCCN,N#Cc1ccc2c(c1)CCc1cccnc1C2=C1CCN(CC(=O)NCCN)CC1
CC(C)(C)OC(=O)NC1CN(C2CCCCC2)c2ccccc2N(CC(=O)C2CCCCC2)C1=O,NC1CN(C2CCCCC2)c2ccccc2N(CC(=O)C2CCCCC2)C1=O
COC(=O)c1ccc(O)c(C)c1.OCC(F)F,COC(=O)c1ccc(OCC(F)F)c(C)c1
COC(=O)c1ccc(-c2ccccc2Cl)s1,O=C(O)c1ccc(-c2ccccc2Cl)s1
COP(=O)([O-])N1CC(NC(=O)OCc2ccccc2)C1=O,COP(=O)([O-])N1C[C@H](N)C1=O
CC(=O)Nc1cc(CO)ccn1.CS(=O)(=O)Cl,CC(=O)Nc1cc(COS(C)(=O)=O)ccn1
CCc1noc(C)c1C(=O)Nc1cccc(F)c1.CN(C)CCCl,CCc1noc(C)c1C(=O)N(CCN(C)C)c1cccc(F)c1
CC(C)(C)OC(=O)N1CCNCC1.COc1ccc(C2CC(C(F)(F)F)n3nc(-c4cccc(C(=O)O)c4)cc3N2)cc1OC,COc1ccc(C2CC(C(F)(F)F)n3nc(-c4cccc(C(=O)N5CCN(C(=O)OC(C)(C)C)CC5)c4)cc3N2)cc1OC
OCc1cc2cc(OCc3ccccc3)cnc2[nH]1,O=Cc1cc2cc(OCc3ccccc3)cnc2[nH]1
CCOC(=O)[C@@H]1C[C@H](N)CN1CC1CCCC1.O=C(O)c1ccc2ccccc2c1O,CCOC(=O)[C@@H]1C[C@H](NC(=O)c2ccc3ccccc3c2O)CN1CC1CCCC1
CCOC(=O)c1ccc(S(=O)(=O)N(Cc2ccc(OC(F)(F)F)cc2)c2ncc3ccccc3c2Br)cc1.OB(O)C1CC1,CCOC(=O)c1ccc(S(=O)(=O)N(Cc2ccc(OC(F)(F)F)cc2)c2ncc3ccccc3c2C2CC2)cc1
BrCc1ccc(-c2ccccc2-c2nnnn2Cc2ccccc2)cc1.COC(=O)c1cccc([N+](=O)[O-])c1NC(=O)OC(C)(C)C,COC(=O)c1cccc([N+](=O)[O-])c1N(Cc1ccc(-c2ccccc2-c2nnnn2Cc2ccccc2)cc1)C(=O)OC(C)(C)C
CCOC(=O)c1c(C)[nH]c(C=O)c1CCCN1CCN(C)CC1.O=C1Cc2c(cccc2-c2ccc(Cl)cc2)N1,CCOC(=O)c1c(C)[nH]c(C=C2C(=O)Nc3cccc(-c4ccc(Cl)cc4)c32)c1CCCN1CCN(C)CC1
COCCOCCOCCO.COc1cc(C(=O)OCC(=O)O)ccc1NC(=O)[C@@H]1N[C@@H](CC(C)(C)C)[C@](C#N)(c2ccc(Cl)cc2F)[C@H]1c1cccc(Cl)c1F,COCCOCCOCCOC(=O)COC(=O)c1ccc(NC(=O)[C@@H]2N[C@@H](CC(C)(C)C)[C@](C#N)(c3ccc(Cl)cc3F)[C@H]2c2cccc(Cl)c2F)c(OC)c1
CCOC(=O)Cl.Oc1ccc(F)cc1F,CCOC(=O)Oc1ccc(F)cc1F
COC(=O)C1CCC(=O)N1Cc1cccc(Cl)c1,O=C(O)C1CCC(=O)N1Cc1cccc(Cl)c1
CCOC(=O)CC1CCc2c1[nH]c1ccc(-c3noc(-c4cc(OC(F)(F)F)cc(N5CCCC5)c4)n3)cc21,O=C(O)CC1CCc2c1[nH]c1ccc(-c3noc(-c4cc(OC(F)(F)F)cc(N5CCCC5)c4)n3)cc21
CO.NC(=O)NC1(c2ccccc2)CCN(CCC2(c3ccc(F)c(F)c3)CN(C(=O)c3ccccc3)CCO2)CC1,CNC(=O)NC1(c2ccccc2)CCN(CCC2(c3ccc(F)c(F)c3)CN(C(=O)c3ccccc3)CCO2)CC1
COc1ccc2c(c1)C(c1cccc(Cl)c1)=CCC2,COc1ccc2c(c1)C(c1cccc(Cl)c1)CCC2
CN1CCCn2c1cc(Cl)nc2=O.N#Cc1cc(F)cc(CO)c1,CN1CCCn2c1cc(OCc1cc(F)cc(C#N)c1)nc2=O
CCCCBr.Oc1cc(F)cc(F)c1,CCCCOc1cc(F)cc(F)c1
CC(C)c1ccc(CCN)cc1.O=C(OC(=O)C(F)(F)F)C(F)(F)F,CC(C)c1ccc(CCNC(=O)C(F)(F)F)cc1
CC(C)(C)OC(=O)NC1CCNCC1.O=S(=O)(Nc1ncns1)c1ccc(Br)cc1,CC(C)(C)OC(=O)NC1CCN(c2ccc(S(=O)(=O)Nc3ncns3)cc2)CC1
CS(=O)(=O)OCC1COc2ccccc2O1.Fc1ccc2c(C3CCNCC3)noc2c1,Fc1ccc2c(C3CCN(CC4COc5ccccc5O4)CC3)noc2c1
CC(C)(C)OC(=O)N1C[C@@H]2CN(c3cncc(C(=O)O)c3)C[C@@H]2C1.COc1cc(N)cc(OC)c1,COc1cc(NC(=O)c2cncc(N3C[C@H]4CN(C(=O)OC(C)(C)C)C[C@H]4C3)c2)cc(OC)c1
C1CNCCN1.O=S(=O)(c1ccccc1)n1cc(-c2ccc3oc(CCl)nc3c2)c2ccc(F)cc21,O=S(=O)(c1ccccc1)n1cc(-c2ccc3oc(CN4CCNCC4)nc3c2)c2ccc(F)cc21
C=CCC1(CC=O)c2ccccc2CCc2ccccc21.NO,C=CCC1(CC=NO)c2ccccc2CCc2ccccc21
COc1cc(C=O)ccc1O.N#Cc1ccc(F)c2ccccc12,COc1cc(C=O)ccc1Oc1ccc(C#N)c2ccccc12
COC(=O)CNCC(=O)c1cccc([N+](=O)[O-])c1O,COC(=O)CNCC(=O)c1cccc(N)c1O
CCOC(=O)C(=O)c1ccc(OC(C)=O)cc1.N#Cc1ccc2oc(C[P+](c3ccccc3)(c3ccccc3)c3ccccc3)cc2c1,CCOC(=O)C(=Cc1cc2cc(C#N)ccc2o1)c1ccc(OC(C)=O)cc1
CNC[C@H](O)c1ccc(F)cc1.O=C1CCCc2c(S(=O)(=O)Cl)csc21,CN(C[C@H](O)c1ccc(F)cc1)S(=O)(=O)c1csc2c1CCCC2=O
CC[C@](C)(O)[C@H]1CC[C@H]2[C@@H]3[C@@H](C)C[C@H]4NC(=O)C=C[C@]4(C)[C@H]3CC[C@@]21C.CI,CC[C@](C)(O)[C@H]1CC[C@H]2[C@@H]3[C@@H](C)C[C@H]4N(C)C(=O)C=C[C@]4(C)[C@H]3CC[C@@]21C
CN=C=O.FC(F)(F)c1cc(CO[C@H]2CCNC[C@H]2c2ccccc2)cc(C(F)(F)F)c1,CNC(=O)N1CC[C@H](OCc2cc(C(F)(F)F)cc(C(F)(F)F)c2)[C@H](c2ccccc2)C1
CC(C)(C)OC(=O)NCCCCc1ccc(OCC#N)cc1,N#CCOc1ccc(CCCCN)cc1
O=[N+]([O-])c1ccc(Oc2ncnc3[nH]ccc23)c(F)c1,Nc1ccc(Oc2ncnc3[nH]ccc23)c(F)c1
COCCBr.CSc1nc2oc(Br)c(-c3ccccc3)c2c(=O)[nH]1,COCCn1c(SC)nc2oc(Br)c(-c3ccccc3)c2c1=O
COC(=O)c1ccc(CN2CCOCC2)c(Cl)c1,OCc1ccc(CN2CCOCC2)c(Cl)c1
CC(=O)Nc1nc2c(Oc3cc(-c4ccc(C(F)(F)F)cc4N)ncn3)cccc2s1.CC(C)(C)OC(=O)N1[C@@H](c2ccccc2)CC[C@H]1C(=O)O,CC(=O)Nc1nc2c(Oc3cc(-c4ccc(C(F)(F)F)cc4NC(=O)[C@@H]4CC[C@H](c5ccccc5)N4C(=O)OC(C)(C)C)ncn3)cccc2s1
CC(=O)CC(C)=O.NNc1ccc(C(=O)O)cc1,Cc1cc(C)n(-c2ccc(C(=O)O)cc2)n1
COc1cccc(C)c1[N+](=O)[O-],COc1cccc(C)c1N
CCCC(=O)[C@@H](C[N+](=O)[O-])c1ccccc1,CCC[C@@H](O)[C@@H](C[N+](=O)[O-])c1ccccc1
CC(C)(C)OC(=O)N1CCN(S(=O)(=O)c2cc(C(=O)O)ccc2F)CC1.Cc1cc(C)cc(O)c1,Cc1cc(C)cc(Oc2ccc(C(=O)O)cc2S(=O)(=O)N2CCN(C(=O)OC(C)(C)C)CC2)c1
C[Si](C)(C)N=C=S.NC(=O)c1cc(-c2ccccc2)sc1N,NC(=O)c1cc(-c2ccccc2)sc1NC(N)=S
CC(C)(C)OC(=O)NCCOCCOS(C)(=O)=O.COc1ccc([N+](=O)[O-])cc1O,COc1ccc([N+](=O)[O-])cc1OCCOCCNC(=O)OC(C)(C)C
C[C@H]1[C@H](N(C)C(=O)OC(C)(C)C)CCCN1C(=O)OCc1ccccc1,CN[C@@H]1CCCN(C(=O)OCc2ccccc2)[C@H]1C
COC(=O)C1(CCCNCc2ccccc2)CCCN1C(=O)OC(C)(C)C,COC(=O)C1(CCCNCc2ccccc2)CCCN1
BrCc1cccc(Br)n1.COc1ccc(C(=O)c2c[nH]c3ccc(C)nc3c2=O)cc1F,COc1ccc(C(=O)c2cn(Cc3cccc(Br)n3)c3ccc(C)nc3c2=O)cc1F
CC(C)(C)OC(=O)N[C@@H](Cc1ccccc1)C(=O)O.CN,CNC(=O)[C@H](Cc1ccccc1)NC(=O)OC(C)(C)C
CCCc1c(OCc2cccc(N)c2)ccc(C(C)=O)c1O.N#Cc1cccc(S(=O)(=O)Cl)c1,CCCc1c(OCc2cccc(NS(=O)(=O)c3cccc(C#N)c3)c2)ccc(C(C)=O)c1O
CN.COc1cc(C(=O)O)cc(-c2ccc3cc(OC)ccc3c2)c1,CNC(=O)c1cc(OC)cc(-c2ccc3cc(OC)ccc3c2)c1
CCOC(=O)C1=Cc2cc(O)cc(OC)c2OC1C(F)(F)F.CI,CCOC(=O)C1=Cc2cc(OC)cc(OC)c2OC1C(F)(F)F
COC(=O)CS(=O)(=O)Cl.Nc1ccc(F)cc1C(F)(F)F,COC(=O)CS(=O)(=O)Nc1ccc(F)cc1C(F)(F)F
CN(C)C=O.Clc1ccnc2ccsc12,O=Cc1cc2nccc(Cl)c2s1
CCOP(=O)(CNCc1ccccc1)OCC,CCOP(=O)(CN)OCC
COCCN1CCN(c2ccc(Nc3nc4cccc(Br)c4o3)cc2C)CC1.Cc1cc(B2OC(C)(C)C(C)(C)O2)ccc1C(=O)N1CCOCC1,COCCN1CCN(c2ccc(Nc3nc4cccc(-c5ccc(C(=O)N6CCOCC6)c(C)c5)c4o3)cc2C)CC1
CCCCCCCCCCCCCCCCCCBr.O=C(O)CCS,CCCCCCCCCCCCCCCCCCSCCC(=O)O
Clc1ccc2c(c1)C1(CCN(Cc3ccccc3)CC1)OC2,Clc1ccc2c(c1)C1(CCNCC1)OC2
O=C1CCC2=C(Cc3ccccc32)N1,O=C1CC[C@@H]2c3ccccc3C[C@@H]2N1
CC(=O)OCCOc1ccccc1N(C)C(=O)c1ccc(NC(=O)c2ccccc2-c2ccc(C)cc2)cc1,Cc1ccc(-c2ccccc2C(=O)Nc2ccc(C(=O)N(C)c3ccccc3OCCO)cc2)cc1
COC(=O)c1ccc(C(N)=S)cc1.O=C(CBr)c1ccc(C(F)(F)F)cc1,COC(=O)c1ccc(-c2nc(-c3ccc(C(F)(F)F)cc3)cs2)cc1
CCOC(=O)c1ccc2oc(C3CCN([C@H]4C[C@@H](C(=O)N5CCSC5)N(C(=O)OC(C)(C)C)C4)CC3)nc2c1,CC(C)(C)OC(=O)N1C[C@@H](N2CCC(c3nc4cc(C(=O)O)ccc4o3)CC2)C[C@H]1C(=O)N1CCSC1
CC1(C)OB(c2ccc(N3CCNCC3)nc2)OC1(C)C.Cc1cc(C)c(CNC(=O)c2cc(Br)cc3c2cnn3C(C)C)c(=O)[nH]1,Cc1cc(C)c(CNC(=O)c2cc(-c3ccc(N4CCNCC4)nc3)cc3c2cnn3C(C)C)c(=O)[nH]1
CCOC(=O)C(C)Br.Oc1ncn(-c2cccc(Br)c2)n1,CCOC(=O)C(C)Oc1ncn(-c2cccc(Br)c2)n1
CCOC(=O)C1=Cc2cccc(N)c2OCC1.CN(C)S(=O)(=O)Cl,CCOC(=O)C1=Cc2cccc(NS(=O)(=O)N(C)C)c2OCC1
O=C(O)CCC(O)c1ccc(-c2ccc(F)cc2)cc1,O=C(O)CCCc1ccc(-c2ccc(F)cc2)cc1
CCOC(=O)CC1CCN(C(=O)CC[C@H]2O[C@H](c3cccc(OC)c3OC)c3cc(Cl)ccc3-n3c(C(N)=O)ccc32)CC1,COc1cccc([C@H]2O[C@H](CCC(=O)N3CCC(CC(=O)O)CC3)c3ccc(C(N)=O)n3-c3ccc(Cl)cc32)c1OC
CC(C)[Si](C(C)C)(C(C)C)n1ccc2cc(Br)ccc21.CON(C)C(=O)C1CCN(C(=O)OC(C)(C)C)C1,CC(C)[Si](C(C)C)(C(C)C)n1ccc2cc(C(=O)C3CCN(C(=O)OC(C)(C)C)C3)ccc21
CC(C)(C)OC(=O)NC1CCN(CC(=O)c2coc3ccccc23)CC1,CC(C)(C)OC(=O)NC1CCN(CC(O)c2coc3ccccc23)CC1
CN(C)C(=O)C(Cc1ccc(-c2cccc(F)c2F)nc1)NC(=O)OC(C)(C)C,CN(C)C(=O)C(N)Cc1ccc(-c2cccc(F)c2F)nc1
CC(=O)Nc1cc(CN2C(=O)N(c3ccc(S(=O)(=O)C(F)(F)F)cc3)C(=O)C2(C)C)ccn1,CC1(C)C(=O)N(c2ccc(S(=O)(=O)C(F)(F)F)cc2)C(=O)N1Cc1ccnc(N)c1
COC(=O)c1ccc(C=O)cc1F.COc1cccc(CN)c1,COC(=O)c1ccc(CNCc2cccc(OC)c2)cc1F
ClCCOc1cccc2[nH]ccc12.c1ccc2cc(C3CCNCC3)ccc2c1,c1ccc2cc(C3CCN(CCOc4cccc5[nH]ccc45)CC3)ccc2c1
CC(C)(C)OC(=O)N1CCN(c2ccccc2N)CC1.CC(C)N=C=O,CC(C)NC(=O)Nc1ccccc1N1CCN(C(=O)OC(C)(C)C)CC1
CN.Fc1ccc2[nH]c(-c3ccc(F)nc3)cc2c1,CNc1ccc(-c2cc3cc(F)ccc3[nH]2)cn1
COc1cc2c(c(Cl)c1Cl)C(=O)C(c1ccccc1)C2,O=C1c2c(cc(O)c(Cl)c2Cl)CC1c1ccccc1
CC(=O)Cl.COc1cccc([C@H]2O[C@H](CC(=O)Nc3ccc(C(=O)O)o3)C(=O)N(CC(C)(C)CO)c3ccc(Cl)cc32)c1OC,COc1cccc([C@H]2O[C@H](CC(=O)Nc3ccc(C(=O)O)o3)C(=O)N(CC(C)(C)COC(C)=O)c3ccc(Cl)cc32)c1OC
CCCO.O=C(O)c1cccc(CCl)c1,CCCOCc1cccc(C(=O)O)c1
Cc1nc2cc(OCc3ccccc3)c(OCc3ccccc3)cc2nc1C(=O)OCc1ccccc1,Cc1nc2cc(OCc3ccccc3)c(OCc3ccccc3)cc2nc1C(=O)O
CN.COC(=O)Cc1ccc(CC(C)=O)cc1,CNC(C)Cc1ccc(CC(=O)OC)cc1
CC(=O)CCl.Oc1ccc(Cl)cc1C1OCCO1,CC(=O)COc1ccc(Cl)cc1C1OCCO1
CCOC(=O)c1cnc(-c2ccc(F)c(F)c2)nc1NCCc1ccccn1,O=C(O)c1cnc(-c2ccc(F)c(F)c2)nc1NCCc1ccccn1
CCC(O)c1ccc(Cl)c2nc3n(c12)CCCN3c1c(C)nc(OC)nc1C,CCC(=O)c1ccc(Cl)c2nc3n(c12)CCCN3c1c(C)nc(OC)nc1C
CCCCCCCCCCCCC(=O)O.COc1ccc(C(CN(C)C)C2(O)CCCCC2)cc1,CCCCCCCCCCCCC(=O)OC1(C(CN(C)C)c2ccc(OC)cc2)CCCCC1
Cc1ccc(S(=O)(=O)n2c(-c3cnn(C4CCN(C(=O)OC(C)(C)C)CC4)c3)cc3c(-c4cnc(C5(O)CCC5)s4)c(Cl)cnc32)cc1,Cc1ccc(S(=O)(=O)n2c(-c3cnn(C4CCNCC4)c3)cc3c(-c4cnc(C5(O)CCC5)s4)c(Cl)cnc32)cc1
CCOC(=O)Cc1cccc2c(C(C)C)nccc12.CN,CNC(=O)Cc1cccc2c(C(C)C)nccc12
CCOC(=O)Cc1c[nH]c(=S)n1[C@H]1COc2c(F)cc(F)cc2C1,O=C(O)Cc1c[nH]c(=S)n1[C@H]1COc2c(F)cc(F)cc2C1
CC(=O)OC(C)=O.Nc1ccc(NC(=O)CN2CCC(Cc3ccc(F)cc3)CC2)cc1,CC(=O)Nc1ccc(NC(=O)CN2CCC(Cc3ccc(F)cc3)CC2)cc1
BrC(Br)(Br)Br.CCCc1ccc(CCCO)cc1,CCCc1ccc(CCCBr)cc1
CC1(C)OB(c2cnc(N)nc2)OC1(C)C.Cc1c(CN2CCN(C(=O)OC(C)(C)C)CC2)sc2c(N3CCOCC3)nc(Cl)nc12,Cc1c(CN2CCN(C(=O)OC(C)(C)C)CC2)sc2c(N3CCOCC3)nc(-c3cnc(N)nc3)nc12
Cc1noc(N)c1Br.O=S(=O)(Cl)c1cc(Cl)ccc1Cl,Cc1noc(NS(=O)(=O)c2cc(Cl)ccc2Cl)c1Br
CC(C)(C)OC(=O)N[C@H]1C[C@@H](CBr)OC1=O.[N-]=[N+]=[N-],CC(C)(C)OC(=O)N[C@H]1C[C@@H](CN=[N+]=[N-])OC1=O
COC(=O)[C@@H](NC(=O)c1ccc(-c2ccc(OC)c(F)c2)cc1N)[C@@H](C)OC(C)(C)C.Cc1cc(C)c(N=C=O)c(C)c1,COC(=O)[C@@H](NC(=O)c1ccc(-c2ccc(OC)c(F)c2)cc1NC(=O)Nc1c(C)cc(C)cc1C)[C@@H](C)OC(C)(C)C
C1CNCCN1.Clc1cc2ccccc2c(N2CCOCC2)n1,c1ccc2c(N3CCOCC3)nc(N3CCNCC3)cc2c1
CC(C)(C)OC(=O)n1ncc2ccc([N+](=O)[O-])cc21,CC(C)(C)OC(=O)n1ncc2ccc(N)cc21
CC(O)Cn1cnc2c(Cl)ncnc21.N,CC(O)Cn1cnc2c(N)ncnc21
COC(=O)c1sc(-n2cnc3cnc(CO[Si](C)(C)C(C)(C)C)cc32)cc1O[C@@H](C)c1ccccc1C(F)(F)F.N,C[C@H](Oc1cc(-n2cnc3cnc(CO[Si](C)(C)C(C)(C)C)cc32)sc1C(N)=O)c1ccccc1C(F)(F)F
CCCCNC.ClCCCCCn1c2c(c3ccccc31)CCSc1ccccc1-2,CCCCN(C)CCCCCn1c2c(c3ccccc31)CCSc1ccccc1-2
CNc1ccc(Cc2nc3c([nH]2)c(=O)n(Cc2ccccc2F)c(=O)n3CC2CC2)cc1.Cc1cncc(C(=O)O)c1,Cc1cncc(C(=O)N(C)c2ccc(Cc3nc4c([nH]3)c(=O)n(Cc3ccccc3F)c(=O)n4CC3CC3)cc2)c1
CC(=O)Oc1ccc2c(c1)C(=O)c1ccc(C#N)cc1CO2,N#Cc1ccc2c(c1)COc1ccc(O)cc1C2=O
C#CCNc1ccc(C(C)=O)cc1.CC(C)(C)C(=O)OCn1cnc2ccc(CBr)cc2c1=O,C#CCN(Cc1ccc2ncn(COC(=O)C(C)(C)C)c(=O)c2c1)c1ccc(C(C)=O)cc1
C[SiH](C)Oc1c(C=O)ccc(C(C)(C)C)c1C12CC3CC(CC(C3)C1)C2.c1ccc([P+](CCC2OCCCO2)(c2ccccc2)c2ccccc2)cc1,C[SiH](C)Oc1c(C=CCC2OCCCO2)ccc(C(C)(C)C)c1C12CC3CC(CC(C3)C1)C2
CC(C)CCn1ccc([N+](=O)[O-])n1,CC(C)CCn1ccc(N)n1
C=C(C)c1cc2c(cc1OC1CN(C(=O)OC(C)(C)C)C1)N1C(=NNC(=O)C1C)CO2,CC(C)c1cc2c(cc1OC1CN(C(=O)OC(C)(C)C)C1)N1C(=NNC(=O)C1C)CO2
CC(C)(C)OC(=O)NCCSCc1cnccc1Cl.Cc1sc(N)nc1/C(=N/OC(c1ccccc1)(c1ccccc1)c1ccccc1)C(=O)N[C@H]1C(=O)N2C(C(=O)OC(c3ccccc3)c3ccccc3)=C(S)CCC12,Cc1sc(N)nc1/C(=N/OC(c1ccccc1)(c1ccccc1)c1ccccc1)C(=O)N[C@H]1C(=O)N2C(C(=O)OC(c3ccccc3)c3ccccc3)=C(Sc3ccncc3CSCCNC(=O)OC(C)(C)C)CCC12
CCCBr.CSc1cc(C=O)cc(OCc2ccccc2)c1O,CCCOc1c(OCc2ccccc2)cc(C=O)cc1SC
CCOC(=O)CCCOc1cccc(CCCCCCOc2cc(-c3ccc4c(c3)OCO4)cc([N+](=O)[O-])c2)c1CCC(=O)OCC,CCOC(=O)CCCOc1cccc(CCCCCCOc2cc(N)cc(-c3ccc4c(c3)OCO4)c2)c1CCC(=O)OCC
COC(=O)c1ccc(C(C)(O)c2ncc(-c3cc(C)cc(Nc4nccc(C(F)(F)F)n4)c3)s2)cn1,Cc1cc(Nc2nccc(C(F)(F)F)n2)cc(-c2cnc(C(C)(O)c3ccc(C(=O)O)nc3)s2)c1
Cc1ccc2nc(Cl)sc2c1.O=C(C1CCOCC1)N1CCCNCC1,Cc1ccc2nc(N3CCCN(C(=O)C4CCOCC4)CC3)sc2c1
N=C(N)c1ccc(F)c(Cl)c1.O=S(=O)(Cl)c1ccc(F)c(Cl)c1,N=C(NS(=O)(=O)c1ccc(F)c(Cl)c1)c1ccc(F)c(Cl)c1
COC(=O)c1cccc(CBr)c1.Clc1cc2c(NC3CCNCC3)ncnc2s1,COC(=O)c1cccc(CN2CCC(Nc3ncnc4sc(Cl)cc34)CC2)c1
C#CCN.[N-]=[N+]=Nc1ccc([C@@H](O)[C@@H](CF)NC(=O)C(Cl)Cl)cc1,NCc1cn(-c2ccc([C@@H](O)[C@@H](CF)NC(=O)C(Cl)Cl)cc2)nn1
Fc1ccccn1.N[C@H]1CC[C@H](CNc2nc(NCc3ccccc3OC(F)(F)F)ncc2[N+](=O)[O-])CC1,O=[N+]([O-])c1cnc(NCc2ccccc2OC(F)(F)F)nc1NC[C@@H]1CC[C@@H](Nc2ccccn2)CC1
CC(C)(C)c1cc(Br)c(O)c(C(C)(C)C)c1.CCCI,CCCOc1c(Br)cc(C(C)(C)C)cc1C(C)(C)C
CC(C)c1cccc(C[C@H]2CN(C(=O)OC(C)(C)C)C[C@H]2CN(Cc2ccccc2)c2ccc(Cl)cc2)c1,CC(C)c1cccc(C[C@H]2CNC[C@@H]2CN(Cc2ccccc2)c2ccc(Cl)cc2)c1
CC(C)(C)OC(=O)N[C@@H](Cc1ccccc1)C(=O)O.CNCC(=O)OC,COC(=O)CN(C)C(=O)[C@H](Cc1ccccc1)NC(=O)OC(C)(C)C
CN1CCNCC1.Cn1cc(C(=O)O)c(=O)c2cc3cc(F)c(Cl)cc3nc21,CN1CCN(c2cc3nc4c(cc3cc2F)c(=O)c(C(=O)O)cn4C)CC1
COC(=O)c1ccc(NC(=O)N2CCCC(C3(Cc4cccc(Cl)c4)C(=O)Nc4cc(Cl)ccc43)C2)cc1,O=C(O)c1ccc(NC(=O)N2CCCC(C3(Cc4cccc(Cl)c4)C(=O)Nc4cc(Cl)ccc43)C2)cc1
CC(C)(C)OC(=O)Nc1cccc(COS(C)(=O)=O)n1.CN1CCNCC1,CN1CCN(Cc2cccc(NC(=O)OC(C)(C)C)n2)CC1
O=C(Nc1cncc2c1C(=O)N(Cc1cccc(I)c1)C2=O)c1ccc(Cl)s1,O=C(Nc1cncc2c1CN(Cc1cccc(I)c1)C2=O)c1ccc(Cl)s1
CC(=O)OC(C)C(=O)Cl.CCNc1cn(-c2cccnc2)nc1Cl,CCN(C(=O)C(C)OC(C)=O)c1cn(-c2cccnc2)nc1Cl
CC(C)(C)OC(=O)CCC(=O)c1c(F)cccc1F,O=C(O)CCC(=O)c1c(F)cccc1F
COC(=O)[C@@H](NC(=O)c1oc2cc(Br)ccc2c1NC(=O)Nc1c(Cl)cccc1Cl)C1CCCCC1,O=C(Nc1c(Cl)cccc1Cl)Nc1c(C(=O)N[C@H](C(=O)O)C2CCCCC2)oc2cc(Br)ccc12
NNC(=S)Nc1cccc2ccccc12.O=Cc1ccc(O)cc1O,Oc1ccc(C=NNC(=S)Nc2cccc3ccccc23)c(O)c1
Cc1nc(C#Cc2ccnc(Cl)c2)c[nH]1.FC(F)(F)c1ccnc(Cl)n1,Cc1nc(C#Cc2ccnc(Cl)c2)cn1-c1nccc(C(F)(F)F)n1
CCCc1nc2c(Cl)cc(N3Cc4ccccc4C3=O)cc2n1Cc1ccc(-c2ccccc2C#N)cc1.[N-]=[N+]=[N-],CCCc1nc2c(Cl)cc(N3Cc4ccccc4C3=O)cc2n1Cc1ccc(-c2ccccc2-c2nnn[nH]2)cc1
Cc1ccc(S(=O)(=O)N[C@@H](Cc2ccc(OCCCC(=O)NC3=NCCCN3)cc2)C(=O)OC(C)(C)C)cc1,Cc1ccc(S(=O)(=O)N[C@@H](Cc2ccc(OCCCC(=O)NC3=NCCCN3)cc2)C(=O)O)cc1
COC(=O)c1c(C)sc2cc(Oc3ccnc4cc(C(=O)N5CC[C@@H](OC)C5)sc34)ccc12,CO[C@@H]1CCN(C(=O)c2cc3nccc(Oc4ccc5c(C(=O)O)c(C)sc5c4)c3s2)C1
CCOC(=O)CC[C@H](NC(=O)c1ccc(CN(Cc2cnc3nc(NC(=O)C(C)(C)C)nc(O)c3c2)C(=O)C(F)(F)F)cc1)C(=O)OCC,CCOC(=O)CC[C@H](NC(=O)c1ccc(CN(CC2CNc3nc(NC(=O)C(C)(C)C)nc(O)c3C2)C(=O)C(F)(F)F)cc1)C(=O)OCC
Cc1cc(Cl)ccc1C(N)c1ccccc1.Cc1ncccc1-c1ccc2cc(CC(=O)O)ccc2n1,Cc1cc(Cl)ccc1C(NC(=O)Cc1ccc2nc(-c3cccnc3C)ccc2c1)c1ccccc1
CC(=O)OC(C)=O.NC(=O)c1[nH]nc([C@@H]2O[C@H](CO)[C@@H](O)[C@H]2O)c1O,CC(=O)n1nc([C@@H]2O[C@H](CO)[C@@H](O)[C@H]2O)c(O)c1C(N)=O
CCOC(=O)c1csc(-c2cccc(OC)c2)n1,COc1cccc(-c2nc(C(=O)O)cs2)c1
CCCN1CCN(c2ccc(OC)c(S(C)(=O)=O)c2)CC1,CCCN1CCN(c2ccc(O)c(S(C)(=O)=O)c2)CC1
COc1ccc(CN2CC(C(C)C)N(c3ccc(C(=O)N4CCN(c5ncc(C)cc5C)CC4)cc3)C2=O)cc1,Cc1cnc(N2CCN(C(=O)c3ccc(N4C(=O)NCC4C(C)C)cc3)CC2)c(C)c1
C#CCCCC.CCCCOC(=O)Cl,CCCCC#CC(=O)OCCCC
Clc1nn(-c2cccnc2)cc1NCC1CC1.O=C(O)CN1CCCC1=O,O=C1CCCN1CC(=O)N(CC1CC1)c1cn(-c2cccnc2)nc1Cl
C[P+](c1ccccc1)(c1ccccc1)c1ccccc1.O=C1CCc2c(-c3ccc(Cl)cc3)cn3cccc1c23,C=C1CCc2c(-c3ccc(Cl)cc3)cn3cccc1c23
Cc1ccc(S(=O)(=O)N[C@@H](COCc2ccccc2)C(=O)NCCN(C)C)c2ccccc12,Cc1ccc(S(=O)(=O)N[C@@H](CNCCN(C)C)COCc2ccccc2)c2ccccc12
CC[C@H]1CC[C@@H](Oc2ccc3nc(NC4C5CCCC4CC(C(=O)OC)C5)ccc3c2C(F)(F)F)CC1,CC[C@H]1CC[C@@H](Oc2ccc3nc(NC4C5CCCC4CC(C(=O)O)C5)ccc3c2C(F)(F)F)CC1
Nc1ccc(S(=O)(=O)Nc2ccccc2Cl)cc1.O=C(Cl)c1ccccn1,O=C(Nc1ccc(S(=O)(=O)Nc2ccccc2Cl)cc1)c1ccccn1
COC(=O)c1ccc2nc(-c3ccccc3)c(N3CCC[C@@H]3C(F)(F)F)nc2c1,O=C(O)c1ccc2nc(-c3ccccc3)c(N3CCC[C@@H]3C(F)(F)F)nc2c1
C#Cc1cnc2c(NCCCO)nc3cc(C(F)(F)F)ccc3n12.C1=COCCC1,C#Cc1cnc2c(NCCCOC3CCCCO3)nc3cc(C(F)(F)F)ccc3n12
CCCCN.O=C(O)C1CCN(C(=O)c2ccc(F)cc2)CC1,CCCCNC(=O)C1CCN(C(=O)c2ccc(F)cc2)CC1
CC(C)(C)OC(=O)N1CCC(=O)CC1.Cc1ccc2c(c1)[nH]c(=O)n2C1CCNCC1,Cc1ccc2c(c1)[nH]c(=O)n2C1CCN(C2CCN(C(=O)OC(C)(C)C)CC2)CC1
Fc1ccc(-c2ccc3nc(Cl)nc(Cl)c3n2)cc1.[Mg+][CH2]CC1OCCCO1,Fc1ccc(-c2ccc3nc(Cl)nc(CCC4OCCCO4)c3n2)cc1
O=C(O)CCCl.c1ccc(-c2nc[nH]n2)cc1,O=C(O)CCn1cnc(-c2ccccc2)n1
CCOC(=O)C(C)Br.O=C1Nc2ccccc2C1=Cc1ccc(O)c2ncccc12,CCOC(=O)C(C)Oc1ccc(C=C2C(=O)Nc3ccccc32)c2cccnc12
COC(C)(C)C(=O)Cl.Nc1cc(CCl)ccn1,COC(C)(C)C(=O)Nc1cc(CCl)ccn1
Cc1cc(C2CC2)cc(C)c1O.Clc1nc(Cl)c2[nH]ccc2n1,Cc1cc(C2CC2)cc(C)c1Oc1nc(Cl)nc2cc[nH]c12
BrCCC1CCCCC1.CCOC(=O)Nc1cc(Cl)c2nc[nH]c2n1,CCOC(=O)N(CCC1CCCCC1)c1cc(Cl)c2nc[nH]c2n1
O=C1Cc2ccccc2N1.O=C1OCc2cc(CC3OCCO3)ccc21,O=C1Nc2ccccc2C1=C1OCc2cc(CC3OCCO3)ccc21
Fc1c(OC(F)(F)F)cccc1C1=CCNCC1,Fc1c(OC(F)(F)F)cccc1C1CCNCC1
C=CCOC(Cl)CCCC.c1nc[nH]n1,C=CCOC(CCCC)n1cncn1
Brc1cncc(OCC2CCN(Cc3ccccc3)C2)c1.[CH3][Mg+],Cc1cncc(OCC2CCN(Cc3ccccc3)C2)c1
Cc1ccc2sc(Cl)nc2n1.O=C(OO)c1cccc(Cl)c1,Cc1ccc2sc(Cl)[n+]([O-])c2n1
Cc1nc(N)c2ncn(CCCCN)c2c1C.O=C(Cl)N1CCOCC1,Cc1nc(N)c2ncn(CCCCNC(=O)N3CCOCC3)c2c1C
C1=C(c2ccccc2)c2ccccc2OC12CCNCC2.COc1ccc(C(=O)Cl)cc1OC,COc1ccc(C(=O)N2CCC3(C=C(c4ccccc4)c4ccccc4O3)CC2)cc1OC
Cc1cc(-c2cccc(C(=O)CC(=O)OC(C)(C)C)c2)on1.Cc1cc(N)c(NC(=O)OC(C)(C)C)cc1N(C)CC(C)C,Cc1cc(-c2cccc(C(=O)CC(=O)Nc3cc(C)c(N(C)CC(C)C)cc3NC(=O)OC(C)(C)C)c2)on1
CCI.Nc1c(CC(=O)O)cccc1C(=O)c1ccc(Br)cc1,CCOC(=O)Cc1cccc(C(=O)c2ccc(Br)cc2)c1N
COc1c(N)cc(C(C)(C)C)cc1NS(C)(=O)=O.O=C(O)c1ccc(F)c(-n2cc(-c3cccnc3)nn2)c1,COc1c(NC(=O)c2ccc(F)c(-n3cc(-c4cccnc4)nn3)c2)cc(C(C)(C)C)cc1NS(C)(=O)=O
CC(C)[C@H](NC(=O)OCc1ccccc1)C(=O)N[C@@H](C)C(=O)NC(CC(=O)OC(C)(C)C)C(=O)c1nc2ccccc2o1,CC(C)[C@H](NC(=O)OCc1ccccc1)C(=O)N[C@@H](C)C(=O)N[C@@H](CC(=O)OC(C)(C)C)C(O)c1nc2ccccc2o1
Cc1ccc(-n2nc(C(C)(C)C)cc2NC(=O)NCc2ccccc2O)cc1OCc1ccccc1.Clc1ccnc(Cl)n1,Cc1ccc(-n2nc(C(C)(C)C)cc2NC(=O)NCc2ccccc2Oc2ccnc(Cl)n2)cc1OCc1ccccc1
CNc1ccccc1.Nc1cc(N2CCN(C(=O)NCC(=O)O)CC2)c2ccc(Cl)cc2n1,CN(C(=O)CNC(=O)N1CCN(c2cc(N)nc3cc(Cl)ccc23)CC1)c1ccccc1
CCCCCNC(=O)c1ccc(Cl)nn1.O=C(c1ccccc1C(F)(F)F)N1CCNCC1,CCCCCNC(=O)c1ccc(N2CCN(C(=O)c3ccccc3C(F)(F)F)CC2)nn1
COc1cc2c(cc1OC)C(Cc1ccccc1CC(=O)O)NCC2,COc1cc2c(cc1OC)C1Cc3ccccc3CC(=O)N1CC2
CCOC(=O)/C=C/C=C/C1CCN(C(=O)OC(C)(C)C)CC1,CC(C)(C)OC(=O)N1CCC(/C=C/C=C/C(=O)O)CC1
CCOC(=O)C1OCCN1C(=O)c1cc(C)ccc1-n1nccn1,Cc1ccc(-n2nccn2)c(C(=O)N2CCOC2CO)c1
C=O.CCNCC.O=C(CCc1cccc(CCc2ccccc2)c1)N1CCc2ccoc2C1,CCN(CC)Cc1cc2c(o1)CN(C(=O)CCc1cccc(CCc3ccccc3)c1)CC2
CN1CCN(C(=O)Cl)CC1.Cn1ncc2cc(Nc3ncnc4[nH]c(C5=CCNCC5)cc34)ccc21,CN1CCN(C(=O)N2CC=C(c3cc4c(Nc5ccc6c(cnn6C)c5)ncnc4[nH]3)CC2)CC1
CCN=C=O.Nc1nc2cc(Br)nc(Br)c2s1,CCNC(=O)Nc1nc2cc(Br)nc(Br)c2s1
NNC(N)=S.O=CC=Cc1cccc(O)c1,NC(=S)NN=CC=Cc1cccc(O)c1
CC(C)(C)c1ccc(C(=O)Cl)cc1.CNC(C)c1nc2ccccc2c(=O)n1-c1ccc(OC)cc1,COc1ccc(-n2c(C(C)N(C)C(=O)c3ccc(C(C)(C)C)cc3)nc3ccccc3c2=O)cc1
CCOC(=O)C(CNC(=O)Cc1cccc(OC(C)CC)c1)c1ccc(OC)c(OC)c1,CCOC(=O)C1CN=C(Cc2cccc(OC(C)CC)c2)c2cc(OC)c(OC)cc21
CO.O=C(O)c1ccc(O)cn1,COC(=O)c1ccc(O)cn1
CCCCCC(=O)N[C@@H](CC(C)C)C(=O)N[C@H](CO)CCCC,CCCCCC(=O)N[C@@H](CC(C)C)C(=O)N[C@H](C=O)CCCC
CCCCCCCCCCCCCCCCBr.COC(=O)C(=O)Cc1ccc(N)cc1,CCCCCCCCCCCCCCCCNc1ccc(CC(=O)C(=O)OC)cc1
CC(=O)OC(C)=O.Cc1nc2c(OCc3c(Cl)ccc(N)c3Cl)cccn2c1Br,CC(=O)Nc1ccc(Cl)c(COc2cccn3c(Br)c(C)nc23)c1Cl
COC(=O)c1cc2c(cc1O)-c1[nH]c3c(F)c(C(F)(F)F)c(Br)cc3c1CC2,O=C(O)c1cc2c(cc1O)-c1[nH]c3c(F)c(C(F)(F)F)c(Br)cc3c1CC2
C#C[Si](C)(C)C.Cc1nnc2n1-c1ccc(I)cc1C(c1ccccc1Cl)=NC2,Cc1nnc2n1-c1ccc(C#C[Si](C)(C)C)cc1C(c1ccccc1Cl)=NC2
C=CCS.CCCCOc1ccc(Cl)nn1,C=CCSc1ccc(OCCCC)nn1
C=CCBr.CS(=O)(=O)c1nc2nc(I)c(Cl)cc2[nH]1,C=CCn1c(S(C)(=O)=O)nc2nc(I)c(Cl)cc21
CN(C)CCO.Cc1ccc(-c2ncc[nH]2)cc1NC(=O)c1ccc(OCc2cc(Cl)ccn2)cc1,Cc1ccc(-c2ncc[nH]2)cc1NC(=O)c1ccc(OCc2cc(OCCN(C)C)ccn2)cc1
CC(O)C1CN(Cc2ccccc2)CC1c1ccc(Cl)c(Cl)c1.Oc1ccc(C(F)(F)F)cn1,CC(Oc1ccc(C(F)(F)F)cn1)C1CN(Cc2ccccc2)CC1c1ccc(Cl)c(Cl)c1
CCOCc1nc2c(Cl)nc3ccccc3c2n1CC1CC(C)=NO1.N,CCOCc1nc2c(N)nc3ccccc3c2n1CC1CC(C)=NO1
CCC(=O)Cl.CCC(=O)N1CC(Cc2n[nH]c(=O)n2-c2ccc(Br)cc2F)C1,CCC(=O)N1CC(Cc2nn(C(=O)CC)c(=O)n2-c2ccc(Br)cc2F)C1
CC(C)(C)COc1c(/C=C/c2nc3sccn3c2C(=O)O)cccc1OC(F)F.N#Cc1ccc(N)nc1,CC(C)(C)COc1c(/C=C/c2nc3sccn3c2C(=O)Nc2ccc(C#N)cn2)cccc1OC(F)F
Cc1cc2c(cc1Br)[nH]c(=O)n2C1CCN(C(=O)OC(C)(C)C)CC1,Cc1cc2c(cc1Br)[nH]c(=O)n2C1CCNCC1
O=C=Nc1ccccc1Cl.Oc1ccc2c(c1)CCCN2Cc1ccccc1,O=C(Nc1ccccc1Cl)Oc1ccc2c(c1)CCCN2Cc1ccccc1
N=C(NN)NCc1ccco1.O=Cc1c(Cl)cccc1Cl,N=C(NCc1ccco1)NN=Cc1c(Cl)cccc1Cl
CC(C)(Cc1c[nH]c2c(O)cccc12)NC(=O)OC(C)(C)C.N#Cc1cccnc1Cl,CC(C)(Cc1c[nH]c2c(Oc3ncccc3C#N)cccc12)NC(=O)OC(C)(C)C
NP(N)(=O)N1CCCC[C@H](NC(=O)OCc2ccccc2)C1=O,N[C@H]1CCCCN(P(N)(N)=O)C1=O
CC1(C)OB(c2ccc(Cl)nc2)OC1(C)C.CN,CNc1ccc(B2OC(C)(C)C(C)(C)O2)cn1
CCOC(=O)c1cc2cc(-c3ccc(NC(C)=O)cc3)ccc2o1,CCOC(=O)c1cc2cc(-c3ccc(N)cc3)ccc2o1
C=C(C)C.CC(C)[C@@H](NS(=O)(=O)c1ccc(F)cc1)C(=O)O,CC(C)[C@@H](NS(=O)(=O)c1ccc(F)cc1)C(=O)OC(C)(C)C
CC(C)(O)c1ccc(-c2cc(C(N)=O)c(Nc3cccc(CO)n3)s2)c(F)c1.Cc1nnc(CCl)o1,Cc1nnc(COCc2cccc(Nc3sc(-c4ccc(C(C)(C)O)cc4F)cc3C(N)=O)n2)o1
COC(=O)c1ccc(NS(=O)(=O)c2cnc(Cl)c(Br)c2)cc1O.COc1cccc(B(O)O)c1F,COC(=O)c1ccc(NS(=O)(=O)c2cnc(Cl)c(-c3cccc(OC)c3F)c2)cc1O
CO.O=C(O)c1ccncc1,COC(=O)c1ccncc1
COCCO.NC(CC(=O)O)c1ccccc1,COCCOC(=O)CC(N)c1ccccc1
Fc1ccc2c(CCCCl)n[nH]c2c1.c1cc2c3c(c1)[C@@H]1CNCC[C@@H]1N3CCO2,Fc1ccc2c(CCCN3CC[C@H]4[C@@H](C3)c3cccc5c3N4CCO5)n[nH]c2c1
CN(C)[C@H]1CC[C@H](CN)CC1.O=C(c1cnc2ccc(Br)cc2c1Cl)C1CC1,CN(C)[C@@H]1CC[C@@H](CNc2c(C(=O)C3CC3)cnc3ccc(Br)cc23)CC1
Fc1ccc(Br)nc1.N#Cc1cccc(-c2ccc(Br)o2)c1,N#Cc1cccc(-c2ccc(-c3ccc(F)cn3)o2)c1
CC1(C)OB(c2cccc3[nH]ccc23)OC1(C)C.Clc1ccc(OC2CN3CCC2CC3)nn1,c1cc(-c2ccc(OC3CN4CCC3CC4)nn2)c2cc[nH]c2c1
CC(C)(C)OC(=O)N1CCC(c2cc(=O)[nH]c3c4c(CC#N)cccc4nn23)CC1,N#CCc1cccc2nn3c(C4CCNCC4)cc(=O)[nH]c3c12
COC(=O)CCC(C)(c1ccc2c(C(F)(F)F)c(O[C@@H]3CC[C@@H](C(F)(F)F)CC3)ccc2c1)[N+](=O)[O-],CC(CCC(=O)O)(c1ccc2c(C(F)(F)F)c(O[C@@H]3CC[C@@H](C(F)(F)F)CC3)ccc2c1)[N+](=O)[O-]
CC(C)(C)n1nc(O)c2c(N)ncnc21.Clc1nccc2ccccc12,CC(C)(C)n1nc(Oc2nccc3ccccc23)c2c(N)ncnc21
O=C(OCc1ccccc1)[C@@H](CC1CCC1)N1C[C@H](CN2CCC(CCCc3cc(F)cc(F)c3)CC2)[C@@H](c2cccc(F)c2)C1,O=C(O)[C@@H](CC1CCC1)N1C[C@H](CN2CCC(CCCc3cc(F)cc(F)c3)CC2)[C@@H](c2cccc(F)c2)C1
CC1=NC(NC(=O)Nc2cccc3cnn(C(=O)OC(C)(C)C)c23)C(=O)N(CC(=O)N(c2ccccc2)C(C)C)c2ccccc21,CC1=NC(NC(=O)Nc2cccc3cn[nH]c23)C(=O)N(CC(=O)N(c2ccccc2)C(C)C)c2ccccc21
CCCCCCCCCBr.O=C(O)c1ccc(O)cc1,CCCCCCCCCOc1ccc(C(=O)O)cc1
Cc1c(-c2ccccn2)nc2cc(F)cc(F)c2c1Nc1cc(N2CCOCC2)ncc1I.OB(O)c1ccc(OC(F)F)nc1,Cc1c(-c2ccccn2)nc2cc(F)cc(F)c2c1Nc1cc(N2CCOCC2)ncc1-c1ccc(OC(F)F)nc1
CC(C)(C)OC(=O)[C@H]1CCCN1.O=C(NCC1CCCCC1)c1c(Cl)ccc2nc(Cl)ccc12,CC(C)(C)OC(=O)[C@H]1CCCN1c1ccc2c(C(=O)NCC3CCCCC3)c(Cl)ccc2n1
CC(C)(C)C(=O)OC[C@H]1O[C@@H](Sc2ccccc2)[C@H](OC(=O)C(C)(C)C)[C@@H](OC(=O)C(C)(C)C)[C@@H]1OC(=O)C(C)(C)C.O=C(OO)c1cccc(Cl)c1,CC(C)(C)C(=O)OC[C@H]1O[C@@H](S(=O)c2ccccc2)[C@H](OC(=O)C(C)(C)C)[C@@H](OC(=O)C(C)(C)C)[C@@H]1OC(=O)C(C)(C)C
Cc1cc(C(=O)O)cc(Cl)n1,Cc1cc(CO)cc(Cl)n1
CC(C)(C)OC(=O)N[C@H]1c2ccccc2C[C@@H]1N.O=C(O)c1cc2cc(Cl)ccc2[nH]1,CC(C)(C)OC(=O)N[C@H]1c2ccccc2C[C@@H]1NC(=O)c1cc2cc(Cl)ccc2[nH]1
COC(=O)C(C)Oc1cccc(C=O)c1,COC(=O)C(C)Oc1cccc(CO)c1
Nc1ccncn1.O=S(=O)(Cl)c1cc(Cl)c(F)cc1F,O=S(=O)(Nc1ccncn1)c1cc(Cl)c(F)cc1F
CCCCCC(O)CCCC(CCCCCCC(=O)O)C(O)CCOC,CCCCCC(O)CCCC(CCCCCCC(=O)O)C(O)CCO
CC(C)c1ccc(C(C)C#N)cc1,CC(C)c1ccc(C(C)CN)cc1
C=O.COc1ccc2c(c1OC)CC1CNCC21,COc1ccc2c(c1OC)CC1CN(C)CC21
CCOC(=O)C(C(OCC)OCC)[N+](=O)[O-],CCOC(=O)C(N)C(OCC)OCC
NCc1ccc(F)cc1.O=C(Nc1ccc(C(F)(F)F)c(OCCN2CCCC2)c1)c1cccnc1Cl,O=C(Nc1ccc(C(F)(F)F)c(OCCN2CCCC2)c1)c1cccnc1NCc1ccc(F)cc1
CCCN1C(=O)NC2(CCN(Cc3cc4cnc(C#N)nc4n3CC(C)(C)C)CC2)C1=O.CI,CCCN1C(=O)N(C)C2(CCN(Cc3cc4cnc(C#N)nc4n3CC(C)(C)C)CC2)C1=O
CC(C)(C)OC(=O)COC1CCN(C(=O)OC(C)(C)C)CC1,CC(C)(C)OC(=O)N1CCC(OCCO)CC1
CC(=O)C[C@]1(c2ccccc2)CCN([C@@H](C)c2ccc(OC(F)F)cc2)C(=O)O1.[CH3][Mg+],C[C@@H](c1ccc(OC(F)F)cc1)N1CC[C@](CC(C)(C)O)(c2ccccc2)OC1=O
CCOC(=O)c1cn2cc(-c3cccc(OC)c3)nc2s1,COc1cccc(-c2cn3cc(C(=O)O)sc3n2)c1
CCOP(=O)(Cc1ccc([N+](=O)[O-])cc1)OCC.COc1c(C=O)cc(Br)cc1C1(C)CC1,COc1c(/C=C/c2ccc([N+](=O)[O-])cc2)cc(Br)cc1C1(C)CC1
CC(=O)SCCC(=O)Cl.CCOC(=O)C1NN=C(c2ccccc2)S1,CCOC(=O)C1SC(c2ccccc2)=NN1C(=O)CCSC(C)=O
Brc1ccc(Oc2ccccc2)cc1Oc1ccccc1.OB(O)c1cccc2ccccc12,c1ccc(Oc2ccc(-c3cccc4ccccc34)c(Oc3ccccc3)c2)cc1
CCOC(=O)c1cnc(-c2ccc(F)cc2)cc1Cl.Oc1ccccc1Cl,CCOC(=O)c1cnc(-c2ccc(F)cc2)cc1Oc1ccccc1Cl
CC(C)(C)[Si](C)(C)Oc1c(Br)ccc2ccc(C=O)nc12.NNc1ccccn1,CC(C)(C)[Si](C)(C)Oc1c(Br)ccc2ccc(C=NNc3ccccn3)nc12
COC(=O)c1ccc(CBr)cc1.Oc1cc(Cl)ccc1-c1nc2cc(F)c(F)cc2n1CC1CCCCC1,COC(=O)c1ccc(COc2cc(Cl)ccc2-c2nc3cc(F)c(F)cc3n2CC2CCCCC2)cc1
NC1CCN(C2CCCCC2)C1.O=C(Cl)c1cc(Cl)nc2ccccc12,O=C(NC1CCN(C2CCCCC2)C1)c1cc(Cl)nc2ccccc12
N#Cc1ccc(Cl)cc1OCCN1CCCC1,NCc1ccc(Cl)cc1OCCN1CCCC1
COC(=O)c1ccccc1-c1ccc2c(c1)CC[C@H](CNC[C@H](O)c1cccnc1)O2,O=C(O)c1ccccc1-c1ccc2c(c1)CC[C@H](CNC[C@H](O)c1cccnc1)O2
Cc1onc(-c2ccccc2)c1COc1ccc(C(=O)O)cn1.NCCF,Cc1onc(-c2ccccc2)c1COc1ccc(C(=O)NCCF)cn1
Cc1nn(-c2ccc(C(F)(F)F)cn2)c(C)c1C(=O)N1CC2CN(CCC3(c4ccccc4)CCNC3)CC2C1.O=C(Cl)C1CCCC1,Cc1nn(-c2ccc(C(F)(F)F)cn2)c(C)c1C(=O)N1CC2CN(CCC3(c4ccccc4)CCN(C(=O)C4CCCC4)C3)CC2C1
CCOC(=O)c1cn(-c2ccnc3ccccc23)c(C)c1C,Cc1c(C(=O)O)cn(-c2ccnc3ccccc23)c1C
CCC(Cc1ccccc1C)C(=O)Cl,CCC1Cc2c(C)cccc2C1=O
ClCc1ccc(Cl)nc1,Cc1ccc(Cl)nc1
BrCc1cccc(Oc2ccccc2)c1.OCC(c1ccc(Cl)cc1)C(F)(F)F,FC(F)(F)C(COCc1cccc(Oc2ccccc2)c1)c1ccc(Cl)cc1
CC(O)c1nc(NC(=O)c2c(F)cccc2F)sc1-c1cccc(C(F)(F)F)c1,CC(=O)c1nc(NC(=O)c2c(F)cccc2F)sc1-c1cccc(C(F)(F)F)c1
C=C[C@H]1C[C@@]1(NC(=O)[C@@H]1C[C@@H](O)CN1C(=O)OC(C)(C)C)C(=O)OCC,C=C[C@H]1C[C@@]1(NC(=O)[C@@H]1C[C@@H](O)CN1)C(=O)OCC
CC(C)C1=CCC(c2ccc(Cl)c(Cl)c2)c2ccccc21,CC(C)C1CCC(c2ccc(Cl)c(Cl)c2)c2ccccc21
CN1CCN(c2cccc(N)c2)CC1.Fc1ccc(-n2cc(-c3cccn4nc(Cl)nc34)cn2)cc1,CN1CCN(c2cccc(Nc3nc4c(-c5cnn(-c6ccc(F)cc6)c5)cccn4n3)c2)CC1
CC(C)(C)OC(=O)N1CCN(Cc2cc3nc(-c4cccc5[nH]ccc45)nc(N4CCOCC4)c3s2)CC1,c1cc(-c2nc(N3CCOCC3)c3sc(CN4CCNCC4)cc3n2)c2cc[nH]c2c1
Fc1ccc(CNCc2ccccc2CNCc2ccc(F)cc2)cc1.O=S(=O)(Cl)c1cc(Cl)cc(Cl)c1,O=S(=O)(c1cc(Cl)cc(Cl)c1)N(Cc1ccc(F)cc1)Cc1ccccc1CNCc1ccc(F)cc1
CC(C)(C)CC(=O)Cl.Cc1cc(Br)cc(C)c1N,Cc1cc(Br)cc(C)c1NC(=O)CC(C)(C)C
COc1cc(CC(=O)O)ccc1OCc1ccccc1.Nc1ccc2cnn(CCN3CCCC3)c2c1,COc1cc(CC(=O)Nc2ccc3cnn(CCN4CCCC4)c3c2)ccc1OCc1ccccc1
CC(C)(C)OC(=O)OC(=O)OC(C)(C)C.CC1Cc2ccc(Br)cc2CN1,CC1Cc2ccc(Br)cc2CN1C(=O)OC(C)(C)C
COc1ccc(C2(c3nnc4ncc(-c5ccc(Br)cc5)nn34)CC2)cc1.O=C1CCCN1,COc1ccc(C2(c3nnc4ncc(-c5ccc(N6CCCC6=O)cc5)nn34)CC2)cc1
CN.O=C(O)C1CCN(CCCOc2ccc(-n3nc4ccccc4c3Cl)cc2)CC1,CNC(=O)C1CCN(CCCOc2ccc(-n3nc4ccccc4c3Cl)cc2)CC1
NC1CCN(Cc2ccccc2)CC1.O=C(O)c1c[nH]c2ccc(F)cc12,O=C(NC1CCN(Cc2ccccc2)CC1)c1c[nH]c2ccc(F)cc12
CC(C)(C)OC(=O)N1CCC(CC=C(Br)Br)CC1,C#CCC1CCN(C(=O)OC(C)(C)C)CC1
COc1ccc(COc2cccc(OC)c2-c2cc(Nc3cnc(C#N)cn3)n[nH]2)cc1,COc1cccc(O)c1-c1cc(Nc2cnc(C#N)cn2)n[nH]1
C=O.CCOC(=O)c1cn2c(-c3cccs3)cnc(N3CCNCC3)c2n1,CCOC(=O)c1cn2c(-c3cccs3)cnc(N3CCN(C)CC3)c2n1
CC(C)(C(N)=O)N1CCN(Cc2cc3nc(Cl)nc(N4CCOCC4)c3s2)CC1.Cc1nc2ccccc2[nH]1,Cc1nc2ccccc2n1-c1nc(N2CCOCC2)c2sc(CN3CCN(C(C)(C)C(N)=O)CC3)cc2n1
CI.COc1ccc(OC)c(CCc2ccc3nc[nH]c(=O)c3c2)c1,COc1ccc(OC)c(CCc2ccc3ncn(C)c(=O)c3c2)c1
CC(C)(C)[S@](=O)N[C@@H](Cc1cc(F)cc(Cl)c1)[C@@H](CO[Si](C)(C)C(C)(C)C)O[Si](C)(C)C(C)(C)C,CC(C)(C)[S@](=O)N[C@@H](Cc1cc(F)cc(Cl)c1)[C@@H](CO)O[Si](C)(C)C(C)(C)C
CS(=O)(=O)Cl.Cc1ccc(CO)s1,Cc1ccc(COS(C)(=O)=O)s1
c1ccc(CN2CC3NCCOC3C2)cc1,C1COC2CNCC2N1
O=[N+]([O-])c1cnccc1Nc1ccccc1,Nc1cnccc1Nc1ccccc1
CCOC(=O)C1CCCNC1.N#Cc1ccc(-c2ccc(OCC(=O)O)cc2)cc1,CCOC(=O)C1CCCN(C(=O)COc2ccc(-c3ccc(C#N)cc3)cc2)C1
BrCC1CCCCC1.CSc1nc(NC(=O)OC(C)(C)C)cn2c(Br)cnc12,CSc1nc(N(CC2CCCCC2)C(=O)OC(C)(C)C)cn2c(Br)cnc12
COc1cc(CCCC2OC(=O)NC2=O)ccc1O.ClCc1nc(-c2ccccc2)no1,COc1cc(CCCC2OC(=O)NC2=O)ccc1OCc1nc(-c2ccccc2)no1
COc1ccc(CN2CC3(CCCC(COCc4ccccc4)(COS(C)(=O)=O)C3)OC2=O)cc1.[N-]=[N+]=[N-],COc1ccc(CN2CC3(CCCC(CN=[N+]=[N-])(COCc4ccccc4)C3)OC2=O)cc1
CN(C)C/C=C/C(=O)O.Nc1cccc(-c2cnccc2Oc2ccc(Oc3ccccc3)cc2)c1,CN(C)C/C=C/C(=O)Nc1cccc(-c2cnccc2Oc2ccc(Oc3ccccc3)cc2)c1
CCOC(=O)Cc1nn(C(c2ccccn2)c2ncno2)c(=O)c2ccccc12,O=C(O)Cc1nn(C(c2ccccn2)c2ncno2)c(=O)c2ccccc12
CC(=O)Oc1ccccc1C(=O)Cl.O=C(O)[C@@H]1CC(O)CN1,CC(=O)Oc1ccccc1C(=O)N1CC(O)C[C@H]1C(=O)O
Nc1ccc(O)cc1.O=S(=O)(Cl)c1ccccc1,O=S(=O)(Nc1ccc(O)cc1)c1ccccc1
CCOC(=O)c1ccc(-c2c(OC)cccc2OC)c(-c2ccc(Cl)c(O)c2)n1.CN1CCC(O)C1,CCOC(=O)c1ccc(-c2c(OC)cccc2OC)c(-c2ccc(Cl)c(OC3CCN(C)C3)c2)n1
CCC(CC)(NC(=O)c1ccc(N2CC(F)(F)C2)c(OCC2CC2)n1)C(=O)O.FC1(F)CNC1,CCC(CC)(NC(=O)c1ccc(N2CC(F)(F)C2)c(OCC2CC2)n1)C(=O)N1CC(F)(F)C1
CC(=O)O[C@@H]1CC2=CC[C@H]3[C@@H]4CC[C@H]([C@H](C)[C@H](O)C#CC(C)(C)OC5CCCCO5)[C@@]4(C)CC[C@@H]3[C@@]2(C)[C@@H](OC(C)=O)C1.CI,CO[C@H](C#CC(C)(C)OC1CCCCO1)[C@@H](C)[C@H]1CC[C@H]2[C@@H]3CC=C4C[C@@H](OC(C)=O)C[C@H](OC(C)=O)[C@]4(C)[C@H]3CC[C@]12C
N#Cc1ccc(CC(=O)NC2CCN(CCCl)CC2)cc1.Nc1ccccc1,N#Cc1ccc(CC(=O)NC2CCN(CCNc3ccccc3)CC2)cc1
CC(C)(C)OC(=O)N1CCN(S(=O)(=O)CCCCl)CC1.CNC,CN(C)CCCS(=O)(=O)N1CCN(C(=O)OC(C)(C)C)CC1
CC(N)(C#N)Cn1nc2cccc(Cl)c2n1.O=C(Cl)c1ccc(Oc2ccccc2)cc1,CC(C#N)(Cn1nc2cccc(Cl)c2n1)NC(=O)c1ccc(Oc2ccccc2)cc1
COc1cc(O)c2c(c1C(N)=O)OC1=CC(O)=C(C(C)=O)C(=O)[C@]12C.Cc1cc(NS(C)(=O)=O)cc(C)c1C=O,COc1cc(O)c2c(c1C(=O)NCc1c(C)cc(NS(C)(=O)=O)cc1C)OC1=CC(O)=C(C(C)=O)C(=O)[C@]12C
CC[C@H]1COC[C@H](C)N1C(=O)OC(C)(C)C,CC[C@H]1COC[C@H](C)N1
COc1ccc2c(O[C@H]3CN[C@H](C(=O)O)C3)nccc2c1.O=C(Cl)OCC1c2ccccc2-c2ccccc21,COc1ccc2c(O[C@@H]3C[C@@H](C(=O)O)N(C(=O)OCC4c5ccccc5-c5ccccc54)C3)nccc2c1
CC1(C)OCC2(CCNCC2)C1O.C[C@@H](O[C@H]1OCC[C@@H](C=O)[C@@H]1c1ccc(F)cc1)c1cc(C(F)(F)F)cc(C(F)(F)F)c1,C[C@@H](O[C@H]1OCC[C@@H](CN2CCC3(CC2)COC(C)(C)C3O)[C@@H]1c1ccc(F)cc1)c1cc(C(F)(F)F)cc(C(F)(F)F)c1
CC(C)(C)OC(=O)NCCN[C@@H](CC(=O)OCc1ccccc1)C(=O)OC(C)(C)C.CC(C)(C)OC(=O)OC(=O)OC(C)(C)C,CC(C)(C)OC(=O)NCCN(C(=O)OC(C)(C)C)[C@@H](CC(=O)OCc1ccccc1)C(=O)OC(C)(C)C
CC(C)(C)OC(=O)N1CCN(CCCCN2C(=O)c3ccccc3C2=O)CC1,O=C1c2ccccc2C(=O)N1CCCCN1CCNCC1
CC(C)c1ccc(N)cc1.COc1ccc(S(=O)(=O)N2CCCCC2)cc1C(=O)O,COc1ccc(S(=O)(=O)N2CCCCC2)cc1C(=O)Nc1ccc(C(C)C)cc1
CCOC(=O)CSc1nc2cnc(N3CCC(Oc4cc(F)ccc4Br)CC3)nc2[nH]1,O=C(O)CSc1nc2cnc(N3CCC(Oc4cc(F)ccc4Br)CC3)nc2[nH]1
CC(C)(C)OC(=O)N1CCC[C@@H]1COc1ccc(I)cc1.Oc1ccc(-c2nccs2)cc1,CC(C)(C)OC(=O)N1CCC[C@@H]1COc1ccc(Oc2ccc(-c3nccs3)cc2)cc1
C/C=C\c1cc(C(=O)OC)ccc1N1CCN(C(=O)OC(C)(C)C)CC1,C/C=C\c1cc(C(=O)O)ccc1N1CCN(C(=O)OC(C)(C)C)CC1
CC(C)(C)OC(=O)OC(=O)OC(C)(C)C.Nc1ccc([N+](=O)[O-])cn1,CC(C)(C)OC(=O)Nc1ccc([N+](=O)[O-])cn1
C#CCN(C)C.CCOC(=O)/C=C(/c1ccccc1)c1ccc(Br)cc1,CCOC(=O)/C=C(/c1ccccc1)c1ccc(C#CCN(C)C)cc1
CC(C)(O)[C@H](F)CN.CC(C)Nc1cc(-n2ncc3cc(C#N)cnc32)ncc1C(=O)O,CC(C)Nc1cc(-n2ncc3cc(C#N)cnc32)ncc1C(=O)NC[C@@H](F)C(C)(C)O
CC(C)(C)OC(=O)N1CCNC[C@@H]1CCO.O=C(O)c1cccc2cccnc12,CC(C)(C)OC(=O)N1CCN(C(=O)c2cccc3cccnc23)C[C@@H]1CCO
CCN1C(=O)C(F)(F)CN(C2CCCC2)c2nc(Cl)ncc21.COc1cc(C(=O)O)ccc1N,CCN1C(=O)C(F)(F)CN(C2CCCC2)c2nc(Nc3ccc(C(=O)O)cc3OC)ncc21
CC12CCNCC1Oc1ccc(OS(=O)(=O)Cc3ccccc3)cc12.CCBr,CCN1CCC2(C)c3cc(OS(=O)(=O)Cc4ccccc4)ccc3OC2C1
CCN(C(=O)c1ncc(Cl)cc1NS(=O)(=O)c1ccc(Cl)c(C(F)(F)F)c1)c1nn(C(=O)OC(C)(C)C)c2ccccc12,CCN(C(=O)c1ncc(Cl)cc1NS(=O)(=O)c1ccc(Cl)c(C(F)(F)F)c1)c1n[nH]c2ccccc12
Cn1cc(-c2ccncn2)c(-c2ccc(C#C[Si](C)(C)C)cc2)n1,C#Cc1ccc(-c2nn(C)cc2-c2ccncn2)cc1
CNc1nc(Br)cc(Br)n1.O=[N+]([O-])c1ccc(S)cc1,CNc1nc(Br)cc(Sc2ccc([N+](=O)[O-])cc2)n1
COC(=O)c1c(C)c(=O)c2ccc(Cl)cc2n1-c1ccccc1,Cc1c(C(=O)O)n(-c2ccccc2)c2cc(Cl)ccc2c1=O
CCOC(=O)c1cc(-c2cc(C)cc(F)c2)n(-c2ccc(F)c(Cl)c2)n1,Cc1cc(F)cc(-c2cc(C(=O)O)nn2-c2ccc(F)c(Cl)c2)c1
Cc1cc(NS(=O)(=O)c2cccc(Cl)c2)c2c(Br)c(C)sc2n1.Cc1ccc(B2OC(C)(C)C(C)(C)O2)o1,Cc1cc(NS(=O)(=O)c2cccc(Cl)c2)c2c(-c3ccc(C)o3)c(C)sc2n1
CS(=O)(=O)Nn1c(=O)[nH]c2cc([N+](=O)[O-])c(-n3ccc(C=O)c3)cc2c1=O,CS(=O)(=O)Nn1c(=O)[nH]c2cc([N+](=O)[O-])c(-n3ccc(CO)c3)cc2c1=O
Cc1c(-c2ccc(Cl)cc2)n[nH]c1N.O=C(O)CS,Cc1c(-c2ccc(Cl)cc2)n[nH]c1NC(=O)CS
CC1(C)CCC(=O)Nc2ccc(N)cc21.Cn1ccnc1-c1ccccc1Nc1nc(Cl)ncc1Cl,Cn1ccnc1-c1ccccc1Nc1nc(Nc2ccc3c(c2)C(C)(C)CCC(=O)N3)ncc1Cl
COC(=O)CN(c1ccc2c(c1)nc(Cc1ccc(C(=N)N)cc1)n2C)S(=O)(=O)c1cccc2cccnc12.COC(=O)Cl,COC(=O)CN(c1ccc2c(c1)nc(Cc1ccc(C(N)=NC(=O)OC)cc1)n2C)S(=O)(=O)c1cccc2cccnc12
Cc1noc(C)c1N=C=O.Nc1ccc(N2CCC(C(c3ccccc3)c3ccccc3)CC2)c(F)c1,Cc1noc(C)c1NC(=O)Nc1ccc(N2CCC(C(c3ccccc3)c3ccccc3)CC2)c(F)c1
CCC=CC(=O)Cl.COc1cc2nc(N3CCNCC3)nc(N)c2cc1OC,CCC=CC(=O)N1CCN(c2nc(N)c3cc(OC)c(OC)cc3n2)CC1
NCCN1CCOCC1.O=C(O)c1cc([N+](=O)[O-])cc(C(F)(F)F)c1,O=C(NCCN1CCOCC1)c1cc([N+](=O)[O-])cc(C(F)(F)F)c1
CCC(CC)(c1ccc(C#CCCCC(=O)OC)c(C)c1)c1ccc(C#CC(O)(C(F)(F)F)C(F)(F)F)c(C)c1,CCC(CC)(c1ccc(C#CCCCC(=O)O)c(C)c1)c1ccc(C#CC(O)(C(F)(F)F)C(F)(F)F)c(C)c1
Brc1ccc2cc[nH]c2c1.CON(C)C(=O)c1ccc(F)c(S(N)(=O)=O)c1,NS(=O)(=O)c1cc(C(=O)c2ccc3cc[nH]c3c2)ccc1F
CC1CN(C(=O)OC(C)(C)C)CCN1Cc1cc(-c2ccccc2Cl)c2c(c1)N(c1c(Cl)cccc1Cl)C(=O)NC2,CC1CNCCN1Cc1cc(-c2ccccc2Cl)c2c(c1)N(c1c(Cl)cccc1Cl)C(=O)NC2
CC(C)(C)OC(=O)CBr.CCOC(=O)NC(=O)c1c(OCC(F)(F)F)ccc2c(C(F)(F)F)c(OC)ccc12,CCOC(=O)N(CC(=O)OC(C)(C)C)C(=O)c1c(OCC(F)(F)F)ccc2c(C(F)(F)F)c(OC)ccc12
CC1(N2C(=O)c3cccc(N)c3C2=O)CCC(=O)NC1=O.CCCCC(=O)Cl,CCCCC(=O)Nc1cccc2c1C(=O)N(C1(C)CCC(=O)NC1=O)C2=O
CCOC(=O)Nc1ccc(-c2cnc(COCc3cc4ccccc4o3)o2)cc1.NCCN1CCCCC1,O=C(NCCN1CCCCC1)Nc1ccc(-c2cnc(COCc3cc4ccccc4o3)o2)cc1
CCN1CCc2[nH]c3ccc(C)cc3c2C1.ClCc1ccccc1,CCN1CCc2c(c3cc(C)ccc3n2Cc2ccccc2)C1
CCOc1nc2cccc(C(=O)O)c2n1Cc1ccc(-c2ccccc2-c2nnn[nH]2)cc1.ClC(c1ccccc1)(c1ccccc1)c1ccccc1,CCOc1nc2cccc(C(=O)O)c2n1Cc1ccc(-c2ccccc2-c2nnnn2C(c2ccccc2)(c2ccccc2)c2ccccc2)cc1
BrCc1cccc(Br)c1.O=C(c1ccc2c(c1)OCCO2)c1c[nH]c2ccccc2c1=O,O=C(c1ccc2c(c1)OCCO2)c1cn(Cc2cccc(Br)c2)c2ccccc2c1=O
Brc1ccc2ncn(-c3ccncc3)c2c1.OB(O)c1ccnn1-c1ccc(Cl)cc1,Clc1ccc(-n2nccc2-c2ccc3ncn(-c4ccncc4)c3c2)cc1
CN1CCC(COc2cccc(NC(=O)OC(C)(C)C)c2)CC1,CN1CCC(COc2cccc(N)c2)CC1
OCc1ccc2cc[nH]c2c1,O=Cc1ccc2cc[nH]c2c1
BrCc1ccccc1.COC1=CC(=O)C(O)(CCC(C)C)c2ccccc21,COC1=CC(=O)C(CCC(C)C)(OCc2ccccc2)c2ccccc21
CCOC(=O)c1cnc(N(C)C)nc1O[C@@H]1CC[C@@H](NC(=O)OC(C)(C)C)CC1,CN(C)c1ncc(C(=O)O)c(O[C@@H]2CC[C@@H](NC(=O)OC(C)(C)C)CC2)n1
COC(=O)Cc1csc2cc(OCc3ccc(C(F)(F)F)nc3C)cc(F)c12,Cc1nc(C(F)(F)F)ccc1COc1cc(F)c2c(CC(=O)O)csc2c1
COC(=O)c1nc(SC)ncc1Br,CSc1ncc(Br)c(CO)n1
C=CCCn1cnc2c1c(=O)n(CCCC)c(=O)n2CCCC.O=C(OO)c1cccc(Cl)c1,CCCCn1c(=O)c2c(ncn2CCC2CO2)n(CCCC)c1=O
Nc1n[nH]c2ncnc(Nc3cccc(Cl)c3)c12.O=Cc1cccc(Cl)c1,Clc1cccc(CNc2n[nH]c3ncnc(Nc4cccc(Cl)c4)c23)c1
CC(C)(C)OC(=O)NCCNc1nc(CCl)cs1.CC(C)(C)OC(=O)NCCS,CC(C)(C)OC(=O)NCCNc1nc(CSCCNC(=O)OC(C)(C)C)cs1
O=C(O)c1cc2ncc(Br)cn2n1.c1cc(-c2ccc3c(c2)CCNC3)ccn1,O=C(c1cc2ncc(Br)cn2n1)N1CCc2cc(-c3ccncc3)ccc2C1
Cc1cc(=O)oc2cc(NC(=O)[C@@H](N)CCCNC(=N)N)ccc12.O=C(O)CNC(=O)OCc1ccccc1,Cc1cc(=O)oc2cc(NC(=O)[C@H](CCCNC(=N)N)NC(=O)CNC(=O)OCc3ccccc3)ccc12
COc1ccccc1CN.O=C(O)c1cnc2cc(NC(=O)c3ccccc3-c3ccc(C(F)(F)F)cc3)ccc2c1,COc1ccccc1CNC(=O)c1cnc2cc(NC(=O)c3ccccc3-c3ccc(C(F)(F)F)cc3)ccc2c1
C[Si](C)(C)C#Cc1cc(F)cnc1N,C#Cc1cc(F)cnc1N
CNC.O=C(O)Cc1cncc(Br)c1,CN(C)C(=O)Cc1cncc(Br)c1
Cc1ccc2c(c1)c1c(n2C=Cc2ccc(C)nc2)CCN(C(=O)OC(C)(C)C)C1,Cc1ccc2c(c1)c1c(n2CCc2ccc(C)nc2)CCN(C(=O)OC(C)(C)C)C1
COc1cc(CN2CCNCC2)cc(OC)c1OC.O=C(O)C1=Cc2ccc(OCc3ccccc3)cc2CC1,COc1cc(CN2CCN(C(=O)C3=Cc4ccc(OCc5ccccc5)cc4CC3)CC2)cc(OC)c1OC
CC(C)(C)OC(=O)N1CC(N)C1.O=C(O)CNC(=O)c1cc(F)cc(C(F)(F)F)c1,CC(C)(C)OC(=O)N1CC(NC(=O)CNC(=O)c2cc(F)cc(C(F)(F)F)c2)C1
COC(OC)c1cc(C(c2ccccc2)n2ccnc2)ccc1NC(C)=O,CC(=O)Nc1ccc(C(c2ccccc2)n2ccnc2)cc1C=O
CN(C)CCC(=O)c1ccc(OCCCN2CCCCC2)cc1,CN(C)CCC(O)c1ccc(OCCCN2CCCCC2)cc1
Cn1cc(-c2cnc3c(c2)c(-c2cn(Cc4ccccc4)nn2)cn3C(=O)OC(C)(C)C)cn1,Cn1cc(-c2cnc3[nH]cc(-c4cn(Cc5ccccc5)nn4)c3c2)cn1
CC(C)(C)OC(=O)N1CCN(c2ncnc(-c3ccsc3)n2)CC1,c1nc(-c2ccsc2)nc(N2CCNCC2)n1
CCOC(=O)C1C(c2ccccc2)=CC(=O)N1[C@@H](C)c1ccc(OC)cc1,CCOC(=O)[C@H]1[C@@H](c2ccccc2)CC(=O)N1[C@@H](C)c1ccc(OC)cc1
Cc1cc(C=O)ccn1.NCC1CC1,Cc1cc(C=NCC2CC2)ccn1
Fc1cccc(-c2ccnc(N3CCNCC3)n2)c1.O=C(Nc1cccnc1)OCC(Cl)(Cl)Cl,O=C(Nc1cccnc1)N1CCN(c2nccc(-c3cccc(F)c3)n2)CC1
COC(=O)C(O)c1ccc(OCc2ccc(F)cc2)cc1.COCCOCCl,COCCOCOC(C(=O)OC)c1ccc(OCc2ccc(F)cc2)cc1
Cc1ccc(N)cc1[N+](=O)[O-].O=C(Cl)CCl,Cc1ccc(NC(=O)CCl)cc1[N+](=O)[O-]
C=C(CCNC(=O)OC(C)(C)C)c1c(C)c(CC(=O)OC)cc2ccc(F)cc12,C=C(CCN)c1c(C)c(CC(=O)OC)cc2ccc(F)cc12
CNOC.Nc1ncnc(Nc2ccc(CC(=O)O)cc2)c1-c1ccc(Oc2ccccc2)cc1,CON(C)C(=O)Cc1ccc(Nc2ncnc(N)c2-c2ccc(Oc3ccccc3)cc2)cc1
O=[N+]([O-])c1ccc(F)c(F)c1.OCCN1CCOCC1,O=[N+]([O-])c1ccc(OCCN2CCOCC2)c(F)c1
COC(=O)c1cc(C(=O)c2ccc(NC(=O)c3cccc(Cl)c3)cc2)ccc1F.[N-]=[N+]=[N-],COC(=O)c1cc(C(=O)c2ccc(NC(=O)c3cccc(Cl)c3)cc2)ccc1N=[N+]=[N-]
CC1(C)OB(c2ccc(N)cc2)OC1(C)C.C[C@H]1COCCN1c1cc(C2(S(=O)(=O)C(C)(C)C)CC2)nc(Cl)n1,C[C@H]1COCCN1c1cc(C2(S(=O)(=O)C(C)(C)C)CC2)nc(-c2ccc(N)cc2)n1
COc1cc2nccc(Oc3ccc(N)cc3)c2cc1OC.O=C(O)C1CCCC1,COc1cc2nccc(Oc3ccc(NC(=O)C4CCCC4)cc3)c2cc1OC
COC(=O)c1ncccc1Br.COc1ccc(B(O)O)cn1,COC(=O)c1ncccc1-c1ccc(OC)nc1
CCc1cc(Br)ccc1N.Cc1ccc(F)c(N=C=O)c1,CCc1cc(Br)ccc1NC(=O)Nc1cc(C)ccc1F
COC(=O)C(C)(C)COc1cc(C)c(-c2ccc(C(=N)N)c(F)c2)cn1.O=C(CBr)CC1CC1,COC(=O)C(C)(C)COc1cc(C)c(-c2ccc(-c3ncc(CC4CC4)[nH]3)c(F)c2)cn1
CC(C)(C)OC(=O)N1CCCc2c(ccc(N3CC[C@H](N)C3=O)c2F)C1.O=S(=O)(Cl)c1ccc2cc(Cl)ccc2c1,CC(C)(C)OC(=O)N1CCCc2c(ccc(N3CC[C@H](NS(=O)(=O)c4ccc5cc(Cl)ccc5c4)C3=O)c2F)C1
CC(C)(C)OC(=O)N[C@H]1CCNC1.N#Cc1cc2c3c(cccc3c1Cl)C(=O)N(OCc1ccccc1)C2=O,CC(C)(C)OC(=O)N[C@H]1CCN(c2c(C#N)cc3c4c(cccc24)C(=O)N(OCc2ccccc2)C3=O)C1
Cc1ccncc1I.O=c1[nH]ccc2ccc(C(F)(F)F)cc12,Cc1ccncc1-n1ccc2ccc(C(F)(F)F)cc2c1=O
CCOP(=O)(/C=C/c1cn(-c2ccccc2)nc1OCc1ccc(OCc2nc(-c3cccc(C(=O)OC)c3)oc2C)c(OC)c1)OCC,CCOP(=O)(/C=C/c1cn(-c2ccccc2)nc1OCc1ccc(OCc2nc(-c3cccc(C(=O)O)c3)oc2C)c(OC)c1)OCC
CCOC(=O)c1ncc(C(=O)OC(C)(C)C)[nH]1.Clc1ccc(-c2cc(CBr)no2)s1,CCOC(=O)c1ncc(C(=O)OC(C)(C)C)n1Cc1cc(-c2ccc(Cl)s2)on1
CS(=O)(=O)Nc1c(F)cc(CN)cc1C#N.O=C(O)C=Cc1ccc(C(F)(F)F)nc1-c1cccc(F)c1,CS(=O)(=O)Nc1c(F)cc(CNC(=O)C=Cc2ccc(C(F)(F)F)nc2-c2cccc(F)c2)cc1C#N
CCOC(=O)CN1CCNCC1.Clc1cc(Cl)ncn1,CCOC(=O)CN1CCN(c2cc(Cl)ncn2)CC1
CC(C)O.O=C(O)Cc1cc(C(F)(F)F)ccc1I,CC(C)OC(=O)Cc1cc(C(F)(F)F)ccc1I
BrCc1ccccc1.O=C(O)[C@@H]1C[C@H](O)CN1C(=O)c1ccccc1,O=C(OCc1ccccc1)[C@@H]1C[C@H](O)CN1C(=O)c1ccccc1
COc1cc2ncc(C#N)c(Cl)c2cc1OC.Cc1c(N)cccc1O,COc1cc2ncc(C#N)c(Nc3cccc(O)c3C)c2cc1OC
CC1(C)OB(C2=C(c3cc(C(F)(F)F)ccc3OCc3ccccc3)CCCC2)OC1(C)C,OB(O)C1=C(c2cc(C(F)(F)F)ccc2OCc2ccccc2)CCCC1
CCCCCCCCCCCCOC(=O)CCN1C(=O)C2(CC(C)(C)NC(C)(C)C2)OC12CCCCCCCCCCC2.NN,CC1(C)CC2(CC(C)(C)N1)OC1(CCCCCCCCCCC1)N(CCC(=O)NN)C2=O
O=[N+]([O-])c1n[nH]cc1[C@H]1CCCC[C@@H]1Oc1cc(F)c(S(=O)(=O)Nc2cscn2)c(F)c1,Nc1n[nH]cc1[C@H]1CCCC[C@@H]1Oc1cc(F)c(S(=O)(=O)Nc2cscn2)c(F)c1
CC(C)CN.CCOC(=O)N1CCCC(N2CCC(C(=O)O)CC2)CC1,CCOC(=O)N1CCCC(N2CCC(C(=O)NCC(C)C)CC2)CC1
COC(=O)c1cn(Cc2ccc(Cn3cccn3)cc2)cn1,O=C(O)c1cn(Cc2ccc(Cn3cccn3)cc2)cn1
C=CC(O[Si](C)(C)C(C)(C)C)C1OC(C)(C)OC1C(O)COC(c1ccccc1)(c1ccccc1)c1ccccc1,C=CC(O[Si](C)(C)C(C)(C)C)C1OC(C)(C)OC1C(=O)COC(c1ccccc1)(c1ccccc1)c1ccccc1
O=[N+]([O-])c1cccc(Cl)c1Cl,Nc1cccc(Cl)c1Cl
CNC(=O)c1ccccc1S.Ic1ccc2c(I)n[nH]c2c1,CNC(=O)c1ccccc1Sc1ccc2c(I)n[nH]c2c1
Cc1cc(=O)c(OCc2ccccc2)c(C(=O)O)o1.NC1CCC1,Cc1cc(=O)c(OCc2ccccc2)c(C(=O)NC2CCC2)o1
CNC.O=C(Nc1ccc(C(=O)N2Cc3cccn3Cc3ccccc32)cc1)C(Cl)c1ccccc1,CN(C)C(C(=O)Nc1ccc(C(=O)N2Cc3cccn3Cc3ccccc32)cc1)c1ccccc1
C=C(C)[C@@H]1CC[C@]2(COC(=O)c3ccccc3)CC[C@]3(C)[C@H](CC[C@@H]4[C@@]5(C)CC=C(OS(=O)(=O)C(F)(F)F)C(C)(C)[C@@H]5CC[C@]43C)[C@@H]12.CCC[CH2][Sn]([CH2]CCC)([CH2]CCC)[c]1cc(C(=O)OCC)no1,C=C(C)[C@@H]1CC[C@]2(COC(=O)c3ccccc3)CC[C@]3(C)[C@H](CC[C@@H]4[C@@]5(C)CC=C(c6cc(C(=O)OCC)no6)C(C)(C)[C@@H]5CC[C@]43C)[C@@H]12
CON(C)C(=O)c1nc(-c2cccc(-c3cc(C(C)(C)S(C)(=O)=O)cc4cccnc34)c2)c(-c2ccc(SC)cc2)s1.[CH3][Mg+],CSc1ccc(-c2sc(C(C)=O)nc2-c2cccc(-c3cc(C(C)(C)S(C)(=O)=O)cc4cccnc34)c2)cc1
Cc1cccc(C=O)c1OCC#N,Cc1cccc(CO)c1OCC#N
COC(=O)c1cc2cccc(C)c2o1.O=C1CCC(=O)N1Br,COC(=O)c1cc2cccc(CBr)c2o1
CC(=O)Oc1ccc(N=c2scc(-c3ccc(Cl)c(S(=O)(=O)N(C)C)c3)n2C)cc1,CN(C)S(=O)(=O)c1cc(-c2csc(=Nc3ccc(O)cc3)n2C)ccc1Cl
BrCCc1c[nH]c2ccccc12.O=C(c1ccc(O)cc1)C1CCNCC1,O=C(c1ccc(O)cc1)C1CCN(CCc2c[nH]c3ccccc23)CC1
COCc1cc(CCC2(C3CCCC3)CC(=O)CC(=O)O2)ccc1O,O=C1CC(=O)OC(CCc2ccc(O)c(CO)c2)(C2CCCC2)C1
Cc1ccccc1B(O)O.Nc1ccccc1Br,Cc1ccccc1-c1ccccc1N
Cc1c(C(=O)O)c2ccccc2n1C(=O)c1ccccc1.Cc1cc(C)c(CN)c(O)n1,Cc1cc(C)c(CNC(=O)c2c(C)n(C(=O)c3ccccc3)c3ccccc23)c(O)n1
COc1cc(CCc2cc(NC(=O)c3cnc(Cl)cn3)[nH]n2)cc(OC)c1.C[C@@H]1CNC[C@H](C)N1CC#N,COc1cc(CCc2cc(NC(=O)c3cnc(N4C[C@@H](C)N(CC#N)[C@@H](C)C4)cn3)[nH]n2)cc(OC)c1
CCCN(CCC)C(=O)CCCC(=O)O.COC(=O)N1CC[C@H]2[C@@H]1CCC[C@]2(O)C#Cc1cccc(C)c1,CCCN(CCC)C(=O)CCCC(=O)O[C@@]1(C#Cc2cccc(C)c2)CCC[C@@H]2[C@H]1CCN2C(=O)OC
CC(C)(C)OC(=O)N1CCN(Cc2cccc(-c3cccc(C#N)c3)c2)CC1,CC(C)(C)OC(=O)N1CCN(Cc2cccc(-c3cccc(CN)c3)c2)CC1
COC(=O)C(=O)c1ccc(O)cc1.OCCCCSc1ccc2ccccc2c1,COC(=O)C(=O)c1ccc(OCCCCSc2ccc3ccccc3c2)cc1
CC(C)(C)OC(=O)OC(=O)OC(C)(C)C.NC1Cc2ccc(O)cc2C1,CC(C)(C)OC(=O)NC1Cc2ccc(O)cc2C1
CC(=O)c1cnc(Cl)c([N+](=O)[O-])c1.C[C@H](O)Cc1ccc(N)cc1,CC(=O)c1cnc(Nc2ccc(C[C@H](C)O)cc2)c([N+](=O)[O-])c1
C#CCBr.CC(C)(C)OC(=O)NC1(c2ccc(-c3nc4c(cc3-c3ccccc3)NC(=O)CO4)cc2)CCC1,C#CCN1C(=O)COc2nc(-c3ccc(C4(NC(=O)OC(C)(C)C)CCC4)cc3)c(-c3ccccc3)cc21
NCCc1ccc(C2=NCCN2)cc1.O=C(O)c1ccc(S(=O)(=O)Nc2ccccc2Oc2ccc(Cl)cc2)cc1,O=C(NCCc1ccc(C2=NCCN2)cc1)c1ccc(S(=O)(=O)Nc2ccccc2Oc2ccc(Cl)cc2)cc1
COC(=O)C=C1CCN(C(=O)OC(C)(C)C)CC1(C)C,CC(C)(C)OC(=O)N1CCC(=CCO)C(C)(C)C1
CC(C)(C)c1cc(N)cc(C(C)(C)C)c1O.O=C(Cl)CCCCl,CC(C)(C)c1cc(NC(=O)CCCCl)cc(C(C)(C)C)c1O
OCCCBr.Oc1cc(F)ccc1Br,OCCCOc1cc(F)ccc1Br
CN(C)c1ccc(C=O)c(F)c1C#N.N#Cc1cnc2ccc(N)cc2c1Nc1ccc(F)c(Cl)c1,CN(C)c1ccc(CNc2ccc3ncc(C#N)c(Nc4ccc(F)c(Cl)c4)c3c2)c(F)c1C#N
CCOC(=O)c1cccc(-c2ccc(F)c3cc(Cc4cccc(S(C)(=O)=O)c4)sc23)c1.COCCN,COCCNC(=O)c1cccc(-c2ccc(F)c3cc(Cc4cccc(S(C)(=O)=O)c4)sc23)c1
Cc1cc(C)c(N=Cc2cccc(-c3c(CNC(C)(C)C)ccc4ccccc34)n2)c(C)c1,Cc1cc(C)c(NCc2cccc(-c3c(CNC(C)(C)C)ccc4ccccc34)n2)c(C)c1
CCOC(=O)c1c(-c2ccc(Cl)cc2F)noc1C,Cc1onc(-c2ccc(Cl)cc2F)c1CO
CC(C)(C)[SiH2]OC(C)(C)c1csc(N)n1.CCOC(=O)c1nc(C)ccc1Nc1cncnc1,Cc1ccc(Nc2cncnc2)c(C(=O)Nc2nc(C(C)(C)O[SiH2]C(C)(C)C)cs2)n1
CC(C)(C)OC(=O)N[C@@H]1CN(c2ccncc2N)CC[C@H]1O[Si](C)(C)C(C)(C)C.Nc1ccc(-c2c(F)cccc2F)nc1C(=O)O,CC(C)(C)OC(=O)N[C@@H]1CN(c2ccncc2NC(=O)c2nc(-c3c(F)cccc3F)ccc2N)CC[C@H]1O[Si](C)(C)C(C)(C)C
O=Cc1cn2c(Br)cccc2n1,OCc1cn2c(Br)cccc2n1
Clc1ccnc(Cl)n1.Nc1ccccn1,Clc1nccc(Nc2ccccn2)n1
CCOC(=O)c1cnn(CC(N)=S)c1.O=C(CBr)c1cccc(C(F)(F)F)c1,CCOC(=O)c1cnn(Cc2nc(-c3cccc(C(F)(F)F)c3)cs2)c1
CC(C)S(=O)(=O)Cc1cc(N2CCOC[C@@H]2C)nc(-c2ccc(N)cc2)n1.O=C(Cl)Oc1ccccc1,CC(C)S(=O)(=O)Cc1cc(N2CCOC[C@@H]2C)nc(-c2ccc(NC(=O)Oc3ccccc3)cc2)n1
CC(C)(C)CCN.COc1ccc(-c2ccc(/C=C/c3nc(-c4ccc(Cl)cc4Cl)cn3CC(=O)O)cc2)cc1,COc1ccc(-c2ccc(/C=C/c3nc(-c4ccc(Cl)cc4Cl)cn3CC(=O)NCCC(C)(C)C)cc2)cc1
CC(C)(C)OC(=O)N1CCN(c2cc(CBr)cc(-c3ccnc(NC4CCCCC4)c3)n2)CC1.[N-]=[N+]=[N-],CC(C)(C)OC(=O)N1CCN(c2cc(CN=[N+]=[N-])cc(-c3ccnc(NC4CCCCC4)c3)n2)CC1
CC(C)(C)OC(=O)OC(=O)OC(C)(C)C.OC1CCNCC1,CC(C)(C)OC(=O)N1CCC(O)CC1
COc1ccc(Cl)c(N)c1.FC(F)(F)c1cc(Cl)nc(-c2ccccn2)n1,COc1ccc(Cl)c(Nc2cc(C(F)(F)F)nc(-c3ccccn3)n2)c1
CCOC(=O)c1sc(Cl)nc1-c1ccc(Cl)cc1,OCc1sc(Cl)nc1-c1ccc(Cl)cc1
CC(C)c1cnc2c(C(=O)O)c(NC(=O)OC(C)(C)C)oc2c1.C[C@@H]1C[C@H](NC(=O)OC(C)(C)C)C[C@H](c2ccncc2N)C1,CC(C)c1cnc2c(C(=O)Nc3cnccc3[C@@H]3C[C@H](C)C[C@H](NC(=O)OC(C)(C)C)C3)c(NC(=O)OC(C)(C)C)oc2c1
CCOC(=O)c1cc2ccc(B3OC(C)(C)C(C)(C)O3)cc2[nH]1.Cc1ccc(Cn2c(-c3cccc(Br)n3)cc(C(F)(F)F)c(C#N)c2=O)c(C)c1,CCOC(=O)c1cc2ccc(-c3cccc(-c4cc(C(F)(F)F)c(C#N)c(=O)n4Cc4ccc(C)cc4C)n3)cc2[nH]1
O=C1c2ccccc2C(=O)N1CCCCCCBr.Sc1cccc2nccn12,O=C1c2ccccc2C(=O)N1CCCCCCSc1cccc2nccn12
CC(=O)N1c2cc(F)ccc2[C@@H](O)C[C@@H]1C.Oc1ccccc1,CC(=O)N1c2cc(F)ccc2[C@H](Oc2ccccc2)C[C@@H]1C
CC(C)(C)OC(=O)N1CCC(c2ccc(Cn3ccc4cc(S(C)(=O)=O)cc([N+](=O)[O-])c43)nc2)CC1,CC(C)(C)OC(=O)N1CCC(c2ccc(Cn3ccc4cc(S(C)(=O)=O)cc(N)c43)nc2)CC1
CNC.CS(=O)(=O)Nn1c(=O)[nH]c2cc([N+](=O)[O-])c(F)cc2c1=O,CN(C)c1cc2c(=O)n(NS(C)(=O)=O)c(=O)[nH]c2cc1[N+](=O)[O-]
Clc1ncccc1OC1CCNCC1.O=C(O)CNC(=O)c1cc(-c2ccc(F)cc2)on1,O=C(NCC(=O)N1CCC(Oc2cccnc2Cl)CC1)c1cc(-c2ccc(F)cc2)on1
CC(C)(C)OC(=O)NCCCCN1CCCC(n2nc(Cc3ccc(Cl)cc3)c3ccccc3c2=O)CC1,NCCCCN1CCCC(n2nc(Cc3ccc(Cl)cc3)c3ccccc3c2=O)CC1
Cc1cccnc1CN(CCCN)C(C)c1ccccn1.O=C(O)c1ccc(O)nc1,Cc1cccnc1CN(CCCNC(=O)c1ccc(O)nc1)C(C)c1ccccn1
CC(C)(C)OC(=O)OC(=O)OC(C)(C)C.CCOC(=O)c1cnc(CN)c2cc(OC)c(OC)cc12,CCOC(=O)c1cnc(CNC(=O)OC(C)(C)C)c2cc(OC)c(OC)cc12
O=C([O-])c1cc2nccc(Cl)c2s1.OC1CCNC1,O=C(c1cc2nccc(Cl)c2s1)N1CCC(O)C1
O=C(CN1CCC(N2Cc3ccccc3OC2=O)CC1)c1ccc2c(c1)OCO2,O=C1Oc2ccccc2CN1C1CCN(CC(O)c2ccc3c(c2)OCO3)CC1
CC(C)(C)OC(=O)OC(=O)OC(C)(C)C.Clc1ccccc1C1CCCN1,CC(C)(C)OC(=O)N1CCCC1c1ccccc1Cl
CI.COc1cccc2c(C(=O)N3CCN[C@@H](C)C3)cn(CC3CCCCC3)c12,COc1cccc2c(C(=O)N3CCN(C)[C@@H](C)C3)cn(CC3CCCCC3)c12
Cc1ccc(CC(=O)O)s1,Cc1ccc(CCO)s1
COC(=O)c1cc(O)cc(OCCCNC(=O)OC(C)(C)C)c1,CC(C)(C)OC(=O)NCCCOc1cc(O)cc(C(=O)O)c1
CC(C)CO.O=C1CCCc2c1ccc(O)c2CCl,CC(C)COCc1c(O)ccc2c1CCCC2=O
CS(=O)(=O)Cl.OC1CCOCC1,CS(=O)(=O)OC1CCOCC1
CC(C)(C)OC(=O)n1cc(B2OC(C)(C)C(C)(C)O2)c2ccc(F)cc21.O=c1[nH]c2ccc(Br)cc2o1,CC(C)(C)OC(=O)n1cc(-c2ccc3[nH]c(=O)oc3c2)c2ccc(F)cc21
CCOC(=O)CCc1cn(Cc2ccc(O)cc2)cc1-c1ccccc1.Cc1sc(-c2ccccc2)nc1CCl,CCOC(=O)CCc1cn(Cc2ccc(OCc3nc(-c4ccccc4)sc3C)cc2)cc1-c1ccccc1
COc1cc(C2NC(=O)c3ccccc3N2)ccc1OCCCCCBr.COc1ccc(-c2cc(-c3cc(OC)c(OC)c(OC)c3)on2)cc1O,COc1cc(C2NC(=O)c3ccccc3N2)ccc1OCCCCCOc1cc(-c2cc(-c3cc(OC)c(OC)c(OC)c3)on2)ccc1OC
Cc1c(O[C@@H]2CCC[C@H](N(C)c3ccccc3)C2)ccc2c1cnn2C1CCCCO1,Cc1c(O[C@@H]2CCC[C@H](N(C)c3ccccc3)C2)ccc2[nH]ncc12
COc1cc(C(C)=O)ccc1OCc1ccc(C(F)(F)F)cc1C(F)(F)F.O=C1CSC(=S)N1,COc1cc(C(C)=C2SC(=S)NC2=O)ccc1OCc1ccc(C(F)(F)F)cc1C(F)(F)F
CCCCN1CCC(CN)CC1.CCc1cn2c(N)c(Cl)cc(C(=O)O)c2n1,CCCCN1CCC(CNC(=O)c2cc(Cl)c(N)n3cc(CC)nc23)CC1
COC(=O)c1c(C)n(COCC[Si](C)(C)C)c2c(Cl)nc(C)nc12.Cc1ccc(OCC2CC2)c(B2OC(C)(C)C(C)(C)O2)c1,COC(=O)c1c(C)n(COCC[Si](C)(C)C)c2c(-c3cc(C)ccc3OCC3CC3)nc(C)nc12
C=C(CNC(=O)OC(C)(C)C)C(=O)Nc1cccc(-c2ncnc3[nH]cc(C(=O)OCC)c23)c1,C=C(CN)C(=O)Nc1cccc(-c2ncnc3[nH]cc(C(=O)OCC)c23)c1
NCCCCO.O=C(NC1C2CC3CC(C2)CC1C3)c1cnn(-c2ccccc2)c1Cl,O=C(NC1C2CC3CC(C2)CC1C3)c1cnn(-c2ccccc2)c1NCCCCO
CC1(C)OB(c2ccc(N)cc2)OC1(C)C.CNC(=O)Nc1ccc(-c2nc(Cl)nc(N3CC4CCC(C3)O4)n2)cc1,CNC(=O)Nc1ccc(-c2nc(-c3ccc(N)cc3)nc(N3CC4CCC(C3)O4)n2)cc1
OCCc1c(Cl)ccc(NCC(F)(F)c2ccccc2)c1F,O=CCc1c(Cl)ccc(NCC(F)(F)c2ccccc2)c1F
CC(C)(C)OC(=O)N1CCC[C@@H](c2noc(-c3ccc(F)cc3)n2)C1,Fc1ccc(-c2nc([C@@H]3CCCNC3)no2)cc1
CN1C(=O)C(NC(=O)[C@@H](N)C(C)(C)C)N=C(c2ccccc2)c2ccccc21.O=C(O)Cc1cc(F)cc(F)c1,CN1C(=O)C(NC(=O)[C@@H](NC(=O)Cc2cc(F)cc(F)c2)C(C)(C)C)N=C(c2ccccc2)c2ccccc21
CC(=O)N1CCN(c2ccc(N)c(C#N)c2)CC1.Clc1ncc(Cl)c(-c2cnc3ccccn23)n1,CC(=O)N1CCN(c2ccc(Nc3ncc(Cl)c(-c4cnc5ccccn45)n3)c(C#N)c2)CC1
C#CCNc1ccc(C(=O)N[C@@H](CCC(=O)OCC)C(=O)OCC)c(F)c1.CC(C)(C)C(=O)OCn1cnc2ccc(CBr)cc2c1=O,C#CCN(Cc1ccc2ncn(COC(=O)C(C)(C)C)c(=O)c2c1)c1ccc(C(=O)N[C@@H](CCC(=O)OCC)C(=O)OCC)c(F)c1
CS(=O)(=O)Cl.c1ccc(NCCOCCCSc2cccc3nccn23)cc1,CS(=O)(=O)N(CCOCCCSc1cccc2nccn12)c1ccccc1
CN1CCOCC1.COc1nc(Cl)nc(OC)n1,COc1nc(OC)nc([N+]2(C)CCOCC2)n1
Cc1cc(N2C[C@H](CN)OC2=O)cc(C)c1-n1cccc(CCO[Si](c2ccccc2)(c2ccccc2)C(C)(C)C)c1=O.O=C(Cl)c1ccc(Cl)s1,Cc1cc(N2C[C@H](CNC(=O)c3ccc(Cl)s3)OC2=O)cc(C)c1-n1cccc(CCO[Si](c2ccccc2)(c2ccccc2)C(C)(C)C)c1=O
CC(C)(C)OC(=O)N1CCC(C(=O)c2cc(Br)cc(C(F)(F)F)c2)CC1,O=C(c1cc(Br)cc(C(F)(F)F)c1)C1CCNCC1
CC(=O)OC(C)=O.Nc1nc2c(Oc3cncc(-c4ccc(C(F)(F)F)cc4)n3)cccc2s1,CC(=O)Nc1nc2c(Oc3cncc(-c4ccc(C(F)(F)F)cc4)n3)cccc2s1
NCCC(O)C(=O)O.O=C(Nc1ccc(OC(F)(F)Cl)cc1)c1cnc(Cl)c(-c2ccn[nH]2)c1,O=C(Nc1ccc(OC(F)(F)Cl)cc1)c1cnc(NCCC(O)C(=O)O)c(-c2ccn[nH]2)c1
CCCS(=O)(=O)Cl.CSc1nccc(-c2oc(C3CC3)nc2-c2cc(Cl)cc(N)c2Cl)n1,CCCS(=O)(=O)Nc1cc(Cl)cc(-c2nc(C3CC3)oc2-c2ccnc(SC)n2)c1Cl
CC(C)(C)OC(=O)NCCC(=O)O.Nc1ccc([N+](=O)[O-])c(C(=O)O)c1,CC(C)(C)OC(=O)NCCC(=O)Nc1ccc([N+](=O)[O-])c(C(=O)O)c1
COCCOc1ccc(Br)cc1C=O.N#Cc1cnc2ccc(N)cc2c1Nc1ccc(F)c(Cl)c1,COCCOc1ccc(Br)cc1CNc1ccc2ncc(C#N)c(Nc3ccc(F)c(Cl)c3)c2c1
C[C@H](C[C@H](O)[C@@H](N)Cc1ccccc1)C(=O)NC1CC2CCC1C2.O=C(O)c1cc(N2CCCC2=O)cc(N2CCCC2=O)c1,C[C@H](C[C@H](O)[C@H](Cc1ccccc1)NC(=O)c1cc(N2CCCC2=O)cc(N2CCCC2=O)c1)C(=O)NC1CC2CCC1C2
COc1cc(N2CCC(N3CCCC3)CC2)ccc1[N+](=O)[O-],COc1cc(N2CCC(N3CCCC3)CC2)ccc1N
O=C1CCC(N2Cc3c(OCc4ccc(CBr)cc4)cccc3C2=O)C(=O)N1.c1ccc(OC2CCNCC2)cc1,O=C1CCC(N2Cc3c(OCc4ccc(CN5CCC(Oc6ccccc6)CC5)cc4)cccc3C2=O)C(=O)N1
Cc1ncc(C2(CN)CCOCC2)cn1.O=C(O)c1cccc(F)c1Cl,Cc1ncc(C2(CNC(=O)c3cccc(F)c3Cl)CCOCC2)cn1
O=[N+]([O-])c1ccc(F)cc1OC1CCOCC1,Nc1ccc(F)cc1OC1CCOCC1
CC(C)(C)OC(=O)OC(=O)OC(C)(C)C.N[C@H](CO)C(=O)NCc1ccccc1,CC(C)(C)OC(=O)N[C@H](CO)C(=O)NCc1ccccc1
CSc1nc(Cl)c(C#N)c(-c2ccc(Cl)c(Cl)c2)n1.NC(=O)CS,CSc1nc(SCC(N)=O)c(C#N)c(-c2ccc(Cl)c(Cl)c2)n1
COCOc1cnc(Cl)cc1-c1ncc[nH]1,Oc1cnc(Cl)cc1-c1ncc[nH]1
CC(=O)OC(C)(C)C(=O)Nc1nc(CN2CCC(OC(c3ccccc3)c3ccccc3)CC2)cs1,CC(C)(O)C(=O)Nc1nc(CN2CCC(OC(c3ccccc3)c3ccccc3)CC2)cs1
COC(=O)[C@@H](N)C(C)(C)C.ICCOCc1ccccc1,COC(=O)[C@@H](NCCOCc1ccccc1)C(C)(C)C
CC(C)(C)c1ccc(N)cc1.CCOC(=O)C(=O)Cl,CCOC(=O)C(=O)Nc1ccc(C(C)(C)C)cc1
C1CCNC1.COc1cc2c(Oc3ccc4[nH]cc(C)c4c3)ncnc2cc1OCC1CCN(C(=O)CCl)CC1,COc1cc2c(Oc3ccc4[nH]cc(C)c4c3)ncnc2cc1OCC1CCN(C(=O)CN2CCCC2)CC1
CC1(C)OB(B2OC(C)(C)C(C)(C)O2)OC1(C)C.N#Cc1ccc(Oc2ccc(N)cc2Br)cc1,CC1(C)OB(c2cc(N)ccc2Oc2ccc(C#N)cc2)OC1(C)C
CCOC(=O)CP(=O)(OCC)OCC.COc1ccc2c(c1)C(=O)CC2,CCOC(=O)C=C1CCc2ccc(OC)cc21
CC(C)(C)OC(=O)NCc1nc(-c2c[nH]c3ncccc23)cs1,NCc1nc(-c2c[nH]c3ncccc23)cs1
CCOC(=O)c1oc2cccc(OCCCNC3CCNCC3)c2c1C.ClCc1cccnc1,CCOC(=O)c1oc2cccc(OCCCNC3CCN(Cc4cccnc4)CC3)c2c1C
COc1ccc(-c2cc(-c3ccccn3)nc(-c3cccc(Br)n3)c2)cc1.[C-]#N,COc1ccc(-c2cc(-c3ccccn3)nc(-c3cccc(C#N)n3)c2)cc1
CC(=O)Nc1csc(Br)n1,CC(=O)Nc1cscn1
COC(=O)c1cscc1N.O=C=NCCCCBr,COC(=O)c1cscc1NC(=O)NCCCCBr
CCOC(=O)C(C)Br.Oc1ccc(Oc2cc(F)cc(F)c2)cc1,CCOC(=O)C(C)Oc1ccc(Oc2cc(F)cc(F)c2)cc1
CN.COC(=O)C(F)(F)CO,CNC(=O)C(F)(F)CO
CCOC(=O)C1CCC(Oc2ccc3[nH]ncc3c2)CC1,O=C(O)C1CCC(Oc2ccc3[nH]ncc3c2)CC1
CN(C)CCCN.COC(=O)c1sc2ncnc(Nc3ccc(C(F)(F)F)nc3OC3CCOCC3)c2c1C,Cc1c(C(=O)NCCCN(C)C)sc2ncnc(Nc3ccc(C(F)(F)F)nc3OC3CCOCC3)c12
CC(C)(C)OC(=O)N1CCC(CN[C@@H]2C[C@H]2c2ccccc2)(Cc2ccc(F)cc2)CC1,Fc1ccc(CC2(CN[C@@H]3C[C@H]3c3ccccc3)CCNCC2)cc1
CC(=O)c1cccc(Oc2ccc(Cl)cc2[N+](=O)[O-])c1,CC(O)c1cccc(Oc2ccc(Cl)cc2[N+](=O)[O-])c1
O=C(NC(CCO)c1ccccc1)C1SCCN1S(=O)(=O)c1ccc(-c2ccccc2)cc1.Oc1ccccc1,O=C(NC(CCOc1ccccc1)c1ccccc1)C1SCCN1S(=O)(=O)c1ccc(-c2ccccc2)cc1
Cc1cc(C(=O)O)cc2nc(C(C)(F)F)c(Cc3ccc(Cl)cc3)n12.NC1CCOCC1,Cc1cc(C(=O)NC2CCOCC2)cc2nc(C(C)(F)F)c(Cc3ccc(Cl)cc3)n12
O=C(Cl)c1ccccc1.c1cc2c(ccn2CC2CCCNCC2)cc1-c1cnn(C2CCCCO2)c1,O=C(c1ccccc1)N1CCCC(Cn2ccc3cc(-c4cnn(C5CCCCO5)c4)ccc32)CC1
COCc1cc(OC2CCN(C(=O)OC(C)(C)C)CC2)nc(C(F)(F)F)c1,COCc1cc(OC2CCNCC2)nc(C(F)(F)F)c1
Cc1cccc(O)c1C.OCc1cccc(-c2c(Cc3ccccc3)cnc3c(C(F)(F)F)cccc23)c1,Cc1cccc(OCc2cccc(-c3c(Cc4ccccc4)cnc4c(C(F)(F)F)cccc34)c2)c1C
CN(C)CC1CCN(C(=O)Nc2cc(Oc3ccc(N)cc3)ccn2)CC1.O=C=NC(=O)Cc1ccc(F)cc1,CN(C)CC1CCN(C(=O)Nc2cc(Oc3ccc(NC(=O)NC(=O)Cc4ccc(F)cc4)cc3)ccn2)CC1
Brc1ccccn1.Cc1ccc(N)cc1O,Cc1ccc(Nc2ccccn2)cc1O
COc1ccccc1-n1ccc(O)n1.Cn1nnn(-c2cccc(C3CC3)c2CBr)c1=O,COc1ccccc1-n1ccc(OCc2c(C3CC3)cccc2-n2nnn(C)c2=O)n1
CCOC(=O)c1cncnc1Cl.Oc1cc(Cl)ccc1Cl,CCOC(=O)c1cncnc1Oc1cc(Cl)ccc1Cl
C=CC(=O)OC(C)(C)C.Nc1ccc(Br)cn1,CC(C)(C)OC(=O)/C=C/c1ccc(N)nc1
C=C[C@@H](C[C@H](O)[C@H](CC1CCCCC1)NC(=O)[C@@H](N)Cc1c[nH]cn1)C(C)C,CC[C@@H](C[C@H](O)[C@H](CC1CCCCC1)NC(=O)[C@@H](N)Cc1c[nH]cn1)C(C)C
COc1ccc(NS(=O)(=O)c2ccc(N3CCC(=O)CC3)cc2)cc1OC.NCC(O)COc1cccc2[nH]c3ccccc3c12,COc1ccc(NS(=O)(=O)c2ccc(N3CCC(NC[C@H](O)COc4cccc5[nH]c6ccccc6c45)CC3)cc2)cc1OC
Cc1cc([N+](=O)[O-])ccc1N1CCC(N2CCS(=O)(=O)CC2)CC1,Cc1cc(N)ccc1N1CCC(N2CCS(=O)(=O)CC2)CC1
CCc1oc(-c2ccc(C(F)(F)F)cc2)cc1C(O)CCO[Si](C)(C)C(C)(C)C.CI,CCc1oc(-c2ccc(C(F)(F)F)cc2)cc1C(CCO[Si](C)(C)C(C)(C)C)OC
COC(=O)c1cc([N+](=O)[O-])ccc1Oc1ccc(F)c(NC(=O)Cc2cccc(C(F)(F)F)c2)c1,COC(=O)c1cc(N)ccc1Oc1ccc(F)c(NC(=O)Cc2cccc(C(F)(F)F)c2)c1
Brc1cnc(I)nc1.CC(C)(C)[Si](Oc1c(Br)oc2cnccc12)(c1ccccc1)c1ccccc1,CC(C)(C)[Si](Oc1c(-c2ncc(Br)cn2)oc2cnccc12)(c1ccccc1)c1ccccc1
C/C=C/C(=O)O.CN(C)Cc1ccc([C@H]2CC[C@H](O)CC2)cc1,CC=CC(=O)O[C@@H]1CC[C@@H](c2ccc(CN(C)C)cc2)CC1
CCOC(=O)CC1CO[C@H]2[C@@H]1OC[C@H]2Oc1nc2nc(-c3ccc(-c4ccccc4)cc3)c(Cl)cc2[nH]1,O=C(O)CC1CO[C@H]2[C@@H]1OC[C@H]2Oc1nc2nc(-c3ccc(-c4ccccc4)cc3)c(Cl)cc2[nH]1
COc1ccccc1Nc1nc2c(Br)cccn2n1.CS(=O)(=O)c1ccc(B(O)O)cc1,COc1ccccc1Nc1nc2c(-c3ccc(S(C)(=O)=O)cc3)cccn2n1
COC(=O)[C@H](Cc1ccc(Br)cn1)NC(=O)OC(C)(C)C.N=C(c1ccccc1)c1ccccc1,COC(=O)[C@H](Cc1ccc(N=C(c2ccccc2)c2ccccc2)cn1)NC(=O)OC(C)(C)C
CCCC(=O)Cl.CCCN(CCC)CCc1ccc(N)c(OCc2ccccc2)c1,CCCC(=O)Nc1ccc(CCN(CCC)CCC)cc1OCc1ccccc1
NCCc1cccnc1.O=C(O)CN1C(=O)CN(C(=O)c2ccc(Cl)cc2)Cc2ccccc21,O=C(CN1C(=O)CN(C(=O)c2ccc(Cl)cc2)Cc2ccccc21)NCCc1cccnc1
COC(=O)c1ccc(Br)c(C)c1.COCc1ccccc1B(O)O,COCc1ccccc1-c1ccc(C(=O)OC)cc1C
CC(C)N1CCNCC1.Clc1ccc2nc(-c3ccccc3)c(-c3ccnnc3)n2n1,CC(C)N1CCN(c2ccc3nc(-c4ccccc4)c(-c4ccnnc4)n3n2)CC1
Cc1cc2c(cc1-c1cc(N3CCN(C)CC3)nc(N)n1)CN(C(=O)OC(C)(C)C)CC2,Cc1cc2c(cc1-c1cc(N3CCN(C)CC3)nc(N)n1)CNCC2
CCCO[C@@H]1C[C@H]([C@@H](O[Si](C)(C)C(C)(C)C)[C@H](Cc2cc(F)cc(F)c2)NC(=O)c2cccc(C(=O)O)c2)N(C(=O)OC(C)(C)C)C1.COC[C@H]1CCCN1,CCCO[C@@H]1C[C@H]([C@@H](O[Si](C)(C)C(C)(C)C)[C@H](Cc2cc(F)cc(F)c2)NC(=O)c2cccc(C(=O)N3CCC[C@@H]3COC)c2)N(C(=O)OC(C)(C)C)C1
C[C@]1(OCc2ccccc2)C(=O)O[C@H](COCc2ccccc2)[C@H]1OCc1ccccc1,C[C@]1(OCc2ccccc2)C(O)O[C@H](COCc2ccccc2)[C@H]1OCc1ccccc1
COC(=O)c1ccc2c(C3CCCCC3)c3n(c2c1)CCN(CCN(C)Cc1cccnc1)Cc1ccccc1-3,CN(CCN1CCn2c(c(C3CCCCC3)c3ccc(C(=O)O)cc32)-c2ccccc2C1)Cc1cccnc1
Clc1ccc2c(c1)CCc1ccccc1C2=CBr.OB(O)c1ccc(C(F)(F)F)cc1,FC(F)(F)c1ccc(C=C2c3ccccc3CCc3cc(Cl)ccc32)cc1
C[C@H](NC(=O)OC(C)(C)C)C(=O)c1ncc(Cl)cc1Cl.NO,C[C@H](NC(=O)OC(C)(C)C)C(=NO)c1ncc(Cl)cc1Cl
CC(C)(C)OC(=O)NCC1CCC(CNc2nc(NCc3ccccc3Cl)ncc2C(=O)O)CC1,NCC1CCC(CNc2nc(NCc3ccccc3Cl)ncc2C(=O)O)CC1
CC1(NC(=O)C(F)(F)F)CCN(Cc2ccccc2)CCC1O,CC1(NC(=O)C(F)(F)F)CCNCCC1O
O=C1CCC(N2Cc3c(OCc4ccc(CBr)cc4)cccc3C2=O)C(=O)N1.c1cncc(C2CCNCC2)c1,O=C1CCC(N2Cc3c(OCc4ccc(CN5CCC(c6cccnc6)CC5)cc4)cccc3C2=O)C(=O)N1
COC(=O)C1CCNCC1.ClCc1ccccc1,COC(=O)C1CCN(Cc2ccccc2)CC1
CCOC(=O)c1c[nH]nc1C(F)(F)F.Fc1cccc(I)c1,CCOC(=O)c1cn(-c2cccc(F)c2)nc1C(F)(F)F
CC(C)(C)OC(=O)c1ccc(N2CCc3ccccc32)cc1NC(=O)c1ccccc1,O=C(Nc1cc(N2CCc3ccccc32)ccc1C(=O)O)c1ccccc1
CI.Oc1cccc(O)c1O,COc1c(O)cccc1O
CC(C)(CS(=O)(=O)CCO)NC(=O)OC(C)(C)C,CC(C)(N)CS(=O)(=O)CCO
CN1CCc2sccc2C(O)C1.Fc1ccccc1Br,CN1CCc2sccc2C(Oc2ccccc2Br)C1
COC(=O)Cc1ccc(CCCCc2ccc(O)cc2)cc1.ClCCCN1CCOCC1,COC(=O)Cc1ccc(CCCCc2ccc(OCCCN3CCOCC3)cc2)cc1
CC(C)(CNC(=O)c1ccc(C(F)(F)F)cc1)c1ccccc1,CC1(C)CN=C(c2ccc(C(F)(F)F)cc2)c2ccccc21
NCc1ccccc1OC(F)F.O=[N+]([O-])c1ccc(Br)cc1F,O=[N+]([O-])c1ccc(Br)cc1NCc1ccccc1OC(F)F
O=C(O)CCC(F)(F)C(F)(F)C(F)(F)C(F)(F)F,OCCCC(F)(F)C(F)(F)C(F)(F)C(F)(F)F
Nc1ncnc2c1nnn2[C@@H]1O[C@H](CO)[C@@H](O)[C@H]1O.O=C(Cl)c1ccccc1,O=C(Nc1ncnc2c1nnn2[C@@H]1O[C@H](CO)[C@@H](O)[C@H]1O)c1ccccc1
CN(C)CCCCl.O=S(=O)(Cc1ccc2ccccc2c1)Cc1nnc(-c2ccc(O)cc2)o1,CN(C)CCCOc1ccc(-c2nnc(CS(=O)(=O)Cc3ccc4ccccc4c3)o2)cc1
CCOP(=O)(/C=C\c1cn(-c2ccccc2)nc1OCc1ccc(OCc2nc(-c3cccc(C(=O)OC)c3)oc2C)c(OC)c1)OCC,CCOP(=O)(/C=C\c1cn(-c2ccccc2)nc1OCc1ccc(OCc2nc(-c3cccc(C(=O)O)c3)oc2C)c(OC)c1)OCC
COC(=O)c1ccc(C=O)cc1.Nc1ccc(C(=Cc2ccc(F)cc2)C(=O)NC2CC2)cc1,COC(=O)c1ccc(CNc2ccc(C(=Cc3ccc(F)cc3)C(=O)NC3CC3)cc2)cc1
COC(=O)CCN.O=[N+]([O-])c1ccc(Cl)cc1CBr,COC(=O)CCNCc1cc(Cl)ccc1[N+](=O)[O-]
Clc1ccc(C2CCNCC2)cc1.O=C1CCC(N2Cc3c(OCc4ccc(CBr)cc4)cccc3C2=O)C(=O)N1,O=C1CCC(N2Cc3c(OCc4ccc(CN5CCC(c6ccc(Cl)cc6)CC5)cc4)cccc3C2=O)C(=O)N1
CC(C)(C)OC(=O)N1C[C@@H](N=[N+]=[N-])CC[C@@H]1CCN1C(=O)COc2ccc(C#N)cc21,CC(C)(C)OC(=O)N1C[C@@H](N)CC[C@@H]1CCN1C(=O)COc2ccc(C#N)cc21
CCOC(=O)C(F)(F)F.NCCCc1ccccc1,O=C(NCCCc1ccccc1)C(F)(F)F
COC(=O)C1(CC=O)CCOCC1.c1cc(OCC2CCCC2)c2c(OCC3CCNCC3)noc2c1,COC(=O)C1(CCN2CCC(COc3noc4cccc(OCC5CCCC5)c34)CC2)CCOCC1
C1COCCN1.CC1(C)CC(=O)N(c2ccccc2)N1C(=O)c1nnn(Cc2cc(C(F)(F)F)cc(C(F)(F)F)c2)c1Cl,CC1(C)CC(=O)N(c2ccccc2)N1C(=O)c1nnn(Cc2cc(C(F)(F)F)cc(C(F)(F)F)c2)c1N1CCOCC1
BrCc1ccccn1.COC(=O)c1ccc(O)cc1,COC(=O)c1ccc(OCc2ccccn2)cc1
COc1cccc(Br)c1.NC1CC1,COc1cccc(NC2CC2)c1
Nc1ccccc1.O=CC=Cc1ccccc1,C(=Cc1ccccc1)C=Nc1ccccc1
COc1cc(Cl)c(N)cc1OCc1c(F)cccc1OC.COc1nc(Cl)nc(Cl)c1[N+](=O)[O-],COc1cc(Cl)c(Nc2nc(Cl)nc(OC)c2[N+](=O)[O-])cc1OCc1c(F)cccc1OC
C=CCBr.Nc1ccc(F)cc1,C=CCNc1ccc(F)cc1
O=C(Cl)c1ccccc1.O=C([O-])c1ccccc1,O=C(OC(=O)c1ccccc1)c1ccccc1
COC(=O)c1ccccc1Oc1ccc(C(F)(F)F)cc1[N+](=O)[O-],COC(=O)c1ccccc1Oc1ccc(C(F)(F)F)cc1N
O=C1CCc2cc(Br)ccc21.OCCO,Brc1ccc2c(c1)CCC21OCCO1
CC(C)(C)OC(=O)n1c(-c2ccc(Cl)c3c2C(=O)NC3)cc2cc(C=O)ccc21.NCC1CCCCC1,CC(C)(C)OC(=O)n1c(-c2ccc(Cl)c3c2C(=O)NC3)cc2cc(CNCC3CCCCC3)ccc21
CC1(C)C(=O)C=C(Cl)C(C)(C)C1=O.OCc1ccc(Br)s1,CC1(C)C(=O)C=C(OCc2ccc(Br)s2)C(C)(C)C1=O
CCOC(=O)CBr.FC(F)(F)c1n[nH]c2c1CC1(CC2)OCCO1,CCOC(=O)Cn1nc(C(F)(F)F)c2c1CCC1(C2)OCCO1
[N-]=[N+]=NC1CCN2c3ccccc3Cc3ccccc3C2C1,NC1CCN2c3ccccc3Cc3ccccc3C2C1
CC(=O)c1cccc(B(O)O)c1.CC1(C)OC(c2ccc(S(C)(=O)=O)cc2)=C(Br)C1=O,CC(=O)c1cccc(C2=C(c3ccc(S(C)(=O)=O)cc3)OC(C)(C)C2=O)c1
COC(=O)c1ccc2[nH]ncc2n1,OCc1ccc2[nH]ncc2n1
COC(=O)c1c(OS(=O)(=O)C(F)(F)F)c2cc(Cl)ccc2c(=O)n1Cc1ccc(S(C)(=O)=O)cc1.O=Cc1cccc(B(O)O)c1,COC(=O)c1c(-c2cccc(C=O)c2)c2cc(Cl)ccc2c(=O)n1Cc1ccc(S(C)(=O)=O)cc1
Cc1c(C(=O)Cl)cnn1-c1ccc(Cl)cc1.Nc1ccc(N2CCC(N3CCOCC3)CC2)c(C(F)(F)F)c1,Cc1c(C(=O)Nc2ccc(N3CCC(N4CCOCC4)CC3)c(C(F)(F)F)c2)cnn1-c1ccc(Cl)cc1
C1CNC1.CCOC(=O)c1nc2cccnc2n1-c1ccc(C#N)c(F)c1,N#Cc1ccc(-n2c(C(=O)N3CCC3)nc3cccnc32)cc1F
Clc1nc(-c2cccs2)ns1.O=C(Nc1noc2ccccc12)N1CCNCC1,O=C(Nc1noc2ccccc12)N1CCN(c2nc(-c3cccs3)ns2)CC1
CC[CH2][Mg+].C[C@H]1C(=O)CCN1C(=O)OCc1ccccc1,CCC[C@]1(O)CCN(C(=O)OCc2ccccc2)[C@H]1C
C=CCC(CNC(=O)OC(C)(C)C)C(=O)OC,C=CCC(CN)C(=O)OC
CCCC[C@H](N)C(=O)OC(C)(C)C,CCCC[C@H](N)C(=O)O
O=C(Nc1cnc(-c2ccncc2)c(Cl)n1)C1CC1.[Zn+][c]1ncco1,O=C(Nc1cnc(-c2ccncc2)c(-c2ncco2)n1)C1CC1
C=O.CCC(CC)n1ccc2c(C)nc(N(CC)c3c(C)cc(C)cc3C)nc21.CNC,CCC(CC)n1cc(CN(C)C)c2c(C)nc(N(CC)c3c(C)cc(C)cc3C)nc21
COCCCCC(=O)OC,COCCCCC(=O)O
N#CCCl.Oc1cc(Br)cnc1Cl,N#CCOc1cc(Br)cnc1Cl
CC1(C)Cc2c(Oc3cc(F)cc(F)c3)cc(C(=O)O)cc2O1.Cn1ccc(N)n1,Cn1ccc(NC(=O)c2cc(Oc3cc(F)cc(F)c3)c3c(c2)OC(C)(C)C3)n1
CC(C)(C)OC(=O)N1CCNCC1.N#Cc1cc(Br)ccc1F,CC(C)(C)OC(=O)N1CCN(c2ccc(F)c(C#N)c2)CC1
O=C(Cl)c1cccc(F)c1,O=Cc1cccc(F)c1
O=C1c2ccccc2C(=O)N1CCn1cc(C(c2ccccc2)c2ccccc2)ccc1=O,NCCn1cc(C(c2ccccc2)c2ccccc2)ccc1=O
COc1ccc(CO[C@H]2[C@H](O)[C@@H](COC(C)(C)C)O[C@](SC)([SiH](c3ccccc3)c3ccccc3)[C@@H]2N=[N+]=[N-])cc1.O=C(Cl)c1ccccc1-c1ccccc1,COc1ccc(CO[C@H]2[C@H](OC(=O)c3ccccc3-c3ccccc3)[C@@H](COC(C)(C)C)O[C@](SC)([SiH](c3ccccc3)c3ccccc3)[C@@H]2N=[N+]=[N-])cc1
C=O.CC(C)(C)c1cccc(C(C)(C)C)c1O.S=c1[nH]nc(-c2ccccc2)o1,CC(C)(C)c1cc(Cn2nc(-c3ccccc3)oc2=S)cc(C(C)(C)C)c1O
COc1ccccc1N1CCNCC1.ClCc1oc(CC2CCCCC2)nc1Cc1ccccc1,COc1ccccc1N1CCN(Cc2oc(CC3CCCCC3)nc2Cc2ccccc2)CC1
CC(C)(C)OC(=O)N1CC(N2CCNCC2)C1.COc1cc(Cl)c(I)cc1NCC(=O)O,COc1cc(Cl)c(I)cc1NCC(=O)N1CCN(C2CN(C(=O)OC(C)(C)C)C2)CC1
CCOC(=O)C=Cc1c(OC)c(=O)[nH]c2cc(Cl)ccc2c1=O,CCOC(=O)/C=C/c1c(O)c(=O)[nH]c2cc(Cl)ccc2c1=O
CCO[C@@H]1C[C@@H]2CN(C(=O)[C@@H](NC(=O)[C@H](C)N(C)C(=O)OC(C)(C)C)c3ccc(F)cc3)[C@H](C(=O)N[C@@H]3CCOc4ccccc43)CN2C1,CCO[C@@H]1C[C@@H]2CN(C(=O)[C@@H](NC(=O)[C@H](C)NC)c3ccc(F)cc3)[C@H](C(=O)N[C@@H]3CCOc4ccccc43)CN2C1
Nc1cc(Cl)ccc1Oc1ccccc1.O=CO,O=CNc1cc(Cl)ccc1Oc1ccccc1
CCNC(=O)N1CC2CC(CN(CC(COc3ccc(C#N)cc3)NC(=O)OC(C)(C)C)C2)C1,CCNC(=O)N1CC2CC(CN(CC(N)COc3ccc(C#N)cc3)C2)C1
CC1(C)CNc2ccc([N+](=O)[O-])cc21.CI,CN1CC(C)(C)c2cc([N+](=O)[O-])ccc21
Cc1ccc(S(=O)(=O)Cl)cc1.O=C(OCc1ccccc1)c1cccc(C#CCOCCOCCOCCOCCO)c1,Cc1ccc(S(=O)(=O)OCCOCCOCCOCCOCC#Cc2cccc(C(=O)OCc3ccccc3)c2)cc1
CCCc1cnc(N2CCC(OS(C)(=O)=O)CC2)nc1.O=c1cc(O)c(-c2ccccc2)c[nH]1,CCCc1cnc(N2CCC(Oc3cc(=O)[nH]cc3-c3ccccc3)CC2)nc1
CNC.CS(=O)(=O)OCCc1cnn(-c2cc(C#N)ccn2)c1OCc1ccc(F)cc1,CN(C)CCc1cnn(-c2cc(C#N)ccn2)c1OCc1ccc(F)cc1
CN(C(=O)OC(C)(C)C)[C@@H]1CCN(c2ccc([N+](=O)[O-])cc2)C1,CN[C@@H]1CCN(c2ccc([N+](=O)[O-])cc2)C1
COC(=O)c1ccc(F)c(COc2ccc(I)cc2)c1.OB(O)c1ccc(F)cc1F,COC(=O)c1ccc(F)c(COc2ccc(-c3ccc(F)cc3F)cc2)c1
CC(=O)N1CCC(c2ccccc2)=C(CCl)C1.O=Cc1c(O)cccc1O,CC(=O)N1CCC(c2ccccc2)=C(COc2cccc(O)c2C=O)C1
CCOC(=O)C1C(C)(C)C1(C#N)C(=O)OCC,CCOC(=O)C1C(C)(C)C1(C#N)C(=O)O
Nc1cc(I)ccc1C(=O)O.O=S(=O)(Cl)c1c(F)cccc1F,O=C(O)c1ccc(I)cc1NS(=O)(=O)c1c(F)cccc1F
COc1ccc(C(=O)Cl)cc1.Oc1cccc(O)c1,COc1ccc(C(=O)c2ccc(O)cc2O)cc1
CC(C)(C)Oc1ncc(B2OC(C)(C)C(C)(C)O2)cc1Cl.CS(=O)(=O)NC(=O)c1cc(F)c(CBr)cc1F,CC(C)(C)Oc1ncc(Cc2cc(F)c(C(=O)NS(C)(=O)=O)cc2F)cc1Cl
CC(C)(C)C(=O)OCCl.O=C1CC(S)CN1Cc1ccc(Oc2ccccc2)cc1,CC(C)(C)C(=O)OCSC1CC(=O)N(Cc2ccc(Oc3ccccc3)cc2)C1
CN(C)Cc1ccc([C@H]2CC[C@H](O)CC2)cc1.Cc1cc(C(=O)O)ccc1Cl,Cc1cc(C(=O)O[C@@H]2CC[C@@H](c3ccc(CN(C)C)cc3)CC2)ccc1Cl
O=C1N(C(c2ccccc2)c2ccccc2)c2ccccc2C12COc1ccc(Br)cc12.OB(O)c1cccnc1,O=C1N(C(c2ccccc2)c2ccccc2)c2ccccc2C12COc1ccc(-c3cccnc3)cc12
CCCC(=O)c1cnc2c(C(C)=O)cccc2c1Cl.Cc1cc(O)ccc1N,CCCC(=O)c1cnc2c(C(C)=O)cccc2c1Nc1ccc(O)cc1C
Nc1cccc(O)c1.Nc1nnc(Br)c(-c2ccccc2)n1,Nc1cccc(Oc2nnc(N)nc2-c2ccccc2)c1
CC1(C)CC(c2cccc(N)c2)Nc2ccc(C#N)cc21.CS(=O)(=O)Cl,CC1(C)CC(c2cccc(NS(C)(=O)=O)c2)Nc2ccc(C#N)cc21
CCOC(=O)C(F)(F)[C@](C)(N[S@](=O)C(C)(C)C)[C@H]1C[C@@H]1C(=O)OC(C)(C)C,CC(C)(C)OC(=O)[C@H]1C[C@@H]1[C@@](C)(N[S@](=O)C(C)(C)C)C(F)(F)CO
Cc1ccc(Br)c2c1C(C(C)C)N(C(=O)CNCC1(O)CCCCC1)CC2,Cc1cccc2c1C(C(C)C)N(C(=O)CNCC1(O)CCCCC1)CC2
CN(C)CCC(=O)O.O=C1c2ccccc2C(Cl)N1c1ccc2ccc(Cl)nc2n1,CN(C)CCC(=O)OC1c2ccccc2C(=O)N1c1ccc2ccc(Cl)nc2n1
CCOC(=O)[C@@H]1CCOC[C@H]1c1ccc(-c2ccccc2)cc1,O=C(O)[C@@H]1CCOC[C@H]1c1ccc(-c2ccccc2)cc1
CC(C)(C)OC(=O)[C@@H]1CCCN1C(=O)[C@H](Cc1ccccc1)NC(=O)OCc1ccccc1,CC(C)(C)OC(=O)[C@@H]1CCCN1C(=O)[C@@H](N)Cc1ccccc1
CC(=O)CCl.Cn1c(=O)[nH]c(=O)c2c1ncn2Cc1ccccc1,CC(=O)Cn1c(=O)c2c(ncn2Cc2ccccc2)n(C)c1=O
C=C(C)C.O=C(O)[C@@H]1CSC(c2ccccc2)N1,CC(C)(C)OC(=O)[C@@H]1CSC(c2ccccc2)N1
Cn1ncnc1COc1nn2c(-c3ccccc3F)nncc2c1Br.OB(O)c1cccc(C(F)(F)F)c1,Cn1ncnc1COc1nn2c(-c3ccccc3F)nncc2c1-c1cccc(C(F)(F)F)c1
COC(=O)c1cc(Br)cnc1Cl.NOCc1ccccc1,COC(=O)c1cc(Br)cnc1NOCc1ccccc1
CC(C)(C)OC(=O)NCCN.COC(=O)c1cccc(C(=O)O)c1,COC(=O)c1cccc(C(=O)NCCNC(=O)OC(C)(C)C)c1
COC1CCN(C(=O)OC(C)(C)C)CC1CN=[N+]=[N-],COC1CCN(C(=O)OC(C)(C)C)CC1CN
CS(=O)(=O)Cl.C[C@@H](Oc1cc(-n2cnc3cnc(CO)cc32)sc1C(N)=O)c1ccccc1Cl,C[C@@H](Oc1cc(-n2cnc3cnc(COS(C)(=O)=O)cc32)sc1C(N)=O)c1ccccc1Cl
C#CCOc1cc(Cl)ncn1.Oc1cccc(F)c1,C#CCOc1cc(Oc2cccc(F)c2)ncn1
CC(C)O.COc1ccc(C2=N[C@H](C(=O)O)CS2)c(OC)c1,COc1ccc(C2=N[C@H](C(=O)OC(C)C)CS2)c(OC)c1
CC1(C)CCC(C)(C)c2cc(C(=O)Cl)ccc21.COC(=O)c1ccc(CBr)cc1,COC(=O)c1ccc(CC(=O)c2ccc3c(c2)C(C)(C)CCC3(C)C)cc1
COc1ccc(C[C@H](NC(=O)OC(C)(C)C)C(=O)N[C@@H](Cc2ccc(OC)cc2)C(=O)N[C@H]2[C@@H](O)[C@H](n3cnc4c(N)ncnc43)O[C@@H]2C(=O)O)cc1,COc1ccc(C[C@H](NC(=O)[C@@H](N)Cc2ccc(OC)cc2)C(=O)N[C@H]2[C@@H](O)[C@H](n3cnc4c(N)ncnc43)O[C@@H]2C(=O)O)cc1
CNC.C[C@H](Nc1cc(C(=O)O)cc(Nc2cnccn2)n1)c1ccc(F)cc1,C[C@H](Nc1cc(C(=O)N(C)C)cc(Nc2cnccn2)n1)c1ccc(F)cc1
Cc1cc(F)ccc1-c1nncc2cc(Cl)ccc12.Fc1cccc(S)c1,Cc1cc(F)ccc1-c1nncc2cc(Sc3cccc(F)c3)ccc12
CCC(=O)CC(=O)OC,CCC(O)CC(=O)OC
COC(=O)c1cnc(Cl)cc1C(F)(F)F.COc1ccc(B(O)O)c(F)c1,COC(=O)c1cnc(-c2ccc(OC)cc2F)cc1C(F)(F)F
Cc1noc(N)c1C.O=S(=O)(Cl)c1cc2ccccc2s1,Cc1noc(NS(=O)(=O)c2cc3ccccc3s2)c1C
CC1(C)OB(c2cnc3[nH]ccc3c2)OC1(C)C.COC(=O)c1cc(C2CC2)c2c(C)c(Cl)ccn2c1=O,COC(=O)c1cc(C2CC2)c2c(C)c(-c3cnc4[nH]ccc4c3)ccn2c1=O
CSC(=S)c1c(N)n(C)c(=O)n(C)c1=O,CSc1snc2c1c(=O)n(C)c(=O)n2C
COC(=O)C[C@@H]1COc2cc(O[C@@H]3CCc4c(Oc5ccc(OC6CCOCC6)cc5F)ccc(F)c43)ccc21,O=C(O)C[C@@H]1COc2cc(O[C@@H]3CCc4c(Oc5ccc(OC6CCOCC6)cc5F)ccc(F)c43)ccc21
CC[C@H](N)c1nc2cccc(F)c2c(=O)n1-c1cccc(CC(F)(F)F)c1.Clc1ccnc2[nH]cnc12,CC[C@H](Nc1ccnc2[nH]cnc12)c1nc2cccc(F)c2c(=O)n1-c1cccc(CC(F)(F)F)c1
C#CCO.C1=COCCC1,C#CCOC1CCCCO1
CC1(C)C=C(B2OC(C)(C)C(C)(C)O2)CC(C)(C)C1.COC1CCN(c2ccc([N+](=O)[O-])c(OS(=O)(=O)C(F)(F)F)c2)CC1,COC1CCN(c2ccc([N+](=O)[O-])c(C3=CC(C)(C)CC(C)(C)C3)c2)CC1
COCCOc1cc(CC(=O)C(C)C)ccc1F.[NH4+],COCCOc1cc(CC(N)C(C)C)ccc1F
CC(C)(C)OC(=O)N1CCN2C(=O)N([C@@H]3C[C@H]3c3ccccc3)C(=O)C2C1,O=C1C2CNCCN2C(=O)N1[C@@H]1C[C@H]1c1ccccc1
COC(=O)C(C)=Cc1ccc(OCCCCl)cc1.Nc1ccc(Cl)cc1,COC(=O)C(C)=Cc1ccc(OCCCNc2ccc(Cl)cc2)cc1
CC(C)(C)[Si](C)(C)OC[C@H](Oc1ccc(Cl)cn1)[C@H]1CN(Cc2ccccc2)C[C@@H]1c1ccc(Cl)c(Cl)c1,CC(C)(C)[Si](C)(C)OC[C@H](Oc1ccc(Cl)cn1)[C@H]1CNC[C@@H]1c1ccc(Cl)c(Cl)c1
Brc1ccccc1.C[C@H]1CNCCN1,C[C@H]1CN(c2ccccc2)CCN1
CC(=O)OC1CCc2c1ncc(N)c2N1C[C@H](C)C[C@H](NC(=O)OC(C)(C)C)C1.O=C(O)c1ccc(F)c(-c2c(F)cc(OC3CCCOC3)cc2F)n1,CC(=O)OC1CCc2c1ncc(NC(=O)c1ccc(F)c(-c3c(F)cc(OC4CCCOC4)cc3F)n1)c2N1C[C@H](C)C[C@H](NC(=O)OC(C)(C)C)C1
COC(=O)C(Br)c1ccc(Oc2ccc(C#N)cc2)cc1.Oc1ccc(Cl)cc1,COC(=O)C(Oc1ccc(Cl)cc1)c1ccc(Oc2ccc(C#N)cc2)cc1
COC(=O)c1cc(OC)c(OC)c(OC)c1N.O=C(Cl)c1ccc(Cl)cc1,COC(=O)c1cc(OC)c(OC)c(OC)c1NC(=O)c1ccc(Cl)cc1
COC(=O)c1cc(O)n[nH]1.ClCc1ccc2ccccc2n1,COC(=O)c1cc(OCc2ccc3ccccc3n2)n[nH]1
COc1nc2ccc(C(O)(c3ccc(C)nc3C)c3cnnn3C)cc2c(Cl)c1C(=O)O.NC1CC1,COc1nc2ccc(C(O)(c3ccc(C)nc3C)c3cnnn3C)cc2c(Cl)c1C(=O)NC1CC1
C=[CH][Sn]([CH2]CCC)([CH2]CCC)[CH2]CCC.N#Cc1c(OS(=O)(=O)C(F)(F)F)nc(N)nc1-c1ccco1,C=Cc1nc(N)nc(-c2ccco2)c1C#N
Cc1nc(Br)sc1COc1ccc(-c2nc(=O)o[nH]2)c(Cl)c1.OB(O)c1cc2ccccc2s1,Cc1nc(-c2cc3ccccc3s2)sc1COc1ccc(-c2nc(=O)o[nH]2)c(Cl)c1
NCCCCCCCCn1ccnc1.O=C(Cl)c1ccc(Cl)s1,O=C(NCCCCCCCCn1ccnc1)c1ccc(Cl)s1
CC(C)(C)OC(=O)N1CCC(COc2ccc(-c3ccc(C(=O)O)cc3)nc2)CC1.COCCN,COCCNC(=O)c1ccc(-c2ccc(OCC3CCN(C(=O)OC(C)(C)C)CC3)cn2)cc1
CC(Br)C(=O)Cl.OC(CNCc1ccccc1)C(F)(F)F,CC(Br)C(=O)N(Cc1ccccc1)CC(O)C(F)(F)F
COc1ccc2c(c1)C(C)(C)c1[nH]c3cc(C#N)ccc3c1C2=O,CC1(C)c2cc(O)ccc2C(=O)c2c1[nH]c1cc(C#N)ccc21
CC(C)NN.O=Cc1ccccc1,CC(C)NN=Cc1ccccc1
COc1c(F)cccc1[C@H](C)C[C@@](O)(C=O)C(F)(F)F.Cc1ncc2c(N)ccc(F)c2n1,COc1c(F)cccc1[C@H](C)C[C@@](O)(C=Nc1ccc(F)c2nc(C)ncc12)C(F)(F)F
O=C(O)CCC/C=C\CN1C(=O)c2ccccc2C1=O,NC/C=C\CCCC(=O)O
CC(=O)OC(C)=O.NC1(c2ccccc2)CCN(c2ncnc3c2nc(-c2ccccc2Cl)n3-c2ccc(Cl)cc2)CC1,CC(=O)NC1(c2ccccc2)CCN(c2ncnc3c2nc(-c2ccccc2Cl)n3-c2ccc(Cl)cc2)CC1
CCOC(=O)C1CCNCC1.Cc1nc(Cl)c2c(n1)N(c1c(C)cc(Br)cc1C)C(=O)C2C,CCOC(=O)C1CCN(c2nc(C)nc3c2C(C)C(=O)N3c2c(C)cc(Br)cc2C)CC1
CCOC(=O)/C(C)=C/[C@@H](Cc1ccc(-c2cccc(Cl)c2)cc1)NC(=O)OC(C)(C)C,CCOC(=O)[C@@H](C)CC(Cc1ccc(-c2cccc(Cl)c2)cc1)NC(=O)OC(C)(C)C
CC(=O)Nc1cccc(C2CCN(CCCN)CC2)c1.CC(C(=O)O)(c1ccccc1)c1ccccc1,CC(=O)Nc1cccc(C2CCN(CCCNC(=O)C(C)(c3ccccc3)c3ccccc3)CC2)c1
CC(C)(C)OC(=O)N1CCC(CN)(c2ccc(I)cc2)CC1.O=C(Cl)Cc1cc(F)cc(F)c1,CC(C)(C)OC(=O)N1CCC(CNC(=O)Cc2cc(F)cc(F)c2)(c2ccc(I)cc2)CC1
CCOC(=O)CC1CCC(c2ncc(-c3ccc(N)cc3)s2)CC1.O=C=Nc1cc(F)cc(F)c1,CCOC(=O)CC1CCC(c2ncc(-c3ccc(NC(=O)Nc4cc(F)cc(F)c4)cc3)s2)CC1
C1CNCCN1.CC#CCn1c(Br)c(C#N)c2ncn(CC(=O)c3cccc(OC)c3)c(=O)c21,CC#CCn1c(N2CCNCC2)c(C#N)c2ncn(CC(=O)c3cccc(OC)c3)c(=O)c21
CC(=O)Cl.CC1=CC(C)(C)Nc2ccc(NC(=O)OC(C)(C)C)cc21,CC(=O)N1c2ccc(NC(=O)OC(C)(C)C)cc2C(C)=CC1(C)C
CC(C)(CCO)c1ccccc1,CC(C)(CC=O)c1ccccc1
COC(=O)c1cc2cc(Oc3ccc(NC(=O)c4ccc(Cl)c(Cl)c4)cn3)ccc2[nH]1,O=C(Nc1ccc(Oc2ccc3[nH]c(C(=O)O)cc3c2)nc1)c1ccc(Cl)c(Cl)c1
CC(=O)NC(C)(C)c1ccc(CCl)cc1.c1cnc(N2CCNCC2)nc1,CC(=O)NC(C)(C)c1ccc(CN2CCN(c3ncccn3)CC2)cc1
COc1ccc2ccc(=O)oc2c1,COc1ccc2c(c1)OC(=O)CC2
BrCCCBr.C=C(C)C(=O)O,C=C(C)C(=O)OCCCBr
CCN.CN1CC(O)c2cc(S(N)(=O)=O)sc2S1(=O)=O,CCNC1CN(C)S(=O)(=O)c2sc(S(N)(=O)=O)cc21
COC(=O)c1cccc(CC2(CN(C(=O)C(F)(F)F)[C@@H]3C[C@H]3c3ccccc3)CCN(C(=O)OC(C)(C)C)CC2)c1,COC(=O)c1cccc(CC2(CN(C(=O)C(F)(F)F)[C@@H]3C[C@H]3c3ccccc3)CCNCC2)c1
CCCCc1nc2c(N)nc3ccccc3c2n1CCCCCSC.O=C(OO)c1cccc(Cl)c1,CCCCc1nc2c(N)nc3ccccc3c2n1CCCCCS(C)=O
CCCCCC[C@@H]1C(=O)O[C@H]1CCCCCOCc1ccccc1,CCCCCC[C@@H]1C(=O)O[C@H]1CCCCCO
N#Cc1cccc(N2CC(c3ccc(OCc4ccccc4)c(OC4CCCC4)c3)CC2=O)c1,N#Cc1cccc(N2CC(c3ccc(O)c(OC4CCCC4)c3)CC2=O)c1
CN1CCNC1=O.Cn1ccc(I)n1,CN1CCN(c2ccn(C)n2)C1=O
CS(=O)(=O)Nc1ccc(CCOS(C)(=O)=O)cc1.O=C1CC2(CCCNC2)Oc2ccccc21,CS(=O)(=O)Nc1ccc(CCN2CCCC3(CC(=O)c4ccccc4O3)C2)cc1
CN.Cc1cc(C)c2c(c1O)C(=O)C1CCCCC21,CNC1c2c(O)c(C)cc(C)c2C2CCCCC21
Cc1ccc(C=Cc2ccccc2)cc1.O=C1CCC(=O)N1Br,BrCc1ccc(C=Cc2ccccc2)cc1
CC(=O)[C@@H]1CC[C@@H](CNC(=O)OCc2ccccc2)CC1,CC(O)[C@@H]1CC[C@@H](CNC(=O)OCc2ccccc2)CC1
CCc1cnc(N)cn1.O=C(Cl)Oc1ccccc1,CCc1cnc(NC(=O)Oc2ccccc2)cn1
Nc1nc(N)c(-c2ccc(NC(=O)C3CC3)cc2)c(CBr)n1.OCCc1ccccc1,Nc1nc(N)c(-c2ccc(NC(=O)C3CC3)cc2)c(COCCc2ccccc2)n1
COC(=O)Cl.NCC1CN(c2ccc(-n3cnc(Cn4ccnc4)c3)c(F)c2)C(=O)O1,COC(=O)NCC1CN(c2ccc(-n3cnc(Cn4ccnc4)c3)c(F)c2)C(=O)O1
COC(=O)[C@H](CCCC(F)(F)F)NC(=O)c1cc2ccccc2cc1N.Cc1cc(C)c(N=C=O)c(C)c1,COC(=O)[C@H](CCCC(F)(F)F)NC(=O)c1cc2ccccc2cc1NC(=O)Nc1c(C)cc(C)cc1C
COc1ccc(CN(c2nccs2)S(=O)(=O)c2ccc3c(c2)OCC(C)N3)cc1.N#Cc1cc(C(F)(F)F)ccc1F,COc1ccc(CN(c2nccs2)S(=O)(=O)c2ccc3c(c2)OCC(C)N3c2ccc(C(F)(F)F)cc2C#N)cc1
ClCC1CO1.O=C(c1ccccc1)c1c(-c2ccc(O)cc2)oc2ccccc12,O=C(c1ccccc1)c1c(-c2ccc(OCC3CO3)cc2)oc2ccccc12
COC(=O)c1ccc(C(=O)N2CCC(N(C)CCc3ccccc3)CC2)cn1,CN(CCc1ccccc1)C1CCN(C(=O)c2ccc(CO)nc2)CC1
COC(=O)c1cccc(Br)c1.COc1ccccc1B(O)O,COC(=O)c1cccc(-c2ccccc2OC)c1
Clc1nc(N2CCOCC2)c2sc(CN3CCNCC3)cc2n1.O=Cc1ncc[nH]1,Clc1nc(N2CCOCC2)c2sc(CN3CCN(Cc4ncc[nH]4)CC3)cc2n1
COc1ccc(C=O)c(OC)c1.Fc1ccc(C(c2ccc(F)cc2)N2CCNCC2)cc1,COc1ccc(CN2CCN(C(c3ccc(F)cc3)c3ccc(F)cc3)CC2)c(OC)c1
CC(C)(C)[S@@](=O)N[C@@H](CC(=O)O)c1ccc(Cl)c(Oc2ccccc2)c1F,CC(C)(C)[S@@](=O)N[C@@H](CCO)c1ccc(Cl)c(Oc2ccccc2)c1F
CCOC(=O)C1(NC(=O)CC)Cc2cccc3c2N(CCC3)C1=O,CCC(=O)NC1(C(=O)O)Cc2cccc3c2N(CCC3)C1=O
CC(C)(C)OC(=O)N[C@H](Cc1ccccc1)C(=O)O.CN,CNC(=O)[C@@H](Cc1ccccc1)NC(=O)OC(C)(C)C
COc1cccc(C2(CN(C)C)CCOCC2)c1,CN(C)CC1(c2cccc(O)c2)CCOCC1
COC(=O)Cc1ccc(O)cc1.ClCc1cccnc1,COC(=O)Cc1ccc(OCc2cccnc2)cc1
COC(=O)c1cc(N2CCSCC2)c(C(F)(F)F)cc1[N+](=O)[O-],COC(=O)c1cc(N2CCSCC2)c(C(F)(F)F)cc1N
CCOC(=O)Cc1csc(N)n1.CS(=O)(=O)Cl,CCOC(=O)Cc1csc(NS(C)(=O)=O)n1
O=C(c1cnc(Cl)nc1C(F)(F)F)N1CCS(=O)(=O)CC1.OC1CN2CCC1CC2,O=C(c1cnc(OC2CN3CCC2CC3)nc1C(F)(F)F)N1CCS(=O)(=O)CC1
CCOC(=O)CSCC1(c2ccc(C)cc2)OCC(C)(C)CO1,Cc1ccc(C2(CSCC(=O)O)OCC(C)(C)CO2)cc1
Cc1ccc(C2=NOC(c3cc(Cl)cc(Cl)c3)(C(F)(F)F)C2)cc1N.O=C(O)c1cccc(Br)c1,Cc1ccc(C2=NOC(c3cc(Cl)cc(Cl)c3)(C(F)(F)F)C2)cc1NC(=O)c1cccc(Br)c1
COC(=O)c1ccccc1SCC(O)c1cccc(/C=C/c2ccc3ccc(Cl)cc3n2)c1,COC(=O)c1ccccc1SCC(=O)c1cccc(/C=C/c2ccc3ccc(Cl)cc3n2)c1
CCOC(=O)c1nc2ccc(C)cc2c(Cl)c1C,CCOC(=O)c1nc2ccc(C)cc2cc1C
CC(=O)[O-].CCCn1nc2c(N(C(=O)OC(C)(C)C)C(=O)OC(C)(C)C)nc3ccccc3c2c1CCCCCl,CCCn1nc2c(N(C(=O)OC(C)(C)C)C(=O)OC(C)(C)C)nc3ccccc3c2c1CCCCOC(C)=O
COCCCN.O=C(O)c1cccc(-c2cccc3cc(C(=O)N[C@H]4CN5CCC4CC5)sc23)c1,COCCCNC(=O)c1cccc(-c2cccc3cc(C(=O)N[C@H]4CN5CCC4CC5)sc23)c1
CCOC(=O)c1ccnc(C(=O)NC)c1,CNC(=O)c1cc(CO)ccn1
Cc1c(-c2ccc(=O)n(Cc3cccc(F)c3F)c2)c2cc(F)ccc2n1CC(=O)O,Cc1c(-c2ccc(=O)n(Cc3cccc(F)c3F)c2)c2cc(F)ccc2n1CCO
CC1(C)OB(c2ccc(N3CCOCC3)cc2)OC1(C)C.OCc1cccc(Br)c1,OCc1cccc(-c2ccc(N3CCOCC3)cc2)c1
Cc1cc(Cl)ccc1C(CC(=O)c1ccc(=O)n(CCC(=O)O)c1)c1ccc(S(C)(=O)=O)cc1.NO,Cc1cc(Cl)ccc1C(C/C(=N\O)c1ccc(=O)n(CCC(=O)O)c1)c1ccc(S(C)(=O)=O)cc1
CCc1cnc(CC)c(Cl)n1.N[C@@H]1CN(C(=O)OCc2ccccc2)C[C@@H]1O,CCc1cnc(CC)c(N[C@@H]2CN(C(=O)OCc3ccccc3)C[C@@H]2O)n1
CC(C)O.O=C(O)Cc1ccc(F)cc1,CC(C)OC(=O)Cc1ccc(F)cc1
Cn1cc(-c2ccc(F)cc2)c(C(=O)O)n1.c1ccc2sc(CC3CCCCN3)nc2c1,Cn1cc(-c2ccc(F)cc2)c(C(=O)N2CCCCC2Cc2nc3ccccc3s2)n1
Nc1ccc(Cl)cc1.O=C(O)C1=CCN(c2ncccn2)CC1,O=C(Nc1ccc(Cl)cc1)C1=CCN(c2ncccn2)CC1
N.O=C(O)c1cc(-c2ccccn2)ccc1Cl,NC(=O)c1cc(-c2ccccn2)ccc1Cl
CC(C)(C)OC(=O)N1CCCC(c2cc(-c3c(O)cccc3O)nc(N)n2)C1.CCI,CCOc1cccc(O)c1-c1cc(C2CCCN(C(=O)OC(C)(C)C)C2)nc(N)n1
COC(CN(C(=O)C1CCCCC1)c1ccccn1)OC,O=CCN(C(=O)C1CCCCC1)c1ccccn1
COC(=O)C=P(c1ccccc1)(c1ccccc1)c1ccccc1.COC(=O)[C@H](Cc1ccc(-c2ccccc2C=O)cc1)NC(=O)c1c(Cl)cccc1Cl,COC(=O)C=Cc1ccccc1-c1ccc(C[C@H](NC(=O)c2c(Cl)cccc2Cl)C(=O)OC)cc1
Cc1c(COC(C)(C)C(=O)O)nn(-c2ccc(Cl)cc2Cl)c1-c1ccc(C(F)(F)F)cc1.NCc1ccc(C(=O)O)cc1,Cc1c(COC(C)(C)C(=O)NCc2ccc(C(=O)O)cc2)nn(-c2ccc(Cl)cc2Cl)c1-c1ccc(C(F)(F)F)cc1
CS(=O)(=O)Nc1ccc(CNC(=O)C=Cc2ccc(C(F)(F)F)nc2Cl)cc1F.OC1CCNC1,CS(=O)(=O)Nc1ccc(CNC(=O)C=Cc2ccc(C(F)(F)F)nc2N2CCC(O)C2)cc1F
C1CCNCC1.O=C(Cl)CCl,O=C(CCl)N1CCCCC1
Cc1nn(-c2ccc(C#N)c(Cl)c2)c(C)c1Cc1ccc(C(=O)N2CCC(=O)CC2)cc1.[CH3][Mg+],Cc1nn(-c2ccc(C#N)c(Cl)c2)c(C)c1Cc1ccc(C(=O)N2CCC(C)(O)CC2)cc1
CCOC(=O)CN(Cc1ccc(OCc2nc(-c3cccs3)oc2C)cc1)S(=O)(=O)N(C)C,Cc1oc(-c2cccs2)nc1COc1ccc(CN(CC(=O)O)S(=O)(=O)N(C)C)cc1
COC(=O)c1scc(-c2ccccc2)c1N.COc1ccc(N)cc1,COc1ccc(NC(=O)c2scc(-c3ccccc3)c2N)cc1
CC(C)(C)OC(=O)c1nc(N2CCc3cccc(C(=O)Nc4nc5ccccc5s4)c3C2)ccc1CCCI.Oc1ccnc(Cl)c1,CC(C)(C)OC(=O)c1nc(N2CCc3cccc(C(=O)Nc4nc5ccccc5s4)c3C2)ccc1CCCOc1ccnc(Cl)c1
CCCc1cc2cc(OC)c(F)cc2c(OCOC)c1-c1ccccc1,CCCc1cc2cc(OC)c(F)cc2c(O)c1-c1ccccc1
COC(=O)COc1cc(C)ccc1CCC(=O)N1C[C@H](C)N(Cc2ccc(F)cc2)C[C@H]1C,Cc1ccc(CCC(=O)N2C[C@H](C)N(Cc3ccc(F)cc3)C[C@H]2C)c(OCC(=O)O)c1
Cn1ncc(Br)c1NC(=O)c1cccc(I)c1.OB(O)c1ccc(F)cc1,Cn1ncc(Br)c1NC(=O)c1cccc(-c2ccc(F)cc2)c1
COC(=O)[C@@H](NC(=O)c1ccc(C#C/C=C/CC(O)CO)cc1)C(C)(C)NC(=O)OC(C)(C)C,COC(=O)[C@@H](NC(=O)c1ccc(C#C/C=C/CC(O)CO)cc1)C(C)(C)N
C#Cc1ccccc1.CCOC(=O)COc1ccc(SCc2cc(Br)cc(OCC(C)C)c2)cc1C,CCOC(=O)COc1ccc(SCc2cc(C#Cc3ccccc3)cc(OCC(C)C)c2)cc1C
Cc1cc(F)ccc1C1C2CNCC2CN1C(=O)N(C)C(C)c1cc(C(F)(F)F)cc(C(F)(F)F)c1.O=C(O)CN1CCCC1,Cc1cc(F)ccc1C1C2CN(C(=O)CN3CCCC3)CC2CN1C(=O)N(C)C(C)c1cc(C(F)(F)F)cc(C(F)(F)F)c1
O=C(O)c1cn(C2CC2)c2cc(Cl)c(F)cc2c1=O.c1cc(C2CNCCN2)n[nH]1,O=C(O)c1cn(C2CC2)c2cc(N3CCNC(c4cc[nH]n4)C3)c(F)cc2c1=O
CC(=O)OC(C)c1ncnc(Cl)c1I,CC(O)c1ncnc(Cl)c1I
C[C@H](NC(=O)Cc1cc(F)cc(F)c1)C(=O)O.NC1C(=O)NCc2cc(-c3ccccc3)ccc21,C[C@H](NC(=O)Cc1cc(F)cc(F)c1)C(=O)NC1C(=O)NCc2cc(-c3ccccc3)ccc21
C=CCC=CC(=O)Cl.CC(C)NCC(=O)c1ccc(OC(=O)C2CC(C)(C)C2)c(O)c1,C=CCC=CC(=O)Oc1cc(C(=O)CNC(C)C)ccc1OC(=O)C1CC(C)(C)C1
O=C(Nc1ccc(Oc2ccc(F)cc2)cc1)[C@@H]1C[C@@H](Cc2ccccc2)CN1.O=C(O)CCC(=O)c1cccs1,O=C(CCC(=O)N1C[C@H](Cc2ccccc2)C[C@H]1C(=O)Nc1ccc(Oc2ccc(F)cc2)cc1)c1cccs1
CCn1c(CCCc2ccc(-c3ccc(N)cn3)cc2)nn(Cc2ccc(C(C)(C)C)cc2)c1=O.CS(=O)(=O)Cl,CCn1c(CCCc2ccc(-c3ccc(NS(C)(=O)=O)cn3)cc2)nn(Cc2ccc(C(C)(C)C)cc2)c1=O
Cc1cc(F)ccc1[C@H]1CNCC[C@@H]1C(=O)N(C)[C@@H](C)c1cc(C(F)(F)F)cc(C(F)(F)F)c1.O=S(=O)(Cl)C1CC1,Cc1cc(F)ccc1[C@H]1CN(S(=O)(=O)C2CC2)CC[C@@H]1C(=O)N(C)[C@@H](C)c1cc(C(F)(F)F)cc(C(F)(F)F)c1
NCCc1ccc(CN2CCCC2)cc1.O=C(O)c1ccc(C2CCCCC2)c(Cl)c1,O=C(NCCc1ccc(CN2CCCC2)cc1)c1ccc(C2CCCCC2)c(Cl)c1
Cn1ncc2cc(Oc3ccc([N+](=O)[O-])cc3F)c(Br)cc21.N=C(c1ccccc1)c1ccccc1,Cn1ncc2cc(Oc3ccc([N+](=O)[O-])cc3F)c(N=C(c3ccccc3)c3ccccc3)cc21
O=C(O)C(Cl)(Cl)CCCCCCCCC=Cc1ccccc1,O=C(O)C(Cl)(Cl)CCCCCCCCCCc1ccccc1
Cc1cc[nH]n1.O=C(c1ccc(F)cc1Cl)N1Cc2cccnc2Nc2ccccc21,Cc1ccn(-c2ccc(C(=O)N3Cc4cccnc4Nc4ccccc43)c(Cl)c2)n1
CC(C)(C)OC(=O)OC(=O)OC(C)(C)C.Cc1cccc2[nH]ccc12,Cc1cccc2c1ccn2C(=O)OC(C)(C)C
CC(C)(C)OC(=O)N1CCC(S(=O)(=O)c2ccc(Br)cc2)CC1.[C-]#N,CC(C)(C)OC(=O)N1CCC(S(=O)(=O)c2ccc(C#N)cc2)CC1
Cc1c(N)c(C(=O)[O-])n(C)c1C.O=[N+]([O-])c1ccccc1Cl,Cc1c(Nc2ccccc2[N+](=O)[O-])c(C(=O)[O-])n(C)c1C
CC(C)CN(Cc1ccnc(Br)c1)S(=O)(=O)c1ccccc1Cl.CS(=O)(=O)c1cccc(B(O)O)c1,CC(C)CN(Cc1ccnc(-c2cccc(S(C)(=O)=O)c2)c1)S(=O)(=O)c1ccccc1Cl
CN1CCC2(CCNCC2)CC1.Cc1cc(C[C@@H](OC(=O)N2CCC(c3cc4ccccc4[nH]c3=O)CC2)C(=O)O)cc2cn[nH]c12,Cc1cc(C[C@@H](OC(=O)N2CCC(c3cc4ccccc4[nH]c3=O)CC2)C(=O)N2CCC3(CCN(C)CC3)CC2)cc2cn[nH]c12
CC(C)CC(NC(=O)C(CCCCN)NC(=O)C(Cc1cccc2ccccc12)Cc1cccc2ccccc12)C(O)C(=O)OC(C)C.CN=C=S,CNC(=S)NCCCCC(NC(=O)C(Cc1cccc2ccccc12)Cc1cccc2ccccc12)C(=O)NC(CC(C)C)C(O)C(=O)OC(C)C
CNC1CCN(Cc2ccnc(-c3cc(OC)c(OC)c(OC)c3)c2)CC1.COc1cc(-c2cccc(CCl)c2)cc(OC)c1OC,COc1cc(-c2cccc(CN(C)C3CCN(Cc4ccnc(-c5cc(OC)c(OC)c(OC)c5)c4)CC3)c2)cc(OC)c1OC
COC(C(=O)NCc1ccc(C#N)cc1)c1cc(Br)ccc1F.OB(O)c1ccccc1,COC(C(=O)NCc1ccc(C#N)cc1)c1cc(-c2ccccc2)ccc1F
CCN.O=C(O)c1cccs1,CCNC(=O)c1cccs1
C=O.NC(=O)C1(c2ccccc2CCc2nc(Nc3ccc(C4CCNCC4)cc3)ncc2C(F)(F)F)CC1,CN1CCC(c2ccc(Nc3ncc(C(F)(F)F)c(CCc4ccccc4C4(C(N)=O)CC4)n3)cc2)CC1
C=CCBr.COc1ccc([N+](=O)[O-])c(O)c1,C=CCOc1cc(OC)ccc1[N+](=O)[O-]
N#CCc1cccc(NC(=O)c2cccc(Br)n2)c1.OB(O)c1cccc(F)c1,N#CCc1cccc(NC(=O)c2cccc(-c3cccc(F)c3)n2)c1
C=CCC1CC[C@@H](C(=O)OCc2ccccc2)N1C(=O)OC(C)(C)C,C=CCC1CC[C@@H](C(=O)OCc2ccccc2)N1
CC(=O)NCCC(N)c1ccc(Cl)cc1.CC(C)(C)OC(=O)NC1(C(=O)O)CCN(c2ncnc3[nH]ccc23)CC1,CC(=O)NCCC(NC(=O)C1(NC(=O)OC(C)(C)C)CCN(c2ncnc3[nH]ccc23)CC1)c1ccc(Cl)cc1
O=S(=O)(Cl)c1ccc(Br)cc1.OC1CCNCC1,O=S(=O)(c1ccc(Br)cc1)N1CCC(O)CC1
COc1cc(C(O)c2ccc(Br)cc2)ccc1OC1CCCC1,COc1cc(C(=O)c2ccc(Br)cc2)ccc1OC1CCCC1
NNc1nncc(N2CCC(c3ccccc3)CC2)c1Cl.O=C(Cl)CC(F)(F)F,O=C(CC(F)(F)F)NNc1nncc(N2CCC(c3ccccc3)CC2)c1Cl
CCCCC(=O)Nc1ccc(-c2ccc(C(=O)CC(CCc3ccccc3)C(=O)OCC)cc2)cc1.CS(N)(=O)=O,CCCCC(=O)Nc1ccc(-c2ccc(C(=O)CC(CCc3ccccc3)C(=O)NS(C)(=O)=O)cc2)cc1
O=C(O)C1CCc2cc(F)ccc2O1,O=C(O)C1CCc2ccccc2O1
COC(=O)C1(C(C)=O)CCOCC1,CC(=O)C1CCOCC1
CN(C)C(=O)CN1CCNCC1.O=Cc1cc2nc(Cl)nc(N3CCOCC3)c2s1,CN(C)C(=O)CN1CCN(Cc2cc3nc(Cl)nc(N4CCOCC4)c3s2)CC1
CC(C)(C)OC(=O)N1CCC(c2ccc(Cl)cc2)(c2ccc(B3OC(C)(C)C(C)(C)O3)cc2)CC1.CN(C)S(=O)(=O)n1ncc(Br)c1C1CC1,CN(C)S(=O)(=O)n1ncc(-c2ccc(C3(c4ccc(Cl)cc4)CCN(C(=O)OC(C)(C)C)CC3)cc2)c1C1CC1
COc1cc(Nc2ncc3c(C)nc(-c4cccc(Br)c4)n3n2)cc(OC)c1OC.OB(O)c1ccccc1C(F)(F)F,COc1cc(Nc2ncc3c(C)nc(-c4cccc(-c5ccccc5C(F)(F)F)c4)n3n2)cc(OC)c1OC
CCC[P+](c1ccccc1)(c1ccccc1)c1ccccc1.Cc1c(C=O)cccc1C(=O)c1ccc(F)cc1,CCC=Cc1cccc(C(=O)c2ccc(F)cc2)c1C
BrCc1ccccc1.COC(=O)c1cc(Cl)cc(NS(C)(=O)=O)c1,COC(=O)c1cc(Cl)cc(N(Cc2ccccc2)S(C)(=O)=O)c1
CC(=O)N1CCc2sc(C(=O)CCCCl)cc2C1.Fc1ccc2c(C3CCNCC3)noc2c1,CC(=O)N1CCc2sc(C(=O)CCCN3CCC(c4noc5cc(F)ccc45)CC3)cc2C1
COC(=O)[C@H](CC1CCCCC1)N1Cc2c(F)cccc2C1=O,O=C(O)[C@H](CC1CCCCC1)N1Cc2c(F)cccc2C1=O
CC(=O)OC(C)=O.CC(=O)c1ccc(-c2ccc(N)cc2)o1,CC(=O)Nc1ccc(-c2ccc(C(C)=O)o2)cc1
COc1cccc(-n2nnn(C)c2=O)c1CBr.Oc1ccn(-c2ccc(Br)cc2)n1,COc1cccc(-n2nnn(C)c2=O)c1COc1ccn(-c2ccc(Br)cc2)n1
CO.Oc1cc(Cl)c(-c2nc3cccc(F)n3c2Nc2ccc3c(c2)OCCO3)c(Cl)c1,COc1cccc2nc(-c3c(Cl)cc(O)cc3Cl)c(Nc3ccc4c(c3)OCCO4)n12
CCC=O.COc1cccc2c1CC(NCCCCc1c[nH]c3ccc(F)cc13)CO2,CCCN(CCCCc1c[nH]c2ccc(F)cc12)C1COc2cccc(OC)c2C1
N#Cc1ccc(Oc2ccc3c(c2)COB3O)c(C=O)c1,N#Cc1ccc(Oc2ccc3c(c2)COB3O)c(CO)c1
C#Cc1ccc(C)cc1.Cc1cc2ncc(Br)cn2n1,Cc1ccc(C#Cc2cnc3cc(C)nn3c2)cc1
NCCN.O=C1Cc2c(N=C=S)cccc2N1,NCCNC(=S)Nc1cccc2c1CC(=O)N2
Clc1cccc(Cl)c1N1CCNCC1.FC(F)(F)c1ccc2nc(Cl)[nH]c2c1,FC(F)(F)c1ccc2nc(N3CCN(c4c(Cl)cccc4Cl)CC3)[nH]c2c1
N#Cc1cc(C=O)ccc1F.Oc1ccc(Cl)nc1,N#Cc1cc(C=O)ccc1Oc1ccc(Cl)nc1
CC(=O)N1CCNCC1.O=S(=O)(Cl)c1ccc(Br)cc1,CC(=O)N1CCN(S(=O)(=O)c2ccc(Br)cc2)CC1
CC(=O)OC(C)=O.COC(=O)c1ccc2c(ccn2S(=O)(=O)c2ccccc2)c1,COC(=O)c1ccc2c(c1)c(C(C)=O)cn2S(=O)(=O)c1ccccc1
CCCc1c(OC(C(=O)OC)c2ccccc2)ccc(C(C)(C)C)c1CO[SiH](C)C,CCCc1c(OC(C(=O)O)c2ccccc2)ccc(C(C)(C)C)c1CO[SiH](C)C
COC(=O)c1cc(C)c(Br)s1,Cc1cc(C(=O)O)sc1Br
COC(=O)Cl.Nc1ccc(-c2ccccc2C(F)(F)F)cc1,COC(=O)Nc1ccc(-c2ccccc2C(F)(F)F)cc1
CC(C)(C)[Si](C)(C)OC[C@@H]1C[C@@H](N)C[C@@H]1O[Si](C)(C)C(C)(C)C.Fc1c(Cl)ncnc1Cl,CC(C)(C)[Si](C)(C)OC[C@@H]1C[C@@H](Nc2ncnc(Cl)c2F)C[C@@H]1O[Si](C)(C)C(C)(C)C
CCOc1cc(Cl)c(S(=O)(=O)NC(C)(C)C)cc1C1=NC(C)(c2ccc(Cl)cc2)C(C)(c2ccc(Cl)cc2)N1C(=O)Cl.OCC(O)CCN1CCNCC1,CCOc1cc(Cl)c(S(=O)(=O)NC(C)(C)C)cc1C1=N[C@@](C)(c2ccc(Cl)cc2)[C@@](C)(c2ccc(Cl)cc2)N1C(=O)N1CCN(CCC(O)CO)CC1
CC(C)C(NC(=O)OC(C)(C)C)C(=O)O.CNCCc1ccccc1,CC(C)C(NC(=O)OC(C)(C)C)C(=O)N(C)CCc1ccccc1
COc1cccc(C2(C(=O)Cl)CCN(c3ncccn3)CC2)c1.NS(N)(=O)=O,COc1cccc(C2(C(=O)NS(N)(=O)=O)CCN(c3ncccn3)CC2)c1
CO.Cc1ccc(S(=O)(=O)NCC(=O)O)cc1,COC(=O)CNS(=O)(=O)c1ccc(C)cc1
CCOc1cc2c(Cl)c(C#N)cnc2cc1OC.Nc1ccc2cn[nH]c2c1,CCOc1cc2c(Nc3ccc4cn[nH]c4c3)c(C#N)cnc2cc1OC
COC1c2ccccc2C(=O)N1CCBr.Fc1ccc2[nH]cc(CC3CCNCC3)c2c1,COC1c2ccccc2C(=O)N1CCN1CCC(Cc2c[nH]c3ccc(F)cc23)CC1
O=C(C=Cc1ccc(Cn2cc(-c3ccc(CN4CCCC4)cc3)nn2)cc1)NOC1CCCCO1,O=C(C=Cc1ccc(Cn2cc(-c3ccc(CN4CCCC4)cc3)nn2)cc1)NO
CN(c1ccccc1Br)C1CCNCC1.O=C(O)CNC(=O)c1ccc(-c2ccccc2)cc1,CN(c1ccccc1Br)C1CCN(C(=O)CNC(=O)c2ccc(-c3ccccc3)cc2)CC1
CC(C)(C)OC(=O)NCc1cnc(N)s1.O=C(OC(=O)C(F)(F)F)C(F)(F)F,CC(C)(C)OC(=O)NCc1cnc(NC(=O)C(F)(F)F)s1
CC(N)C(=O)N1N=C(c2cc(F)ccc2F)SC1(CCCN=[N+]=[N-])c1ccccc1,CC(N)C(=O)N1N=C(c2cc(F)ccc2F)SC1(CCCN)c1ccccc1
CCN(CC)C(=O)c1ccc2c(c1)Oc1c(OC)cccc1N2C1CCN(Cc2ccccc2)CC1,CCN(CC)C(=O)c1ccc2c(c1)Oc1c(O)cccc1N2C1CCN(Cc2ccccc2)CC1
CCCc1nc(C)[nH]c(=O)c1Cc1ccc(-c2ccccc2C#N)cc1.OB(O)c1ccc(F)cc1,CCCc1nc(C)n(-c2ccc(F)cc2)c(=O)c1Cc1ccc(-c2ccccc2C#N)cc1
Cc1ccc2c(N3CCN(CCc4cccc(NCC5CCCN5C(=O)OC(C)(C)C)c4)CC3)cccc2n1,Cc1ccc2c(N3CCN(CCc4cccc(N5C[C@H]6CCCN6C5=O)c4)CC3)cccc2n1
CC(C)(C)c1cc(O)ccc1O.CN(C(=O)OC(C)(C)C)c1cc(Cl)ccc1[N+](=O)[O-],CN(C(=O)OC(C)(C)C)c1cc(Oc2ccc(O)c(C(C)(C)C)c2)ccc1[N+](=O)[O-]
CC(C)(C)OC(=O)N1CCC(=O)C(C(=O)CC2CCCC2)C1.Cc1nccn1-c1ccc(NC(=N)N)cc1,Cc1nccn1-c1ccc(Nc2nc3c(c(CC4CCCC4)n2)CN(C(=O)OC(C)(C)C)CC3)cc1
CC(C)(O)C#Cc1ccc2c(n1)-c1sc(-c3ncnn3-c3ccc(F)cc3F)cc1CCO2,CC(C)(O)CCc1ccc2c(n1)-c1sc(-c3ncnn3-c3ccc(F)cc3F)cc1CCO2
CC(C)(C)OC(=O)NCCCNc1cccc2nccn12,NCCCNc1cccc2nccn12
CNCC(N)=O.Fc1ccc(Cc2ccc(OC(F)F)c(-c3cccc(Cl)c3)c2)cn1,CN(CC(N)=O)c1ccc(Cc2ccc(OC(F)F)c(-c3cccc(Cl)c3)c2)cn1
CC(C)(C)OC(=O)N(Cc1ccc(Br)cc1)C1Cc2ccccc2C1.O=Cc1cccc(B(O)O)c1,CC(C)(C)OC(=O)N(Cc1ccc(-c2cccc(C=O)c2)cc1)C1Cc2ccccc2C1
CC(=O)Nc1ccc(B(O)O)cc1.CC(C)c1onc(-c2c(Cl)cccc2Cl)c1COc1ccc2cc(Br)ccc2c1,CC(=O)Nc1ccc(-c2ccc3cc(OCc4c(-c5c(Cl)cccc5Cl)noc4C(C)C)ccc3c2)cc1
NO.O=C(O)CCC(=O)c1cccs1,O=C(CCC(O)=NO)c1cccs1
CC1(C)OB(B2OC(C)(C)C(C)(C)O2)OC1(C)C.CN1C(=O)CC(C)(C)c2ccc(Br)cc21,CN1C(=O)CC(C)(C)c2ccc(B3OC(C)(C)C(C)(C)O3)cc21
CC(C)(C)OC(=O)N(CCCCC1(c2ccc(N)cc2)SCCS1)C[C@H](O[Si](C)(C)C(C)(C)C)c1ccc(O)c2[nH]c(=O)ccc12.COc1cccc(Nc2c(C(N)=O)cnc3c(C)cc(S(=O)(=O)c4cccc(C(=O)O)c4)cc23)c1,COc1cccc(Nc2c(C(N)=O)cnc3c(C)cc(S(=O)(=O)c4cccc(C(=O)Nc5ccc(C6(CCCCN(C[C@H](O[Si](C)(C)C(C)(C)C)c7ccc(O)c8[nH]c(=O)ccc78)C(=O)OC(C)(C)C)SCCS6)cc5)c4)cc23)c1
CC(C)(C)OC(=O)C(Cc1cccc2ccccc12)CC(O)CN1CCOCC1,CC(C)(C)OC(=O)C(CC(=O)CN1CCOCC1)Cc1cccc2ccccc12
NNC1=Nc2ccc(Cl)cc2C(c2ccccc2)=NC1.O=C(Cl)c1ccccc1,O=C(NNC1=Nc2ccc(Cl)cc2C(c2ccccc2)=NC1)c1ccccc1
Cc1ccc(S(=O)(=O)n2cc(I)c(OCc3ccccc3)n2)cc1.OB(O)c1ccsc1,Cc1ccc(S(=O)(=O)n2cc(-c3ccsc3)c(OCc3ccccc3)n2)cc1
C/C=C/C=O.Nc1ccc(Cl)c(C(=O)O)c1,Cc1ccc2c(C(=O)O)c(Cl)ccc2n1
COC(=O)c1ccc(C(NC(=O)OC(C)(C)C)P(=O)(OC)OC)cc1,COP(=O)(OC)C(NC(=O)OC(C)(C)C)c1ccc(C(=O)O)cc1
CN=C=O.Cn1c2c(c3cc(O)ccc31)CCC2NC1CC1,CNC(=O)Oc1ccc2c(c1)c1c(n2C)C(NC2CC2)CC1
Nc1ncnc2[nH]cc(-c3ccc(Oc4ccccc4)cc3)c12.O=C1OCCC1Br,Nc1ncnc2c1c(-c1ccc(Oc3ccccc3)cc1)cn2C1CCOC1=O
CC(C)(C)OC(=O)N1CC=C(c2ccccc2C#N)CC1,CC(C)(C)OC(=O)N1CCC(c2ccccc2C#N)CC1
COC(=O)c1cncc2cccc(Cl)c12,O=C(O)c1cncc2cccc(Cl)c12
COC[C@H]1O[C@@H](n2cnc3c(NCCc4ccccc4)nc(CN)nc32)[C@H](O)[C@@H]1O.O=C1CCCCC1,COC[C@H]1O[C@@H](n2cnc3c(NCCc4ccccc4)nc(CNC4CCCCC4)nc32)[C@H](O)[C@@H]1O
CCOC(=O)C1(c2ccc(OCC)cc2)CC(F)(F)C1(F)F,CCOc1ccc(C2(C(=O)O)CC(F)(F)C2(F)F)cc1
CC(C)(C)[Si](C)(C)O[C@@H]1CO[C@H]2[C@@H]1OC[C@H]2Oc1nc2cc(Cl)c(-c3ccc([C@H]4CC[C@@H](O)CC4)cc3)nc2n1COCC[Si](C)(C)C.O=C(Cl)N1CCOCC1,CC(C)(C)[Si](C)(C)O[C@@H]1CO[C@H]2[C@@H]1OC[C@H]2Oc1nc2cc(Cl)c(-c3ccc([C@@H]4CC[C@H](OC(=O)N5CCOCC5)CC4)cc3)nc2n1COCC[Si](C)(C)C
CC(C)(C)NC(=O)[C@@H]1CCCN1C(=O)[C@@H](O)[C@H](Cc1ccccc1)NC(=O)[C@H](CC(N)=O)NC(=O)COc1ccc(NC(=O)OCc2ccccc2)cc1,CC(C)(C)NC(=O)[C@@H]1CCCN1C(=O)[C@@H](O)[C@H](Cc1ccccc1)NC(=O)[C@H](CC(N)=O)NC(=O)COc1ccc(N)cc1
C[C@@H](Br)C(=O)O.Cc1ccc(O)cc1,Cc1ccc(O[C@H](C)C(=O)O)cc1
COC(=O)c1cc(C(=O)O)cc(C(C)(C)C)c1.N#CCCN,COC(=O)c1cc(C(=O)NCCC#N)cc(C(C)(C)C)c1
CC(=O)Cl.COc1ccc(-c2ncnc3c(C(=O)N[C@H]4CC[C@H](N)CC4)c(C)[nH]c23)c(OCC2CC2)c1,COc1ccc(-c2ncnc3c(C(=O)N[C@@H]4CC[C@@H](NC(C)=O)CC4)c(C)[nH]c23)c(OCC2CC2)c1
CC(C)(C)OC(=O)NC1(c2ccc(-c3oc4ncc(Cl)nc4c3-c3ccccc3)cc2)CCC1.Cc1n[nH]c(C)c1B1OC(C)(C)C(C)(C)O1,Cc1n[nH]c(C)c1-c1cnc2oc(-c3ccc(C4(NC(=O)OC(C)(C)C)CCC4)cc3)c(-c3ccccc3)c2n1
CCCCCCCCCCCCCCCCCCN(C)C.ClCc1ccc2ccccc2c1,CCCCCCCCCCCCCCCCCC[N+](C)(C)Cc1ccc2ccccc2c1
Cc1c(N)cccc1C(=O)O,Cc1c(N)cccc1CO
COC(=O)C(=Cc1ccc(OCCOc2ccc3ncccc3c2)cc1)C(=O)OC,COC(=O)C(Cc1ccc(OCCOc2ccc3ncccc3c2)cc1)C(=O)OC
CC(C)(C)OC(=O)OC(=O)OC(C)(C)C.CC(C)C1=NC(N)C(=O)Nc2ccccc21,CC(C)C1=NC(NC(=O)OC(C)(C)C)C(=O)Nc2ccccc21
CC(C)(C)OC(=O)OC(=O)OC(C)(C)C.CCOC(=O)c1csc(N)n1,CCOC(=O)c1csc(NC(=O)OC(C)(C)C)n1
COc1cccc(C=O)c1OCC1CC1.Cc1csc2nc(C[P+](c3ccccc3)(c3ccccc3)c3ccccc3)cc(=O)n12,COc1cccc(/C=C/c2cc(=O)n3c(C)csc3n2)c1OCC1CC1
O=C1O[C@@H](CO)CN1c1ccccc1.Oc1cnsn1,O=C1O[C@@H](COc2cnsn2)CN1c1ccccc1
Clc1c2c(nc3ccccc13)CCCC2.OB(O)c1ccc(OCc2ccccc2)cc1,c1ccc(COc2ccc(-c3c4c(nc5ccccc35)CCCC4)cc2)cc1
Cc1nsc(N2C(=O)c3ccccc3C2=O)c1N1CCCC1,Cc1nsc(N)c1N1CCCC1
CC(C)COc1ccc(Cl)cc1Cc1nc(C(=O)O)co1.Nc1ccc(CCO)cc1N,CC(C)COc1ccc(Cl)cc1Cc1nc(-c2nc3cc(CCO)ccc3[nH]2)co1
COC(=O)c1c(-n2nnn(C)c2=O)ccc(F)c1C,Cc1c(F)ccc(-n2nnn(C)c2=O)c1CO
CNc1ccnc(N[C@H]2CC[C@@H](N)CC2)n1.O=C(O)c1ccc(F)c(F)c1,CNc1ccnc(N[C@@H]2CC[C@H](NC(=O)c3ccc(F)c(F)c3)CC2)n1
CC(C)(C)OC(=O)N1CCC(CN([C@@H]2CC(F)(F)CCNC2=O)S(=O)(=O)c2ccc(Cl)cc2)CC1,O=C1NCCC(F)(F)C[C@H]1N(CC1CCNCC1)S(=O)(=O)c1ccc(Cl)cc1
COCCN.Cc1cc(-c2ccc(C(F)(F)F)cc2)cc(-c2cccc(-c3cccc(S(=O)(=O)Cl)c3)n2)n1,COCCNS(=O)(=O)c1cccc(-c2cccc(-c3cc(-c4ccc(C(F)(F)F)cc4)cc(C)n3)n2)c1
O=C(OCc1ccccc1)c1ccc(-c2ccc(OCc3ccccc3)cc2)cc1,O=C(O)c1ccc(-c2ccc(OCc3ccccc3)cc2)cc1
CC(=O)OC(C)=O.OCc1ccc2c(c1)CCCN2,CC(=O)N1CCCc2cc(CO)ccc21
COc1cc(C(C)C)c2c(c1)S(=O)(=O)N(CBr)C2=O.Oc1cc(C(F)(F)F)nn1-c1ccc(Cl)cn1,COc1cc(C(C)C)c2c(c1)S(=O)(=O)N(COc1cc(C(F)(F)F)nn1-c1ccc(Cl)cn1)C2=O
CC(C)(C)OC(=O)OC(=O)OC(C)(C)C.CNC(C#N)CCCC(C)O,CC(O)CCCC(C#N)N(C)C(=O)OC(C)(C)C
O=C=NCc1ccccc1Cl.OCCNCCO,O=C(NCc1ccccc1Cl)N(CCO)CCO
Cc1ccc(-c2ncccn2)c(C(=O)N2CCC[C@@H](C)[C@H]2CN)c1.Fc1ccc2oc(Cl)nc2c1,Cc1ccc(-c2ncccn2)c(C(=O)N2CCC[C@@H](C)[C@H]2CNc2nc3cc(F)ccc3o2)c1
CC(C)(C)OC(=O)N1CC2C=C(C(=O)O)CC2C1.CNOC,CON(C)C(=O)C1=CC2CN(C(=O)OC(C)(C)C)CC2C1
Cc1ccc(S(=O)(=O)N2CCc3sc(C(=O)O)cc3C2)cc1.Nc1ccccc1N,Cc1ccc(S(=O)(=O)N2CCc3sc(C(=O)Nc4ccccc4N)cc3C2)cc1
COC(=O)C(=O)N1CCC(COc2ccc(C(=O)N3CCN(c4ccccc4C(C)(C)C)CC3)cc2)CC1,CC(C)(C)c1ccccc1N1CCN(C(=O)c2ccc(OCC3CCN(C(=O)C(=O)O)CC3)cc2)CC1
CI.COc1ccc(-c2cc(Cl)cc3c2NC(CN=[N+]=[N-])CO3)c(C)c1,COc1ccc(-c2cc(Cl)cc3c2N(C)C(CN=[N+]=[N-])CO3)c(C)c1
C1COCCN1.COc1cc(OC(F)(F)F)ccc1-c1nc(OC)c(-n2cncc2C(=O)O)cc1C,COc1cc(OC(F)(F)F)ccc1-c1nc(OC)c(-n2cncc2C(=O)N2CCOCC2)cc1C
CCOC(=O)C=Cc1ccc([N+](=O)[O-])cc1,CCOC(=O)C=Cc1ccc(N)cc1
Nc1ncc(B(O)O)cn1.O=C(Nc1ccc(OC(F)(F)F)cc1)c1cnc(N2CCCC2)c(Br)c1,Nc1ncc(-c2cc(C(=O)Nc3ccc(OC(F)(F)F)cc3)cnc2N2CCCC2)cn1
COc1ccc(Cl)cc1B(O)O.Nc1ncc(Cl)cc1I,COc1ccc(Cl)cc1-c1cc(Cl)cnc1N
CCc1cc(C2CCN(C(=O)OC(C)(C)C)CC2)ccc1Nc1ncc(C(F)(F)F)c(CCc2ccccc2CC(N)=O)n1,CCc1cc(C2CCNCC2)ccc1Nc1ncc(C(F)(F)F)c(CCc2ccccc2CC(N)=O)n1
CCOC(=O)[C@H](C)Nc1ccccc1.CI,CCOC(=O)[C@H](C)N(C)c1ccccc1
C=C(C)Cn1c(=O)n(C)c(=O)c2c[nH]nc21.ClCc1cccc2ccccc12,C=C(C)Cn1c(=O)n(C)c(=O)c2cn(Cc3cccc4ccccc34)nc21
CCOC(=O)c1cccc(C2=CCCC2)c1,OCc1cccc(C2=CCCC2)c1
CCC(=O)N1CCN(c2ccc(N)cc2C(F)(F)F)CC1.CCOC(=O)c1cnc2ccc(Cl)cc2c1Cl,CCOC(=O)c1cnc2ccc(Cl)cc2c1Nc1ccc(N2CCN(C(=O)CC)CC2)c(C(F)(F)F)c1
COC(=O)Cc1cccc(OCCBr)c1.NC1CCN(c2nc3ccc(Cl)cc3s2)C1,COC(=O)Cc1cccc(OCCNC2CCN(c3nc4ccc(Cl)cc4s3)C2)c1
CON(C)C(=O)CC(c1ccc(Br)cc1)c1ccccc1C.Cc1cnc(F)cc1I,Cc1cnc(F)cc1C(=O)CC(c1ccc(Br)cc1)c1ccccc1C
CC(C)(C)OC(=O)COc1cccc2c1CCCCC2N.O=S(=O)(Cl)c1cccc(-c2ccccc2)c1,CC(C)(C)OC(=O)COc1cccc2c1CCCCC2NS(=O)(=O)c1cccc(-c2ccccc2)c1
Cc1cccc(C)c1NC(=O)CCl.O=C(c1cc(C(F)(F)F)cc(C(F)(F)F)c1)N1CC[C@H](N2CCNCC2)[C@H](c2ccccc2)C1,Cc1cccc(C)c1NC(=O)CN1CCN([C@H]2CCN(C(=O)c3cc(C(F)(F)F)cc(C(F)(F)F)c3)C[C@H]2c2ccccc2)CC1
Nc1cc(-c2c(F)cncc2F)c(-c2ccccc2F)nc1N.O=C(n1ccnc1)n1ccnc1,O=c1[nH]c2cc(-c3c(F)cncc3F)c(-c3ccccc3F)nc2[nH]1
Cc1nc(N2C[C@H]3C[C@H]3C2C(=O)O)ncc1Br.OB(O)c1cc(C(F)(F)F)cc2[nH]ncc12,Cc1nc(N2C[C@H]3C[C@H]3C2C(=O)O)ncc1-c1cc(C(F)(F)F)cc2[nH]ncc12
CCn1cc(OC(=O)c2ccccc2)c(=O)c2ccccc21,CCn1cc(O)c(=O)c2ccccc21
COC(=O)c1cc(C(O)c2ccc(N(C)c3ccc(Cl)cc3)cn2)ccc1Br,COC(=O)c1cc(C(=O)c2ccc(N(C)c3ccc(Cl)cc3)cn2)ccc1Br
CN=C=S.COc1cccnc1CSCCN,CNC(=S)NCCSCc1ncccc1OC
COc1ccc2cc(-c3ccnc(N(C)C)n3)cc(NC3CCN(C(=O)OC(C)(C)C)CC3)c2c1,COc1ccc2cc(-c3ccnc(N(C)C)n3)cc(NC3CCNCC3)c2c1
CC(=O)O.Nc1cc(O)c2cc(Br)ccc2n1,CC(=O)Nc1cc(O)c2cc(Br)ccc2n1
COC(=O)[C@H]1C[C@@H](NC(=O)OC(C)(C)C)CN(c2cc(C)cc(Nc3ccn[nH]3)n2)C1,Cc1cc(Nc2ccn[nH]2)nc(N2C[C@H](NC(=O)OC(C)(C)C)C[C@H](C(=O)O)C2)c1
Cc1n[nH]c(C)c1C(C)N.Cn1nc(-c2ccccc2)c2c(C(F)(F)F)cc(OCC(=O)O)nc21,Cc1n[nH]c(C)c1[C@H](C)NC(=O)COc1cc(C(F)(F)F)c2c(-c3ccccc3)nn(C)c2n1
O=C1c2ccccc2C(=O)N1CCCCBr.c1nc[nH]n1,O=C1c2ccccc2C(=O)N1CCCCn1cncn1
O=S(=O)(Cl)c1cccs1.c1cc2c(cc1OCCCN1CCCCC1)CNCC2,O=S(=O)(c1cccs1)N1CCc2ccc(OCCCN3CCCCC3)cc2C1
COC[P+](c1ccccc1)(c1ccccc1)c1ccccc1.O=C1CCC(c2cccc(F)c2F)CC1,COC=C1CCC(c2cccc(F)c2F)CC1
CC(=O)Nc1ccc(SCCCCOc2ccc3c(c2)C(C2CCCCC2)(C2CCCCC2)OC(=O)N3)cc1.OO,CC(=O)Nc1ccc(S(=O)CCCCOc2ccc3c(c2)C(C2CCCCC2)(C2CCCCC2)OC(=O)N3)cc1
COC(=O)C1(CO)CCN(C(=O)OC(C)(C)C)CC1,COC(=O)C1(CO)CCNCC1
CC(C)(C)OC(=O)N1CCC(Nc2ccc3cnccc3c2)CC1,c1cc2cc(NC3CCNCC3)ccc2cn1
CN1CCNCC1.CSc1nn2c(N)cc(Cl)nc2c1S(=O)(=O)c1ccccc1,CSc1nn2c(N)cc(N3CCN(C)CC3)nc2c1S(=O)(=O)c1ccccc1
N#Cc1ccc(Oc2ccccc2)c(F)c1,NCc1ccc(Oc2ccccc2)c(F)c1
CC(=O)OCc1nc2c(Cl)ncnc2n1CC(C)(C)C,CC(C)(C)Cn1c(CO)nc2c(Cl)ncnc21
COC(=O)c1cc(I)cn1[Si](C(C)C)(C(C)C)C(C)C,COC(=O)c1cccn1[Si](C(C)C)(C(C)C)C(C)C
Cc1nc(C)c(-c2ccc3cc(-c4c(C5CCCCC5)c5ccc(C(=O)O)cc5n4CC(=O)N4CCOCC4)ccc3n2)s1,Cc1nc(C)c(C2CCc3cc(-c4c(C5CCCCC5)c5ccc(C(=O)O)cc5n4CC(=O)N4CCOCC4)ccc3N2)s1
NNc1ccc(F)cc1F.O=Cc1ccc(O)c(O)c1,Oc1ccc(C=NNc2ccc(F)cc2F)cc1O
CC(Cl)(Cl)C(=O)n1nnc2ccccc21.COc1ccc(CC(N)=O)cc1OC,COc1ccc(CC(=O)NC(n2nnc3ccccc32)C(C)(Cl)Cl)cc1OC
CC(C)I.NC1CCCCC1O,CC(C)NC1CCCCC1O
CCOC(=O)c1nc(Nc2ccc(C(C)(C)C)cc2)c2ccc(-c3ncccc3C)nc2n1,Cc1cccnc1-c1ccc2c(Nc3ccc(C(C)(C)C)cc3)nc(C(=O)O)nc2n1
CCCCc1noc(C)c1COc1cc(C(=O)OC)[nH]n1.NCCO,CCCCc1noc(C)c1COc1cc(C(=O)NCCO)[nH]n1
CSc1ccc(/C=C2/C(C)=C(C=O)c3cc(F)ccc32)cc1,CSc1ccc(/C=C2/C(C)=C(CO)c3cc(F)ccc32)cc1
Fc1ccccc1CCl.OC1COC(CCl)OC1,Fc1ccccc1COC1COC(CCl)OC1
CCOC(=O)C1(F)CCN(C(=O)OC(C)(C)C)CC1,CCOC(=O)C1(F)CCNCC1
CC(C)(C)OC(=O)OC(=O)OC(C)(C)C.CCOC(=O)c1c(N)sc2ccc(Cl)nc12,CCOC(=O)c1c(NC(=O)OC(C)(C)C)sc2ccc(Cl)nc12
COc1cccc(C=C2NC(=O)CN(C(C)=O)C2=O)c1OC,COc1cccc(CC2NC(=O)CN(C(C)=O)C2=O)c1OC
CCCC(C(=O)OC)c1c(C)nc(N2CCCCC2)nc1Cl.OB(O)c1cccc2ncccc12,CCCC(C(=O)OC)c1c(C)nc(N2CCCCC2)nc1-c1cccc2ncccc12
C[C@H]1COc2c(F)c(F)c(N)c3c(=O)c(C#N)cn1c23.NCCCc1cccnc1,C[C@H]1COc2c(NCCCc3cccnc3)c(F)c(N)c3c(=O)c(C#N)cn1c23
CCCC(F)(F)CC(NC(=O)N1CCCOCC1)C(=O)O.N#CCN,CCCC(F)(F)C[C@H](NC(=O)N1CCCOCC1)C(=O)NCC#N
CNC(=O)c1c(C)oc2cc(Oc3ccnc4cc(C(=O)N5CCCC5COC)sc34)ccc12,CNC(=O)c1c(C)oc2cc(Oc3ccnc4cc(C(=O)N5CCC[C@H]5CO)sc34)ccc12
CCOC(=O)C1(C)CCC(Oc2ccc(NC(=O)C(=O)OC)cn2)CC1.NN,CCOC(=O)C1(C)CCC(Oc2ccc(NC(=O)C(=O)NN)cn2)CC1
Cc1cccc(N)c1N.O=C(O)/C=C/c1ccccc1,Cc1cccc2[nH]c(/C=C/c3ccccc3)nc12
O=C(Cl)c1ccc(-c2ccccc2)cc1.c1cc2c(o1)CNCC2,O=C(c1ccc(-c2ccccc2)cc1)N1CCc2ccoc2C1
CNc1ccc(F)cc1.O=C(O)c1c(O)c2cccc3c2n(c1=O)CCO3,CN(C(=O)c1c(O)c2cccc3c2n(c1=O)CCO3)c1ccc(F)cc1
COc1ccccc1N1CCNCC1.O=c1cnn(CCCCCl)c(=O)n1CCF,COc1ccccc1N1CCN(CCCCn2ncc(=O)n(CCF)c2=O)CC1
CCCCOC(OCCCC)[C@H](CCCNC(=N)N)NC(=O)[C@H](CC(C)C)NC(=O)OCc1ccccc1,CCCCOC(OCCCC)[C@H](CCCNC(=N)N)NC(=O)[C@@H](N)CC(C)C
COc1ccc2c(c1)C(=O)CC(C)(C)O2.O=Cc1cccc([N+](=O)[O-])c1,COc1ccc2c(c1)C(=O)C(=Cc1cccc([N+](=O)[O-])c1)C(C)(C)O2
C=[CH][Mg+].O=CC1CCCCC1,C=CC(O)C1CCCCC1
C[C@@]12CCC(CC1O)C2,C[C@@]12CCC(CC1=O)C2
CCn1ncc2c(NC3CCC(O)CC3)c(C3=NOC(CO)(CO)C3)cnc21,CCn1ncc2c(NC3CCC(=O)CC3)c(C3=NOC(CO)(CO)C3)cnc21
CC(=O)OC1CC2CC1CN(Cc1ccccc1)C2,OC1CC2CC1CN(Cc1ccccc1)C2
CC(C)(C)OC(=O)[CH2][Zn+].C[Si](C)(C)CCOCN1C(=O)c2ccc(Br)cc2S1(=O)=O,CC(C)(C)OC(=O)Cc1ccc2c(c1)S(=O)(=O)N(COCC[Si](C)(C)C)C2=O
CCCN(CC1CC1)c1ccc(C(F)(F)F)cc1C=O.[CH3][Mg+],CCCN(CC1CC1)c1ccc(C(F)(F)F)cc1C(C)O
COC(=O)CCCC=CCC1C(O)CC(OCc2ccccc2Br)C1C1OCCO1,COC(=O)CCCC=CCC1C(O)CC(OCc2ccccc2Br)C1C=O
BrCC1CCCCO1.COc1cc2c(cc1O)Nc1cc(-c3ccc([N+](=O)[O-])c(OC)c3)ccc1C(=O)N2,COc1cc2c(cc1OCC1CCCCO1)Nc1cc(-c3ccc([N+](=O)[O-])c(OC)c3)ccc1C(=O)N2
CCOC(=O)C1CCOc2c1cc(Cl)c(Oc1ccc(C(=O)OC(C)(C)C)cc1)c2Br,CCOC(=O)C1CCOc2c1cc(Cl)c(Oc1ccc(C(=O)O)cc1)c2Br
Cc1cc(B(O)O)ccn1.NCc1ccc(Cl)nc1,Cc1cc(-c2ccc(CN)cn2)ccn1
Cc1ccc(C(=O)O)c(Cl)n1.Nc1ccc2c(c1)CN(C(=O)Cc1ccccc1)C2,Cc1ccc(C(=O)Nc2ccc3c(c2)CN(C(=O)Cc2ccccc2)C3)c(Cl)n1
CCOC(=O)[C@@H](OC(C)(C)C)c1c(C)cc2nc(Br)sc2c1-c1ccc(Cl)cc1.CCc1cnn2cc(B(O)O)cnc12,CCOC(=O)[C@@H](OC(C)(C)C)c1c(C)cc2nc(-c3cnc4c(CC)cnn4c3)sc2c1-c1ccc(Cl)cc1
COC(=O)C1CC(c2cccc(OC)c2OC)c2cc(Cl)ccc2N(Cc2ccc(OC)cc2OC)C1=O,COc1ccc(CN2C(=O)C(C(=O)O)CC(c3cccc(OC)c3OC)c3cc(Cl)ccc32)c(OC)c1
CCOC(=O)c1cnc(SC)nc1NC1(c2ccccc2)CC1,CSc1ncc(C(=O)O)c(NC2(c3ccccc3)CC2)n1
CCOC(=O)C(C)(C)C(O)c1ccc(OCc2cc(C)nc3ccccc23)cc1.NO,Cc1cc(COc2ccc(C(O)C(C)(C)C(=O)NO)cc2)c2ccccc2n1
CC(C)(C)OC(=O)Nc1nc(CCO)cs1.O=[N+]([O-])c1ccc(F)cc1,CC(C)(C)OC(=O)Nc1nc(CCOc2ccc([N+](=O)[O-])cc2)cs1
BrCc1ccccc1.COC(=O)c1ncc2cc(Br)ccc2c1O,COC(=O)c1ncc2cc(Br)ccc2c1OCc1ccccc1
CCCC(=O)c1cccnc1.NNc1ccccc1,CCc1c(-c2cccnc2)[nH]c2ccccc12
NCC=CCN1CCN(c2cccc(Cl)c2Cl)CC1.O=C(O)c1ccc(O)cc1,O=C(NCC=CCN1CCN(c2cccc(Cl)c2Cl)CC1)c1ccc(O)cc1
CC#CCOc1cc(Cl)ncn1.CCNC(C)C,CC#CCOc1cc(N(CC)C(C)C)ncn1
CN1C(=O)Nc2ccc(Br)cc2S1(=O)=O.C[Si](C)(C)CCOCCl,CN1C(=O)N(COCC[Si](C)(C)C)c2ccc(Br)cc2S1(=O)=O
CCN(CC)CCO.Nc1ncc(O)cn1,CCN(CC)CCOc1cnc(N)nc1
CCOC(=O)C1CCOc2c1cc(Cl)c(Oc1ccc(C(=O)O)cc1)c2Br.Nc1cccc(-c2ccc(Cl)cc2)n1,CCOC(=O)C1CCOc2c1cc(Cl)c(Oc1ccc(C(=O)Nc3cccc(-c4ccc(Cl)cc4)n3)cc1)c2Br
CC(C)N(C=Nc1ccncc1O)C(C)C.CN(C)C(=O)Cl,CC(C)N(C=Nc1ccncc1OC(=O)N(C)C)C(C)C
CCOP(OCC)OCC.Cc1cc(CBr)ccc1[N+](=O)[O-],CCOP(=O)(Cc1ccc([N+](=O)[O-])c(C)c1)OCC
COc1ccc(CNC(=O)c2cnc(CNC(=O)OC(C)(C)C)c3c(OC)cc(OC)cc23)cc1,COc1ccc(CNC(=O)c2cnc(CN)c3c(OC)cc(OC)cc23)cc1
CCI.CCOC(=O)c1cc2cc(F)ccc2[nH]1,CCOC(=O)c1cc2cc(F)ccc2n1CC
COC(=O)C=Cc1ccc2c(-c3c(-c4cccc(C)n4)nn4c3CCC4)ccnc2c1,COC(=O)CCc1ccc2c(-c3c(-c4cccc(C)n4)nn4c3CCC4)ccnc2c1
CC(C)=CB1OC(C)(C)C(C)(C)O1.CCOC(=O)C1(NC(=O)c2cccc(C(F)(F)F)c2I)Cc2ccccc2C1,CCOC(=O)C1(NC(=O)c2cccc(C(F)(F)F)c2C=C(C)C)Cc2ccccc2C1
C[C@H](N)C(=O)O.OC1CCCC1,C[C@H](N)C(=O)OC1CCCC1
COC(=O)Nc1ccc(O)cc1C.ClCc1nc2ccccc2s1,COC(=O)Nc1ccc(OCc2nc3ccccc3s2)cc1C
O=C(CC[C@H](NC(=O)c1ccc(-c2ccc(F)c(F)c2)cc1[N+](=O)[O-])C(=O)OCc1ccccc1)OCc1ccccc1,Nc1cc(-c2ccc(F)c(F)c2)ccc1C(=O)N[C@@H](CCC(=O)OCc1ccccc1)C(=O)OCc1ccccc1
CCOC(=O)c1ccccc1.NN,NNC(=O)c1ccccc1
CCCCNc1ncc2c(-c3ccc(F)cc3)cn([C@@H]3CC[C@@H](O[Si](C)(C)C(C)(C)C)CC3)c2n1,CCCCNc1ncc2c(-c3ccc(F)cc3)cn([C@@H]3CC[C@@H](O)CC3)c2n1
CS(=O)(=O)Cl.Cc1cccc(-c2c(F)cccc2C(OCCO)[C@@H]2CCCN(C(=O)OC(C)(C)C)C2)c1,Cc1cccc(-c2c(F)cccc2C(OCCOS(C)(=O)=O)[C@@H]2CCCN(C(=O)OC(C)(C)C)C2)c1
C#Cc1cc2cn[nH]c2c(C(=O)OC)c1N,C#Cc1cc2cn[nH]c2c(C(=O)O)c1N
CCOC(=O)CCc1cccc(NC(=O)OC(C)(C)C)c1,CC(C)(C)OC(=O)Nc1cccc(CCCO)c1
BrC1CCC1.C[C@H]1CCc2c(ccc(Br)c2O)N1C(=O)C1CC1,C[C@H]1CCc2c(ccc(Br)c2OC2CCC2)N1C(=O)C1CC1
CC(=O)c1cc(C(=O)NS(=O)(=O)N2CCC2)c(F)cc1OCC12CC3CC(CC(C3)C1)C2.[CH3][Mg+],CC(C)(O)c1cc(C(=O)NS(=O)(=O)N2CCC2)c(F)cc1OCC12CC3CC(CC(C3)C1)C2
C=CCCNc1cc(C(=O)NC(CC(C)CCC=C)C2CC(C)C(=O)O2)cc(OC)n1,COc1cc2cc(n1)NCCC=CCCC(C)CC(C1CC(C)C(=O)O1)NC2=O
CC1(C)OB(c2ccc(N3C[C@H](Cn4ccnn4)OC3=O)cc2F)OC1(C)C.CCCCNC[C@@H]1CC(c2ccc(Br)cn2)=NO1,CCCCNC[C@@H]1CC(c2ccc(-c3ccc(N4C[C@H](Cn5ccnn5)OC4=O)cc3F)cn2)=NO1
COC(=O)C1CC(=O)C1(C)C,CC1(C)C(=O)CC1C(=O)O
CCCC(C(=O)OC)c1c(C)nc2sc3c(c2c1-c1ccc(CC)cc1)CCC3,CCCC(C(=O)O)c1c(C)nc2sc3c(c2c1-c1ccc(CC)cc1)CCC3
CC(C)(C)OC(=O)[C@H](N)CN1C(=O)c2ccccc2C1=O.COc1cc(C)c(S(=O)(=O)Cl)c(C)c1,COc1cc(C)c(S(=O)(=O)N[C@H](CN2C(=O)c3ccccc3C2=O)C(=O)OC(C)(C)C)c(C)c1
C1COCCN1.O=C(c1nn(C2CCCN(CCCl)C2)c2c1CS(=O)(=O)c1ccccc1-2)N1CCOCC1,O=C(c1nn(C2CCCN(CCN3CCOCC3)C2)c2c1CS(=O)(=O)c1ccccc1-2)N1CCOCC1
Nc1cc(Cl)nc(N)n1.Oc1ccc(Cl)cc1Cl,Nc1cc(Oc2ccc(Cl)cc2Cl)nc(N)n1
Cc1nc(N)sc1C(=O)NCc1ccccc1.O=C(Cl)C1CC1c1ccccc1,Cc1nc(NC(=O)C2CC2c2ccccc2)sc1C(=O)NCc1ccccc1
CO.O=c1[nH]cc(-c2ccncn2)cc1Br,Cn1cc(-c2ccncn2)cc(Br)c1=O
C1COCCN1.O=[N+]([O-])c1ccc(Cl)c(S(=O)(=O)Cl)c1Cl,O=[N+]([O-])c1ccc(Cl)c(S(=O)(=O)N2CCOCC2)c1Cl
ClCc1ccc(Cl)nc1.O=C(N=C1NCCS1)C(F)(F)F,O=C(N=C1SCCN1Cc1ccc(Cl)nc1)C(F)(F)F
COc1cc(CO)cc(OC)c1OC.Clc1ncnc2[nH]cc(I)c12,COc1cc(Cn2cc(I)c3c(Cl)ncnc32)cc(OC)c1OC
CCc1cc(O)c(F)cc1-c1ccc2c(-c3nc4c([nH]3)CCN(C(=O)c3cnc(Cl)cn3)C4)n[nH]c2c1.CN(C)[C@@H]1CCNC1,CCc1cc(O)c(F)cc1-c1ccc2c(-c3nc4c([nH]3)CCN(C(=O)c3cnc(N5CC[C@@H](N(C)C)C5)cn3)C4)n[nH]c2c1
NC1CCCCC1.O=C(O)c1cnn(-c2ccc(Br)cc2)c1C1CC1,O=C(NC1CCCCC1)c1cnn(-c2ccc(Br)cc2)c1C1CC1
CC(C)(C)OC(=O)N1CCC(C(=O)O)CC1.Nc1ccccc1Br,CC(C)(C)OC(=O)N1CCC(C(=O)Nc2ccccc2Br)CC1
CCc1ccccc1N.Clc1cc2c(cn1)ncn2C1CC1,CCc1ccccc1Nc1cc2c(cn1)ncn2C1CC1
COC(=O)C(Cc1ccc(OCCN(C)c2nc3ccccc3o2)cc1)OC,COC(Cc1ccc(OCCN(C)c2nc3ccccc3o2)cc1)C(=O)O
Clc1ncc(CCCCn2ccnn2)cn1.OCc1coc(C=Cc2ccc(C(F)(F)F)cc2F)n1,Fc1cc(C(F)(F)F)ccc1C=Cc1nc(COc2ncc(CCCCn3ccnn3)cn2)co1
CC(C)CCBr.CCOC(=O)c1c(/C=C/c2cccc(OC(F)F)c2O)nc2sccn12,CCOC(=O)c1c(/C=C/c2cccc(OC(F)F)c2OCCC(C)C)nc2sccn12
Cc1cc(Oc2c(F)cc(C(F)(F)F)cc2Cl)nn1C(=O)OC(C)(C)C,Cc1cc(Oc2c(F)cc(C(F)(F)F)cc2Cl)n[nH]1
CCCCCC(CO)c1ccc2c(c1)C(C)(C)CCN2CC.COC(=O)c1ccc(O)cc1,CCCCCC(COc1ccc(C(=O)OC)cc1)c1ccc2c(c1)C(C)(C)CCN2CC
CCOC(=O)c1cc2cc(OCCOC)cc([N+](=O)[O-])c2[nH]1,COCCOc1cc([N+](=O)[O-])c2[nH]c(C(=O)O)cc2c1
CCOC(=O)Cl.C[C@@H]1CN(C(=O)OC(C)(C)C)CCN1,CCOC(=O)N1CCN(C(=O)OC(C)(C)C)C[C@H]1C
C1CCNC1.Clc1cc(Cl)c2c(n1)CCC2,Clc1cc(N2CCCC2)nc2c1CCC2
CC(C)N=C=O.OCCc1nccn1CCCCc1ccc(OCc2coc(/C=C/c3ccc(C(F)(F)F)cc3)n2)cc1,CC(C)NC(=O)OCCc1nccn1CCCCc1ccc(OCc2coc(/C=C/c3ccc(C(F)(F)F)cc3)n2)cc1
CC(C)(C)NS(=O)(=O)c1cccc(B(O)O)c1.Cc1cc(-c2cc(C(F)(F)F)nc(-c3ccnc(Cl)c3)n2)ccc1Cl,Cc1cc(-c2cc(C(F)(F)F)nc(-c3ccnc(-c4cccc(S(=O)(=O)NC(C)(C)C)c4)c3)n2)ccc1Cl
NCCc1ccccc1.O=C(O)c1ccc2c(c1)CN(c1cc(=O)n(OCc3ccccc3)c3ncccc13)CC2,O=C(NCCc1ccccc1)c1ccc2c(c1)CN(c1cc(=O)n(OCc3ccccc3)c3ncccc13)CC2
C1=COCCC1.O=C(O)c1ccc(O)cc1,O=C(O)c1ccc(OC2CCCCO2)cc1
Cc1cccc(C(=O)NCc2ccc(C#N)cc2N)c1.O=C(CCl)Nc1ccccc1,Cc1cccc(C(=O)NCc2ccc(C#N)cc2NCC(=O)Nc2ccccc2)c1
CCOC(=O)c1cnc(-c2cc(Cc3ccc(F)cc3F)nc3c2C(=O)N2CCC[C@@H]32)cn1,O=C(O)c1cnc(-c2cc(Cc3ccc(F)cc3F)nc3c2C(=O)N2CCC[C@@H]32)cn1
CC(C)(C)c1nc2cc(S(=O)(=O)Cl)ccc2n1CC1CCC(F)(F)CC1.O[C@@H]1CCNC1,CC(C)(C)c1nc2cc(S(=O)(=O)N3CC[C@@H](O)C3)ccc2n1CC1CCC(F)(F)CC1
CCCCCCN.NCCC(=O)O,CCCCCCNC(=O)CCN
COC(=O)c1cc(Br)ccc1N,Nc1ccc(Br)cc1CO
CC(=O)NNC(=O)C(C)(C)c1ccc([N+](=O)[O-])cc1,Cc1nnc(C(C)(C)c2ccc([N+](=O)[O-])cc2)o1
COc1ccc(Cl)cc1C(C)=O,COc1ccc(Cl)cc1C(C)O
CC(C)=O.CCOC(=O)CC#N,CCOC(=O)C(C#N)=C(C)C
COC(=O)[C@@H]1NC(=O)[C@H]1CCCNC(=NC(=O)OCc1ccccc1)NC(=O)OCc1ccccc1.Cc1ccc(S(=O)(=O)Cl)cc1,COC(=O)[C@H]1[C@H](CCCNC(=NC(=O)OCc2ccccc2)NC(=O)OCc2ccccc2)C(=O)N1S(=O)(=O)c1ccc(C)cc1
CCC[CH2][Sn]([CH2]CCC)([CH2]CCC)[c]1nccc(OC)n1.CN1C(=O)C(c2ccc(OS(C)(=O)=O)cc2)(c2ccc(F)c(Br)c2)N=C1N,COc1ccnc(-c2cc(C3(c4ccc(OS(C)(=O)=O)cc4)N=C(N)N(C)C3=O)ccc2F)n1
N[C@H]1CCN(CCc2ccc(F)cc2)C1.O=S(=O)(Cl)C12CC3CC(CC(C3)C1)C2,O=S(=O)(N[C@H]1CCN(CCc2ccc(F)cc2)C1)C12CC3CC(CC(C3)C1)C2
CCOC(=O)c1cnc(Cl)c2c(COc3cccc(-c4nnn(Cc5ccc(OC)cc5)n4)c3)csc12.N,CCOC(=O)c1cnc(N)c2c(COc3cccc(-c4nnn(Cc5ccc(OC)cc5)n4)c3)csc12
Nc1cccc(F)c1F.O=C(Br)CBr,O=C(CBr)Nc1cccc(F)c1F
CC1(C)OCC(c2csc(N)n2)O1.CS(=O)(=O)c1ccc(/C(=C\C2CCCC2)C(=O)O)cc1Cl,CC1(C)OCC(c2csc(NC(=O)/C(=C/C3CCCC3)c3ccc(S(C)(=O)=O)c(Cl)c3)n2)O1
CC(C)(C)OC(=O)N1CCC(=O)C[C@H]1C(=O)OCc1ccccc1.C[P+](c1ccccc1)(c1ccccc1)c1ccccc1,C=C1CCN(C(=O)OC(C)(C)C)[C@H](C(=O)OCc2ccccc2)C1
COc1ccc(N)cc1-c1c(F)cnn1C.O=C=Nc1ccc(Br)cc1,COc1ccc(NC(=O)Nc2ccc(Br)cc2)cc1-c1c(F)cnn1C
CCOC(=O)CC(c1cc(Cl)ncn1)C1CC1.COc1ccc(F)c(-c2ncc(CO)cc2OC2CCCCO2)c1,CCOC(=O)CC(c1cc(OCc2cnc(-c3cc(OC)ccc3F)c(OC3CCCCO3)c2)ncn1)C1CC1
C1COCCN1.Cc1nc(Cl)c2nc(-c3ccccc3)cc-2[nH]1,Cc1nc(N2CCOCC2)c2nc(-c3ccccc3)cc-2[nH]1
COc1ccc(B(O)O)cc1OC.Ic1cnc2sc(NCc3ccccc3)nn12,COc1ccc(-c2cnc3sc(NCc4ccccc4)nn23)cc1OC
COC1CCC2(CCC(CO[Si](C)(C)C(C)(C)C)CC2)CC1,COC1CCC2(CCC(CO)CC2)CC1
C[C@H]1COCCN1c1nc2c(c(-c3ccc(N)cc3)n1)CN(C(=O)OC(C)(C)C)C2.O=C(Cl)Oc1ccccc1,C[C@H]1COCCN1c1nc2c(c(-c3ccc(NC(=O)Oc4ccccc4)cc3)n1)CN(C(=O)OC(C)(C)C)C2
Cc1cc(C(=O)OC(C)(C)C)ccc1Br.O=C1CCC(=O)N1Br,CC(C)(C)OC(=O)c1ccc(Br)c(CBr)c1
O=C1C=CCC1(c1ccccc1)c1ccccc1,OC1C=CCC1(c1ccccc1)c1ccccc1
CC1(C)OB(B2OC(C)(C)C(C)(C)O2)OC1(C)C.Cc1c(Br)cccc1-n1c(=O)c2ccccc2n(C)c1=O,Cc1c(B2OC(C)(C)C(C)(C)O2)cccc1-n1c(=O)c2ccccc2n(C)c1=O
FC(F)(F)c1ccc(/C=C/c2nc(CCl)co2)cc1.Oc1ccc(CCCCCl)cc1,FC(F)(F)c1ccc(/C=C/c2nc(COc3ccc(CCCCCl)cc3)co2)cc1
CCCOc1ccc(S(=O)(=O)Cl)cc1.N[C@H](Cc1ccccc1)C(=O)NO,CCCOc1ccc(S(=O)(=O)N[C@H](Cc2ccccc2)C(=O)NO)cc1
C[C@@H]1CCS(=O)(=O)N1.Cc1cnc(N2CCN(C(=O)c3ccc(I)cc3F)CC2)c(C2CC2)c1,Cc1cnc(N2CCN(C(=O)c3ccc(N4[C@H](C)CCS4(=O)=O)cc3F)CC2)c(C2CC2)c1
N#Cc1cc(F)cnc1Cl.OB(O)c1ccc(F)cc1,N#Cc1cc(F)cnc1-c1ccc(F)cc1
CCOC(=O)CN.Cc1cc(-c2ccc(O)nc2)cc(C=O)c1N,CCOC(=O)CNCc1cc(-c2ccc(O)nc2)cc(C)c1N
C[C@H](N)CO.O=C(CNc1nc(Cl)ncc1Cl)NC(CO)c1cccc(Cl)c1,CC(CO)Nc1ncc(Cl)c(NCC(=O)NC(CO)c2cccc(Cl)c2)n1
Cn1c(C=O)cnc1-c1ccc2ncnc(Nc3ccc(OCc4ccccc4)cc3)c2c1.NC(=O)[C@@H]1CCCN1,Cn1c(CN2CCC[C@H]2C(N)=O)cnc1-c1ccc2ncnc(Nc3ccc(OCc4ccccc4)cc3)c2c1
CC(C)c1ccc2c(Nc3cccc(C(=O)Nc4ccc(Sc5ccc(NC(=O)OC(C)(C)C)cc5)c(Nc5ncnc6nc(C(C)C)ccc56)c4)c3)ncnc2n1,CC(C)c1ccc2c(Nc3cccc(C(=O)Nc4ccc(Sc5ccc(N)cc5)c(Nc5ncnc6nc(C(C)C)ccc56)c4)c3)ncnc2n1
CCI.CCOC(=O)c1c(-c2ccc(OCC3CC3)cc2)c2cc(O)ccc2n1Cc1cccc(OC)c1,CCOC(=O)c1c(-c2ccc(OCC3CC3)cc2)c2cc(OCC)ccc2n1Cc1cccc(OC)c1
O=C(O)CCC(=O)Nc1ccc([N+](=O)[O-])cc1,Nc1ccc(NC(=O)CCC(=O)O)cc1
COc1cc(Br)c(F)cc1-n1c(=O)cnc2cc(S(=O)(=O)Cl)ccc21.Nc1ccon1,COc1cc(Br)c(F)cc1-n1c(=O)cnc2cc(S(=O)(=O)Nc3ccon3)ccc21
C=CCOc1c(C)cc(C(=O)NN)cc1C.Cc1c(CC(C)C)csc1C(=O)O,C=CCOc1c(C)cc(C(=O)NNC(=O)c2scc(CC(C)C)c2C)cc1C
COc1ccc(Cn2nnc(-c3cnc4cc(C(=O)Nc5nc(C(C)C)cs5)ccn4c3=O)n2)cc1,CC(C)c1csc(NC(=O)c2ccn3c(=O)c(-c4nn[nH]n4)cnc3c2)n1
CCOC(=O)c1cc2c(C)ccc(OCCO)c2[nH]1.CS(=O)(=O)Cl,CCOC(=O)c1cc2c(C)ccc(OCCOS(C)(=O)=O)c2[nH]1
COC(=O)C1(Oc2ccc(Cc3cc([C@@]4(O)O[C@H](CO)[C@@H](O)[C@H](O)[C@H]4O)ccc3Cl)cc2)CCCC1,O=C(O)C1(Oc2ccc(Cc3cc([C@@]4(O)O[C@H](CO)[C@@H](O)[C@H](O)[C@H]4O)ccc3Cl)cc2)CCCC1
CC(=O)N1CCNCC1.Cc1cc(F)ccc1[N+](=O)[O-],CC(=O)N1CCN(c2ccc([N+](=O)[O-])c(C)c2)CC1
CNc1ccccc1.O=C(Br)CBr,CN(C(=O)CBr)c1ccccc1
C[C@@]1(c2cc(N)ccc2F)C[C@@H](C(F)(F)F)OC(NC(=O)c2ccccc2)=N1.Clc1ccc2nc(Cl)oc2c1,C[C@@]1(c2cc(Nc3nc4ccc(Cl)cc4o3)ccc2F)C[C@@H](C(F)(F)F)OC(NC(=O)c2ccccc2)=N1
CCCS(=O)(=O)Cl.NC(=O)c1cc(-c2ccc(Cl)cc2)cc2c(C3CCNCC3)c[nH]c12,CCCS(=O)(=O)N1CCC(c2c[nH]c3c(C(N)=O)cc(-c4ccc(Cl)cc4)cc23)CC1
O=C(O)C1(c2ccc(Cl)cc2)CC1.OC1CCNC1,O=C(N1CCC(O)C1)C1(c2ccc(Cl)cc2)CC1
CC(C)(C)OC(=O)N1CCN(c2ccc(F)c(Cl)c2Cl)CC1,Fc1ccc(N2CCNCC2)c(Cl)c1Cl
COC(=O)c1ncn(Cc2ccc(-c3onc(C)c3NC(=O)OC(C)c3ccccc3Cl)cc2)n1,Cc1noc(-c2ccc(Cn3cnc(C(=O)O)n3)cc2)c1NC(=O)OC(C)c1ccccc1Cl
ClCCCn1ccc2ncnc(Cl)c21.Nc1ccc(Oc2cccc(C(F)(F)F)c2)c(Cl)c1,FC(F)(F)c1cccc(Oc2ccc(Nc3ncnc4ccn(CCCCl)c34)cc2Cl)c1
CC1(C)CC2(CCCN(C3CCN(C(=O)c4cc(Cl)nc5ccccc45)CC3)C2)C(=O)O1.OC1CCNCC1,CC1(C)CC2(CCCN(C3CCN(C(=O)c4cc(N5CCC(O)CC5)nc5ccccc45)CC3)C2)C(=O)O1
CC(c1ccc(O)cc1)(c1ccc(O)cc1)c1ccc(O)cc1.COC(=O)CBr,COC(=O)COc1ccc(C(C)(c2ccc(O)cc2)c2ccc(O)cc2)cc1
CCOC(=O)c1ccc(O)cc1.COCCOCCBr,CCOC(=O)c1ccc(OCCOCCOC)cc1
CC(C)(C)OC(=O)N1CCNCC1.Nc1ccc(C(=O)O)cc1,CC(C)(C)OC(=O)N1CCN(C(=O)c2ccc(N)cc2)CC1
CNc1ccccc1.O=[N+]([O-])c1cc(Cl)ccc1F,CN(c1ccccc1)c1ccc(Cl)cc1[N+](=O)[O-]
C=O.OCCC(CO)(c1ccccc1)c1ccccc1,OCCC1(c2ccccc2)COCc2ccccc21
CC(C)(C)OC(=O)N(CCN(Cc1ccc(F)cc1)C(=O)OC(C)(C)C)CCN1C(=O)c2ccccc2C1=O,CC(C)(C)OC(=O)N(CCN)CCN(Cc1ccc(F)cc1)C(=O)OC(C)(C)C
COc1cc(Nc2ncnc(-n3c(Cl)nc4ccccc43)n2)cc(OC)c1OC.NC(=O)c1cccc(N)c1,COc1cc(Nc2ncnc(-n3c(Nc4cccc(C(N)=O)c4)nc4ccccc43)n2)cc(OC)c1OC
C[C@@]1(O)[C@H](O)[C@@H](CO)O[C@H]1n1cnc2c(Br)ncnc21.OB(O)c1ccsc1,C[C@@]1(O)[C@H](O)[C@@H](CO)O[C@H]1n1cnc2c(-c3ccsc3)ncnc21
CC1=CC(=O)CC(C)C1.NO,CC1=CC(=NO)CC(C)C1
CC(C)(C)OC(=O)OC(=O)OC(C)(C)C.CCOC(=O)C(N)Cc1c[nH]c2cc(-c3ccc(Oc4ccccc4)cc3)ccc12,CCOC(=O)C(Cc1c[nH]c2cc(-c3ccc(Oc4ccccc4)cc3)ccc12)NC(=O)OC(C)(C)C
CCOC(=O)C1CCNCC1.N#Cc1cccc(F)c1,CCOC(=O)C1CCN(c2cccc(C#N)c2)CC1
CCC(CC)(c1ccc(O)c(C)c1)c1ccc(C#CC(OCOC)(C(F)(F)F)C(F)(F)F)c(C)c1.O=C1CCC[C@@H](CO)O1,CCC(CC)(c1ccc(C#CC(OCOC)(C(F)(F)F)C(F)(F)F)c(C)c1)c1ccc(OC[C@@H]2CCCC(=O)O2)c(C)c1
COc1ccc2c(ccn2C)c1F,Cn1ccc2c(F)c(O)ccc21
CC(C)(C)OC(=O)N1CCC(CCC(=O)c2ccccc2NCCCNC(=O)OCc2ccccc2)CC1.COC(=O)C(=O)Cl,COC(=O)C(=O)N(CCCNC(=O)OCc1ccccc1)c1ccccc1C(=O)CCC1CCN(C(=O)OC(C)(C)C)CC1
CCCCc1oc2ccc([N+](=O)[O-])cc2c1C(=O)c1ccc(OCCCN(CCCC)CCCC)cc1,CCCCc1oc2ccc(N)cc2c1C(=O)c1ccc(OCCCN(CCCC)CCCC)cc1
COC(=O)C(C)(C)C(C)Nc1c(C(N)=O)cnn2cc(Br)cc12.OB(O)c1ccccc1,COC(=O)C(C)(C)C(C)Nc1c(C(N)=O)cnn2cc(-c3ccccc3)cc12
CCOC(=O)[C@H](CNC(=O)CNC(=O)OCc1ccccc1)NS(=O)(=O)c1ccccc1,CCOC(=O)[C@H](CNC(=O)CN)NS(=O)(=O)c1ccccc1
CC(C)(C)C=O.COc1ccc(N)c([N+](=O)[O-])c1,COc1ccc(NCC(C)(C)C)c([N+](=O)[O-])c1
C#CCCCO.O=S(=O)(Oc1ccc2c(-c3ccc(Br)cc3)nsc2c1)C(F)(F)F,OCCCC#Cc1ccc2c(-c3ccc(Br)cc3)nsc2c1
C[SiH](C)Oc1c(C(C)(C)C)ccc(N)c1NC(=O)c1ccc(C(C)(C)C)cc1.O=C(O)c1ccc2cc[nH]c2c1,C[SiH](C)Oc1c(C(C)(C)C)ccc(NC(=O)c2ccc3cc[nH]c3c2)c1NC(=O)c1ccc(C(C)(C)C)cc1
CCI.C[C@@H](CO)N1C(=O)c2ccccc2C1=O,CCOC[C@H](C)N1C(=O)c2ccccc2C1=O
C1COCCN1.Nc1ncnc2c1c(-c1cccc(OCc3ccccc3)c1)cn2[C@H]1C[C@H](CNC(=O)NCCBr)C1,Nc1ncnc2c1c(-c1cccc(OCc3ccccc3)c1)cn2[C@@H]1C[C@@H](CNC(=O)NCCN2CCOCC2)C1
CC1CN(c2nccnc2Cl)CCN1C(=O)OC(C)(C)C.OCCO,CC1CN(c2nccnc2OCCO)CCN1C(=O)OC(C)(C)C
CC(=O)Cl.C[C@@H]1NC(=O)OC1=O,CC(=O)N1C(=O)OC(=O)[C@@H]1C
CNC/C=C/C#CC(C)(C)C.ClCc1cccc2ccccc12,CN(C/C=C/C#CC(C)(C)C)Cc1cccc2ccccc12
Nc1ccnnc1.O=C(Cl)CCl,O=C(CCl)Nc1ccnnc1
CC(C)(C)OC(=O)N[C@@H](C[C@@H](O)CNC(=O)OCc1ccccc1)C(=O)OC(C)(C)C.CS(=O)(=O)Cl,CC(C)(C)OC(=O)N[C@@H](C[C@H](CNC(=O)OCc1ccccc1)OS(C)(=O)=O)C(=O)OC(C)(C)C
C#CC(=O)O.N#CCCO,C#CC(=O)OCCC#N
O=C1Cc2cc(CCCl)c(Cl)cc2N1.c1ccc2c(N3CCNCC3)nsc2c1,O=C1Cc2cc(CCN3CCN(c4nsc5ccccc45)CC3)c(Cl)cc2N1
CCCCOC(=O)N1CCN(C(=O)[C@H](CCC(=O)OC(C)(C)C)NC(=O)c2cc(OCC(=O)O)n(-c3ccccc3)n2)CC1.O=C(OCc1ccccc1)[C@@H]1CCCN1,CCCCOC(=O)N1CCN(C(=O)[C@H](CCC(=O)OC(C)(C)C)NC(=O)c2cc(OCC(=O)N3CCC[C@H]3C(=O)OCc3ccccc3)n(-c3ccccc3)n2)CC1
Nc1ccc(O)cc1Cl.O=C(Cl)CC12CC3CC(CC(C3)C1)C2,O=C(CC12CC3CC(CC(C3)C1)C2)Nc1ccc(O)cc1Cl
Cc1ncc(CN2CCN(c3cccc4ccc(OCc5ccccc5)cc34)C(=O)C2)n1Cc1ccc(C#N)c(F)c1,Cc1ncc(CN2CCN(c3cccc4ccc(O)cc34)C(=O)C2)n1Cc1ccc(C#N)c(F)c1
C=O.Cc1cc2c(c(C)c1C(F)(F)F)N(CC1CCNCC1)CCC[C@@H]2N(Cc1cc(C(F)(F)F)cc(C(F)(F)F)c1)c1nnn(C)n1,Cc1cc2c(c(C)c1C(F)(F)F)N(CC1CCN(C)CC1)CCC[C@@H]2N(Cc1cc(C(F)(F)F)cc(C(F)(F)F)c1)c1nnn(C)n1
CCCC(=C(c1ccc(O)cc1)c1ccc(O)cc1)c1cccc(OCCOCCOC(C)=O)c1,CCCC(=C(c1ccc(O)cc1)c1ccc(O)cc1)c1cccc(OCCOCCO)c1
CC(CCn1nc(N)c2cc(Cl)ccc21)N1CCCCC1.CCN(CC)CCCBr,CCN(CC)CCCNc1nn(CCC(C)N2CCCCC2)c2ccc(Cl)cc12
COC1=C(OC)C(=O)C(Cc2ccc(OC(C)=O)c(C(=O)Nc3ccc(OC)nc3OC)c2)=C(C)C1=O,COC1=C(OC)C(=O)C(Cc2ccc(O)c(C(=O)Nc3ccc(OC)nc3OC)c2)=C(C)C1=O
CC[CH2][Mg+].COc1ccc(CN2CCCC(C(=O)N(C)OC)C2)cc1,CCCC(=O)C1CCCN(Cc2ccc(OC)cc2)C1
BrCc1ccccc1.CCCc1nc2c(NS(=O)(=O)c3cccc(F)c3)cccc2n1CC(=O)OC(C)(C)C,CCCc1nc2c(N(Cc3ccccc3)S(=O)(=O)c3cccc(F)c3)cccc2n1CC(=O)OC(C)(C)C
COc1ccc(C[C@H]2CCCN2C(=O)C(F)(F)F)cc1OC,COc1ccc(C[C@H]2CCCN2)cc1OC
COC(=O)c1nc(OC)ccc1OCc1ccccc1,COc1ccc(OCc2ccccc2)c(C(=O)O)n1
CC1(C)OB(c2ccc3cn[nH]c3c2)OC1(C)C.COc1ccc2[nH]c(=O)c3sccc3c2c1Br,COc1ccc2[nH]c(=O)c3sccc3c2c1-c1ccc2cn[nH]c2c1
Nn1nc(-c2ccc(Cl)cc2)c2ccccc2c1=O.O=C(O)Cc1ccc2ccccc2c1,O=C(Cc1ccc2ccccc2c1)Nn1nc(-c2ccc(Cl)cc2)c2ccccc2c1=O
COC(=O)CCc1cnc(C[C@H]2O[C@H](c3cccc(OC)c3OC)c3cc(Cl)ccc3-n3c(C(F)F)nnc32)o1,COc1cccc([C@H]2O[C@H](Cc3ncc(CCC(=O)O)o3)c3nnc(C(F)F)n3-c3ccc(Cl)cc32)c1OC
CB1OB(C)OB(C)O1.COC(=O)c1cc(Br)cc(CO)c1,COC(=O)c1cc(C)cc(CO)c1
COC(=O)C(N)Cc1ccc(Br)cc1.O=C(O)c1cc(Cl)ccc1O,COC(=O)[C@H](Cc1ccc(Br)cc1)NC(=O)c1cc(Cl)ccc1O
CCOC(=O)C(=Cc1cc(OC)ccc1OC)C(C)=O,CCOC(=O)C(Cc1cc(OC)ccc1OC)C(C)=O
[N-]=[N+]=NCc1ccccc1-c1ccccc1C(=O)Nc1ccc(C(=O)N2CCCc3ccccc32)cc1,NCc1ccccc1-c1ccccc1C(=O)Nc1ccc(C(=O)N2CCCc3ccccc32)cc1
CCc1cc2c(N3CCNCC3)nc(SCC(=O)OC)nc2s1.O=C(Cl)c1ccc(-n2cccn2)cc1,CCc1cc2c(N3CCN(C(=O)c4ccc(-n5cccn5)cc4)CC3)nc(SCC(=O)OC)nc2s1
CCOC(=O)Cl.c1ccc2c(c1)Cc1ccccc1C(N1CCNCC1)=N2,CCOC(=O)N1CCN(C2=Nc3ccccc3Cc3ccccc32)CC1
CC(C)C[C@H](N[C@H](CCO)C(=O)OC(C)(C)C)C(=O)NCc1ccccc1.O=C1NC(=O)c2cc(Br)ccc21,CC(C)C[C@H](N[C@H](CCN1C(=O)c2ccc(Br)cc2C1=O)C(=O)OC(C)(C)C)C(=O)NCc1ccccc1
CC(C)(C)OC(=O)NC1(c2ccccc2)CC2SCC(C(N)=O)N2C1=O,CC(C)(C)OC(=O)NC1(c2ccccc2)CC2SCC(C#N)N2C1=O
C=[CH][Sn]([CH2]CCC)([CH2]CCC)[CH2]CCC.O=[N+]([O-])c1ccc(Cl)cc1F,C=Cc1ccc([N+](=O)[O-])c(F)c1
C=O.CC(C)(C)OC(=O)N1CCC(NCc2ccccc2)CC1,CN(Cc1ccccc1)C1CCN(C(=O)OC(C)(C)C)CC1
Clc1ccnc(Cl)n1.OB(O)C1CC1,Clc1nccc(C2CC2)n1
O=C1[C@H]2CCC[C@H]2Nc2ccccc2N1Cc1cccc([N+](=O)[O-])c1,Nc1cccc(CN2C(=O)[C@H]3CCC[C@H]3Nc3ccccc32)c1
CC(C)(C)OC(=O)Nc1ccn2nc(-c3cccnc3)nc2c1,Nc1ccn2nc(-c3cccnc3)nc2c1
COC(=O)[C@@H](OC(C)(C)C)c1c(C)c(-c2ccc(F)cc2)c2nc3cn2c1N1CCC(C)(CC1)OCCCC[C@H](C)Oc1ccc(F)cc1-c1cccc-3c1,Cc1c([C@H](OC(C)(C)C)C(=O)O)c2n3cc(nc3c1-c1ccc(F)cc1)-c1cccc(c1)-c1cc(F)ccc1O[C@@H](C)CCCCOC1(C)CCN2CC1
CCn1nc(C)c(C(=O)c2ccccc2)c1Cl.COc1ccc(O)cc1,CCn1nc(C)c(C(=O)c2ccccc2)c1Oc1ccc(OC)cc1
COC(=O)Cc1cccc(Cc2nc3c(F)c(F)cc(F)c3s2)c1,O=C(O)Cc1cccc(Cc2nc3c(F)c(F)cc(F)c3s2)c1
Cc1cnc2[nH]c3c(OS(=O)(=O)C(F)(F)F)cccc3c2c1.OB(O)c1ccccc1,Cc1cnc2[nH]c3c(-c4ccccc4)cccc3c2c1
CN(C(=O)c1ccc(Cl)cc1)[C@@H]1CCNC[C@H]1c1ccc(Cl)c(Cl)c1.N#Cc1cccnc1Cl,CN(C(=O)c1ccc(Cl)cc1)[C@@H]1CCN(c2ncccc2C#N)C[C@H]1c1ccc(Cl)c(Cl)c1
Nc1ccccc1.O=C(Cl)c1cc([N+](=O)[O-])cc([N+](=O)[O-])c1,O=C(Nc1ccccc1)c1cc([N+](=O)[O-])cc([N+](=O)[O-])c1
COc1cnc2ccc(CC(=O)OC(C)(C)C)cc2c1,COc1cnc2ccc(CC(=O)O)cc2c1
CNC=O.O=C(Cl)C(Cl)Cl,CN(C=O)C(=O)C(Cl)Cl
O=C(O)C12CCN(CC1)CC2,OCC12CCN(CC1)CC2
CN(C)C(=O)COc1cc(Cl)ccc1C(=O)O.NCCN1CCC(Oc2ccc(Cl)c(Cl)c2)CC1,CN(C)C(=O)COc1cc(Cl)ccc1C(=O)NCCN1CCC(Oc2ccc(Cl)c(Cl)c2)CC1
COc1ccc(C=CC=O)cc1.N#CCC#N,COc1ccc(C=CC=C(C#N)C#N)cc1
O=C1c2ccccc2C(=O)N1CCc1nnc2n1-c1ccc(Cl)cc1C(c1ccccc1)=NC2,NCCc1nnc2n1-c1ccc(Cl)cc1C(c1ccccc1)=NC2
CN(C)c1ncc(B2OC(C)(C)C(C)(C)O2)cn1.Cc1nn(C(C)C)cc1-n1c(=O)n(C)c2cnc3ccc(Br)cc3c21,Cc1nn(C(C)C)cc1-n1c(=O)n(C)c2cnc3ccc(-c4cnc(N(C)C)nc4)cc3c21
C[C@@H]1CN(C(=O)OC(C)(C)C)[C@@H](C)CN1c1cc2c(cc1-c1ccccc1F)OCC1=NNC(=O)[C@@H](C)N12,C[C@@H]1CN[C@@H](C)CN1c1cc2c(cc1-c1ccccc1F)OCC1=NNC(=O)[C@@H](C)N12
Cc1cc(N)ncc1Br.N#[C][Cu],Cc1cc(N)ncc1C#N
O=C1c2ccccc2C(=O)N1CCN1CCC(NC(c2ccccc2)c2ccccc2)CC1,NCCN1CCC(NC(c2ccccc2)c2ccccc2)CC1
CCOc1noc(C2CNCC(c3ccc(CC(F)(F)F)cc3)C2)n1.O=C(Cl)Oc1ccc([N+](=O)[O-])cc1,CCOc1noc(C2CC(c3ccc(CC(F)(F)F)cc3)CN(C(=O)Oc3ccc([N+](=O)[O-])cc3)C2)n1
NC1CCC(Nc2ccc3ccccc3n2)CC1.O=Cc1ccsc1,c1ccc2nc(NC3CCC(NCc4ccsc4)CC3)ccc2c1
Cc1ccc(S(=O)(=O)OCC2Oc3cc(Cl)cc(Br)c3O2)cc1.OB(O)c1cc(F)ccc1F,Cc1ccc(S(=O)(=O)OCC2Oc3cc(Cl)cc(-c4cc(F)ccc4F)c3O2)cc1
CC(=O)OC(CCCc1ccccc1)C1=CC(=O)OC1O.CO,COC1OC(=O)C=C1C(CCCc1ccccc1)OC(C)=O
COc1ccc(-c2ccnn2-c2ccc(Br)cc2)cc1O[C@@H]1CCOC1.COc1ccc(B(O)O)cn1,COc1ccc(-c2ccc(-n3nccc3-c3ccc(OC)c(O[C@@H]4CCOC4)c3)cc2)cn1
Cc1ccc(-c2c(CNC(=O)OCc3ccccc3)c(CC(C)(C)C)nc(C)c2C(=O)O)cc1,Cc1ccc(-c2c(CN)c(CC(C)(C)C)nc(C)c2C(=O)O)cc1
CC(C)(C)OC(=O)N1CCC(C#N)(c2cccs2)CC1,N#CC1(c2cccs2)CCNCC1
COC(=O)Cc1cccc(OCC(C)=O)c1.NCC(O)c1cccc(Cl)c1,COC(=O)Cc1cccc(OCC(C)NCC(O)c2cccc(Cl)c2)c1
CC1(C)[C@@H]2CC[C@@]1(C)c1[nH]n(-c3ccccc3)c(=O)c12.CCBr,CCn1c2c(c(=O)n1-c1ccccc1)[C@H]1CC[C@]2(C)C1(C)C
COC(=O)c1cncc(-c2ccc(OC(F)F)cc2)c1,COC(=O)C1CNCC(c2ccc(OC(F)F)cc2)C1
CCOC(=O)N1CC[C@](O)(c2cccc(-c3ccccc3)c2)[C@@H](O)C1,CCOC(=O)N1CC[C@H](c2cccc(-c3ccccc3)c2)[C@@H](O)C1
COc1cc(C2CCC(O)O2)cc(OC)c1OC.O=C1c2ccccc2C(=O)N1CCCO,COc1cc([C@H]2CC[C@@H](OCCCN3C(=O)c4ccccc4C3=O)O2)cc(OC)c1OC
COC(=O)[C@H](CCC(N)=O)NC(=O)OCc1ccccc1,COC(=O)[C@H](CCC#N)NC(=O)OCc1ccccc1
COCCOCCN.N#CN,COCCOCCNC(=N)N
CN1CCC(Oc2ccc(-c3n[nH]c4ccc(N)cc34)cc2)CC1.Cc1cc(C)c(N=C=O)c(Cl)c1,Cc1cc(C)c(NC(=O)Nc2ccc3[nH]nc(-c4ccc(OC5CCN(C)CC5)cc4)c3c2)c(Cl)c1
COC(=O)c1cc2[nH]c(-c3ccc(Cl)cc3)c(C3=CCCCC3)c2s1,COC(=O)c1cc2[nH]c(-c3ccc(Cl)cc3)c(C3CCCCC3)c2s1
Cc1cccc(C#CC2=NOC3(CCN(C(=O)OC(C)(C)C)C3)C2)n1,Cc1cccc(C#CC2=NOC3(CCNC3)C2)n1
N[C@@H]1c2ccccc2C[C@@H]1O.O=C(Cl)CCl,O=C(CCl)N[C@@H]1c2ccccc2C[C@@H]1O
CC(C)(CN)CO.COC(=O)c1ccc(OCc2c(-c3ccc(F)c(F)c3)noc2C)nc1,Cc1onc(-c2ccc(F)c(F)c2)c1COc1ccc(C(=O)NCC(C)(C)CO)cn1
CN1CCN(S(=O)(=O)Oc2cncc(Br)c2)CC1.Cn1c(B(O)O)cc2ccccc21,CN1CCN(S(=O)(=O)Oc2cncc(-c3cc4ccccc4n3C)c2)CC1
BrCc1ccccc1.O=c1ccoc(CO)c1O,O=c1ccoc(CO)c1OCc1ccccc1
CC(=O)c1ccc(N2CCN(C(=O)c3noc4c3CNCC4)CC2)cc1.Cc1ccc(S(=O)(=O)O)cc1,CC(=O)c1ccc(N2CCN(C(=O)c3noc4c3CN(S(=O)(=O)c3ccc(C)cc3)CC4)CC2)cc1
CCCCCCCCC1(CCCCCCCC)c2ccccc2-c2ccc(C#C[Si](C)(C)C)cc21,C#Cc1ccc2c(c1)C(CCCCCCCC)(CCCCCCCC)c1ccccc1-2
Fc1nccc(I)c1F.Nc1cc[nH]n1,Nc1ccn(-c2nccc(I)c2F)n1
CC(C)(C)CC(=O)Nc1ccc(O)nc1.CN(C(=O)Cl)c1ccccc1,CN(C(=O)Oc1ccc(NC(=O)CC(C)(C)C)cn1)c1ccccc1
CN1CCNCC1.O=[N+]([O-])c1cc(C(F)(F)F)ccc1S(=O)(=O)Cl,CN1CCN(S(=O)(=O)c2ccc(C(F)(F)F)cc2[N+](=O)[O-])CC1
CC(=O)N1CCn2c1nc1c2c(=O)n(CCCC[C@@H](C)N=[N+]=[N-])c(=O)n1C,CC(=O)N1CCn2c1nc1c2c(=O)n(CCCC[C@@H](C)N)c(=O)n1C
C=C(C)C(=O)Cl.CCCC[P+](CCO)(CCCC)CCCC,C=C(C)C(=O)OCC[P+](CCCC)(CCCC)CCCC
CCS(=O)(=O)N[C@H](C(=O)O)C(C)C.COc1cc(-c2ccccc2N)ccc1O[Si](c1ccccc1)(c1ccccc1)C(C)(C)C,CCS(=O)(=O)N[C@H](C(=O)Nc1ccccc1-c1ccc(O[Si](c2ccccc2)(c2ccccc2)C(C)(C)C)c(OC)c1)C(C)C
CC(=O)Cl.O=C(c1nnn(Cc2cc(C(F)(F)F)cc(C(F)(F)F)c2)c1N1CCNCC1)N1CCC[C@@H]1c1ccccc1Cl,CC(=O)N1CCN(c2c(C(=O)N3CCC[C@@H]3c3ccccc3Cl)nnn2Cc2cc(C(F)(F)F)cc(C(F)(F)F)c2)CC1
O=[N+]([O-])c1ccc(Cn2nccn2)cc1,Nc1ccc(Cn2nccn2)cc1
O=Cc1cccc(OCCCC2OCCO2)c1,OCc1cccc(OCCCC2OCCO2)c1
CC(C)(C)OC(=O)NC1=NC(CF)(c2cccc(NC(=O)c3ccc(Br)cn3)c2)COC1,NC1=NC(CF)(c2cccc(NC(=O)c3ccc(Br)cn3)c2)COC1
CCCCCCCCC1Cc2c(F)cc(Br)cc2C1=O,CCCCCCCCC1Cc2cc(Br)cc(F)c2C1
COCOc1nn(-c2ccccc2)cc1/C=C/c1nc(N2CCN(C(=O)OC(C)(C)C)CC2)sc1C,Cc1sc(N2CCN(C(=O)OC(C)(C)C)CC2)nc1/C=C/c1cn(-c2ccccc2)nc1O
Cn1cnc2c(NC3Cc4ccccc4C3)nc(Cl)nc21.NN,Cn1cnc2c(NC3Cc4ccccc4C3)nc(NN)nc21
CC(C)(C)OC(=O)CCNC(=O)c1cc2c(Nc3ccc(-c4ccccc4)cc3)cncc2s1,O=C(O)CCNC(=O)c1cc2c(Nc3ccc(-c4ccccc4)cc3)cncc2s1
Cc1nc(Cl)ccc1C(=O)Nc1ccc(Cl)c(-c2ccccn2)c1.NCCCn1ccnc1,Cc1nc(NCCCn2ccnc2)ccc1C(=O)Nc1ccc(Cl)c(-c2ccccn2)c1
Cc1ccc(C(=O)Cl)cc1.Cc1ccc2nc(N)sc2c1,Cc1ccc(C(=O)Nc2nc3ccc(C)cc3s2)cc1
COc1cc(N)c(CO)cc1Br,COc1cc(N)c(C=O)cc1Br
CC(C)(C)[Si](C)(C)O[C@@H](CBr)c1ccc(OCc2ccccc2)c2[nH]c(=O)ccc12.NCCc1ccc(NC[C@@H](O)c2ccccc2)cc1,CC(C)(C)[Si](C)(C)O[C@@H](CNCCc1ccc(NC[C@@H](O)c2ccccc2)cc1)c1ccc(OCc2ccccc2)c2[nH]c(=O)ccc12
CCOC(=O)C(C)Oc1cccc(Oc2c(Cl)cc(C(F)(F)F)cc2Cl)c1,CC(Oc1cccc(Oc2c(Cl)cc(C(F)(F)F)cc2Cl)c1)C(=O)O
CC(C)(C)OC(=O)N1CCC(Nc2ncccc2[N+](=O)[O-])CC1,O=[N+]([O-])c1cccnc1NC1CCNCC1
CCOC(=O)CSC(CCCCOS(C)(=O)=O)CCCc1cccnc1.[N-]=[N+]=[N-],CCOC(=O)CSC(CCCCN=[N+]=[N-])CCCc1cccnc1
C#Cc1ccc(Cl)nc1C.CC(C)=O,Cc1nc(Cl)ccc1C#CC(C)(C)O
CCCCC1(CC)CN(c2ccccc2)c2cc(OCC(=O)OCC)ccc2S(=O)(=O)C1,CCCCC1(CC)CN(c2ccccc2)c2cc(OCC(=O)O)ccc2S(=O)(=O)C1
CC(C)(C)OC(=O)N1CCC[C@@H]([C@@H](OCCOS(C)(=O)=O)c2cccc(Cl)c2)C1.[N-]=[N+]=[N-],CC(C)(C)OC(=O)N1CCC[C@@H]([C@@H](OCCN=[N+]=[N-])c2cccc(Cl)c2)C1
C[C@H]1CNCCN1c1ccc(C(C)(O)C(F)(F)F)cc1.O=S(=O)(Cl)c1ccoc1,C[C@H]1CN(S(=O)(=O)c2ccoc2)CCN1c1ccc(C(C)(O)C(F)(F)F)cc1
CC(Br)C(=O)c1cccc(Cl)c1.c1ccc(CC2CCNCC2)cc1,CC(C(=O)c1cccc(Cl)c1)N1CCC(Cc2ccccc2)CC1
CCn1c(=O)nc(-c2cccc(Cl)c2)c2ccc(C(C)OC(C)=O)nc21,CCn1c(=O)nc(-c2cccc(Cl)c2)c2ccc(C(C)O)nc21
CC(=O)OC(C)=O.COCCNCc1ccc(-c2cc3nccc(Oc4ccc(NC(=O)NC5CC5)c(F)c4F)c3s2)nc1,COCCN(Cc1ccc(-c2cc3nccc(Oc4ccc(NC(=O)NC5CC5)c(F)c4F)c3s2)nc1)C(C)=O
CC1(C)CCN(c2cccc([N+](=O)[O-])c2)CC1,CC1(C)CCN(c2cccc(N)c2)CC1
CC1CC(=O)NN=C1c1ccc(-n2ccc(C=O)c2)cc1.CNC,CC1CC(=O)NN=C1c1ccc(-n2ccc(CN(C)C)c2)cc1
C=CC(C)(C)O.COc1ccc(O)cc1,C=CC(C)(C)Oc1ccc(OC)cc1
CC(C)(C)OC(=O)N1Cc2ccccc2C1C(=O)NCC(F)(F)F,O=C(NCC(F)(F)F)C1NCc2ccccc21
COCCC[CH2][Mg+].CON(C)C(=O)C1CN(C(=O)OC(C)(C)C)CCO1,COCCCCC(=O)C1CN(C(=O)OC(C)(C)C)CCO1
Cc1cc([N+](=O)[O-])ccn1.O=C1CCC(=O)N1Br,O=[N+]([O-])c1ccnc(CBr)c1
C#C[C@]1(O)CCN(C)C1=O.CCOC(=O)c1csc(-c2cccc(Br)c2)n1,CCOC(=O)c1csc(-c2cccc(C#C[C@]3(O)CCN(C)C3=O)c2)n1
COC1C(=C=O)C(N2CCCCc3ccccc32)=CC=C1C(=O)O.Cc1nc2c(N)cccc2n1C(=O)OC(C)(C)C,COC1C(=C=O)C(N2CCCCc3ccccc32)=CC=C1C(=O)Nc1cccc2c1nc(C)n2C(=O)OC(C)(C)C
Cc1cc(CC2CCNCC2)cc2c1C(=O)N(CC1CC1)C2.O=Cc1cccc(F)c1,Cc1cc(CC2CCN(Cc3cccc(F)c3)CC2)cc2c1C(=O)N(CC1CC1)C2
Brc1cncc(C#Cc2ccccc2)c1.CC(C)(C)OC(N)=O,CC(C)(C)OC(=O)Nc1cncc(C#Cc2ccccc2)c1
CI.COc1cccc2c1CCC2NCc1nc(-c2ccccc2)c(-c2ccccc2)o1,COc1cccc2c1CCC2N(C)Cc1nc(-c2ccccc2)c(-c2ccccc2)o1
O=C(Cl)c1ccc(Cl)nn1.O=S(=O)(c1ccc2cc(Cl)ccc2c1)N1CCNCC1,O=C(c1ccc(Cl)nn1)N1CCN(S(=O)(=O)c2ccc3cc(Cl)ccc3c2)CC1
CCOC(=O)c1c(C)[nH]c(C=O)c1CCC(=O)O.O=C1Cc2c(cccc2C2CCNCC2)N1,CCOC(=O)c1c(C)[nH]c(C=C2C(=O)Nc3cccc(C4CCNCC4)c32)c1CCC(=O)O
O=Cc1ccc(F)cc1Br.OB(O)c1ccco1,O=Cc1ccc(F)cc1-c1ccco1
O=C(O)c1cc(Br)cc(C(F)(F)F)c1.[C-]#N,N#Cc1cc(C(=O)O)cc(C(F)(F)F)c1
CCN.COc1ccc2cc(-c3nn(C4CCCCO4)c4ccc(C(=O)O)cc34)ccc2c1,CCNC(=O)c1ccc2c(c1)c(-c1ccc3cc(OC)ccc3c1)nn2C1CCCCO1
CC(C)(C)OC(=O)N1CCN(CCCOc2ccc(Br)cc2)CC1,Brc1ccc(OCCCN2CCNCC2)cc1
O=[N+]([O-])c1cccc2nc(Cl)ccc12,Nc1cccc2nc(Cl)ccc12
CCc1c(-c2cn(-c3cc(C(=O)OC)ccc3C)cn2)cnn1-c1ccccc1.COc1c(N)cc(C(C)(C)C)cc1C#N,CCc1c(-c2cn(-c3cc(C(=O)Nc4cc(C(C)(C)C)cc(C#N)c4OC)ccc3C)cn2)cnn1-c1ccccc1
Brc1ccc2nc(-c3ccc(-n4c5ccccc5c5ccccc54)cc3)cc(-c3ccccc3)c2c1.c1ccc2c(c1)[nH]c1ccccc12,c1ccc(-c2cc(-c3ccc(-n4c5ccccc5c5ccccc54)cc3)nc3ccc(-n4c5ccccc5c5ccccc54)cc23)cc1
COc1ccc(COc2ccc(Cn3cnc4cc(N5CC6(CCN(C(=O)OC(C)(C)C)CC6)C5)ccc43)cc2OC)cn1,COc1ccc(COc2ccc(Cn3cnc4cc(N5CC6(CCNCC6)C5)ccc43)cc2OC)cn1
CO.O=C(O)c1cccc(Br)c1F,COC(=O)c1cccc(Br)c1F
CCCCCCC/C=C/C(=O)O.CCOC(=O)COc1ccc(N2CCNCC2)cc1,CCCCCCC/C=C/C(=O)N1CCN(c2ccc(OCC(=O)OCC)cc2)CC1
CCOC(=O)c1ccc(N2CCN(CC)CC2)s1.COc1cc(COc2cc(N)[nH]n2)cc(OC)c1,CCN1CCN(c2ccc(C(=O)Nc3cc(OCc4cc(OC)cc(OC)c4)n[nH]3)s2)CC1
CCCCCc1sc(C(=O)O)nc1-c1ccccc1.Nc1ccccc1,CCCCCc1sc(C(=O)Nc2ccccc2)nc1-c1ccccc1
CCOC(=O)CCCCOc1ccc(-c2noc(-c3ccc(OC(C)C)c(Cl)c3)n2)c(CC)c1,CCc1cc(OCCCCC(=O)O)ccc1-c1noc(-c2ccc(OC(C)C)c(Cl)c2)n1
CNc1ccc(C(=O)N2CC3(C)CC2CC(C)(C)C3)cc1.O=C(Cl)CCl,CN(C(=O)CCl)c1ccc(C(=O)N2CC3(C)CC2CC(C)(C)C3)cc1
CCNCc1cc(C(F)(F)F)ccc1-c1cc(CC(=O)OC)ccc1OC.COCC(=O)Cl,CCN(Cc1cc(C(F)(F)F)ccc1-c1cc(CC(=O)OC)ccc1OC)C(=O)COC
N[C@H]1CC[C@H](CCN2CCCC2)CC1.O=C(O)c1ccc(S(=O)(=O)Nc2ccccc2C(=O)c2ccc(Cl)cc2Cl)cc1,O=C(N[C@@H]1CC[C@@H](CCN2CCCC2)CC1)c1ccc(S(=O)(=O)Nc2ccccc2C(=O)c2ccc(Cl)cc2Cl)cc1
CC(C)(C)OC(=O)N1CCC(=O)CC1.CCOP(=O)(Cc1cccc(OCc2ccccc2)c1)OCC,CC(C)(C)OC(=O)N1CCC(=Cc2cccc(OCc3ccccc3)c2)CC1
NO.O=Cc1ccc(-c2ccc(O)cc2)cc1F,ON=Cc1ccc(-c2ccc(O)cc2)cc1F
CC(=O)NCC1CC1c1c(Br)ccc2nn(C)cc12.OB(O)C1CC1,CC(=O)NCC1CC1c1c(C2CC2)ccc2nn(C)cc12
CCn1ncc2c(Cl)c3cc(SC)ccc3nc21.O=C(OO)c1cccc(Cl)c1,CCn1ncc2c(Cl)c3cc(S(C)=O)ccc3nc21
CCOC(=O)Nc1cccnn1.FC(F)(F)c1ccc(Oc2cccc(C=C3CCNCC3)c2)nc1,O=C(Nc1cccnn1)N1CCC(=Cc2cccc(Oc3ccc(C(F)(F)F)cn3)c2)CC1
CC(N)c1cc(F)cc(F)c1.O=C(c1ccc(Cl)cc1)c1cccc([N+](=O)[O-])c1,CC(NC(c1ccc(Cl)cc1)c1cccc([N+](=O)[O-])c1)c1cc(F)cc(F)c1
CC(C)(C)OC(=O)N1CCN(CCc2ccncc2F)CC1,Fc1cnccc1CCN1CCNCC1
CC(C)(C)OC(=O)N1CCC(c2ccc3nc(-c4ccc(S(C)(=O)=O)cc4F)oc3c2)CC1,CS(=O)(=O)c1ccc(-c2nc3ccc(C4CCNCC4)cc3o2)c(F)c1
CC(C)(C)N.CSC(Oc1cc(C)c(Br)c(C)c1)C(=O)O,CSC(Oc1cc(C)c(Br)c(C)c1)C(=O)NC(C)(C)C
CC(C)(C)OC(=O)NC1(c2ccc(-c3oc4c(Br)c[nH]c(=O)c4c3-c3ccccc3)cc2)CCC1.FCCI,CC(C)(C)OC(=O)NC1(c2ccc(-c3oc4c(Br)cn(CCF)c(=O)c4c3-c3ccccc3)cc2)CCC1
COC(=O)c1ccc(F)c(-c2c(F)ccc(C(=O)N(C)C)c2F)n1,CN(C)C(=O)c1ccc(F)c(-c2nc(C(=O)O)ccc2F)c1F
CC(C)(C1CCCCC1)C1CCC(N)CC1.CC(CCl)OC(C)CCl,CC1CN(C2CCC(C(C)(C)C3CCCCC3)CC2)CC(C)O1
COc1cccc([C@@H](Oc2ccc3c(cnn3-c3ccc(F)cc3)c2)[C@H](C)N)c1.O=C(O)c1ccc(Br)s1,COc1cccc([C@@H](Oc2ccc3c(cnn3-c3ccc(F)cc3)c2)[C@H](C)NC(=O)c2ccc(Br)s2)c1
Cc1ccc(C(=O)O)c(Cl)n1.Cc1cccc(Oc2ccc(CN)cc2)c1,Cc1cccc(Oc2ccc(CNC(=O)c3ccc(C)nc3Cl)cc2)c1
C=CCCCBr.[Mg+][C]1=CC=CC1,C=CCCCC1=CC=CC1
CCNC(=O)Nc1cc(-c2nc(-c3ccccc3)cs2)c(Br)cn1.CCOC(=O)c1cncc(B2OC(C)(C)C(C)(C)O2)c1,CCNC(=O)Nc1cc(-c2nc(-c3ccccc3)cs2)c(-c2cncc(C(=O)OCC)c2)cn1
CS(=O)(=O)Cl.CS(=O)(=O)c1ccc(-c2cc(N)nn2-c2ccc(F)cc2)cc1,CS(=O)(=O)Nc1cc(-c2ccc(S(C)(=O)=O)cc2)n(-c2ccc(F)cc2)n1
COc1ccc(F)cc1S.CS(=O)(=O)c1ccc(F)c(Cl)c1,COc1ccc(F)cc1Sc1ccc(S(C)(=O)=O)cc1Cl
CCN(CC)CCN.O=C1Nc2ccccc2C1=C1OCc2cc(C(=O)O)ccc21,CCN(CC)CCNC(=O)c1ccc2c(c1)COC2=C1C(=O)Nc2ccccc21
NCC(O)CN.O=S(=O)(Cl)c1ccc(Cl)cc1Cl,NCC(O)CNS(=O)(=O)c1ccc(Cl)cc1Cl
CC(C)(CO[Si](C)(C)C(C)(C)C)c1ccc(Br)cc1.CN(C)C=O,CC(C)(CO[Si](C)(C)C(C)(C)C)c1ccc(C=O)cc1
Cc1ccc(N2CCN(C(=O)c3ccc(N(CCOC4CCCCO4)S(C)(=O)=O)cc3)CC2)c(C)c1,Cc1ccc(N2CCN(C(=O)c3ccc(N(CCO)S(C)(=O)=O)cc3)CC2)c(C)c1
N#Cc1ccc(CCC(=O)N2CCCc3cc(N)ccc32)cc1.O=Cc1ccccc1,N#Cc1ccc(CCC(=O)N2CCCc3cc(NCc4ccccc4)ccc32)cc1
C1CNCCN1.N#CC1(c2ccccc2)CCC(=O)CC1,N#CC1(c2ccccc2)CCC(N2CCNCC2)CC1
CC(C)(C)Sc1nc(Br)c2c(N)nccn12.CC1(C)OB(c2ccc3ccc(-c4ccccc4)nc3c2F)OC1(C)C,CC(C)(C)Sc1nc(-c2ccc3ccc(-c4ccccc4)nc3c2F)c2c(N)nccn12
COc1ccc(-c2nc(Cl)oc2-c2ccc(OC)cc2)cc1.C[O-],COc1ccc(-c2nc(OC)oc2-c2ccc(OC)cc2)cc1
Cc1cc(C(=O)O)nc(Nc2ncco2)n1.NCc1ccc(OCC(F)(F)F)nc1,Cc1cc(C(=O)NCc2ccc(OCC(F)(F)F)nc2)nc(Nc2ncco2)n1
CC(=O)c1cccc(C2CCNCC2)c1F.COCCBr,COCCN1CCC(c2cccc(C(C)=O)c2F)CC1
CC(C)(C)OC(=O)OC(=O)OC(C)(C)C.Cc1nc2c([nH]1)CCCC2=O,Cc1nc2c(n1C(=O)OC(C)(C)C)CCCC2=O
C1CCNCC1.O=C(O)COc1ccc(Br)nn1,O=C(COc1ccc(Br)nn1)N1CCCCC1
C=C(C)OC(=O)Cl.Nc1ccc(Br)nc1,C=C(C)OC(=O)Nc1ccc(Br)nc1
O=C(O)C=Cc1ccc(F)cc1F,O=C(O)CCc1ccc(F)cc1F
COC[C@@H]1CN(C(=O)OC(C)(C)C)C[C@H](C(=O)N(C2CC2)[C@H](C)c2cc(CCCNC(=O)OC)nc(OC)c2)O1,COC[C@@H]1CNC[C@H](C(=O)N(C2CC2)[C@H](C)c2cc(CCCNC(=O)OC)nc(OC)c2)O1
CC(C)(C)OC(=O)N1CCN(c2ccc(Br)c(-c3ccnc(Cl)c3)n2)CC1.OB(O)c1ccc(F)cc1,CC(C)(C)OC(=O)N1CCN(c2ccc(-c3ccc(F)cc3)c(-c3ccnc(Cl)c3)n2)CC1
C1CC(C2CNC2)CCO1.Cn1c(C=O)nc2c(N3CCOCC3)nc(Cl)nc21,Cn1c(CN2CC(C3CCOCC3)C2)nc2c(N3CCOCC3)nc(Cl)nc21
CCCN.O=CCCc1ccc(F)cc1,CCCNCCCc1ccc(F)cc1
Cc1cc(Cl)cc(Cl)c1S(=O)(=O)Cl.Nc1nc(-c2ccc(Cl)s2)cs1,Cc1cc(Cl)cc(Cl)c1S(=O)(=O)Nc1nc(-c2ccc(Cl)s2)cs1
COc1ccc(N)c(N)c1C.O=CO,COc1ccc2[nH]cnc2c1C
CN1CCN(CCCOc2ccc(N)c([N+](=O)[O-])c2)CC1,CN1CCN(CCCOc2ccc(N)c(N)c2)CC1
CCOC(=O)/C(C)=C/c1ccc(F)c(C(F)(F)F)c1.Oc1cccnc1,CCOC(=O)/C(C)=C/c1ccc(Oc2cccnc2)c(C(F)(F)F)c1
CC(OS(C)(=O)=O)C(C)(C)C(O)(Cn1cncn1)c1ccc(F)cc1F,CC1OC(Cn2cncn2)(c2ccc(F)cc2F)C1(C)C
C[C@H](NC(=O)OC(C)(C)C)C(=O)N(C)C,C[C@H](N)C(=O)N(C)C
CC(C)Br.O=[N+]([O-])c1c[nH]cn1,CC(C)n1cnc([N+](=O)[O-])c1
Nc1nc(Cl)cc(NCC2(CO)CCC2)n1,Nc1nccc(NCC2(CO)CCC2)n1
CC(C)Oc1ccc(-c2nc3ccccn3c2-c2ccnc(Cl)n2)cc1C(=O)Nc1c(F)cccc1F.CCOc1cc(N2CCN(CCS(C)(=O)=O)CC2)c(C)cc1N,CCOc1cc(N2CCN(CCS(C)(=O)=O)CC2)c(C)cc1Nc1nccc(-c2c(-c3ccc(OC(C)C)c(C(=O)Nc4c(F)cccc4F)c3)nc3ccccn23)n1
N#Cc1ccc2c(c1)CN(C1CCC(=O)NC1=O)C2=O,NCc1ccc2c(c1)CN(C1CCC(=O)NC1=O)C2=O
CC1(C)OC(=O)Nc2cc([N+](=O)[O-])c(N)cc21,CC1(C)OC(=O)Nc2cc(N)c(N)cc21
BrCCCBr.O=Cc1cccc(O)c1Br,O=Cc1cccc(OCCCBr)c1Br
NNc1nc2ccccc2s1.O=C(O)c1coc(-c2ccc3c(c2)C(=O)CCC3)n1,O=C(O)c1coc(-c2ccc3c(c2)C(=NNc2nc4ccccc4s2)CCC3)n1
O=C(Nc1cn2cc(O)ccc2n1)C1CC1.O=[N+]([O-])c1ccc(Cl)nc1,O=C(Nc1cn2cc(Oc3ccc([N+](=O)[O-])cn3)ccc2n1)C1CC1
CCOC(=O)c1cnc(Cl)nc1C(F)(F)C(F)(F)F.NN,CCOC(=O)c1cnc(NN)nc1C(F)(F)C(F)(F)F
CNCCC1CNCCO1.O=C(O)c1cn(C2CC2)c2c(F)c(F)c(F)cc2c1=O,CNCCC1CN(c2c(F)cc3c(=O)c(C(=O)O)cn(C4CC4)c3c2F)CCO1
Fc1ccc2nc(N3CCNCC3)oc2c1.O=C(O)c1ccc(NS(=O)(=O)c2ccccn2)cc1,O=C(c1ccc(NS(=O)(=O)c2ccccn2)cc1)N1CCN(c2nc3ccc(F)cc3o2)CC1
NNc1cccc(C(F)(F)F)c1.O=C1COc2ccc(C(=O)CC(=O)C(F)(F)F)cc2N1,O=C1COc2ccc(-c3cc(C(F)(F)F)nn3-c3cccc(C(F)(F)F)c3)cc2N1
Cc1ccc2c(n1)oc1c(B3OC(C)(C)C(C)(C)O3)cccc12.Fc1cccc(-c2ccnc(Cl)c2)c1F,Cc1ccc2c(n1)oc1c(-c3cc(-c4cccc(F)c4F)ccn3)cccc12
Cc1nc(-c2cccc(C(F)(F)F)c2)nc(C)c1C(=O)O.O=C(OC[C@@H]1CCCN1C1CCNCC1)c1ccccc1,Cc1nc(-c2cccc(C(F)(F)F)c2)nc(C)c1C(=O)N1CCC(N2CCC[C@H]2COC(=O)c2ccccc2)CC1
CCO[C@@H](Cc1ccc(OCc2nc(-c3ccccc3F)oc2C)cc1F)C(=O)OC,CCO[C@@H](Cc1ccc(OCc2nc(-c3ccccc3F)oc2C)cc1F)C(=O)O
CC1(C)OB(B2OC(C)(C)C(C)(C)O2)OC1(C)C.Cn1c(Oc2ccc(Br)cc2)nc2cccnc21,Cn1c(Oc2ccc(B3OC(C)(C)C(C)(C)O3)cc2)nc2cccnc21
Cn1c(-c2cc(C(F)(F)F)cc(C(F)(F)F)c2)nc(I)c1C(=O)N1CCC(N2CCCC2)CC1.OB(O)c1ccncc1,Cn1c(-c2cc(C(F)(F)F)cc(C(F)(F)F)c2)nc(-c2ccncc2)c1C(=O)N1CCC(N2CCCC2)CC1
C[C@H]1C(=O)N(CCCN2CCC3(CC3)[C@H](O[Si](C)(C)C(C)(C)C)C2)CCN1c1ccc(Cl)c(OC(F)(F)F)c1,C[C@H]1C(=O)N(CCCN2CCC3(CC3)[C@H](O)C2)CCN1c1ccc(Cl)c(OC(F)(F)F)c1
CSc1ncc(CO)c(Nc2cccc(NC(=O)OC(C)(C)C)c2)n1,CSc1ncc(C=O)c(Nc2cccc(NC(=O)OC(C)(C)C)c2)n1
CN=C=O.O=C(OCc1ccccc1)N1CCN(C2CCNC2)CC1,CNC(=O)N1CCC(N2CCN(C(=O)OCc3ccccc3)CC2)C1
C=C(CNC(=O)OC(C)(C)C)c1ccc2c(c1)CCCC2NC(=O)CC1CCCN1S(=O)(=O)c1cccc(C(F)(F)F)c1,C=C(CN)c1ccc2c(c1)CCCC2NC(=O)CC1CCCN1S(=O)(=O)c1cccc(C(F)(F)F)c1
COc1ccc(COC(=O)c2ccc(O)cc2)cc1.OCCBr,COc1ccc(COC(=O)c2ccc(OCCO)cc2)cc1
CCOC(=O)CBr.Oc1ccc2cc(Br)ccc2c1,CCOC(=O)COc1ccc2cc(Br)ccc2c1
Cc1cccc(C#CC=C2CCNCC2)n1.O=C(Nc1ccccc1)c1ccc(Br)o1,Cc1cccc(C#CC=C2CCN(c3ccc(C(=O)Nc4ccccc4)o3)CC2)n1
COc1cc(I)cc(C(=O)NCc2ccccc2)c1,O=C(NCc1ccccc1)c1cc(O)cc(I)c1
COCOc1cc(C(C)N)ccc1C(=O)Nc1ccccc1C(=O)Nc1ccc(Cl)cn1,CC(N)c1ccc(C(=O)Nc2ccccc2C(=O)Nc2ccc(Cl)cn2)c(O)c1
Cc1ccc(S(N)(=O)=O)cc1N.O=C(O)c1cnn2c(C(F)(F)F)cc(-c3ccc(C(F)(F)F)cc3)nc12,Cc1ccc(S(N)(=O)=O)cc1NC(=O)c1cnn2c(C(F)(F)F)cc(-c3ccc(C(F)(F)F)cc3)nc12
O=C(CCc1ccc(OCc2ccccc2)cc1)C1CCCC1,O=C(CCc1ccc(O)cc1)C1CCCC1
CCCCCCc1nc2cnc3ccccc3c2n1CCCCN.O=C=Nc1ccccc1,CCCCCCc1nc2cnc3ccccc3c2n1CCCCNC(=O)Nc1ccccc1
CCOC(=O)Cc1ccc(OCc2ccccc2)c(B2OC(C)(C)C(C)(C)O2)c1.O=Cc1cc(C(F)(F)F)ccc1Br,CCOC(=O)Cc1ccc(OCc2ccccc2)c(-c2ccc(C(F)(F)F)cc2C=O)c1
COC(=O)c1ccccc1CSc1ccccc1N.O=S(=O)(Cl)c1cc2ccccc2o1,COC(=O)c1ccccc1CSc1ccccc1NS(=O)(=O)c1cc2ccccc2o1
Nc1cccc(-c2c(Cc3ccccc3)cnc3c(C(F)(F)F)cccc23)c1.O=Cc1cc(-c2ccc(O)cc2)ccc1F,Oc1ccc(-c2ccc(F)c(CNc3cccc(-c4c(Cc5ccccc5)cnc5c(C(F)(F)F)cccc45)c3)c2)cc1
CCCN1C(=O)C(=O)c2cc(SCCCc3ccc(C(=O)O)cc3)ccc21.NNC(N)=O,CCCN1C(=O)C(=NNC(N)=O)c2cc(SCCCc3ccc(C(=O)O)cc3)ccc21
CC(C)(C)OC(=O)N1CCNCC1.O=C(Cl)c1ccccc1[N+](=O)[O-],CC(C)(C)OC(=O)N1CCN(C(=O)c2ccccc2[N+](=O)[O-])CC1
COc1cc2ncnc(Nc3ccc(F)c(Cl)c3)c2cc1OCCCN1CC2CCN(C(=O)OC(C)(C)C)CC2C1,COc1cc2ncnc(Nc3ccc(F)c(Cl)c3)c2cc1OCCCN1CC2CCNCC2C1
Cc1nc(N2C(=O)c3ccccc3C2=O)ccc1Cl.O=C1CCC(=O)N1Br,O=C1c2ccccc2C(=O)N1c1ccc(Cl)c(CBr)n1
Clc1cccnc1Cl.c1ccc2c(c1)NCCO2,Clc1cccnc1N1CCOc2ccccc21
COC(=O)CCNC(=O)[C@@H]1CCCN1C(=O)[C@H](Cc1c[nH]cn1)NC(=O)[C@@H]1CCC(=O)N1.N,NC(=O)CCNC(=O)[C@@H]1CCCN1C(=O)[C@H](Cc1c[nH]cn1)NC(=O)[C@@H]1CCC(=O)N1
C[C@@H]1CN[C@@H](C)CN1.Clc1cncc(Cl)n1,C[C@@H]1CN(c2cncc(Cl)n2)[C@@H](C)CN1
O=C(NCC(O)CO)c1cc(C(O)CO)cc([N+](=O)[O-])c1,Nc1cc(C(=O)NCC(O)CO)cc(C(O)CO)c1
BrCCCCCCBr.CC(CCO)CCO,CC(CCO)CCOCCCCCCBr
Cc1nc(Oc2ccccc2)c2nc(C)n(CCCCNC(=O)OC(C)(C)C)c2c1C,Cc1nc(Oc2ccccc2)c2nc(C)n(CCCCN)c2c1C
CC1CN(C(=O)OC(C)(C)C)CCN1.O=[N+]([O-])c1ccccc1Br,CC1CN(C(=O)OC(C)(C)C)CCN1c1ccccc1[N+](=O)[O-]
COC(=O)c1sccc1N.O=C(OC(=O)C(F)(F)F)C(F)(F)F,COC(=O)c1sccc1NC(=O)C(F)(F)F
C[C@@H]1CCCN1CCCOc1ccc(-c2nc3c(s2)CN(CC(=O)OC(C)(C)C)CC3)cc1,C[C@@H]1CCCN1CCCOc1ccc(-c2nc3c(s2)CN(CC(=O)O)CC3)cc1
C1CCNC1.O=c1c2[nH]c(Cl)nc2n(CC2CC2)c(=O)n1CC1CC1,O=c1c2[nH]c(N3CCCC3)nc2n(CC2CC2)c(=O)n1CC1CC1
Cc1c(C=O)c2cnnc(OCc3ccc(F)cc3)c2n1Cc1ccccc1,Cc1c(CO)c2cnnc(OCc3ccc(F)cc3)c2n1Cc1ccccc1
COc1ccccc1C(=O)O,O=C(O)c1ccccc1O
CCN(CC)c1cc(OC)c(C(=O)O)cc1Cl.NC1CCN(Cc2ccccc2)C1,CCN(CC)c1cc(OC)c(C(=O)NC2CCN(Cc3ccccc3)C2)cc1Cl
N#Cc1ccc(Nc2nc(Cl)nc(Cc3c(Cl)cccc3Cl)n2)cc1.[N-]=[N+]=[N-],N#Cc1ccc(Nc2nc(Cc3c(Cl)cccc3Cl)nc(N=[N+]=[N-])n2)cc1
COc1ccc2ncc(=O)n(CC(NS(=O)(=O)c3ccccc3[N+](=O)[O-])[C@H]3CC[C@H](N)CC3)c2c1.O=Cc1ccc2c(n1)NC(=O)CO2,COc1ccc2ncc(=O)n(CC(NS(=O)(=O)c3ccccc3[N+](=O)[O-])[C@@H]3CC[C@@H](NCc4ccc5c(n4)NC(=O)CO5)CC3)c2c1
Clc1ccc(C(OC2CCN(Cc3ccccc3)CC2)c2ccc(Cl)cc2Cl)cc1,Clc1ccc(C(OC2CCNCC2)c2ccc(Cl)cc2Cl)cc1
CN(C)C(=O)Nc1ccc(O)cc1.Cc1cc(Cl)nc(Cl)n1,Cc1cc(Oc2ccc(NC(=O)N(C)C)cc2)nc(Cl)n1
CCOC(=O)CBr.O=C1Nc2ccccc2CCCC1N1C(=O)c2ccccc2C1=O,CCOC(=O)CN1C(=O)C(N2C(=O)c3ccccc3C2=O)CCCc2ccccc21
COc1cc(OC)cc(N2CCNCC2)c1.Nc1nc(-c2ccccc2)c(C(=O)O)s1,COc1cc(OC)cc(N2CCN(C(=O)c3sc(N)nc3-c3ccccc3)CC2)c1
CC(C)(C)OC(=O)NC(CC=O)c1ccccc1.O=C1N(Cc2ccc(Br)cc2)CCC12CCNCC2,CC(C)(C)OC(=O)NC(CCN1CCC2(CC1)CCN(Cc1ccc(Br)cc1)C2=O)c1ccccc1
O=C(Cl)c1ccc([N+](=O)[O-])cc1.O=C(NCCO)OCC1c2ccccc2-c2ccccc21,O=C(NCCOC(=O)c1ccc([N+](=O)[O-])cc1)OCC1c2ccccc2-c2ccccc21
C=C[C@@H]1C[C@]1(N)C(=O)NS(=O)(=O)c1cccc(OCc2ccccc2)c1.O=C(O)[C@H]1CN(Cc2cccc3ccccc23)C[C@@H]1Cc1ccc(Cl)cc1,C=C[C@@H]1C[C@]1(NC(=O)[C@H]1CN(Cc2cccc3ccccc23)C[C@@H]1Cc1ccc(Cl)cc1)C(=O)NS(=O)(=O)c1cccc(OCc2ccccc2)c1
CI.Cc1cc(OC2CCS(=O)(=O)NC2)cc(C)c1Br,Cc1cc(OC2CCS(=O)(=O)N(C)C2)cc(C)c1Br
C[C@@H](CO[Si](C)(C)C(C)(C)C)Oc1cc(Oc2ncc(C(=O)N3CCC3)cc2Cl)cc(C(=O)O)c1.Cc1cnc(N)cn1,Cc1cnc(NC(=O)c2cc(Oc3ncc(C(=O)N4CCC4)cc3Cl)cc(O[C@@H](C)CO[Si](C)(C)C(C)(C)C)c2)cn1
CCC[CH2][Sn]([CH2]CCC)([CH2]CCC)[c]1ccnn1C(C)C.COC(=O)c1cc(I)c(C(C)F)cc1N,COC(=O)c1cc(-c2ccnn2C(C)C)c(C(C)F)cc1N
COc1cccc(C2(C(=O)NS(=O)(=O)Oc3c(C(C)C)cccc3C(C)C)CCC(=O)CC2)c1.Nc1ccccc1,COc1cccc(C2(C(=O)NS(=O)(=O)Oc3c(C(C)C)cccc3C(C)C)CCC(Nc3ccccc3)CC2)c1
COC(=O)c1ccc(O)c(OC)c1.ClCCCBr,COC(=O)c1ccc(OCCCCl)c(OC)c1
CCOC(=O)c1cc(N(C(=O)OC(C)(C)C)S(C)(=O)=O)cs1,CC(C)(C)OC(=O)N(c1csc(C(=O)O)c1)S(C)(=O)=O
COC(=O)Cc1cc(O)cc(O)c1.ClCc1ccccc1,COC(=O)Cc1cc(O)cc(OCc2ccccc2)c1
Cc1c(Cl)cccc1S(=O)(=O)N1CCC[C@H](N)C1.O=C(Cl)Oc1ccc([N+](=O)[O-])cc1,Cc1c(Cl)cccc1S(=O)(=O)N1CCC[C@H](NC(=O)Oc2ccc([N+](=O)[O-])cc2)C1
COC(=O)c1cc(N)cc(-c2ccccc2)c1.COc1ncc(-c2ccc3c(Cl)c(C(N)=O)cnc3c2)c(OC)n1,COC(=O)c1cc(Nc2c(C(N)=O)cnc3cc(-c4cnc(OC)nc4OC)ccc23)cc(-c2ccccc2)c1
Cc1nc(C#Cc2ccnc(C#N)c2)c[nH]1.OB(O)c1ccc(Cl)nc1,Cc1nc(C#Cc2ccnc(C#N)c2)cn1-c1ccc(Cl)nc1
COCCn1cc(C(=O)O)c2cccc(C(F)F)c21.O=C(NCc1ccc(F)c(C2CCNCC2)c1)C(F)(F)F,COCCn1cc(C(=O)N2CCC(c3cc(CNC(=O)C(F)(F)F)ccc3F)CC2)c2cccc(C(F)F)c21
COc1cc2c(Oc3ccc4[nH]c(C)cc4c3F)ncnc2cc1O.OCCCBr,COc1cc2c(Oc3ccc4[nH]c(C)cc4c3F)ncnc2cc1OCCCBr
CCOC(=O)c1cc(N2CCN(CCN(C)C)CC2)ccc1Cl,CN(C)CCN1CCN(c2ccc(Cl)c(C(=O)O)c2)CC1
CN(C)C1CCN(Cc2cc3nc(Cl)nc(N4CCOCC4)c3s2)CC1.c1ccc2[nH]cnc2c1,CN(C)C1CCN(Cc2cc3nc(-n4cnc5ccccc54)nc(N4CCOCC4)c3s2)CC1
Brc1ccc2[nH]ccc2c1.Fc1ccccn1,Brc1ccc2c(ccn2-c2ccccn2)c1
CC(C)(C)c1cc(Br)c(O)c(C(C)(C)C)c1.CCI,CCOc1c(Br)cc(C(C)(C)C)cc1C(C)(C)C
CC(C)(C)C(=O)SC/C(=C/c1ccccc1)C(=O)O.NCCC(=O)OCc1ccccc1,CC(C)(C)C(=O)SC/C(=C/c1ccccc1)C(=O)NCCC(=O)OCc1ccccc1
CCOc1cc(CN2CCC(N)CC2)ccc1OC.Fc1ccc2nc(Cl)ccc2c1,CCOc1cc(CN2CCC(Nc3ccc4cc(F)ccc4n3)CC2)ccc1OC
COCCOc1ccc(C(=O)N[C@H](C(=O)OC)[C@@H](C)OC(C)(C)C)c(N)c1.Cc1cc(CC2CC2)cc(C)c1N=C=O,COCCOc1ccc(C(=O)N[C@H](C(=O)OC)[C@@H](C)OC(C)(C)C)c(NC(=O)Nc2c(C)cc(CC3CC3)cc2C)c1
CCOC(=O)C(C)(CCCCN1C(=O)c2ccccc2C1=O)S(=O)(=O)c1ccc(OC)cc1,COc1ccc(S(=O)(=O)C(C)(CCCCN2C(=O)c3ccccc3C2=O)C(=O)O)cc1
COc1ccc2c(c1)CCN2.O=CCCn1cc([N+](=O)[O-])cn1,COc1ccc2c(c1)CCN2CCCn1cc([N+](=O)[O-])cn1
CC(=O)OC(C)=O.CN(c1cccc(N)c1)c1ccc2c(C=Cc3ccccc3)n[nH]c2c1,CC(=O)Nc1cccc(N(C)c2ccc3c(C=Cc4ccccc4)n[nH]c3c2)c1
Cc1ccc(N2CCOCC2)cc1N1CCNCC1=O.O=C(Cl)c1cccc(C(F)(F)F)c1Cl,Cc1ccc(N2CCOCC2)cc1N1CCN(C(=O)c2cccc(C(F)(F)F)c2Cl)CC1=O
CC(=O)OC(C)=O.NCCn1c2ccccc2c2cc(C(N)=O)c(N)nc21,CC(=O)NCCn1c2ccccc2c2cc(C(N)=O)c(N)nc21
Nc1cc(F)ccc1N1CCCCC1.O=C(Cl)c1ccncc1,O=C(Nc1cc(F)ccc1N1CCCCC1)c1ccncc1
Cc1cc(Br)c(C)c2c1SCCC2=O.OCCO,Cc1cc(Br)c(C)c2c1SCCC21OCCO1
COC(=O)c1cc2c([nH]1)CCC2Cc1cc(C)cc(C)c1,Cc1cc(C)cc(CC2CCc3[nH]c(C(=O)O)cc32)c1
CS(=O)(=O)Cl.OC[C@@H]1COc2ccccc2O1,CS(=O)(=O)OC[C@@H]1COc2ccccc2O1
CCCCCCCCC#Cc1ccc(C=O)cc1.COC(=O)COc1ccc(CN)cc1,CCCCCCCCC#Cc1ccc(CNCc2ccc(OCC(=O)OC)cc2)cc1
BrCCCBr.O=C1c2c(oc3ccccc23)-c2ccc(O)c3cccc1c23,O=C1c2c(oc3ccccc23)-c2ccc(OCCCBr)c3cccc1c23
CCOC1(c2ccc(C#Cc3ccc(CC(=O)OC)cc3)cc2C(C)(C)C)CC1,CCOC1(c2ccc(C#Cc3ccc(CC(=O)O)cc3)cc2C(C)(C)C)CC1
CCOC(OCC)[C@H](C)N.O=Cc1csc2ccc(Cl)nc12,CCOC(OCC)[C@H](C)NCc1csc2ccc(Cl)nc12
CCOC(=O)c1cnn(-c2ccc(N)cc2)c1C(F)(F)F.CS(=O)(=O)Cl,CCOC(=O)c1cnn(-c2ccc(NS(C)(=O)=O)cc2)c1C(F)(F)F
CC(C)(C)OC(=O)N1CCN(C(=O)Cc2cccnc2)CC1,O=C(Cc1cccnc1)N1CCNCC1
Cc1nc(C(=O)N2CCOC3(CCNCC3)C2)cs1.O=Cc1cccc(CBr)c1,Cc1nc(C(=O)N2CCOC3(CCN(Cc4cccc(C=O)c4)CC3)C2)cs1
CC1(C(=O)c2c[nH]c3ncc(Br)nc23)CCCC1.COc1cc(B(O)O)cc(OC)c1OC,COc1cc(-c2cnc3[nH]cc(C(=O)C4(C)CCCC4)c3n2)cc(OC)c1OC
CC(C)(C)OC(=O)c1nn(-c2cccc(Br)c2)ccc1=O,O=C(O)c1nn(-c2cccc(Br)c2)ccc1=O
CC(C)(C)OC(=O)OC(=O)OC(C)(C)C.CC[C@H]1OC[C@@H](c2ccccc2)NC1=O,CC[C@H]1OC[C@@H](c2ccccc2)N(C(=O)OC(C)(C)C)C1=O
CC(C)[Si](Oc1ccc(-n2nc(C(C)(C)C)cc2NC(=O)N[C@H]2CC[C@@H](Oc3ccc4nnc(N5CCCC[C@@H]5C)n4c3)c3ccccc32)cc1CCl)(C(C)C)C(C)C.CN1CCNCC1,CC(C)[Si](Oc1ccc(-n2nc(C(C)(C)C)cc2NC(=O)N[C@H]2CC[C@@H](Oc3ccc4nnc(N5CCCC[C@@H]5C)n4c3)c3ccccc32)cc1CN1CCN(C)CC1)(C(C)C)C(C)C
CCC(=COCCBr)C(=O)OC,CCC(COCCBr)C(=O)OC
CCC[CH2][Sn]([Cl])([CH2]CCC)[CH2]CCC.COc1ccc(F)cn1,CCC[CH2][Sn]([CH2]CCC)([CH2]CCC)[c]1cc(OC)ncc1F
O=C(Nc1ccc(Cl)c(C(=O)O)c1)c1cccc(C(F)(F)F)c1,O=C(Nc1ccc(Cl)c(CO)c1)c1cccc(C(F)(F)F)c1
Cc1cc(C(=O)Nc2cccc(Oc3ccc(N)nc3)c2)n(C)n1.Cc1ccc(S(=O)(=O)Cl)cc1,Cc1ccc(S(=O)(=O)Nc2ccc(Oc3cccc(NC(=O)c4cc(C)nn4C)c3)cn2)cc1
CS(=O)(=O)Cl.N#Cc1ccc2c(c1)CCCC2(SCCO)c1cn(C(c2ccccc2)(c2ccccc2)c2ccccc2)cn1,CS(=O)(=O)OCCSC1(c2cn(C(c3ccccc3)(c3ccccc3)c3ccccc3)cn2)CCCc2cc(C#N)ccc21
CCOC(=O)C=C(C)C(C)C,CC(=CC(=O)O)C(C)C
C=CCNC(=O)C1(O)CNC1.O=C(O)c1ccc(F)c(F)c1Nc1ccc(I)cc1F,C=CCNC(=O)C1(O)CN(C(=O)c2ccc(F)c(F)c2Nc2ccc(I)cc2F)C1
Brc1cccc(CN2CCCCC2)n1.O=Cc1ccc(B(O)O)cc1,O=Cc1ccc(-c2cccc(CN3CCCCC3)n2)cc1
CC(C)(C)OC(=O)N1CCC(C(C#N)c2ccc(Cl)cc2)CC1,N#CC(c1ccc(Cl)cc1)C1CCNCC1
COc1nc(SC)ncc1-c1ccc(Oc2ccnc(Cl)c2)c(C)n1.Cn1cc(B2OC(C)(C)C(C)(C)O2)cn1,COc1nc(SC)ncc1-c1ccc(Oc2ccnc(-c3cnn(C)c3)c2)c(C)n1
CC(C)c1cccc([C@@H]2CN(C(=O)OC(C)(C)C)C[C@H]2CN(Cc2ccccc2)c2ccc(Cl)cc2)c1,CC(C)c1cccc([C@@H]2CNC[C@@H]2CN(Cc2ccccc2)c2ccc(Cl)cc2)c1
CCOC(=O)c1ccn(-c2ccccc2C)n1,Cc1ccccc1-n1ccc(C(=O)O)n1
CCCCCCO.O=C(O)CBr,CCCCCCOCC(=O)O
CC(=O)O.O=C(O)CNCC(=O)O,CC(=O)N(CC(=O)O)CC(=O)O
CC1(CCOS(C)(=O)=O)Cn2cc([N+](=O)[O-])nc2O1.O=c1[nH]nc(-c2ccncc2)o1,CC1(CCn2nc(-c3ccncc3)oc2=O)Cn2cc([N+](=O)[O-])nc2O1
NCC1(Cc2ccc(CCO)cc2)CCCC1.O=S(=O)(Cl)c1cccnc1,O=S(=O)(NCC1(Cc2ccc(CCO)cc2)CCCC1)c1cccnc1
Cc1nn(C)c(Cl)c1S(=O)(=O)Nc1ccc(CC(=O)O)nc1.Nc1[nH]c(=O)n(Cc2ccccc2F)c(=O)c1N,Cc1nn(C)c(Cl)c1S(=O)(=O)Nc1ccc(CC(=O)Nc2c(N)[nH]c(=O)n(Cc3ccccc3F)c2=O)nc1
ClCCN1CCN(Cc2ccccc2)CC1.O=C(NC(Cc1cc(=O)[nH]c2ccccc12)C(=O)O)c1ccc(Cl)cc1,O=C(NC(Cc1cc(=O)[nH]c2ccccc12)C(=O)OCCN1CCN(Cc2ccccc2)CC1)c1ccc(Cl)cc1
CCOC(=O)C(C)(C)Oc1ccc(Cl)cc1,CC(C)(Oc1ccc(Cl)cc1)C(=O)O
CC(C)(C)OC(=O)N1CC[C@@](O)(c2ccccc2)[C@H](O)C1,CC(C)(C)OC(=O)N1CC[C@@H](c2ccccc2)[C@H](O)C1
CC1(N)COC1.O=C(O)c1c(Cl)ccc(S(=O)(=O)Cl)c1F,CC1(NS(=O)(=O)c2ccc(Cl)c(C(=O)O)c2F)COC1
CC=O.c1cc2c(cc1OCCCCN1CCCCC1)CNCC2,CCN1CCc2ccc(OCCCCN3CCCCC3)cc2C1
CC(C)(C)OC(=O)CBr.O=C1NCC(c2ccco2)SCC1N1C(=O)c2ccccc2C1=O,CC(C)(C)OC(=O)CN1CC(c2ccco2)SCC(N2C(=O)c3ccccc3C2=O)C1=O
CCOC(=O)c1cc2cc(COS(C)(=O)=O)ccn2c1-c1ccc(F)cc1.[N-]=[N+]=[N-],CCOC(=O)c1cc2cc(CN=[N+]=[N-])ccn2c1-c1ccc(F)cc1
CCOC(=O)CNC(=O)c1cccc(-c2cc(NCCc3ccc(Cl)cc3Cl)nc(OC)n2)c1,COc1nc(NCCc2ccc(Cl)cc2Cl)cc(-c2cccc(C(=O)NCC(=O)O)c2)n1
CS(=O)(=O)NCc1ccc(C(=O)OCC(=O)OCc2ccccc2)cc1,CS(=O)(=O)NCc1ccc(C(=O)OCC(=O)O)cc1
COc1cc(Br)cc([N+](=O)[O-])c1.O=S([O-])C1CC1,COc1cc([N+](=O)[O-])cc(S(=O)(=O)C2CC2)c1
CCCCCCCNCCc1ccc(Cl)cc1.COC(=O)c1ccccc1OCc1ccc(CC(=O)O)cc1,CCCCCCCN(CCc1ccc(Cl)cc1)C(=O)Cc1ccc(COc2ccccc2C(=O)OC)cc1
CCOC(=O)N1CCC(N)CC1.Clc1nc2ccccc2s1,CCOC(=O)N1CCC(Nc2nc3ccccc3s2)CC1
CC(C(=O)N1CCCC1)c1ccc(Br)cc1.FC(F)(F)c1n[nH]c2c1CCCC2,CC(C(=O)N1CCCC1)c1ccc(-n2nc(C(F)(F)F)c3c2CCCC3)cc1
COc1cc(O)c2c(c1C(N)=O)OC1=CC(O)=C(C(C)=O)C(=O)[C@]12C.Cc1ccc2ccc(C)c(C=O)c2c1,COc1cc(O)c2c(c1C(=O)NCc1c(C)ccc3ccc(C)cc13)OC1=CC(O)=C(C(C)=O)C(=O)[C@]12C
CN(C)C=O.Cc1ccc(S(=O)(=O)NC(=O)C(c2ccc3c(c2)OCO3)c2cn(C)c3cc(Br)ccc23)cc1,Cc1ccc(S(=O)(=O)NC(=O)C(c2ccc3c(c2)OCO3)c2cn(C)c3cc(C=O)ccc23)cc1
CCOC(=O)C1=C(CBr)NC(c2ncns2)=NC1c1ccc(F)cc1Br.O=C(O)CC1COCCN1,CCOC(=O)C1=C(CN2CCOCC2CC(=O)O)NC(c2ncns2)=NC1c1ccc(F)cc1Br
CN(C)CCN.COC(=O)Cc1ccc(OCc2ccc(-c3ccccc3)cc2)cc1,CN(C)CCNC(=O)Cc1ccc(OCc2ccc(-c3ccccc3)cc2)cc1
CCOC(=O)CC(c1ccc(OCc2cccc(-c3ccc(C(F)(F)F)cc3)c2)cc1)c1nc(C)cs1,Cc1csc(C(CC(=O)O)c2ccc(OCc3cccc(-c4ccc(C(F)(F)F)cc4)c3)cc2)n1
Brc1ccc(Br)c2nsnc12.COC(=O)c1ccc(B(O)O)cc1,COC(=O)c1ccc(-c2ccc(Br)c3nsnc23)cc1
CCOC(=O)c1cccc(N)c1.COC(=O)C(=O)c1ccc(CBr)cc1,CCOC(=O)c1cccc(NCc2ccc(C(=O)C(=O)OC)cc2)c1
CC(C)(C)OC(=O)N1CCNCC1.Clc1cccc(Cc2cnc3c(Cl)cccc3c2)c1,CC(C)(C)OC(=O)N1CCN(c2cccc3cc(Cc4cccc(Cl)c4)cnc23)CC1
COc1cccc(B2OCCN(c3ccccc3)CCO2)n1.Cc1nc(N)nc2c1C(NOC1CCCCO1)=N[C@@H](c1ccc(F)cc1Br)C2,COc1cccc(-c2cc(F)ccc2[C@H]2Cc3nc(N)nc(C)c3C(NOC3CCCCO3)=N2)n1
BrCCNCCBr.CCOC(=O)Cl,CCOC(=O)N(CCBr)CCBr
CN1CCN(c2ccccc2-c2ccc(COS(C)(=O)=O)cc2)CC1.c1ccc2[nH]ccc2c1,CN1CCN(c2ccccc2-c2ccc(Cn3ccc4ccccc43)cc2)CC1
Nc1ccc(F)c(C23CN(c4ncc(F)cn4)CC2CSC(NC(=O)c2ccccc2)=N3)c1.O=C(O)c1ccc(F)cn1,O=C(NC1=NC2(c3cc(NC(=O)c4ccc(F)cn4)ccc3F)CN(c3ncc(F)cn3)CC2CS1)c1ccccc1
CCOC(=O)c1cnn(C(C)C(O)c2ccccc2)c1N,CCOC(=O)c1cnn2c1NC(c1ccccc1)C2C
Cc1[nH]nc2c1c(=O)[nH]c1c(OCCCNC(=O)OC(C)(C)C)cccc12,Cc1[nH]nc2c1c(=O)[nH]c1c(OCCCN)cccc12
CC(=O)Cl.NOCCCCn1cnc2c(N)nc3c(c21)CCCC3,CC(=O)NOCCCCn1cnc2c(N)nc3c(c21)CCCC3
FC(F)(F)CNCc1ccccc1.O=C(O)c1cc(Cl)ncn1,O=C(c1cc(Cl)ncn1)N(Cc1ccccc1)CC(F)(F)F
CCBr.COC(=O)Cc1cccc(O)c1,CCOc1cccc(CC(=O)OC)c1
NS(=O)(=O)c1ccccc1SCc1ccccc1.OO,NS(=O)(=O)c1ccccc1S(=O)Cc1ccccc1
Cc1nc(Cl)cc(Cl)n1.N,Cc1nc(N)cc(Cl)n1
CN(C)Cc1cc(CC(=O)OC(C)(C)C)ccc1Oc1ccc(C(=O)NCCc2ccc(Cl)cc2)cc1,CN(C)Cc1cc(CC(=O)O)ccc1Oc1ccc(C(=O)NCCc2ccc(Cl)cc2)cc1
COc1ccc([N+](=O)[O-])c(NCC(OC)OC)n1,COc1ccc(N)c(NCC(OC)OC)n1
CC(C)(C)OC(=O)N[C@@](C)(CO)CCc1ccc(OCCCC(F)(F)C(F)(F)F)cc1,C[C@](N)(CO)CCc1ccc(OCCCC(F)(F)C(F)(F)F)cc1
CC1(C)CCc2c(N)cccc21.Cc1ccccc1C(=O)Cl,Cc1ccccc1C(=O)Nc1cccc2c1CCC2(C)C
CC(C)(C)OC(=O)N1CCNCC1.N#CBr,CC(C)(C)OC(=O)N1CCN(C#N)CC1
CC(C)Oc1cc(C(=O)NC2CCN(C)CC2)ccc1N.CN1C(=O)C(F)(F)CN(C2CCCC2)c2nc(Cl)ncc21,CC(C)Oc1cc(C(=O)NC2CCN(C)CC2)ccc1Nc1ncc2c(n1)N(C1CCCC1)CC(F)(F)C(=O)N2C
C[Si](C)(C)c1ccc(CNCCc2ccc(Cl)c(Cl)c2)cc1.O=C(O)c1c(F)c(Cl)cc2cc[nH]c12,C[Si](C)(C)c1ccc(CN(CCc2ccc(Cl)c(Cl)c2)C(=O)c2c(F)c(Cl)cc3cc[nH]c23)cc1
C[C@@H](NC(=O)COc1ccc(C(F)(F)F)cc1)c1ccc(OCc2ccccc2)cn1,C[C@@H](NC(=O)COc1ccc(C(F)(F)F)cc1)c1ccc(O)cn1
CCOC(=S)c1cnc(C)nc1Cl.Nc1ccccc1,CCOC(=S)c1cnc(C)nc1Nc1ccccc1
CC[C@H](C)[C@@H](CNCc1cccc2ccccc12)NC(=O)Cc1cncn1Cc1ccc(C#N)cc1.COC(=O)Cl,CC[C@H](C)[C@@H](CN(Cc1cccc2ccccc12)C(=O)OC)NC(=O)Cc1cncn1Cc1ccc(C#N)cc1
CN1CCN(N)CC1=O.O=C(O)c1cnc(OCC(F)(F)F)c(-c2ccc(Cl)cc2)c1,CN1CCN(NC(=O)c2cnc(OCC(F)(F)F)c(-c3ccc(Cl)cc3)c2)CC1=O
C#CCN.Clc1ncnc2ccc(I)cc12,C#CCNc1ncnc2ccc(I)cc12
CSc1nc(N)nc(C(C)O)n1.Oc1ccccc1Cl,CSc1nc(N)nc(C(C)Oc2ccccc2Cl)n1
Brc1cccc(OCc2ccccc2)c1.N#Cc1cccc(B(O)O)c1,N#Cc1cccc(-c2cccc(OCc3ccccc3)c2)c1
N.O=C(O)c1cnc(C2CCC3(CC2)OCCO3)s1,NC(=O)c1cnc(C2CCC3(CC2)OCCO3)s1
COc1cc(Nc2nc(C)cc(Cl)n2)cc(OC)c1OC.[O-]c1ccccc1,COc1cc(Nc2nc(C)cc(Oc3ccccc3)n2)cc(OC)c1OC
C=CCBr.COc1ccc(-c2n[nH]c3c(C)cccc23)cc1,C=CCn1nc(-c2ccc(OC)cc2)c2cccc(C)c21
CC(=O)N1CCn2nc(Nc3cc(Br)cn(C)c3=O)cc2C1.CC(=O)OCc1c(B2OC(C)(C)C(C)(C)O2)cccc1N1CCn2c(cc3c2CCCC3)C1=O,CC(=O)OCc1c(-c2cc(Nc3cc4n(n3)CCN(C(C)=O)C4)c(=O)n(C)c2)cccc1N1CCn2c(cc3c2CCCC3)C1=O
CS(=O)(=O)Cl.O=C(O)c1ccc(O)cc1Cl,CS(=O)(=O)Oc1ccc(C(=O)O)c(Cl)c1
CCOC(=O)C(=CN[C@H](CO)C(C)(C)C)C(=O)c1cc(I)c(F)nc1F,CCOC(=O)c1cn([C@H](CO)C(C)(C)C)c2nc(F)c(I)cc2c1=O
COC(=O)c1ccc(CCc2cccc3c2CN(Cc2cccc(OC)c2)C3)cc1,COc1cccc(CN2Cc3cccc(CCc4ccc(C(=O)O)cc4)c3C2)c1
COC[C@H](C)OC[C@H](O[Si](C)(C)C(C)(C)C)C(=O)Nc1ccc(C)cn1,COC[C@H](C)OC[C@H](O)C(=O)Nc1ccc(C)cn1
CC(C)(C)OC(=O)OC(=O)OC(C)(C)C.O=C1NCCNC1c1ccccc1,CC(C)(C)OC(=O)N1CCNC(=O)C1c1ccccc1
CC(C)(C)OC(=O)NCC(=O)CCC(=O)OCCCC(=O)OCc1ccccc1,CC(C)(C)OC(=O)NCC(=O)CCC(=O)OCCCC(=O)O
FC(F)(F)c1cc(Cl)ccn1.NCc1ccccc1O,Oc1ccccc1CNc1ccnc(C(F)(F)F)c1
Brc1ccc(-c2cnco2)s1.Cc1nc(-c2ccccc2OCc2ccccc2)n(CCc2ccccc2)c(=O)c1Br,Cc1nc(-c2ccccc2OCc2ccccc2)n(CCc2ccccc2)c(=O)c1-c1ccc(-c2cnco2)s1
CCOC(=O)C1CCN(C2C=C(C)C(=O)CC(C)(C)C2O)CC1,CC1=CC(N2CCC(C(=O)O)CC2)C(O)C(C)(C)CC1=O
CC(=O)C(C)n1ncn(-c2ccc(N3CCN(c4ccc(O)cc4)CC3)cc2)c1=O.C[C@H](N)c1cccc2ccccc12,CC(NC(C)C(C)n1ncn(-c2ccc(N3CCN(c4ccc(O)cc4)CC3)cc2)c1=O)c1cccc2ccccc12
O=C(O)c1ccc([N+](=O)[O-])c(O)c1O,Nc1ccc(C(=O)O)c(O)c1O
COCOc1ccc(B(O)O)cc1.Cc1nn(C2CCCCO2)c2nc(Br)cc(CO)c12,COCOc1ccc(-c2cc(CO)c3c(C)nn(C4CCCCO4)c3n2)cc1
CCOC(=O)c1cccc(N2CCN(C(=O)OC(C)(C)C)CC2)c1,CC(C)(C)OC(=O)N1CCN(c2cccc(C(=O)O)c2)CC1
CC(C)(C)OC(=O)CC(=O)c1cccc(-n2nncc2COC2CCCCO2)c1.CC(C)(C)OC(=O)Nc1cc(N2CCCC2)c(C#N)cc1N,CC(C)(C)OC(=O)Nc1cc(N2CCCC2)c(C#N)cc1NC(=O)CC(=O)c1cccc(-n2nncc2COC2CCCCO2)c1
CCC(CC)CBr.NC(=O)c1ccc(Oc2ccc3c(c2)CCCNC3)nc1,CCC(CC)CN1CCCc2cc(Oc3ccc(C(N)=O)cn3)ccc2C1
CC(C)(C)[Si](C)(C)OC1CCC(=O)CC1.CCOP(=O)(CC#N)OCC,CC(C)(C)[Si](C)(C)OC1CCC(=CC#N)CC1
Nc1ccccc1Br.OB(O)c1ccc(Cl)cc1Cl,Nc1ccccc1-c1ccc(Cl)cc1Cl
COC(=O)c1ccc2c(c1)NCC2.COc1cc(C)c(S(=O)(=O)Cl)c(C)c1,COC(=O)c1ccc2c(c1)N(S(=O)(=O)c1c(C)cc(OC)cc1C)CC2
CC(C)OC(=O)N1CCC(C(C)CO)CC1.CS(=O)(=O)Cl,CC(C)OC(=O)N1CCC(C(C)COS(C)(=O)=O)CC1
N#Cc1ccc2c(c1)CC(N)CN2.O=C(O)[C@@H](O)c1ccccc1,N#Cc1ccc2c(c1)C[C@H](NC(=O)[C@@H](O)c1ccccc1)CN2
C=CCCBr.Oc1ccc(O)cc1,C=CCCOc1ccc(O)cc1
CSc1ccccc1C1(O)CCN(C(=O)OCc2ccccc2)CC1,CSc1ccccc1C1CCN(C(=O)OCc2ccccc2)CC1
Cc1ccc(I)cc1.c1ccc2c(c1)Nc1ccccc1S2,Cc1ccc(N2c3ccccc3Sc3ccccc32)cc1
CN(C)c1ccc2cc(C=O)c([Si](C)(C)C(C)(C)C)cc2c1.N#CCC#N,CN(C)c1ccc2cc(C=C(C#N)C#N)c([Si](C)(C)C(C)(C)C)cc2c1
Nc1cc(C(=O)O)ccc1Cc1ccccc1C(=O)O,O=C(O)c1ccc2c(c1)NC(=O)c1ccccc1C2
Nc1ccc2cnn(CCN3CCCC3)c2c1.O=C(O)Cc1ccc(OCc2ccccc2)cc1,O=C(Cc1ccc(OCc2ccccc2)cc1)Nc1ccc2cnn(CCN3CCCC3)c2c1
COC(=O)C(Cc1cccc(CCO)c1)C(=O)OC.O=C=Nc1ccc(Cl)cc1Cl,COC(=O)C(Cc1cccc(CCOC(=O)Nc2ccc(Cl)cc2Cl)c1)C(=O)OC
CC(C)(O)CN.Fc1ccc(-c2cnc3c(Br)cnn3c2)cn1,CC(C)(O)CNc1ccc(-c2cnc3c(Br)cnn3c2)cn1
CSc1ccc(C(=O)O)cc1[N+](=O)[O-].N#Cc1ccc(C2CCNCC2)cc1,CSc1ccc(C(=O)N2CCC(c3ccc(C#N)cc3)CC2)cc1[N+](=O)[O-]
CCOC(=O)C1(CI)CCN(C(=O)c2ccc(F)cc2)C1.Oc1cnc(-c2ccc(Cl)cc2)cn1,CCOC(=O)C1(COc2cnc(-c3ccc(Cl)cc3)cn2)CCN(C(=O)c2ccc(F)cc2)C1
NC(=O)c1cc([N+](=O)[O-])c(N)c(F)c1F,N#Cc1cc([N+](=O)[O-])c(N)c(F)c1F
Fc1c(Cl)cccc1CBr.O=C1c2ccccc2C(=O)N1c1cc[nH]n1,O=C1c2ccccc2C(=O)N1c1ccn(Cc2cccc(Cl)c2F)n1
C1CCN(CC2CCCCN2)CC1.O=C1CC(C(=O)Cl)c2cc(Cl)c(Cl)cc21,O=C1CC(C(=O)N2CCCCC2CN2CCCCC2)c2cc(Cl)c(Cl)cc21
CC(C)(C#N)c1ccc(N)cc1Br.Cn1cc(B2OC(C)(C)C(C)(C)O2)cn1,Cn1cc(-c2cc(N)ccc2C(C)(C)C#N)cn1
Cc1nn(C)c(C(=O)O)c1C(F)(F)F.N,Cc1nn(C)c(C(N)=O)c1C(F)(F)F
CCO[Si](OCC)(OCC)C(C)Br.CN(C)Cc1ccccc1,CCO[Si](OCC)(OCC)C(C)[N+](C)(C)Cc1ccccc1
COC(=O)C(=O)C(C)(c1ccc2c(c1)OCO2)N1CCN(C)CC1,CN1CCN(C(C)(C(=O)C(=O)O)c2ccc3c(c2)OCO3)CC1
Nc1nccn2c([C@@H]3CCCN3)nc(-c3ccc(C(=O)Nc4ccccn4)cc3)c12.O=C(O)/C=C/CN1CCCC1,Nc1nccn2c([C@@H]3CCCN3C(=O)/C=C/CN3CCCC3)nc(-c3ccc(C(=O)Nc4ccccn4)cc3)c12
CCOCC(=O)Cl.Nc1cnc2cccnc2c1NCc1cc(-c2ccc(F)cc2)no1,CCOCC(=O)Nc1cnc2cccnc2c1NCc1cc(-c2ccc(F)cc2)no1
CC(=O)C(C)Br.Cc1cc(C)c(NC(N)=S)c(C)c1,Cc1cc(C)c(Nc2nc(C)c(C)s2)c(C)c1
CC(N)CO.CCOC(=O)c1c(O)c2ncc(Cc3ccc(F)cc3)cc2n(CC(=O)N2CCOCC2)c1=O,CC(CO)NC(=O)c1c(O)c2ncc(Cc3ccc(F)cc3)cc2n(CC(=O)N2CCOCC2)c1=O
CC(C)(C)c1ccccc1O.COc1cc2c(cc1OC)-c1cc(Cl)nc(=O)n1CC2,COc1cc2c(cc1OC)-c1cc(Oc3ccccc3C(C)(C)C)nc(=O)n1CC2
CCOC(=O)C(F)CO[Si](c1ccccc1)(c1ccccc1)C(C)(C)C,CC(C)(C)[Si](OCC(F)CO)(c1ccccc1)c1ccccc1
C=CCN.Cc1nnc2n1-c1sc(CCc3ccc(CC(=O)Nc4cccc(/C=C/c5nc(C6CCC6)cs5)c4)c(C(=O)O)c3)cc1C(c1ccccc1Cl)=NC2,C=CCNC(=O)c1cc(CCc2cc3c(s2)-n2c(C)nnc2CN=C3c2ccccc2Cl)ccc1CC(=O)Nc1cccc(/C=C/c2nc(C3CCC3)cs2)c1
COc1cnc(Br)c2[nH]ccc12.Clc1cn[nH]c1,COc1cnc(-n2cc(Cl)cn2)c2[nH]ccc12
CCBr.CCOC(=O)c1cc2cc(O)c(Cl)nc2n1C(=O)OC(C)(C)C,CCOC(=O)c1cc2cc(OCC)c(Cl)nc2n1C(=O)OC(C)(C)C
CCCCCCC/C=C/C(=O)O.CCCCCCCNCC,CCCCCCC/C=C/C(=O)N(CC)CCCCCCC
O=C(O)CC/C=C/c1cccc(Br)c1,O=C(O)CCCCc1cccc(Br)c1
NNc1cnc2ccc(Br)cc2n1.O=C(O)C1CC1,O=C(NNc1cnc2ccc(Br)cc2n1)C1CC1
COc1cc(NC(=O)Cn2cnc3cccc(C(=O)O)c32)cc(OC)c1,COc1cc(NC(=O)Cn2cnc3cccc(CO)c32)cc(OC)c1
Clc1ccc2scc(CBr)c2c1.c1ccc(N2CCNCC2)nc1,Clc1ccc2scc(CN3CCN(c4ccccn4)CC3)c2c1
Clc1ccc2ncc(-c3cc4ccccc4o3)n2n1.NCC(O)CN1CCCCC1,OC(CNc1ccc2ncc(-c3cc4ccccc4o3)n2n1)CN1CCCCC1
COCC(O)(CC=O)c1ccccc1.C[C@H](N)c1ccc(Br)cc1,COCC(O)(CCN[C@@H](C)c1ccc(Br)cc1)c1ccccc1
C=CCN.ClCc1nnc2n1-c1ccc(Cl)cc1C(c1ccccc1Cl)=NC2,C=CCNCc1nnc2n1-c1ccc(Cl)cc1C(c1ccccc1Cl)=NC2
CC(C)(C)OC(=O)N1CCCC(CNc2ccccc2)C1.CCN=C=O,CCNC(=O)N(CC1CCCN(C(=O)OC(C)(C)C)C1)c1ccccc1
Nc1nc(-c2ccccc2)cs1.O=S(=O)(Cl)c1ccc(-c2ccccc2)cc1,O=S(=O)(Nc1nc(-c2ccccc2)cs1)c1ccc(-c2ccccc2)cc1
N#Cc1ccnc(CO)c1,N#Cc1ccnc(C=O)c1
CC(C)(N)CO.Cc1onc(-c2ccccc2)c1COc1ccc(C(=O)O)nn1,Cc1onc(-c2ccccc2)c1COc1ccc(C(=O)NC(C)(C)CO)nn1
CC(C)(C)OC(=O)N1CCC(COC2CC=C(B3OC(C)(C)C(C)(C)O3)CC2)CC1.Cc1nc(S(C)(=O)=O)ccc1OS(=O)(=O)C(F)(F)F,Cc1nc(S(C)(=O)=O)ccc1C1=CCC(OCC2CCN(C(=O)OC(C)(C)C)CC2)CC1
CCOC(=O)c1sc(N2CCCC2CO)nc1N.COc1ccc(C=O)cc1Cl,CCOC(=O)c1sc(N2CCCC2CO)nc1NCc1ccc(OC)c(Cl)c1
N#Cc1ccc(Cl)nc1.O=Cc1ccc(O)c2ncccc12,N#Cc1ccc(Oc2ccc(C=O)c3cccnc23)nc1
COC(=O)c1noc(-c2ccccc2)c1CCC(F)(F)F,O=C(O)c1noc(-c2ccccc2)c1CCC(F)(F)F
CCS(=O)O.Cc1ncc([N+](=O)[O-])n1CCBr,CCS(=O)(=O)CCn1c([N+](=O)[O-])cnc1C
CS(=O)(=O)Cl.Cc1ccc(C(=O)NCc2ccc(O)cc2)c(=O)n1-c1cccc(C(F)(F)F)c1,Cc1ccc(C(=O)NCc2ccc(OS(C)(=O)=O)cc2)c(=O)n1-c1cccc(C(F)(F)F)c1
COC(=O)c1cccc2[nH]c([C@@]3(C)CCCN3C(=O)OCc3ccccc3)cc12,COC(=O)c1cccc2[nH]c([C@@]3(C)CCCN3)cc12
CC1CN(c2ccc(C(F)(F)F)cn2)C(C)CN1C(=O)OC(C)(C)C,CC1CN(c2ccc(C(F)(F)F)cn2)C(C)CN1
O=C(N[C@H]1CC[C@@H](n2c(=O)c3cc(F)cnc3n(-c3cccc(I)c3)c2=O)CC1)c1cn2cc(F)ccc2n1.OB(O)c1ccc(O)cc1CN1CCOCC1,O=C(N[C@H]1CC[C@@H](n2c(=O)c3cc(F)cnc3n(-c3cccc(-c4ccc(O)cc4CN4CCOCC4)c3)c2=O)CC1)c1cn2cc(F)ccc2n1
CCn1cc(-c2cccc(N)c2)c(-c2ccncc2)n1.O=C=Nc1ccccc1Cl,CCn1cc(-c2cccc(NC(=O)Nc3ccccc3Cl)c2)c(-c2ccncc2)n1
C[C@@H]1CNC[C@H](C)O1.C[C@H](NC(=O)OC(C)(C)C)c1cccc(Br)c1,C[C@@H]1CN(c2cccc([C@H](C)NC(=O)OC(C)(C)C)c2)C[C@H](C)O1
COc1cc(-c2ccc3nc(NC(=O)c4ccc(CN5CCCCC5)cc4)nn3c2)ccc1OCc1ccccc1,COc1cc(-c2ccc3nc(NC(=O)c4ccc(CN5CCCCC5)cc4)nn3c2)ccc1O
Nc1cc(N)c(Cl)cc1Cl.O=C(Cl)CCCCl,Nc1cc(NC(=O)CCCCl)c(Cl)cc1Cl
CC(C)Oc1ccc(-c2nc(-c3ccc4c(c3)CCN(CCCC(=O)O)CC4)no2)cc1C#N.CNC,CC(C)Oc1ccc(-c2nc(-c3ccc4c(c3)CCN(CCCC(=O)N(C)C)CC4)no2)cc1C#N
BrCCCOc1ccccc1.O=C(O[C@H]1CN2CCC1CC2)C(O)(c1cccs1)c1cccs1,O=C(O[C@H]1C[N+]2(CCCOc3ccccc3)CCC1CC2)C(O)(c1cccs1)c1cccs1
COc1ccccc1-n1nc(C(C)(C)C)cc1N.O=C(O)Cc1ccc(-n2cnc3cccnc32)cc1,COc1ccccc1-n1nc(C(C)(C)C)cc1NC(=O)Cc1ccc(-n2cnc3cccnc32)cc1
C1COCCN1.CC(=O)c1cc(C#N)c(Cl)nc1C,CC(=O)c1cc(C#N)c(N2CCOCC2)nc1C
CCCCS(=O)(=O)Cl.COc1cc(C(=O)N2Cc3cccn3Cc3ccccc32)ccc1N,CCCCS(=O)(=O)Nc1ccc(C(=O)N2Cc3cccn3Cc3ccccc32)cc1OC
Cc1c(F)cc(Cl)c2c1c1c(n2C)CCN(C(=O)OC(C)(C)C)C1,Cc1c(F)cc(Cl)c2c1c1c(n2C)CCNC1
CC(CCN1C(=O)c2ccccc2C1=O)c1ccc(-c2ccc(F)cc2)cc1,CC(CCN)c1ccc(-c2ccc(F)cc2)cc1
N[C@H]1C[C@@H](CO)[C@H](O)[C@@H]1O.Nc1ncnc(Cl)c1[N+](=O)[O-],Nc1ncnc(N[C@H]2C[C@@H](CO)[C@H](O)[C@@H]2O)c1[N+](=O)[O-]
CCOC(=O)c1ncn2c1[C@@H]1CCCN1C(=O)c1c(Cl)cccc1-2,O=C(O)c1ncn2c1[C@@H]1CCCN1C(=O)c1c(Cl)cccc1-2
CC(C)(C)OC(=O)OC(=O)OC(C)(C)C.Cc1cc(N)ccc1Br,Cc1cc(NC(=O)OC(C)(C)C)ccc1Br
Cc1noc(C)c1-c1cnc2c(c1)c(CC1CCNCC1)cn2C.O=S(=O)(Cl)c1ccccc1,Cc1noc(C)c1-c1cnc2c(c1)c(CC1CCN(S(=O)(=O)c3ccccc3)CC1)cn2C
CS(=O)(=O)c1ccc(-c2nccnc2N2CCNCC2)cc1.Cc1nn(C)c(C)c1C=O,Cc1nn(C)c(C)c1CN1CCN(c2nccnc2-c2ccc(S(C)(=O)=O)cc2)CC1
N#Cc1cccc(CBr)c1.c1ccc(-c2nc3c(o2)CNCC3)nc1,N#Cc1cccc(CN2CCc3nc(-c4ccccn4)oc3C2)c1
Cc1nc(C#Cc2ccnc(C#N)c2)c[nH]1.OB(O)c1ccc(F)cc1,Cc1nc(C#Cc2ccnc(C#N)c2)cn1-c1ccc(F)cc1
N#Cc1ccc(N(CCO)CC(F)(F)F)cc1C(F)(F)F.Oc1cccc(F)c1,N#Cc1ccc(N(CCOc2cccc(F)c2)CC(F)(F)F)cc1C(F)(F)F
CC1CCC(O)CC1.CS(=O)(=O)Cl,C[C@H]1CC[C@@H](OS(C)(=O)=O)CC1
Nc1ncnc2c1c(C#CCO)nn2Cc1oc2ccccc2c(=O)c1-c1ccccc1,Nc1ncnc2c1c(CCCO)nn2Cc1oc2ccccc2c(=O)c1-c1ccccc1
COC(=O)C(C)(C)CCOc1ccc(C(=O)N2c3ccccc3[C@H](N(C(=O)C(C)C)c3ccc(Cl)cc3)C[C@@H]2C)cc1,CC(C)C(=O)N(c1ccc(Cl)cc1)[C@@H]1C[C@H](C)N(C(=O)c2ccc(OCCC(C)(C)C(=O)O)cc2)c2ccccc21
C1CCNC1.O=Cc1ccc(/C(=C\C=C\C(=O)Nc2cccc3cnccc23)c2ccc(C(F)(F)F)cc2)cc1,O=C(/C=C/C=C(\c1ccc(CN2CCCC2)cc1)c1ccc(C(F)(F)F)cc1)Nc1cccc2cnccc12
C[C@H]1C=CC2=C[C@@H](C(C)(C)C)C[C@H](O)[C@@H]2[C@@]1(CC[C@@H]1C[C@H](C(C)(C)C)C(O[SiH](C)C)C(=O)O1)O[SiH](C)C.Cc1cccc(C)c1OC(C)C(=O)O,Cc1cccc(C)c1OC(C)C(=O)O[C@H]1C[C@H](C(C)(C)C)C=C2C=C[C@H](C)[C@](CC[C@@H]3C[C@H](C(C)(C)C)C(O[SiH](C)C)C(=O)O3)(O[SiH](C)C)[C@H]21
O=Cc1ccccc1F.Sc1ccccc1,O=Cc1ccccc1Sc1ccccc1
COc1ccc(Cl)cc1I.OB(O)C1=C(Br)CCC1,COc1ccc(Cl)cc1C1=C(Br)CCC1
CC(C)Oc1ccncc1N=C=S.Cn1cnc2c(N)cccc21,CC(C)Oc1ccncc1NC(=S)Nc1cccc2c1ncn2C
CCCCNCC(=O)O.O=[N+]([O-])c1ccc(Br)cc1F,CCCCN(CC(=O)O)c1cc(Br)ccc1[N+](=O)[O-]
COc1cc(N2CCCN(C)CC2)c2oc(C(=O)O)cc(=O)c2c1.Nc1ccc(N2CCOCC2)cc1,COc1cc(N2CCCN(C)CC2)c2oc(C(=O)Nc3ccc(N4CCOCC4)cc3)cc(=O)c2c1
COC(=O)CCc1cccc(CNCc2ccc3c(c2)OCO3)c1.O=S(=O)(Cl)c1ccccc1,COC(=O)CCc1cccc(CN(Cc2ccc3c(c2)OCO3)S(=O)(=O)c2ccccc2)c1
CN1CCSc2c(C(=O)O)cc(Cl)cc21.NC1CN2CCC1CC2,CN1CCSc2c(C(=O)NC3CN4CCC3CC4)cc(Cl)cc21
CCOC(=O)C1CCN(c2ccc3c(N)c(Cl)ccc3n2)CC1.O=C(O)CCc1ccccc1Cl,CCOC(=O)C1CCN(c2ccc3c(NC(=O)CCc4ccccc4Cl)c(Cl)ccc3n2)CC1
COC(=O)c1ccc(C)c(N)c1.COc1ccc(/C=C/C(=O)O)c(OC)c1OC,COC(=O)c1ccc(C)c(NC(=O)C=Cc2ccc(OC)c(OC)c2OC)c1
CCCN1CCCC(c2cccc(OC)c2)C1,CCCN1CCCC(c2cccc(O)c2)C1
Cc1cc(Cl)c(C(=O)C=C(Nc2ccccc2)Nc2ccccc2)c(Cl)n1,Cc1cc(Cl)c2c(=O)cc(Nc3ccccc3)n(-c3ccccc3)c2n1
CC(=O)Nc1nc(CCc2ccc(COC(=O)NNC(=O)OC(C)(C)C)c(F)c2)cs1,CC(=O)Nc1nc(CCc2ccc(COC(=O)NN)c(F)c2)cs1
C=C(C)B1OC(C)(C)C(C)(C)O1.O=[N+]([O-])c1cc(F)ccc1Cl,C=C(C)c1ccc(F)cc1[N+](=O)[O-]
Cc1c(Cl)cc[n+]([O-])c1C.OCCCS,Cc1c(SCCCO)cc[n+]([O-])c1C
C#CCO.CCOC(=O)c1cn(C)c2ccc(Cl)nc2c1=O,CCOC(=O)c1cn(C)c2ccc(C#CCO)nc2c1=O
CC(=O)c1ccc(N2CCNCC2)cc1.CCOC(=O)Nc1nc2ccc(Cl)cc2nc1OC,COc1nc2cc(Cl)ccc2nc1NC(=O)N1CCN(c2ccc(C(C)=O)cc2)CC1
CO.Cn1cc([N+](=O)[O-])c(C(=O)O)n1,COC(=O)c1nn(C)cc1[N+](=O)[O-]
CCOC(=O)c1cn2ncnc(Nc3ccc4c(cnn4Cc4cccc(F)c4)c3)c2c1C,Cc1c(C(=O)O)cn2ncnc(Nc3ccc4c(cnn4Cc4cccc(F)c4)c3)c12
CS(=O)(=O)Cl.Cc1cncn1-c1ccc(N2C[C@H](CO)OC2=O)cc1F,Cc1cncn1-c1ccc(N2C[C@H](COS(C)(=O)=O)OC2=O)cc1F
BrCCOCCBr.CCN(C)CCCOc1ccc(C2(CN)CCOCC2)cc1,CCN(C)CCCOc1ccc(C2(CN3CCOCC3)CCOCC2)cc1
COC(=O)[C@@H](NC(=O)OC(C)(C)C)[C@H](C)N.O=[N+]([O-])c1ccccc1F,COC(=O)[C@@H](NC(=O)OC(C)(C)C)[C@H](C)Nc1ccccc1[N+](=O)[O-]
CC(C)(C)OC(=O)N1CCC(O)CC1.COC(=O)c1cc(O)ccn1,COC(=O)c1cc(OC2CCN(C(=O)OC(C)(C)C)CC2)ccn1
Cc1cc(S(=O)(=O)Cl)ccc1NC(=O)C(F)(F)F.Nc1nccs1,Cc1cc(S(=O)(=O)Nc2nccs2)ccc1NC(=O)C(F)(F)F
Cc1ccc(I)cc1C(=O)O,Cc1ccc(I)cc1C=O
COc1ccc2c(c1)C(c1ccc(Cl)cc1)=N[C@@H](CC(=O)NCCCN)c1nnc(C)n1-2.O=C(O)c1cccc(B(O)O)c1,COc1ccc2c(c1)C(c1ccc(Cl)cc1)=N[C@@H](CC(=O)NCCCNC(=O)c1cccc(B(O)O)c1)c1nnc(C)n1-2
CC(C)(C)OC(=O)N1CC[C@H](N)C1.O=C(Br)CBr,CC(C)(C)OC(=O)N1CC[C@H](NC(=O)CBr)C1
Cn1nnnc1Cl.O=C(CCCS)c1ccccn1,Cn1nnnc1SCCCC(=O)c1ccccn1
CC(C)(C)[C@H]1CC[C@H](Oc2cccc3cc(C=O)ccc23)CC1.CCOC(=O)C1CC(N)C1(C)C,CCOC(=O)C1CC(NCc2ccc3c(O[C@@H]4CC[C@@H](C(C)(C)C)CC4)cccc3c2)C1(C)C
NCCC1CCN(C(=O)OCc2cc(Cl)cc(Cl)c2)CC1.O=C(O)Cc1c[nH]nn1,O=C(Cc1c[nH]nn1)NCCC1CCN(C(=O)OCc2cc(Cl)cc(Cl)c2)CC1
COC(=O)c1ccc(-c2nn(C(=O)c3c(C)cc(N(C)C)cc3Cl)c3cccnc23)c(F)c1,Cc1cc(N(C)C)cc(Cl)c1C(=O)n1nc(-c2ccc(C(=O)O)cc2F)c2ncccc21
CCOC(=O)c1ccccc1CCC(=O)c1cccc(COC2CCCCO2)c1,CCOC(=O)c1ccccc1CC[C@H](O)c1cccc(COC2CCCCO2)c1
O=C(Cl)CCCl.c1ccc2c(c1)CCNC2,O=C(CCCl)N1CCc2ccccc2C1
CCOc1cc(C=O)cc(OCC)c1F.Cc1nccc2nc(NC3CCNCC3)oc12,CCOc1cc(CN2CCC(Nc3nc4ccnc(C)c4o3)CC2)cc(OCC)c1F
COC(=O)Nc1nc2c(OC)ccc([N+](=O)[O-])c2s1,COC(=O)Nc1nc2c(OC)ccc(N)c2s1
BrCCCCOc1ccccc1.N#CC(c1ccccc1)(c1ccccc1)C12CCN(CC1)CC2,N#CC(c1ccccc1)(c1ccccc1)C12CC[N+](CCCCOc3ccccc3)(CC1)CC2
CC1(C)CC(=O)CC(C)(C)N1.CCCCCCCCN,CCCCCCCCNC1CC(C)(C)NC(C)(C)C1
COC(=O)[C@@H]1C[C@@H](S(C)(=O)=O)CN1C(=O)OC(C)(C)C,CC(C)(C)OC(=O)N1C[C@H](S(C)(=O)=O)C[C@H]1C(=O)O
CC(C)(C)OC(=O)N1CCC(N)CC1.N#Cc1ccc2oc(Cl)nc2c1,CC(C)(C)OC(=O)N1CCC(Nc2nc3cc(C#N)ccc3o2)CC1
COC(=O)Cc1cc2ccc(Cl)cc2c(-c2ccc(NS(=O)(=O)c3ccccc3C(F)(F)F)cc2)c1C,Cc1c(CC(=O)O)cc2ccc(Cl)cc2c1-c1ccc(NS(=O)(=O)c2ccccc2C(F)(F)F)cc1
CI.O=C(c1cc(C(F)(F)F)cc(C(F)(F)F)c1)N1CCC2(CC1)C(=O)NCN2c1ccccc1Cl,CN1CN(c2ccccc2Cl)C2(CCN(C(=O)c3cc(C(F)(F)F)cc(C(F)(F)F)c3)CC2)C1=O
CSCCC(NS(=O)(=O)c1cnc(N2CCC(CCCCCC3CCNCC3)CC2)c(Br)c1)C(=O)O.O=S(=O)(Cl)c1cc(Br)c(Cl)s1,CSCCC(NS(=O)(=O)c1cnc(N2CCC(CCCCCC3CCN(S(=O)(=O)c4cc(Br)c(Cl)s4)CC3)CC2)c(Br)c1)C(=O)O
C1CNCCN1.CC(C)c1ccc2c(Nc3cc(C(=O)O)ccc3Sc3ccc(NC(=O)OC(C)(C)C)cc3)ncnc2n1,CC(C)c1ccc2c(Nc3cc(C(=O)N4CCNCC4)ccc3Sc3ccc(NC(=O)OC(C)(C)C)cc3)ncnc2n1
COc1ccc(N)cc1.O=C(O)c1cnc2ccc(CCc3ccccc3)nn12,COc1ccc(NC(=O)c2cnc3ccc(CCc4ccccc4)nn23)cc1
CC(=O)OC(C)=O.CCCCn1c(=O)c(=O)[nH]c2ccc3c(c21)CCCN3,CCCCn1c(=O)c(=O)[nH]c2ccc3c(c21)CCCN3C(C)=O
O=S(=O)(Cl)c1cccc(CBr)c1.OC1CCNCC1,O=S(=O)(c1cccc(CBr)c1)N1CCC(O)CC1
CS(=O)(=O)Cl.NCc1cc(Oc2ccc(Nc3cc(-c4ccccc4)nc(N)n3)cc2)ccn1,CS(=O)(=O)NCc1cc(Oc2ccc(Nc3cc(-c4ccccc4)nc(N)n3)cc2)ccn1
N#CC1(c2cccc(C(=O)O)c2Cl)CC1.N#Cc1c(Oc2cc(N)c(F)cc2Cl)ccc2nc(NC(=O)C3CC3)sc12,N#Cc1c(Oc2cc(NC(=O)c3cccc(C4(C#N)CC4)c3Cl)c(F)cc2Cl)ccc2nc(NC(=O)C3CC3)sc12
CCCCCCCCC(CCCCCC)Cc1ccsc1Br.CN(C)C=O,CCCCCCCCC(CCCCCC)Cc1ccsc1C=O
O=C1NC(=O)c2ccccc21.OC1CCC(c2cc(F)c(Br)cc2F)C1,O=C1c2ccccc2C(=O)N1C1CCC(c2cc(F)c(Br)cc2F)C1
C1COCCN1.COc1ccccc1C(C#N)NC(=O)[C@@H]1CCCC[C@H]1C(=O)O,COc1ccccc1C(C#N)NC(=O)[C@@H]1CCCC[C@H]1C(=O)N1CCOCC1
COc1ccc(S(=O)(=O)Cl)cc1OC.C[C@@](O)(c1ccnc(-c2cccc3cc([C@H](N)c4ccccc4Cl)sc23)c1)C(F)(F)F,COc1ccc(S(=O)(=O)N[C@@H](c2cc3cccc(-c4cc([C@@](C)(O)C(F)(F)F)ccn4)c3s2)c2ccccc2Cl)cc1OC
Brc1ccc2c(c1)C1(CCCCC1)C(=NOCc1ccccc1)N2.COc1cccc(B(O)O)c1,COc1cccc(-c2ccc3c(c2)C2(CCCCC2)C(=NOCc2ccccc2)N3)c1
Cc1cc(NC(=O)OC(C)(C)C)nc(CO)c1CNC(=O)OCC1c2ccccc2-c2ccccc21,Cc1cc(NC(=O)OC(C)(C)C)nc(CO)c1CN
CC(C)(C)c1ccc(C=O)cc1.NCCc1ccc(Cl)cc1,CC(C)(C)c1ccc(CNCCc2ccc(Cl)cc2)cc1
CCOC(=O)Cl.N#CCCC1CCc2cc(N)ccc2O1,CCOC(=O)Nc1ccc2c(c1)CCC(CCC#N)O2
COc1cc([C@H]2CC[C@@H](N3CCN(CCS(C)(=O)=O)CC3)CC2)ccc1N.O=C(Nc1c(F)cccc1F)c1cccc(-c2nc3ccccn3c2-c2ccnc(Cl)n2)c1,COc1cc([C@H]2CC[C@@H](N3CCN(CCS(C)(=O)=O)CC3)CC2)ccc1Nc1nccc(-c2c(-c3cccc(C(=O)Nc4c(F)cccc4F)c3)nc3ccccn23)n1
Cc1ccccc1B(O)O.N#Cc1ccc(Cl)cc1,Cc1ccccc1-c1ccc(C#N)cc1
CNC(=O)C(=O)CCCCCCC(=O)O.NNC(=O)c1cccs1,CNC(=O)C(=O)CCCCCCC(=O)NNC(=O)c1cccs1
C#Cc1ccnc(SC)n1.Fc1cc(I)ccn1,CSc1nccc(C#Cc2ccnc(F)c2)n1
O=C(Cl)OCc1ccccc1.O=C(O)[C@@H]1CC(O)CN1,O=C(O)[C@@H]1CC(O)CN1C(=O)OCc1ccccc1
COc1cccc2cc(-n3nc(O)cc3C)ccc12.ClCCN1CCOCC1,COc1cccc2cc(-n3nc(OCCN4CCOCC4)cc3C)ccc12
Cc1cc(COc2ccc(C(=O)NCC3(N4CCNCC4)C(=O)NC(=O)NC3=O)cc2)c2ccccc2n1.O=Cc1cccnc1,Cc1cc(COc2ccc(C(=O)NCC3(N4CCN(Cc5cccnc5)CC4)C(=O)NC(=O)NC3=O)cc2)c2ccccc2n1
NC(=O)c1cncc(O)c1,N#Cc1cncc(O)c1
O=[N+]([O-])c1c(F)cc(CCO)cc1F,Nc1c(F)cc(CCO)cc1F
CC(=O)[O-].Cc1ccc(N2N=C3c4cc(C(=O)CCl)sc4CCC3CC2=O)cc1,CC(=O)OCC(=O)c1cc2c(s1)CCC1CC(=O)N(c3ccc(C)cc3)N=C21
CCOC(=O)Cc1cn(Cc2nc3ccccc3s2)c2cc(-c3cc(N)cc(N)c3)ccc12,Nc1cc(N)cc(-c2ccc3c(CC(=O)O)cn(Cc4nc5ccccc5s4)c3c2)c1
CC(=O)Nc1ccc(C(C(C)C)n2cncn2)cc1[N+](=O)[O-],CC(C)C(c1ccc(N)c([N+](=O)[O-])c1)n1cncn1
CC1(C)OB(c2cc(Cl)c(O)c(Cl)c2)OC1(C)C.O=C(c1cnc2ccc(Br)cc2c1Nc1cccc(CCN2CCCC2)c1)C1CC1,O=C(c1cnc2ccc(-c3cc(Cl)c(O)c(Cl)c3)cc2c1Nc1cccc(CCN2CCCC2)c1)C1CC1
Cc1oc(-c2ccccc2)nc1CC[NH3+].N#C[C@@H]1CCCN1C(=O)CCl,Cc1oc(-c2ccccc2)nc1CCNCC(=O)N1CCC[C@H]1C#N
CC(C)(C)OC(=O)OC(=O)OC(C)(C)C.N[C@@H](Cc1ccccc1)C(=O)CCl,CC(C)(C)OC(=O)N[C@@H](Cc1ccccc1)C(=O)CCl
COC(=O)C(C)Oc1ncccc1OC(C)=O,COC(=O)C(C)Oc1ncccc1O
N#CCC(=O)N1CCC[C@H]1Cn1nc(-c2ccc(Oc3cccc(F)c3F)cc2F)c2c(N)ncnc21.O=CC1CC1,N#CC(=CC1CC1)C(=O)N1CCC[C@H]1Cn1nc(-c2ccc(Oc3cccc(F)c3F)cc2F)c2c(N)ncnc21
CCC(COS(C)(=O)=O)NC(=O)OC(C)(C)C.[C-]#N,CCC(CC#N)NC(=O)OC(C)(C)C
COc1ccc(CCl)cc1.NS(=O)(=O)c1cc(C(=O)O)c(NCc2ccco2)cc1Cl,COc1ccc(COC(=O)c2cc(S(N)(=O)=O)c(Cl)cc2NCc2ccco2)cc1
C#Cc1ccc(-c2ccc(Cl)cc2)cn1.CC1CCN([C@@H]2CCCN(c3ccc(I)cc3)C2)CC1,CC1CCN([C@@H]2CCCN(c3ccc(C#Cc4ccc(-c5ccc(Cl)cc5)cn4)cc3)C2)CC1
CCc1cccc(C)c1N(CCl)C(=O)CCl.Cc1n[nH]c(C)c1Cl,CCc1cccc(C)c1N(Cn1nc(C)c(Cl)c1C)C(=O)CCl
COCCl.OCc1coc(-c2ccccc2)n1,COCOCc1coc(-c2ccccc2)n1
O=C(O)CN1C(=O)C(NC(=O)c2cc3cc(Cl)ccc3[nH]2)Cc2ccccc21,O=C(NC1Cc2ccccc2N(CCO)C1=O)c1cc2cc(Cl)ccc2[nH]1
FC(F)(F)c1cccc2[nH]ccc12,FC(F)(F)c1cccc2c1CCN2
NC1CCCCC1.O=[N+]([O-])c1ccccc1F,O=[N+]([O-])c1ccccc1NC1CCCCC1
O=C1CNC(=O)N1.O=CC=Cc1ccccc1,O=C1NC(=O)C(=CC=Cc2ccccc2)N1
O=C(O)c1cc(Cl)c(Cl)cc1[N+](=O)[O-].Oc1ccc(Cl)cc1,O=C(O)c1cc(Oc2ccc(Cl)cc2)c(Cl)cc1[N+](=O)[O-]
CCOCN(c1cc(C)on1)S(=O)(=O)c1cc(C)sc1Br.O=Cc1ccc(B(O)O)cc1,CCOCN(c1cc(C)on1)S(=O)(=O)c1cc(C)sc1-c1ccc(C=O)cc1
CN(C)C1CCNC1.Nc1c(-c2ccc(NS(=O)(=O)c3cccc(Cl)c3Cl)cc2)cnc2c(C(=O)O)cnn12,CN(C)C1CCN(C(=O)c2cnn3c(N)c(-c4ccc(NS(=O)(=O)c5cccc(Cl)c5Cl)cc4)cnc23)C1
CC(C)(C)N.O=C(O)c1ccc(C2CC2)c(OCC2CC2)n1,CC(C)(C)NC(=O)c1ccc(C2CC2)c(OCC2CC2)n1
CN1CC(=O)OB(c2ccc(OCCc3ccc(F)cc3)cc2)OC(=O)C1.Cc1nc(C)c([C@H](OC(C)(C)C)C(=O)OC(C)C)c(N2CCC(C(F)(F)F)CC2)c1Br,Cc1nc(C)c([C@H](OC(C)(C)C)C(=O)OC(C)C)c(N2CCC(C(F)(F)F)CC2)c1-c1ccc(OCCc2ccc(F)cc2)cc1
CCOC(=O)C(Cl)C(C)=O.N#Cc1cc(O)cc(Cl)c1,CCOC(=O)C(Oc1cc(Cl)cc(C#N)c1)C(C)=O
Clc1cc2[nH]nnc2c(Cl)n1.OCc1ccccc1,Clc1cc2[nH]nnc2c(OCc2ccccc2)n1
CC1(C)CN(Cc2ccccc2)CCC1=O.[NH4+],CC1(C)CN(Cc2ccccc2)CCC1N
COC(=O)CCCCOc1cc2c(cc1N)nc(-c1ccccc1)n2-c1ccc(OC)cc1.O=S(=O)(O)c1ccc(Cl)cc1,COC(=O)CCCCOc1cc2c(cc1NS(=O)(=O)c1ccc(Cl)cc1)nc(-c1ccccc1)n2-c1ccc(OC)cc1
C=C(C)[C@@H]1CC[C@]2(N)CC[C@]3(C)[C@H](CC[C@@H]4[C@@]5(C)CC=C(C6=CC7(C6)CC(C(=O)OC)C7)C(C)(C)[C@@H]5CC[C@]43C)[C@@H]12.O=S1(=O)CCN(CCCl)CC1,C=C(C)[C@@H]1CC[C@]2(NCCN3CCS(=O)(=O)CC3)CC[C@]3(C)[C@H](CC[C@@H]4[C@@]5(C)CC=C(C6=CC7(C6)CC(C(=O)OC)C7)C(C)(C)[C@@H]5CC[C@]43C)[C@@H]12
CC1(CC(=O)O)OCCc2c1[nH]c1ccc(OCc3ccccc3)cc21,CC1(CC(=O)O)OCCc2c1[nH]c1ccc(O)cc21
CCCCCCCCCCc1ccc(B(O)O)c(F)c1F.CCCCCCOc1ccc(-c2ncc(Br)cn2)cn1,CCCCCCCCCCc1ccc(-c2cnc(-c3ccc(OCCCCCC)nc3)nc2)c(F)c1F
CC[C@H](NS(=O)(=O)c1ccc(C(=O)OC)cc1)c1ccccc1.N#Cc1ccc(CBr)cc1,CC[C@@H](c1ccccc1)N(Cc1ccc(C#N)cc1)S(=O)(=O)c1ccc(C(=O)OC)cc1
Brc1ccc2ncc(-c3ccccc3)n2c1.Cc1ccc(-n2nccc2B2OC(C)(C)C(C)(C)O2)cc1,Cc1ccc(-n2nccc2-c2ccc3ncc(-c4ccccc4)n3c2)cc1
C[O-].Cc1cc(Br)n2ccnc2c1,COc1cc(C)cc2nccn12
CC(C)(C)OC(=O)N[C@@H](Cc1ccccc1)C(=O)Nc1cc(-c2ccncc2)ccc1OCc1ccccc1,N[C@@H](Cc1ccccc1)C(=O)Nc1cc(-c2ccncc2)ccc1OCc1ccccc1
CC(C)(C)C(=O)CBr.Cc1nn(C)c(O)c1C(=O)c1ccc(Cl)cc1Cl,Cc1nn(C)c(OCC(=O)C(C)(C)C)c1C(=O)c1ccc(Cl)cc1Cl
NCc1ccco1.O=S(=O)(Cl)C1CCCCC1,O=S(=O)(NCc1ccco1)C1CCCCC1
Nc1nnn[nH]1.O=C(O)c1ccc(Cn2nc(C3CCCCC3)cc2-c2ccc(OC(F)(F)F)cc2)cc1,O=C(Nc1nnn[nH]1)c1ccc(Cn2nc(C3CCCCC3)cc2-c2ccc(OC(F)(F)F)cc2)cc1
C1=C(c2c[nH]c3ccccc23)CCNC1.ClCCOC1CCCCO1,C1=C(c2c[nH]c3ccccc23)CCN(CCOC2CCCCO2)C1
Cc1noc2c1-c1ccccc1C(c1ccc(Cl)cc1)=NC2N=[N+]=[N-],Cc1noc2c1-c1ccccc1C(c1ccc(Cl)cc1)=NC2N
CC(=O)Nc1nc2c(s1)-c1c(c(C3CC3)nn1-c1ccc(C(=O)O)cc1Cl)CC2.CN[C@H]1CC[C@@H](N2CCCC2)CC1,CC(=O)Nc1nc2c(s1)-c1c(c(C3CC3)nn1-c1ccc(C(=O)N(C)[C@@H]3CC[C@H](N4CCCC4)CC3)cc1Cl)CC2
C=O.CCCCC/C=C\C/C=C\CCCCCCCCOC(OCCCCCCCC/C=C\C/C=C\CCCCC)[C@H]1CCCN1,CCCCC/C=C\C/C=C\CCCCCCCCOC(OCCCCCCCC/C=C\C/C=C\CCCCC)[C@H]1CCCN1C
CCOC(=O)CCCCCCN1C(=O)CC[C@@H]1CCC(O)c1ccc(-c2ccccc2C)o1,Cc1ccccc1-c1ccc(C(O)CC[C@H]2CCC(=O)N2CCCCCCC(=O)O)o1
CN1CCC(n2nc(I)c3c(N)ncnc32)CC1.Cc1cc(C)c2oc(Nc3ccc(B4OC(C)(C)C(C)(C)O4)cc3)nc2c1,Cc1cc(C)c2oc(Nc3ccc(-c4nn(C5CCN(C)CC5)c5ncnc(N)c45)cc3)nc2c1
CN.O=C(N[C@H]1CC[C@@H](n2c(=O)c3cc(F)cnc3n(-c3cccc(-c4ccc(OCCCl)cc4)c3)c2=O)CC1)c1cn2cc(F)ccc2n1,CNCCOc1ccc(-c2cccc(-n3c(=O)n([C@@H]4CC[C@H](NC(=O)c5cn6cc(F)ccc6n5)CC4)c(=O)c4cc(F)cnc43)c2)cc1
Cc1ccc([N+](=O)[O-])c(N)n1,Cc1ccc(N)c(N)n1
COc1cc(N)c(C(N)=O)c(OC)c1.Cc1cc(C=O)cc(C)c1OCCN1CCOCC1,COc1cc(OC)c2c(=O)[nH]c(-c3cc(C)c(OCCN4CCOCC4)c(C)c3)nc2c1
O=C=Nc1ccc(Cl)cc1.OC1COC(c2ccccc2)=NC1c1ccccc1,O=C(Nc1ccc(Cl)cc1)OC1COC(c2ccccc2)=NC1c1ccccc1
CC1(C)OB(c2ccnn2-c2ccc(Cl)cc2)OC1(C)C.Fc1cc(Cl)ccc1-c1cnc2ccc(Br)cn12,Fc1cc(Cl)ccc1-c1cnc2ccc(-c3ccnn3-c3ccc(Cl)cc3)cn12
CCCn1cnc2c1c(=O)[nH]c(=O)n2C.CCN(CC)CC#CC(C)(O)CCCCCl,CCCn1cnc2c1c(=O)n(CCCCC(C)(O)C#CCN(CC)CC)c(=O)n2C
CC1(C)OB(c2cc(F)c(O)c(Cl)c2)OC1(C)C.CN(C)CCOc1ccc(Nc2c(C(=O)C3CC3)cnc3ccc(Br)cc23)cn1,CN(C)CCOc1ccc(Nc2c(C(=O)C3CC3)cnc3ccc(-c4cc(F)c(O)c(Cl)c4)cc23)cn1
C=CB1OB(C=C)OB(C=C)O1.C[C@@H](Nc1nc(N[C@H](C)C2CC2)nc(-c2cccc(Cl)n2)n1)C1CC1,C=Cc1cccc(-c2nc(N[C@H](C)C3CC3)nc(N[C@H](C)C3CC3)n2)n1
CC(NC(=O)OC(C)(C)C)c1ccc(C(=O)C(F)(F)F)cc1.NO,CC(NC(=O)OC(C)(C)C)c1ccc(C(=NO)C(F)(F)F)cc1
CN(c1ccccc1CN)S(C)(=O)=O.Clc1nc2c(Br)cccn2n1,CN(c1ccccc1CNc1cccn2nc(Cl)nc12)S(C)(=O)=O
FC(F)(F)c1cc2c(NCc3ccc(Cl)c(Cl)c3)nc(Cl)nc2s1.c1nc[nH]n1,FC(F)(F)c1cc2c(NCc3ccc(Cl)c(Cl)c3)nc(-n3cncn3)nc2s1
CC(C)(C)[Si](C)(C)OC1CCCC(NC(=O)OCc2ccccc2)CCC1,O=C(NC1CCCC(O)CCC1)OCc1ccccc1
COc1ccc(S(=O)(=O)N2CCNCC2)cc1.N#CCBr,COc1ccc(S(=O)(=O)N2CCN(CC#N)CC2)cc1
CCOC(=O)/C=C/c1cc(SCc2ccccc2)ccc1Nc1cc(F)c(Br)cc1C,Cc1cc(Br)c(F)cc1-n1c(=O)ccc2cc(SCc3ccccc3)ccc21
CC(=O)Nc1nc2cnc(Nc3cc(N)ccc3C)nc2s1.O=C(O)c1cccc(C(F)(F)F)c1Cl,CC(=O)Nc1nc2cnc(Nc3cc(NC(=O)c4cccc(C(F)(F)F)c4Cl)ccc3C)nc2s1
ClCCN1CCOCC1.O=c1c2c(oc3cc(O)ccc13)C(=Cc1ccccc1)CC2,O=c1c2c(oc3cc(OCCN4CCOCC4)ccc13)C(=Cc1ccccc1)CC2
CC(C)(C)OC(=O)N1CC(O)C1.O=Cc1ccccc1F,CC(C)(C)OC(=O)N1CC(Oc2ccccc2C=O)C1
Fc1cc2cc[nH]c2cc1Cl.NCCCl,NCCn1ccc2cc(F)c(Cl)cc21
CN1CCN(c2ccc(N)cc2)CC1.Cn1nc(C(C)(C)C)cc1C(=O)Nc1cccc(C(=O)c2ccc3c(c2)NC(=O)C3=CO)c1,CN1CCN(c2ccc(NC=C3C(=O)Nc4cc(C(=O)c5cccc(NC(=O)c6cc(C(C)(C)C)nn6C)c5)ccc43)cc2)CC1
CCc1cc(-c2ccc(S(=O)(=O)Cl)s2)c(C)[nH]c1=O.NCCCN1CCCC1=O,CCc1cc(-c2ccc(S(=O)(=O)NCCCN3CCCC3=O)s2)c(C)[nH]c1=O
C#CC(C)(C)O.O=[N+]([O-])c1cc(Cl)cnc1Br,CC(C)(O)C#Cc1ncc(Cl)cc1[N+](=O)[O-]
CCOC(=O)c1cn(C2CC2)c2ccc(I)cc2c1=O.NCc1ccc(Cl)cc1,O=C(NCc1ccc(Cl)cc1)c1cn(C2CC2)c2ccc(I)cc2c1=O
COc1cc2nccc(Oc3ccc(C)cc3Br)c2cc1OC.O=C(Cl)C1CCCCC1,COc1cc2nccc(Oc3ccc(C)cc3C(=O)C3CCCCC3)c2cc1OC
COc1ccc(COc2cc(Br)cc(S(C)(=O)=O)c2)cc1.Cn1cc(B2OC(C)(C)C(C)(C)O2)c2ccoc2c1=O,COc1ccc(COc2cc(-c3cn(C)c(=O)c4occc34)cc(S(C)(=O)=O)c2)cc1
CC(C)(C)OC(=O)N1CC2CC(Nc3nc(Cl)ncc3Cl)CC2C1.Nc1cc(C2CC2)[nH]n1,CC(C)(C)OC(=O)N1CC2CC(Nc3nc(Nc4cc(C5CC5)[nH]n4)ncc3Cl)CC2C1
CC(C)(C)OC(=O)N[C@@H]1C[C@@H](CN=[N+]=[N-])C1,CC(C)(C)OC(=O)N[C@@H]1C[C@@H](CN)C1
CCNC.CCOC(=O)c1c(OS(=O)(=O)C(F)(F)F)nc2c(F)cc(Cl)cc2c1Cc1ccccc1Cl,CCOC(=O)c1c(N(C)CC)nc2c(F)cc(Cl)cc2c1Cc1ccccc1Cl
CN(C)CC(=O)O.Nc1ncc(-c2nc(N3CCOCC3)c3sc(CN4CCNCC4)cc3n2)cn1,CN(C)CC(=O)N1CCN(Cc2cc3nc(-c4cnc(N)nc4)nc(N4CCOCC4)c3s2)CC1
Nc1ccc(N2CCc3ccccc3C2)c(F)c1.O=C=Nc1ccc(Cl)cc1,O=C(Nc1ccc(Cl)cc1)Nc1ccc(N2CCc3ccccc3C2)c(F)c1
COC(=O)[C@@H](N)CO.O=C(Nc1ccc(C(=O)O)c(F)c1)OCc1ccccc1,COC(=O)C(CO)NC(=O)c1ccc(NC(=O)OCc2ccccc2)cc1F
Cc1noc(C)c1CN1N=C(c2c(C)n(CC(=O)OC(C)(C)C)c3ccc(F)cc23)c2ccccc2S1(=O)=O,Cc1noc(C)c1CN1N=C(c2c(C)n(CC(=O)O)c3ccc(F)cc23)c2ccccc2S1(=O)=O
COc1cccc(Oc2ccnc(Cl)c2)c1.Cc1csc(N)n1,COc1cccc(Oc2ccnc(Nc3nc(C)cs3)c2)c1
O=Cc1ccccc1O.O=c1cc(N2CCNCC2)nc[nH]1,O=c1cc(N2CCN(Cc3ccccc3O)CC2)nc[nH]1
OCc1sc2ncccc2c1Br,O=Cc1sc2ncccc2c1Br
CC(=O)O[C@@H]1[C@H](OC(C)=O)[C@@H](C)O[C@H]1n1cc(F)c(N)nc1=O.CC(C)(C)COC(=O)Cl,CC(=O)O[C@@H]1[C@H](OC(C)=O)[C@@H](C)O[C@H]1n1cc(F)c(NC(=O)OCC(C)(C)C)nc1=O
CC(=O)OC1C(O[Si](c2ccccc2)(c2ccccc2)C(C)(C)C)C(CO)OC1n1ccc(=O)[nH]c1=O,CC(=O)OC1C(O[Si](c2ccccc2)(c2ccccc2)C(C)(C)C)C(C=O)OC1n1ccc(=O)[nH]c1=O
Nc1cccc(-c2c(Cc3ccccc3)cnc3c(C(F)(F)F)cccc23)c1.O=Cc1ccccn1,FC(F)(F)c1cccc2c(-c3cccc(NCc4ccccn4)c3)c(Cc3ccccc3)cnc12
COC(=O)[C@H](Cc1ccc(-c2ccccc2OC)cc1)NC(=O)c1ccc([N+](=O)[O-])cc1Cl,COC(=O)[C@H](Cc1ccc(-c2ccccc2OC)cc1)NC(=O)c1ccc(N)cc1Cl
COC(=O)Cc1cc2ccc(OCCCN)cc2n(Cc2ccccc2)c1=O,NCCCOc1ccc2cc(CC(=O)O)c(=O)n(Cc3ccccc3)c2c1
CC(=O)C(=O)O.CC(C(=O)NC(C(=O)N1CCC2NCC(COc3ccc(F)c(F)c3)C21)C(C)(C)C)N(C)C(=O)OC(C)(C)C,CC(=O)C(=O)N1CC(COc2ccc(F)c(F)c2)C2C1CCN2C(=O)C(NC(=O)C(C)N(C)C(=O)OC(C)(C)C)C(C)(C)C
CC(C)c1oc2c(O)c(OCc3ccccc3)ccc2c(=O)c1-c1ccc(Cl)cc1.CI,COc1c(OCc2ccccc2)ccc2c(=O)c(-c3ccc(Cl)cc3)c(C(C)C)oc12
CCOC(=O)c1cc(Br)cs1.N#[C][Cu],CCOC(=O)c1cc(C#N)cs1
CCOC(=O)CCCNc1nc2c(C#N)c(C)c(-c3ccccc3)c(F)c2o1.CN(C)[C@H]1CCNC1,CCOC(=O)CCCNc1nc2c(C#N)c(C)c(-c3ccccc3)c(N3CC[C@H](N(C)C)C3)c2o1
CC(=O)C=O.NNCc1ccccc1,CC(=O)C=NNCc1ccccc1
CC(C)(C)OC(=O)N(CCc1ccc(Br)cc1)C[C@H](O)c1ccccc1.COC(=O)c1ccc(B2OC(C)(C)C(C)(C)O2)cc1-c1cccs1,COC(=O)c1ccc(-c2ccc(CCN(C[C@H](O)c3ccccc3)C(=O)OC(C)(C)C)cc2)cc1-c1cccs1
CCOC(=O)c1cnc(CNC(=O)OC(C)(C)C)c2c(OC)cc(OC)cc12,COc1cc(OC)c2c(CNC(=O)OC(C)(C)C)ncc(C(=O)O)c2c1
CCC[CH2][Sn]([CH2]CCC)([CH2]CCC)[c]1cnnn1C.O=Cc1cc(Br)cc2ccoc12,Cn1nncc1-c1cc(C=O)c2occc2c1
C=C(C)C(=O)Nc1ccc([N+](=O)[O-])cc1,C=C(C)C(=O)Nc1ccc(N)cc1
C1COCCN1.Cc1ccc2c(c1)ncn2-c1cccc(C(=O)O)c1,Cc1ccc2c(c1)ncn2-c1cccc(C(=O)N2CCOCC2)c1
C#CCN1C(=O)COc2cc(F)c(N)cc21.CCCN=C=O,C#CCN1C(=O)COc2cc(F)c(NC(=O)NCCC)cc21
COCOc1cc(CNC(=O)c2cccnc2N)ccc1OCc1ccccc1,Nc1ncccc1C(=O)NCc1ccc(OCc2ccccc2)c(O)c1
CCOC(=O)c1nc(CBr)cs1.OB(O)c1cc(Cl)ccc1OCc1ccccc1,CCOC(=O)c1nc(Cc2cc(Cl)ccc2OCc2ccccc2)cs1
COc1cc(CCN2CCOCC2)c(F)cc1N.COc1ccc(-c2nc3ccccn3c2-c2ccnc(Cl)n2)cc1C(=O)Nc1c(F)cccc1F,COc1cc(CCN2CCOCC2)c(F)cc1Nc1nccc(-c2c(-c3ccc(OC)c(C(=O)Nc4c(F)cccc4F)c3)nc3ccccn23)n1
Cc1cc2ncc(C(=O)O)n2nc1-c1ccccc1C(F)(F)F.Nc1ccncc1,Cc1cc2ncc(C(=O)Nc3ccncc3)n2nc1-c1ccccc1C(F)(F)F
C=CC(C)(C)OCCCCCCCCCCCCCCCC.O=C(OO)c1cccc(Cl)c1,CCCCCCCCCCCCCCCCOC(C)(C)C1CO1
CCOC(=O)Cc1ccc(NC(=O)Nc2ncc(Br)s2)c(C(=O)C2CCCC2)c1.Sc1ccccn1,CCOC(=O)Cc1ccc(NC(=O)Nc2ncc(Sc3ccccn3)s2)c(C(=O)C2CCCC2)c1
CC(C)OC(C(=O)N1C(=O)OCC1Cc1ccccc1)C(O)c1cccc(OCc2ccccc2)c1.CS(=O)(=O)Cl,CC(C)O[C@H](C(=O)N1C(=O)OC[C@@H]1Cc1ccccc1)[C@H](OS(C)(=O)=O)c1cccc(OCc2ccccc2)c1
C#CCBr.Cc1nc2cnc3ccccc3c2n1CCCCO,C#CCOCCCCn1c(C)nc2cnc3ccccc3c21
CC(C)(C)OC(=O)Nc1ccc2c(Sc3ccccc3[N+](=O)[O-])cn(Cc3cc(F)cc(F)c3)c2c1,Nc1ccc2c(Sc3ccccc3[N+](=O)[O-])cn(Cc3cc(F)cc(F)c3)c2c1
O=C1CCCCC1Cl.c1ccc(COc2ccc3nc[nH]c3n2)cc1,O=C1CCCCC1n1cnc2ccc(OCc3ccccc3)nc21
CCOC(=O)C(=O)C1CCc2c(cnn2C(c2ccccc2)(c2ccccc2)c2ccccc2)C1=O.NNCCO,CCOC(=O)c1nn(CCO)c2c1CCc1c-2cnn1C(c1ccccc1)(c1ccccc1)c1ccccc1
Cc1cn(C2O[C@H](COC(=O)[C@H](C)NC(=O)OC(C)(C)C)C(C)(O)[C@@]2(C)F)c(=O)[nH]c1=O,Cc1cn(C2O[C@H](COC(=O)C(C)N)C(C)(O)[C@@]2(C)F)c(=O)[nH]c1=O
CCC(=O)OC(=O)CC.O=Cc1cccc([N+](=O)[O-])c1,CC(=Cc1cccc([N+](=O)[O-])c1)C(=O)O
Cc1c(-c2cnn(C)c2)nn(-c2ccccc2)c1N.O=C(Cl)Oc1ccccc1,Cc1c(-c2cnn(C)c2)nn(-c2ccccc2)c1NC(=O)Oc1ccccc1
CCCC(Nc1ccc(-n2cc(C(F)(F)F)cn2)cc1)c1ccc(C(=O)O)cc1.CCOC(=O)CCN,CCCC(Nc1ccc(-n2cc(C(F)(F)F)cn2)cc1)c1ccc(C(=O)NCCC(=O)OCC)cc1
CS(=O)(=O)Nc1ccc(B(O)O)cc1.O=C(c1ccc2[nH]c(C(=O)N3CCC(F)(F)CC3)cc2c1)N1CCN(C2CCC2)CC1,CS(=O)(=O)Nc1ccc(-n2c(C(=O)N3CCC(F)(F)CC3)cc3cc(C(=O)N4CCN(C5CCC5)CC4)ccc32)cc1
NCc1ccc(Cl)cc1.O=C(O)c1ccc2c(=O)n(-c3ncccn3)c(=S)[nH]c2c1,O=C(NCc1ccc(Cl)cc1)c1ccc2c(=O)n(-c3ncccn3)c(=S)[nH]c2c1
Cc1cc(=O)[nH]c2nc(OCCCC=O)ccc12.Clc1cccc(N2CCNCC2)c1Cl,Cc1cc(=O)[nH]c2nc(OCCCCN3CCN(c4cccc(Cl)c4Cl)CC3)ccc12
CC1(C)OB(B2OC(C)(C)C(C)(C)O2)OC1(C)C.N#Cc1ccc(S(=O)(=O)N2CCc3cc(Br)ccc32)cc1,CC1(C)OB(c2ccc3c(c2)CCN3S(=O)(=O)c2ccc(C#N)cc2)OC1(C)C
COC(=O)CBr.N#Cc1c[nH]cc1-c1cc(Cl)cc(Cl)c1,COC(=O)Cn1cc(C#N)c(-c2cc(Cl)cc(Cl)c2)c1
CC1(C)Cc2cc(C(=O)O)ccc2NC1c1cccc(Br)c1.O=c1[nH]cnc2c1CCN(Cc1ccccc1)C2,CC1(C)Cc2cc(C(=O)O)ccc2NC1c1cccc(-n2cnc3c(c2=O)CCN(Cc2ccccc2)C3)c1
COC(=O)c1cnn(C(C)(C)C)c1,CC(C)(C)n1cc(CO)cn1
C1COCCN1.COc1cc(Nc2c(C#N)cnc3cc(-c4ccc(C=O)o4)ccc23)c(Cl)cc1Cl,COc1cc(Nc2c(C#N)cnc3cc(-c4ccc(CN5CCOCC5)o4)ccc23)c(Cl)cc1Cl
CCOC(=O)Cc1ccc(OC)c(O)c1.O=Cc1cc(Br)ccc1F,CCOC(=O)Cc1ccc(OC)c(Oc2ccc(Br)cc2C=O)c1
CCC[CH2][Sn]([Cl])([CH2]CCC)[CH2]CCC.c1cscn1,CCC[CH2][Sn]([CH2]CCC)([CH2]CCC)[c]1nccs1
CCc1ccc(CCOc2ccc([N+](=O)[O-])cc2)nc1,CCc1ccc(CCOc2ccc(N)cc2)nc1
CC(C)(C)OC(=O)N[C@@H](CCC(=O)O)C(=O)OCc1ccccc1.Cc1cc(N)c(N)cc1C,Cc1cc(N)c(NC(=O)CC[C@H](NC(=O)OC(C)(C)C)C(=O)OCc2ccccc2)cc1C
CN(C)C=O.Cc1cccc2ccn(C)c12,Cc1cccc2cc(C=O)n(C)c12
CN1CCN(C2CCN(C(=O)Nc3cc(Oc4ccc(NC(=O)C5(C(=O)OCc6ccccc6)CC5)c(F)c4)ccn3)CC2)CC1,CN1CCN(C2CCN(C(=O)Nc3cc(Oc4ccc(NC(=O)C5(C(=O)O)CC5)c(F)c4)ccn3)CC2)CC1
Cc1cccc(-n2c(-c3ccc4ncnn4c3)c(C)[nH]c2=O)c1.O=[N+]([O-])c1cccc(CCl)c1,Cc1cccc(-n2c(-c3ccc4ncnn4c3)c(C)n(Cc3cccc([N+](=O)[O-])c3)c2=O)c1
Cc1c(C(=O)O)sc2ncnc(Nc3cccnc3OC3CCOCC3)c12.NCCN1CCCC1,Cc1c(C(=O)NCCN2CCCC2)sc2ncnc(Nc3cccnc3OC3CCOCC3)c12
C1CCNCC1.CN(C(=O)Oc1ccc(NC(=O)c2ccc(CCl)cc2)cc1)c1ccccc1,CN(C(=O)Oc1ccc(NC(=O)c2ccc(CN3CCCCC3)cc2)cc1)c1ccccc1
CNCCCCS(=O)CCCC(F)(F)C(F)(F)F.Oc1cccc(C2=C(CCCCCCBr)c3ccc(O)cc3CCC2)c1,CN(CCCCCCC1=C(c2cccc(O)c2)CCCc2cc(O)ccc21)CCCCS(=O)CCCC(F)(F)C(F)(F)F
CCNC.N#Cc1c(Cl)nc2ccc(Cl)cc2c1-c1ccccc1,CCN(C)c1nc2ccc(Cl)cc2c(-c2ccccc2)c1C#N
COC(=O)c1ccc(C(=O)O)c2ccccc12.Nc1c(Cl)cc(C(F)(C(F)(F)F)C(F)(F)F)cc1Cl,COC(=O)c1ccc(C(=O)Nc2c(Cl)cc(C(F)(C(F)(F)F)C(F)(F)F)cc2Cl)c2ccccc12
COC(=O)COc1ccc(CC(C)N2CCOC(c3csc(C(F)(F)F)n3)C2)cc1,CC(Cc1ccc(OCC(=O)O)cc1)N1CCOC(c2csc(C(F)(F)F)n2)C1
BrC1COC1.Brc1cn[nH]c1,Brc1cnn(C2COC2)c1
COC(=O)c1cc2ncccc2n1C,Cn1c(C(=O)O)cc2ncccc21
NC(=O)c1nn(CC(=O)O)c2ccc(Nc3cncnc3)cc12.O=C(Nc1cccc(-c2ccccc2Cl)c1F)[C@@H]1C[C@@H](F)CN1,NC(=O)c1nn(CC(=O)N2C[C@H](F)C[C@H]2C(=O)Nc2cccc(-c3ccccc3Cl)c2F)c2ccc(Nc3cncnc3)cc12
Cc1ccnc(C=Cc2nn(C3CCCCO3)c3cc(Nc4ccccc4C(=O)NCC#CCO)ccc23)c1,Cc1ccnc(/C=C/c2n[nH]c3cc(Nc4ccccc4C(=O)NCC#CCO)ccc23)c1
CCc1cc2c(N3CCC(NC(=O)OC(C)(C)C)CC3)ncnc2s1,CCc1cc2c(N3CCC(N)CC3)ncnc2s1
Nc1ccc([N+](=O)[O-])cc1C(=O)O,Nc1ccc([N+](=O)[O-])cc1CO
CCS(=O)(=O)c1ccc(B(O)O)cc1.Cc1c(-c2ccccn2)nc2cc(F)cc(F)c2c1Nc1cc(N2CCOCC2)ncc1Br,CCS(=O)(=O)c1ccc(-c2cnc(N3CCOCC3)cc2Nc2c(C)c(-c3ccccn3)nc3cc(F)cc(F)c23)cc1
Cc1nc(C(F)(F)F)c2n1C(C(=O)Nc1cnn(-c3ccc(Cl)cc3)c1C(C)C)CC=C2,Cc1nc(C(F)(F)F)c2n1C(C(=O)Nc1cnn(-c3ccc(Cl)cc3)c1C(C)C)CCC2
CCOC(=O)C=CC1(c2ccc(OC)c3c2OCCO3)CCC2(CC1)OCCO2,CCOC(=O)C=CC1(c2ccc(OC)c3c2OCCO3)CCC(=O)CC1
Cn1c(C(=O)N2CCN(C(=O)OC(C)(C)C)CC2)cc2cc(Oc3ccc(NC(=O)c4ccc(C(F)(F)F)cc4)cn3)ccc21,Cn1c(C(=O)N2CCNCC2)cc2cc(Oc3ccc(NC(=O)c4ccc(C(F)(F)F)cc4)cn3)ccc21
Clc1nc(Cl)c2cc[nH]c2n1.NC(=O)C1CCNCC1,NC(=O)C1CCN(c2nc(Cl)nc3[nH]ccc23)CC1
CC(C)(C)OC(=O)NC[C@H]1CC[C@H](CN)CC1.Nc1sc2ccccc2c1C(=O)O,CC(C)(C)OC(=O)NC[C@@H]1CC[C@@H](CNC(=O)c2c(N)sc3ccccc23)CC1
C1COCCN1.O=[N+]([O-])c1ccc(F)c(Cl)c1,O=[N+]([O-])c1ccc(N2CCOCC2)c(Cl)c1
CC(=O)Nc1nc(C)c(C(=O)N[C@@H](C)c2ccc(Br)cc2)s1.COCCOc1ccc(OC2CNC2)cc1,COCCOc1ccc(OC2CN(c3ccc([C@H](C)NC(=O)c4sc(NC(C)=O)nc4C)cc3)C2)cc1
CCOC(=O)CNC(=O)N1Cc2ccccc2Oc2ccc(Cl)cc21,O=C(O)CNC(=O)N1Cc2ccccc2Oc2ccc(Cl)cc21
COC(=O)c1ccc2[nH]c(C(=O)O)cc2n1.NC1CCN(c2ccncc2)CC1,COC(=O)c1ccc2[nH]c(C(=O)NC3CCN(c4ccncc4)CC3)cc2n1
COc1cc(F)c(C)cc1[N+](=O)[O-].CS(=O)(=O)CCC1CCNCC1,COc1cc(N2CCC(CCS(C)(=O)=O)CC2)c(C)cc1[N+](=O)[O-]
CCOC(=O)c1c(NC(=O)OC(C)(C)C)sc2cc(-c3ccc(F)cc3)ccc12,CC(C)(C)OC(=O)Nc1sc2cc(-c3ccc(F)cc3)ccc2c1C(=O)O
CCOC(=O)c1cccc(Nc2c(C(=O)O)cnc3cc(-c4c(C)noc4C)ccc23)c1.COc1ccc(CN)cc1,CCOC(=O)c1cccc(Nc2c(C(=O)NCc3ccc(OC)cc3)cnc3cc(-c4c(C)noc4C)ccc23)c1
CCCCCOc1cnc(C(=O)OCC)c(Cl)c1,CCCCCOc1cnc(CO)c(Cl)c1
CC(C)C(=O)Cl.COC(=O)c1cc(C)sc1N,COC(=O)c1cc(C)sc1NC(=O)C(C)C
COC(=O)c1ccc(NC(=O)c2ccccc2-c2ccccc2)cc1,O=C(O)c1ccc(NC(=O)c2ccccc2-c2ccccc2)cc1
CC(=O)OCC(CCn1cnc2c(Cl)nc(N)nc21)COC(C)=O,CC(=O)OCC(CCn1cnc2cnc(N)nc21)COC(C)=O
C1CCNC1.O=C1CCN(Cc2ccccc2)CC1.[C-]#N,N#CC1(N2CCCC2)CCN(Cc2ccccc2)CC1
CC(C)(C)OC(=O)NCCCNC(=O)C1CCC1,NCCCNC(=O)C1CCC1
COC(=O)c1cccc(CC=O)c1,COC(=O)c1cccc(CCO)c1
NN.O=C(c1ccccc1)c1ccccc1,NN=C(c1ccccc1)c1ccccc1
CC(C)NC(=O)[C@H]1CCC(C)N1c1nncc2cc(Br)ccc12.Cc1ccc(C(=O)NC2CC2)cc1B1OC(C)(C)C(C)(C)O1,Cc1ccc(C(=O)NC2CC2)cc1-c1ccc2c(N3C(C)CC[C@@H]3C(=O)NC(C)C)nncc2c1
COc1cc2c(=O)c(C)cn3c4cc(Br)ccc4c(c1)c23,Cc1cn2c3cc(Br)ccc3c3cc(O)cc(c1=O)c32
CC(=O)OC[C@@H](C)n1ccc2c(C(=O)NCC3(O)CCCCCC3)c(Cl)ccc2c1=O,C[C@H](CO)n1ccc2c(C(=O)NCC3(O)CCCCCC3)c(Cl)ccc2c1=O
Cc1ccc(-c2ccc(C(=O)c3ccc(Br)cc3)s2)cc1.O=C1CCC(=O)N1Br,O=C(c1ccc(Br)cc1)c1ccc(-c2ccc(CBr)cc2)s1
ClCc1ccccn1.O=S([O-])c1ccccc1,O=S(=O)(Cc1ccccn1)c1ccccc1
CC1CC(c2c[nH]c3c(C(N)=O)cc(Br)cc23)CC(C)S1(=O)=O.OB(O)c1ccsc1,CC1CC(c2c[nH]c3c(C(N)=O)cc(-c4ccsc4)cc23)CC(C)S1(=O)=O
CCOC(=O)CC(C(=O)OCC)c1ccc([N+](=O)[O-])cc1,CCOC(=O)CC(C(=O)OCC)c1ccc(N)cc1
CC[C@H](NC(=O)c1c(CN2CCC(=O)CC2)c(-c2ccccc2)nc2ccccc12)c1ccccc1,CC[C@H](NC(=O)c1c(CN2CCC(O)CC2)c(-c2ccccc2)nc2ccccc12)c1ccccc1
CCC(=O)c1ccc(NC(C)=O)cc1,CCC(=O)c1ccc(N)cc1
Cc1ccc(NC(=O)c2cccc(C(F)(F)F)c2)cc1C(=O)O.Nc1cnc(Nc2ccc(S(=O)(=O)CCCN3CCCC3)cc2)nc1,Cc1ccc(NC(=O)c2cccc(C(F)(F)F)c2)cc1C(=O)Nc1cnc(Nc2ccc(S(=O)(=O)CCCN3CCCC3)cc2)nc1
Cc1nc(C)c(Cl)c(NCc2nccc(SCCOCCCl)c2C)n1.Cc1ncc([N+](=O)[O-])[nH]1,Cc1nc(C)c(Cl)c(NCc2nccc(SCCOCCn3c([N+](=O)[O-])cnc3C)c2C)n1
C[Si](C)(C)C#Cc1ccc(-c2c[nH]nc2-c2ccncc2)cc1,C#Cc1ccc(-c2c[nH]nc2-c2ccncc2)cc1
COc1ccc(C(Cc2ccc(Br)cc2)c2cn(C)c(N)n2)cc1.OB(O)c1ccsc1,COc1ccc(C(Cc2ccc(-c3ccsc3)cc2)c2cn(C)c(N)n2)cc1
[N-]=[N+]=NC[C@H]1CN(c2ccc(NC3CCN(C(=O)OCc4ccccc4)CC3)c(F)c2)C(=O)O1,NC[C@H]1CN(c2ccc(NC3CCN(C(=O)OCc4ccccc4)CC3)c(F)c2)C(=O)O1
Cc1cc(Nc2cc3c(C)cccc3c(Cl)n2)n[nH]1.Oc1ccccc1,Cc1cc(Nc2cc3c(C)cccc3c(Oc3ccccc3)n2)n[nH]1
CCOC(=O)C(Oc1cccc2c1ccn2C(=O)OCc1ccccc1)C(=O)OCC,CCOC(=O)C(Oc1cccc2[nH]ccc12)C(=O)OCC
O=[N+]([O-])c1ccccc1Sc1ccncc1,Nc1ccccc1Sc1ccncc1
CC(C)C(C(=O)[O-])c1ccc(Cl)cc1.FC(Br)c1cccc(Oc2ccccc2)c1,CC(C)C(C(=O)OC(F)c1cccc(Oc2ccccc2)c1)c1ccc(Cl)cc1
CC(C)(C)OC(=O)N[C@H](C=O)Cc1ccc(OCc2ccccc2)cc1.CCNCC,CCN(CC)C[C@H](Cc1ccc(OCc2ccccc2)cc1)NC(=O)OC(C)(C)C
Cn1c(CCc2ccc(C#N)cc2)nc2cc(NCc3cccc4ccccc34)ccc21.O=C(Cl)CCl,Cn1c(CCc2ccc(C#N)cc2)nc2cc(N(Cc3cccc4ccccc34)C(=O)CCl)ccc21
Cc1cc2ncccc2cc1CC(=O)OC(C)(C)C,Cc1cc2ncccc2cc1CC(=O)O
C=CC(=O)Cl.COc1cc(OC)c(Cl)c(-c2ccc3nc(N[C@@H]4CCCC[C@@H]4N)ncc3c2)c1Cl,C=CC(=O)N[C@H]1CCCC[C@@H]1Nc1ncc2cc(-c3c(Cl)c(OC)cc(OC)c3Cl)ccc2n1
C#Cc1ccccc1.O=C1C[C@H]2CCC[C@H]2N1c1ccc(I)cn1,O=C1C[C@H]2CCC[C@H]2N1c1ccc(C#Cc2ccccc2)cn1
C#Cc1ccc(OC)cc1.O=Cc1ccccc1Br,COc1ccc(C#Cc2ccccc2C=O)cc1
CC(C)(O)c1ccn2c(-c3ccc(F)c(Cl)c3)cnc2c1F.CCOc1ccccc1B(O)O,CCOc1ccccc1-c1cc(-c2cnc3c(F)c(C(C)(C)O)ccn23)ccc1F
BrCCCOCc1ccccc1.CCOC(=O)C1CCc2ccc(O)cc2O1,CCOC(=O)C1CCc2ccc(OCCCOCc3ccccc3)cc2O1
COc1cc2c(cc1OC)C(=C(C#N)SCC(CN1CCOCC1)OC(C)=O)NCC2,COc1cc2c(cc1OC)C(=C(C#N)SCC(O)CN1CCOCC1)NCC2
CC(Cl)c1ccc(-c2ccccc2Cl)cc1.COC(=O)CS,COC(=O)CSC(C)c1ccc(-c2ccccc2Cl)cc1
COc1cccc(S(=O)(=O)NCCC(=O)N2CCc3ncn(C)c3C2c2ccc(C#N)c(F)c2)c1,Cn1cnc2c1C(c1ccc(C#N)c(F)c1)N(C(=O)CCNS(=O)(=O)c1cccc(O)c1)CC2
CC(C)(C)C=O.CC(C)(C)S(N)=O,CC(C)(C)/C=N/S(=O)C(C)(C)C
Cc1ccc(S(=O)(=O)Cl)cc1.O=C1CCC(=O)N1Br,O=S(=O)(Cl)c1ccc(CBr)cc1
Cc1cccc(OCCCBr)c1N,Cc1cccc2c1NCCCO2
CC1(C)CN(Cc2ccccn2)c2cc([N+](=O)[O-])ccc2O1.O=C(OO)c1cccc(Cl)c1,CC1(C)CN(Cc2cccc[n+]2[O-])c2cc([N+](=O)[O-])ccc2O1
CC(C)(CI)n1cc([N+](=O)[O-])cn1.[N-]=[N+]=[N-],CC(C)(CN=[N+]=[N-])n1cc([N+](=O)[O-])cn1
C[C@@H]1CN(Cc2ccc(F)cc2)[C@@H](C)CN1C(=O)COc1ccc(Cl)cc1CN1C(=O)c2ccccc2C1=O,C[C@@H]1CN(Cc2ccc(F)cc2)[C@@H](C)CN1C(=O)COc1ccc(Cl)cc1CN
CCOC(=O)C(N)C(=O)OCC.O=C(Cl)OCc1ccccc1,CCOC(=O)C(NC(=O)OCc1ccccc1)C(=O)OCC
Brc1cccc2c1CC=C2.C[CH](C)[Mg+],CC(C)c1cccc2c1CC=C2
CC#CCC(C)(C)[C@@H](/C=C/[C@H]1CCC(=O)[C@@H]1C/C=C\CCCC(=O)O)OC1CCCCO1,CC#CCC(C)(C)[C@H](O)/C=C/[C@H]1CCC(=O)[C@@H]1C/C=C\CCCC(=O)O
CC(C)(C)OC(=O)N1CCCc2oc3cc(-n4ccc(OCc5ccc(C(F)(F)F)nc5)cc4=O)ccc3c2C1,O=c1cc(OCc2ccc(C(F)(F)F)nc2)ccn1-c1ccc2c3c(oc2c1)CCCNC3
COc1cc(N)cc(OC)c1.CSc1ncc(C=O)c(N)n1,COc1cc(NCc2cnc(SC)nc2N)cc(OC)c1
CNOC.O=C(O)c1nn(C(F)F)cc1Cl,CON(C)C(=O)c1nn(C(F)F)cc1Cl
O=[N+]([O-])c1cnc2ccc(Sc3ccccc3)cn12,Nc1cnc2ccc(Sc3ccccc3)cn12
Cn1nc(C2=CCN(C(=O)OC(C)(C)C)CC2)ccc1=O,Cn1nc(C2CCN(C(=O)OC(C)(C)C)CC2)ccc1=O
CC(=O)OC1CC[C@@]2(C)C(=CC[C@@H]3[C@@H]2CC[C@]2(C)C(=O)CC[C@@H]32)C1,CC(=O)OC1CC[C@@]2(C)C(=CC[C@@H]3[C@@H]2CC[C@]2(C)C(O)CC[C@@H]32)C1
COc1cc2nccc(Oc3ccc(C)nc3I)c2cc1OC.Cc1cccc(B(O)O)c1,COc1cc2nccc(Oc3ccc(C)nc3-c3cccc(C)c3)c2cc1OC
CC1(C)CC=C(B(O)O)CC1.CN1CC(c2ccc(N)c(Br)c2)CN(C)C1=NC#N,CN1CC(c2ccc(N)c(C3=CCC(C)(C)CC3)c2)CN(C)C1=NC#N
CNC(=O)c1ccccc1NC.Clc1ncc(Cl)c(Cl)n1,CNC(=O)c1ccccc1N(C)c1nc(Cl)ncc1Cl
CC(C)(C#N)c1nnc(N)s1.CN(CC1CCOCC1)C(C)(C)C(=O)O,CN(CC1CCOCC1)C(C)(C)C(=O)Nc1nnc(C(C)(C)C#N)s1
C[Si](C)(C)C#Cc1cnc(NCC2CCN(C(=O)[C@@H]3C[C@H]3c3ccccc3)CC2)nc1,C#Cc1cnc(NCC2CCN(C(=O)[C@@H]3C[C@H]3c3ccccc3)CC2)nc1
CC(C)(C)OC(=O)Nc1cc(CCc2cccc(N)c2)ccn1.Clc1ncc(Cl)c(Cl)n1,CC(C)(C)OC(=O)Nc1cc(CCc2cccc(Nc3nc(Cl)ncc3Cl)c2)ccn1
CCn1ncc2nc(C(=O)O)c(-c3ccccc3)nc21.N#CCCl,CCn1ncc2nc(C(=O)OCC#N)c(-c3ccccc3)nc21
COC(=O)c1cccc2cc[nH]c12,COC(=O)c1cccc2c1NCC2
COC(=O)c1csc(N(C)CCC#N)n1,CN(CCC#N)c1nc(CO)cs1
CC(=O)N(C)c1ccc(NCC2CCOCC2)c(N)c1.O=C(O)C(F)(F)F,CC(=O)N(C)c1ccc2c(c1)nc(C(F)(F)F)n2CC1CCOCC1
COC(=O)C1=C2Nc3ccccc3C23CCN(Cc2ccccc2)C3C(CC(C)(C)CO[Si](C)(C)C(C)(C)C)C1,COC(=O)C1=C2Nc3ccccc3C23CCN(Cc2ccccc2)C3C(CC(C)(C)CO)C1
C=Cc1cn(C2(C)CN(C(=O)OC(C)(C)C)C2)c2cc3c(cc12)OCC1=NNC(=O)[C@@H](C)N13,CCc1cn(C2(C)CN(C(=O)OC(C)(C)C)C2)c2cc3c(cc12)OCC1=NNC(=O)[C@@H](C)N13
COCc1c(C=O)ncc2[nH]c3cccc(Cc4ccc(Cl)cc4)c3c12.NO,COCc1c(C=NO)ncc2[nH]c3cccc(Cc4ccc(Cl)cc4)c3c12
NCC1CCN(S(=O)(=O)c2cccc3ccccc23)CC1.O=C(Cl)C1CCCCC1,O=C(NCC1CCN(S(=O)(=O)c2cccc3ccccc23)CC1)C1CCCCC1
COc1cc(C(C)N)cnc1OCC(F)(F)F.Nc1nccc(C(=O)O)n1,COc1cc(C(C)NC(=O)c2ccnc(N)n2)cnc1OCC(F)(F)F
C#C[C@]1(O)CCN(C)C1=O.COC(=O)c1nn(-c2cccc(Br)c2)c2cc(C)ncc12,COC(=O)c1nn(-c2cccc(C#C[C@]3(O)CCN(C)C3=O)c2)c2cc(C)ncc12
COc1ccc(CNc2cnn(C(C)C)c(=O)c2Cl)c(OC)c1,COc1ccc(CNc2cnn(C(C)C)c(=O)c2)c(OC)c1
COCCN.O=[N+]([O-])c1cnc(Br)cn1,COCCNc1cnc([N+](=O)[O-])cn1
CCOC(=O)CN.O=S(=O)(Cl)c1ccc(F)cc1,CCOC(=O)CNS(=O)(=O)c1ccc(F)cc1
CCCCOc1ccc(N)c([N+](=O)[O-])c1,CCCCOc1ccc(N)c(N)c1
BrCCc1ccccc1.O=C(c1ccccc1)C1CCNCC1,O=C(c1ccccc1)C1CCN(CCc2ccccc2)CC1
CCCCc1c(C(=O)Cl)nc(-c2ccccc2Cl)n1-c1ccc(Cl)cc1.NN1CCCCC1,CCCCc1c(C(=O)NN2CCCCC2)nc(-c2ccccc2Cl)n1-c1ccc(Cl)cc1
CC(C)(C)OC(=O)NC[C@@H]1C[C@H]1c1cc(F)ccc1OCC1CC1,NC[C@@H]1C[C@H]1c1cc(F)ccc1OCC1CC1
CC(=O)O.Cc1ccc2c(N3CCN(CC(C)c4cccc(N)c4)CC3)cccc2n1,CC(=O)Nc1cccc(C(C)CN2CCN(c3cccc4nc(C)ccc34)CC2)c1
CC(C)(Br)C(=O)Oc1ccc(N)cc1.CC(C)(C)OC(=O)OC(=O)OC(C)(C)C,CC(C)(C)OC(=O)Nc1ccc(OC(=O)C(C)(C)Br)cc1
CCOC(=O)CSc1nc(Cl)cc(Cl)n1.Cc1cc(C)c(N)c(C)c1,CCOC(=O)CSc1nc(Cl)cc(Nc2c(C)cc(C)cc2C)n1
CC(C)(C)OC(=O)N1CCNCC1.CC(C)N(CCc1ccc(C(=O)O)cc1)C(C)C,CC(C)N(CCc1ccc(C(=O)N2CCN(C(=O)OC(C)(C)C)CC2)cc1)C(C)C
CCOc1ccc(C(=O)O)c(F)c1C#N,CCOc1ccc(CO)c(F)c1C#N
CC(C)S(=O)(=O)Nc1ccsc1-c1ccc(B2OC(C)(C)C(C)(C)O2)cc1.COC(=O)c1cccc([N+](=O)[O-])c1Br,COC(=O)c1cccc([N+](=O)[O-])c1-c1ccc(-c2sccc2NS(=O)(=O)C(C)C)cc1
CCn1nc(C)cc1C(=O)Nc1cccc(C(=O)c2ccc3c(c2)NC(=O)C3=CO)c1.Nc1ccc(N2CCOCC2)cc1,CCn1nc(C)cc1C(=O)Nc1cccc(C(=O)c2ccc3c(c2)NC(=O)C3=CNc2ccc(N3CCOCC3)cc2)c1
NO.O=C1CCCc2cccnc21,ON=C1CCCc2cccnc21
CC(C)(C)N1CC=[C]([Sn]([CH3])([CH3])[CH3])CC1.C[C@@H](Oc1c(N)ncc2c(Br)coc12)c1c(Cl)ccc(F)c1Cl,C[C@@H](Oc1c(N)ncc2c(C3=CCN(C(C)(C)C)CC3)coc12)c1c(Cl)ccc(F)c1Cl
COc1ccc(CNCc2c(Br)cc([N+](=O)[O-])cc2Br)cc1.O=C=Nc1c(Cl)cccc1Cl,COc1ccc(CN(Cc2c(Br)cc([N+](=O)[O-])cc2Br)C(=O)Nc2c(Cl)cccc2Cl)cc1
CC(C)(C)OC(=O)OC(=O)OC(C)(C)C.Nc1cc(N)cc(Cl)c1,CC(C)(C)OC(=O)Nc1cc(N)cc(Cl)c1
Nc1cc(N2CCCCC2)c(F)cc1[N+](=O)[O-],Nc1cc(F)c(N2CCCCC2)cc1N
COc1ccnc(CCc2nc3cc(I)cnc3[nH]2)c1.OB(O)c1ccc2[nH]ccc2c1,COc1ccnc(CCc2nc3cc(-c4ccc5[nH]ccc5c4)cnc3[nH]2)c1
O=[N+]([O-])c1ccc(Br)cc1.OB(O)c1ccc(C(F)(F)F)cc1,O=[N+]([O-])c1ccc(-c2ccc(C(F)(F)F)cc2)cc1
CCCCNCCC.COc1ccc2c(C(=O)C(C)(C)C)nn(CC(=O)O)c2c1,CCCCN(CCC)C(=O)Cn1nc(C(=O)C(C)(C)C)c2ccc(OC)cc21
C1CCNC1.COC(=O)[C@H](C)Oc1cccc2ncnc(Nc3ccc4c(cnn4Cc4cccc(F)c4)c3)c12,C[C@H](Oc1cccc2ncnc(Nc3ccc4c(cnn4Cc4cccc(F)c4)c3)c12)C(=O)N1CCCC1
CC(=O)Oc1c(C)c(C)c2c(c1C)CC(C)(CO)O2,CC(=O)Oc1c(C)c(C)c2c(c1C)CC(C)(C=O)O2
C[C@H](N)C(=O)N[C@@H](C)C(=O)OC(C)(C)C.O=Cc1cnc(NCC(=O)O)s1,C[C@H](NC(=O)CNc1ncc(C=O)s1)C(=O)N[C@@H](C)C(=O)OC(C)(C)C
COC(CCBr)OC.Cc1nc(C)c(-c2c[nH]c(=O)[nH]c2=O)o1,COC(CCn1cc(-c2oc(C)nc2C)c(=O)[nH]c1=O)OC
CCOC(=O)CCN.Cc1c(C(Nc2ccc(C(=O)O)cc2)C2CCCCC2)oc2cccnc12,CCOC(=O)CCNC(=O)c1ccc(NC(c2oc3cccnc3c2C)C2CCCCC2)cc1
Nc1cc(Cl)c(C(F)(F)F)cc1[N+](=O)[O-].OCC(F)(F)F,Nc1cc(OCC(F)(F)F)c(C(F)(F)F)cc1[N+](=O)[O-]
C[C@@H]1CN(c2ncc(Br)cc2C=O)C[C@H](C)O1.OB(O)c1cccc2cccnc12,C[C@@H]1CN(c2ncc(-c3cccc4cccnc34)cc2C=O)C[C@H](C)O1
C=CCSc1ccc(Cl)nn1.Cc1cccc(O)c1,C=CCSc1ccc(Oc2cccc(C)c2)nn1
CCOC(=O)c1nccc2c(C)c3c(cc12)c1cc(O)ccc1n3C.NCCN1CCCC1,Cc1c2ccnc(C(=O)NCCN3CCCC3)c2cc2c3cc(O)ccc3n(C)c12
CCOC(=O)Cn1nnc(-c2cc(O)no2)n1.OCC1(COc2cc(F)ccc2Br)CC1,CCOC(=O)Cn1nnc(-c2cc(OCC3(COc4cc(F)ccc4Br)CC3)no2)n1
CC(C)OC(=O)Cl.Cc1cc(I)c(N)cc1C(F)(F)F,Cc1cc(I)c(NC(=O)OC(C)C)cc1C(F)(F)F
COc1ccc(CN)c(OC)c1.Fc1ccc(F)nc1,COc1ccc(CNc2ccc(F)cn2)c(OC)c1
COC(=O)[C@@H](N)Cc1ccc(-c2ccccc2Oc2ccccc2)cc1.Nc1ccc(Cl)cc1C(=O)O,COC(=O)[C@H](Cc1ccc(-c2ccccc2Oc2ccccc2)cc1)NC(=O)c1cc(Cl)ccc1N
N#Cc1ccc(F)cn1.Oc1ccc(Cl)c(C(F)(F)F)c1,N#Cc1ccc(Oc2ccc(Cl)c(C(F)(F)F)c2)cn1
ClCCCCBr.Sc1cccc2nccn12,ClCCCCSc1cccc2nccn12
CNC(=O)c1cc(Cl)ccn1.Nc1cccc2cc(O)ccc12,CNC(=O)c1cc(Oc2ccc3c(N)cccc3c2)ccn1
CCC(CC)(Oc1ccc(Cl)cc1C1CC(=O)NC(c2cc(F)ccc2C)C12C(=O)Nc1cc(Cl)ccc12)C(=O)NS(C)(=O)=O.COCCOC(=O)Cl,CCC(CC)(Oc1ccc(Cl)cc1C1CC(=O)NC(c2cc(F)ccc2C)C12C(=O)N(C(=O)OCCOC)c1cc(Cl)ccc12)C(=O)NS(C)(=O)=O
C1CN[C@H](C2CC2)CN1.OC(c1ccc(Br)cc1)(C(F)(F)F)C(F)(F)F,OC(c1ccc(N2CCN[C@H](C3CC3)C2)cc1)(C(F)(F)F)C(F)(F)F
NCc1ccc(C(=O)Nc2ccc(Cl)c(-c3ccccn3)c2)cc1.O=C(O)c1ccccn1,O=C(Nc1ccc(Cl)c(-c2ccccn2)c1)c1ccc(CNC(=O)c2ccccn2)cc1
C[Si](C)(C)N=[N+]=[N-].N#C[C@H](NC(=O)Cn1nc(-c2ccc(Cl)cc2)n(C[C@H](O)C(F)(F)F)c1=O)c1cccc(C(F)(F)F)c1,O=C(Cn1nc(-c2ccc(Cl)cc2)n(C[C@H](O)C(F)(F)F)c1=O)NC(c1cccc(C(F)(F)F)c1)c1nnn[nH]1
CN1CCc2ccc(O)cc2NC1=O.ClCCCCBr,CN1CCc2ccc(OCCCCCl)cc2NC1=O
CC=O.CCOC(=O)c1ccc(Nc2ccc3c(c2)C(C)(C)CC=C3C(C)C)cc1,CCOC(=O)c1ccc(N(CC)c2ccc3c(c2)C(C)(C)CC=C3C(C)C)cc1
CC(C)CCN.O=C(Cl)CCCc1ccc([N+](=O)[O-])cc1,CC(C)CCNC(=O)CCCc1ccc([N+](=O)[O-])cc1
COC(=O)c1ccc(F)cc1Br.O=[N+]([O-])c1ccc(F)cc1Br,COC(=O)c1ccc(F)cc1-c1cc(F)ccc1[N+](=O)[O-]
CC(C)n1cc(C(=O)O)c(=O)c2cc(F)c(F)c(F)c21.CC1CNCCN1,CC1CN(c2c(F)cc3c(=O)c(C(=O)O)cn(C(C)C)c3c2F)CCN1
CC(C)(CCCC#N)C(=O)c1c[nH]c2ncc(Br)nc12.COc1cc(B(O)O)cc(OC)c1OC,COc1cc(-c2cnc3[nH]cc(C(=O)C(C)(C)CCCC#N)c3n2)cc(OC)c1OC
CN.O=C(O)C1CCc2ccccc21,CNC(=O)C1CCc2ccccc21
COc1ccc(S(=O)(=O)N2CCN(C[C@H](O)COc3ccc(OCc4ccccc4)cc3)CC2)cc1,COc1ccc(S(=O)(=O)N2CCN(C[C@H](O)COc3ccc(O)cc3)CC2)cc1
COC(=O)c1nc2cc(NC(=O)c3ccccc3)ccc2[nH]1,O=C(Nc1ccc2[nH]c(C(=O)O)nc2c1)c1ccccc1
CNC(=O)c1ccc2[nH]ccc2c1.O=[N+]([O-])c1ccc(F)cc1,CNC(=O)c1ccc2c(ccn2-c2ccc([N+](=O)[O-])cc2)c1
Nc1nc(-c2ccccc2[N+](=O)[O-])cs1.O=C(O)CCCCCCC(=O)NOCc1ccccc1,O=C(CCCCCCC(=O)Nc1nc(-c2ccccc2[N+](=O)[O-])cs1)NOCc1ccccc1
COC(=O)c1ccc(O)cc1O.CS(=O)(=O)OC1CCN(S(C)(=O)=O)CC1,COC(=O)c1ccc(OC2CCN(S(C)(=O)=O)CC2)cc1O
CC[C@@H]1c2c(C#N)ncn2-c2cnc(Cl)nc2N1C1CCCC1.COc1cc(C(=O)O)ccc1N,CC[C@@H]1c2c(C#N)ncn2-c2cnc(Nc3ccc(C(=O)O)cc3OC)nc2N1C1CCCC1
Cc1nc2c(Br)cc(Br)cn2c1C.c1nc[nH]n1,Cc1nc2c(-n3cncn3)cc(Br)cn2c1C
CN1C(=O)CC(C)(c2cccc(Br)c2)N=C1N.COc1cccc(B(O)O)c1,COc1cccc(-c2cccc(C3(C)CC(=O)N(C)C(N)=N3)c2)c1
NO.O=Cc1c(-c2ccccc2)nn2ccccc12,ON=Cc1c(-c2ccccc2)nn2ccccc12
Nc1ccccc1I.O=C(O)Cc1ccc(Cl)c(Cl)c1,O=C(Cc1ccc(Cl)c(Cl)c1)Nc1ccccc1I
CN(C)CCOC(c1ccccc1)c1ccc(C(=O)Cl)cc1.Cc1nc(N)c2ncn(CCCCN)c2c1C,Cc1nc(N)c2ncn(CCCCNC(=O)c3ccc(C(OCCN(C)C)c4ccccc4)cc3)c2c1C
CC(C)(C)c1ccc(S(=O)(=O)Nc2ccc3[nH]c(C(=O)O)c(-c4cccnc4)c3c2)cc1.NC1CCOCC1,CC(C)(C)c1ccc(S(=O)(=O)Nc2ccc3[nH]c(C(=O)NC4CCOCC4)c(-c4cccnc4)c3c2)cc1
Cc1cnc(N)c(N)c1.O=C(O)c1cc(Br)ccc1Cl,Cc1cnc2nc(-c3cc(Br)ccc3Cl)[nH]c2c1
CCOC(=O)CCn1c2c(c3cc(C)ccc31)CN(C)CC2.CN,CNC(=O)CCn1c2c(c3cc(C)ccc31)CN(C)CC2
Cc1ccc(S(=O)(=O)O)cc1.NCCNc1nc(Cl)nc2c1ncn2C1CCCC1,Cc1ccc(S(=O)(=O)NCCNc2nc(Cl)nc3c2ncn3C2CCCC2)cc1
Brc1ccsc1.C#CCO,OCC#Cc1ccsc1
NC[C@@H]1C[C@@H]2C[C@@H]2N1C(=O)c1nc(N)sc1-c1cccc(F)c1.O=C(O)c1cccc2cnccc12,Nc1nc(C(=O)N2[C@H](CNC(=O)c3cccc4cnccc34)C[C@@H]3C[C@@H]32)c(-c2cccc(F)c2)s1
CCOC(=O)CC(Cc1nc(C(=O)O)co1)c1ccccc1,CCOC(=O)CC(Cc1nc(CO)co1)c1ccccc1
CCOC(=O)/C=C/c1ccc(OCCOC)cc1Oc1ncc(C(F)(F)F)cc1Cl,COCCOc1ccc(/C=C/CO)c(Oc2ncc(C(F)(F)F)cc2Cl)c1
COc1ccc(Cn2nc(NC3CCN(C(=O)OC(C)(C)C)C3)c3c(Oc4ccc(NC(=O)c5ccnn(-c6ccc(F)cc6)c5=O)cc4F)ccnc32)cc1,COc1ccc(Cn2nc(NC3CCNC3)c3c(Oc4ccc(NC(=O)c5ccnn(-c6ccc(F)cc6)c5=O)cc4F)ccnc32)cc1
CCOC(=O)C(C)(N)c1cccs1,CC(N)(CO)c1cccs1
CCOC(=O)c1cnn2c(C)cc(C)nc12,Cc1cc(C)n2ncc(C(=O)O)c2n1
Cn1c(C(F)(F)F)cc(=O)n(-c2cc(Oc3cccc(OCc4ccccc4)c3)c(Cl)cc2F)c1=O,Cn1c(C(F)(F)F)cc(=O)n(-c2cc(Oc3cccc(O)c3)c(Cl)cc2F)c1=O
NCCS(=O)(=O)c1ccccc1.O=C(O)C=Cc1ccc(-c2ccc3ncnc(Nc4ccc(OCc5cccc(F)c5)c(Cl)c4)c3c2)o1,O=C(C=Cc1ccc(-c2ccc3ncnc(Nc4ccc(OCc5cccc(F)c5)c(Cl)c4)c3c2)o1)NCCS(=O)(=O)c1ccccc1
CC(C)=O.Nc1cncnc1,CC(C)Nc1cncnc1
CC1(C)OB(c2ccc(NC(=O)C3CC3)cc2)OC1(C)C.O=C(OCc1ccccc1)N1CCCC1c1ccc(Br)cc1,O=C(Nc1ccc(-c2ccc(C3CCCN3C(=O)OCc3ccccc3)cc2)cc1)C1CC1
CC(C)(C)OC(=O)N1CCN(c2ccc3c(c2)-n2c(nc4ccccc4c2=O)C3=O)CC1,O=C1c2ccc(N3CCNCC3)cc2-n2c1nc1ccccc1c2=O
C/C=C/B(O)O.N#Cc1cc(Br)ccc1NS(N)(=O)=O,C/C=C/c1ccc(NS(N)(=O)=O)c(C#N)c1
CC(C)(C)OC(=O)N1CCC(CNc2cccn3nc(Cl)nc23)C1.CN1CCN(c2ccc(N)cc2)CC1,CN1CCN(c2ccc(Nc3nc4c(NCC5CCN(C(=O)OC(C)(C)C)C5)cccn4n3)cc2)CC1
CCC1(C)CC(=O)NN=C1c1ccc(C)c([N+](=O)[O-])c1,CCC1(C)CC(=O)NN=C1c1ccc(C)c(N)c1
CS(=O)(=O)c1ccc(OCc2ccccc2)c(C2OCCO2)c1,CS(=O)(=O)c1ccc(OCc2ccccc2)c(C=O)c1
COc1cc2nnc(C(N)=O)c(Nc3ccc(C)cc3F)c2cc1N1CCNCC1.C[C@@H](O)C(=O)O,COc1cc2nnc(C(N)=O)c(Nc3ccc(C)cc3F)c2cc1N1CCN(C(=O)[C@@H](C)O)CC1
Brc1nccs1.OB(O)c1ccc(F)cc1,Fc1ccc(-c2nccs2)cc1
Cc1cc(C)cc(C(=O)Cl)c1.NC1CCCNC1=O,Cc1cc(C)cc(C(=O)NC2CCCNC2=O)c1
CC1(C)OB(B2OC(C)(C)C(C)(C)O2)OC1(C)C.CCOC(=O)c1cc2cc(Br)ccc2[nH]1,CCOC(=O)c1cc2cc(B3OC(C)(C)C(C)(C)O3)ccc2[nH]1
CC(C(=O)OC(C)(C)C)N1CCC(c2ncc(-c3ccc(NC(=O)Nc4ccccc4Cl)cc3)s2)CC1,CC(C(=O)O)N1CCC(c2ncc(-c3ccc(NC(=O)Nc4ccccc4Cl)cc3)s2)CC1
COC(=O)c1ccc(I)cc1OC,COc1cc(I)ccc1CO
COC(=O)c1ccc(Cc2cn(C)c3ccc(C(=O)OC)cc23)c(OC)c1,COC(=O)c1ccc2c(c1)c(Cc1ccc(C(=O)O)cc1OC)cn2C
Cc1ccc(B2OCC(C)(C)CO2)c(C#N)n1.Ic1cnccn1,Cc1ccc(-c2cnccn2)c(C#N)n1
CC(=O)Cl.CCOC(=O)N1c2ccc(OC)nc2[C@@H](NC(c2cc(C(F)(F)F)cc(C(F)(F)F)c2)c2ncc(N)cn2)C[C@H]1CC,CCOC(=O)N1c2ccc(OC)nc2[C@@H](NC(c2cc(C(F)(F)F)cc(C(F)(F)F)c2)c2ncc(NC(C)=O)cn2)C[C@H]1CC
CNC1CCN(C(=O)Nc2cnccn2)CC1.Clc1nc(-c2ccccc2)ns1,CN(c1nc(-c2ccccc2)ns1)C1CCN(C(=O)Nc2cnccn2)CC1
COc1ccc(C(CN)N2CCOCC2)cc1.Cc1ccccc1C(=O)O,COc1ccc(C(CNC(=O)c2ccccc2C)N2CCOCC2)cc1
CCCCc1nc2c([nH]1)CC(C(=O)OC)NC2.O=C(Cl)OCc1ccccc1,CCCCc1nc2c([nH]1)CC(C(=O)OC)N(C(=O)OCc1ccccc1)C2
CN(C)c1ccc(C=O)cn1.COc1cccc(N)c1,COc1cccc(N=Cc2ccc(N(C)C)nc2)c1
COC(=O)c1cc(CCN)ccc1CN1CCCC1.O=C(O)c1ccc(-c2ccc(Cl)cc2)cc1,COC(=O)c1cc(CCNC(=O)c2ccc(-c3ccc(Cl)cc3)cc2)ccc1CN1CCCC1
COC(=O)c1cc(N)ccc1Cl.O=C(Cl)c1cc(F)cc(C(F)(F)F)c1,COC(=O)c1cc(NC(=O)c2cc(F)cc(C(F)(F)F)c2)ccc1Cl
CCOc1cc2ncc(C#N)c(Cl)c2cc1OCC.NCc1ccc(F)c(F)c1,CCOc1cc2ncc(C#N)c(NCc3ccc(F)c(F)c3)c2cc1OCC
BrCc1ccccc1.CC1(C)OC(=O)c2c(O)cccc2O1,CC1(C)OC(=O)c2c(OCc3ccccc3)cccc2O1
NC(=O)c1ccc(N2CCC[C@@H](NC(=O)c3ccccc3)C2)nc1Nc1ccc(N2CCN(C(=O)OCc3ccccc3)CC2)cc1,NC(=O)c1ccc(N2CCC[C@@H](NC(=O)c3ccccc3)C2)nc1Nc1ccc(N2CCNCC2)cc1
COc1ccc(-c2ccc(C(C)=O)cc2[N+](=O)[O-])cc1,CC(=O)c1ccc(-c2ccc(O)cc2)c([N+](=O)[O-])c1
CNc1nc(-c2ccccc2)ccc1[N+](=O)[O-],CNc1nc(-c2ccccc2)ccc1N
CCCCCCCCI.CCCCCCc1cc(-c2nc(-c3ccc(C(C)(C)C)cc3)nc(-c3ccc(C(C)(C)C)cc3)n2)c(O)cc1O,CCCCCCCCOc1cc(O)c(-c2nc(-c3ccc(C(C)(C)C)cc3)nc(-c3ccc(C(C)(C)C)cc3)n2)cc1CCCCCC
C[C@H](O)CN.Cc1onc(-c2ccccc2)c1-c1ccc(C(=O)O)c(Cl)c1,Cc1onc(-c2ccccc2)c1-c1ccc(C(=O)NC[C@H](C)O)c(Cl)c1
CC(C)(C)OC(=O)N1[C@@H](C=O)COC1(C)C.O=C(c1ccc(F)cc1)C1CCNCC1,CC(C)(C)OC(=O)N1[C@@H](CN2CCC(C(=O)c3ccc(F)cc3)CC2)COC1(C)C
CS(=O)(=O)C1CCN(c2cc(Cl)nc3ccsc23)CC1.N[C@H]1CCN(C(=O)Cc2ccc(OC(F)(F)F)cc2)C1,CS(=O)(=O)C1CCN(c2cc(N[C@H]3CCN(C(=O)Cc4ccc(OC(F)(F)F)cc4)C3)nc3ccsc23)CC1
CCN1C(=O)CCC(C)(C)c2ccc(N)cc21.CS(=O)(=O)c1cccc(F)c1Nc1nc(Cl)ncc1Cl,CCN1C(=O)CCC(C)(C)c2ccc(Nc3ncc(Cl)c(Nc4c(F)cccc4S(C)(=O)=O)n3)cc21
CCOC(=O)c1cn([C@@H](C)CN(C)C(=O)OC(C)(C)C)c2c(F)c(C3(NC(=O)OCc4ccccc4)CC3)c(F)cc2c1=O,CCOC(=O)c1cn([C@@H](C)CNC)c2c(F)c(C3(NC(=O)OCc4ccccc4)CC3)c(F)cc2c1=O
CC(C)CBr.COc1c(OC(F)F)ccc(Br)c1O,COc1c(OC(F)F)ccc(Br)c1OCC(C)C
CCN1CCNCC1.O=C(Cl)c1ccc(I)cc1,CCN1CCN(C(=O)c2ccc(I)cc2)CC1
CSc1cc(=O)c2ccc(C(=O)O)cc2s1,CSc1cc(=O)c2ccc(CO)cc2s1
CCC(=O)NCCC1=CCC2=C1C1=C(OCCC1)C(Br)C2,CCC(=O)NCCC1=CCC2=C1C1=C(CC2)OCCC1
CC(=O)NC1(c2ccc(CCl)cc2)CC1.c1ccc(N2CCNCC2)nc1,CC(=O)NC1(c2ccc(CN3CCN(c4ccccn4)CC3)cc2)CC1
COCCOc1cc2ncnc(NC3=CC(=O)C(Cl)=CC3=O)c2cc1OC.O=C(O)C1CNC1,COCCOc1cc2ncnc(NC3=CC(=O)C(N4CC(C(=O)O)C4)=CC3=O)c2cc1OC
CC(C)(C)OC(=O)OC(=O)OC(C)(C)C.CCOC(=O)c1cnc2ccccc2c1NCCCCN,CCOC(=O)c1cnc2ccccc2c1NCCCCNC(=O)OC(C)(C)C
Cc1ccc(C(N=[N+]=[N-])C2CCSCC2)o1,Cc1ccc(C(N)C2CCSCC2)o1
CC(C)(Cc1c[nH]c2c(O)cccc12)NC(=O)OC(C)(C)C.N#CCBr,CC(C)(Cc1c[nH]c2c(OCC#N)cccc12)NC(=O)OC(C)(C)C
Nc1cc(Nc2ccc(N3CCOCC3)cc2)ncn1.O=C=Nc1c(F)cccc1F,O=C(Nc1cc(Nc2ccc(N3CCOCC3)cc2)ncn1)Nc1c(F)cccc1F
O=C1CC2CCC(C1)C2.O=C1Nc2ccccc2C2(CCNCC2)O1,O=C1Nc2ccccc2C2(CCN(C3CC4CCC(C4)C3)CC2)O1
Ic1cnn(C2CCCCO2)c1.Sc1ccc(Cl)cc1,Clc1ccc(Sc2cnn(C3CCCCO3)c2)cc1
CN1CC(N2CCN(C(=O)Nc3cc(Oc4ccc(N)cc4F)ncn3)CC2)C1.O=C(Cc1ccc(F)cc1)N=C=S,CN1CC(N2CCN(C(=O)Nc3cc(Oc4ccc(NC(=S)NC(=O)Cc5ccc(F)cc5)cc4F)ncn3)CC2)C1
COC(=O)c1ccc(O)c(F)c1.FC(F)Cl,COC(=O)c1ccc(OC(F)F)c(F)c1
CC(C)c1cccc(B(O)O)c1.Nc1nnc(Br)c(-c2ccccc2)n1,CC(C)c1cccc(-c2nnc(N)nc2-c2ccccc2)c1
O=S(=O)(c1ccc(F)cc1)c1cc(CO)ccc1OCc1ccccc1,O=Cc1ccc(OCc2ccccc2)c(S(=O)(=O)c2ccc(F)cc2)c1
CCCC(C(=O)OC)c1c(C)nc2cc(C(C)(C)C)nn2c1Cl.COc1cc(Cl)ccc1B(O)O,CCCC(C(=O)OC)c1c(C)nc2cc(C(C)(C)C)nn2c1-c1ccc(Cl)cc1OC
C[C@H](NC(=O)Cc1cc(F)cc(F)c1)C(=O)O.NN1C(=O)C(C2CCCCC2)c2ccccc2-c2ccccc21,C[C@H](NC(=O)Cc1cc(F)cc(F)c1)C(=O)NN1C(=O)C(C2CCCCC2)c2ccccc2-c2ccccc21
CCN(CC)CCn1c(CNC(=O)C(C)(C)C)nc2cc(C=CC(=O)OC)ccc21.NO,CCN(CC)CCn1c(CNC(=O)C(C)(C)C)nc2cc(C=CC(=O)NO)ccc21
COc1ccc(C(=O)CCC(=O)O)cc1C,COc1ccc(CCCC(=O)O)cc1C
CN(NC(=O)OCc1ccccc1)C(=O)OC(C)(C)C,CNNC(=O)OCc1ccccc1
COc1ccc(CN(C(=O)OC(C)(C)C)c2nc(-c3cccc(OC(F)(F)F)c3)ns2)cc1,CC(C)(C)OC(=O)Nc1nc(-c2cccc(OC(F)(F)F)c2)ns1
COC(=O)Cc1ccc(OCc2c(C)nc(CC(C)C)c(CNC(=O)OC(C)(C)C)c2-c2ccc(C)cc2)cc1,COC(=O)Cc1ccc(OCc2c(C)nc(CC(C)C)c(CN)c2-c2ccc(C)cc2)cc1
CN.O=S(=O)(CCCCl)CCCC(F)(F)F,CNCCCS(=O)(=O)CCCC(F)(F)F
CCOC([PH2]=O)(c1ccc([N+](=O)[O-])cc1)P(=O)(OCC)OCC,CCOC([PH2]=O)(c1ccc(N)cc1)P(=O)(OCC)OCC
COC(=O)c1cc(Oc2ccc3c(c2)C[C@@H](N(C[C@H](O)c2cccc(Cl)c2)C(=O)OC(C)(C)C)CC3)cc([N+](=O)[O-])c1,COC(=O)c1cc(N)cc(Oc2ccc3c(c2)C[C@@H](N(C[C@H](O)c2cccc(Cl)c2)C(=O)OC(C)(C)C)CC3)c1
BrCc1ccccc1.O=C(O)[C@@H](O)CC1CCC1,O=C(OCc1ccccc1)[C@@H](O)CC1CCC1
Cc1ccc(-c2ccc([N+](=O)[O-])cc2C(F)(F)F)nc1.O=C1CCC(=O)N1Br,O=[N+]([O-])c1ccc(-c2ccc(CBr)cn2)c(C(F)(F)F)c1
C#CC(C)(C)N.O=C(O)C1CC1,C#CC(C)(C)NC(=O)C1CC1
Cc1nc(CCc2conc2-c2ccccn2)sc1C(=O)O.NC1CCOCC1,Cc1nc(CCc2conc2-c2ccccn2)sc1C(=O)NC1CCOCC1
CC(=O)O[C@@H]1[C@@H](OC(C)=O)[C@@H](Br)SC[C@H]1OC(C)=O.O=[N+]([O-])c1ccccc1O,CC(=O)O[C@@H]1[C@@H](OC(C)=O)[C@H](OC(C)=O)CS[C@H]1Oc1ccccc1[N+](=O)[O-]
Cc1cc(C(N)=O)ccc1N.S=C(Cl)Cl,Cc1cc(C(N)=O)ccc1N=C=S
CC(C)(C)[Si](C)(C)OCCCCCl.Cc1nc(O)c([N+](=O)[O-])c(N2CCc3ccccc3CC2)n1,Cc1nc(OCCCCO[Si](C)(C)C(C)(C)C)c([N+](=O)[O-])c(N2CCc3ccccc3CC2)n1
CI.COCC1C(=O)OC1CCCCC(C)CC(C)O,COCC1C(=O)OC1CCCCC(C)CC(C)OC
CC(=O)OC(C)=O.O=C1CCNc2ccccc2CN1,CC(=O)N1CCC(=O)NCc2ccccc21
CCc1ccc(C=O)cc1.NC1CCN(CCn2c(=O)cnc3ccc(F)cc32)CC1,CCc1ccc(CNC2CCN(CCn3c(=O)cnc4ccc(F)cc43)CC2)cc1
O=C(OO)c1cccc(Cl)c1.c1cnc2[nH]ccc2c1,[O-][n+]1cccc2cc[nH]c21
CI.O=C(O)c1ccc2cc[nH]c2c1,Cn1ccc2ccc(C(=O)O)cc21
COc1ccccc1CNc1ccc2cc(CN)ccc2n1.O=Cc1ccc(F)cc1,COc1ccccc1CNc1ccc2cc(CNCc3ccc(F)cc3)ccc2n1
CN1CCCC1=O.O=C1Cc2ccc(Cl)cc2N1c1ccccc1,CN1CCCC1=C1C(=O)N(c2ccccc2)c2cc(Cl)ccc21
COCOc1ccc(C(=O)NC[C@H]2CC[C@@H](Oc3ccc(OC)cc3)CC2)cc1,COc1ccc(O[C@@H]2CC[C@H](CNC(=O)c3ccc(O)cc3)CC2)cc1
CCC[CH2][Sn]([CH2]CCC)([CH2]CCC)[c]1ccccn1.Cc1nc2ccc(Br)cc2c(=O)n1-c1ccc(OCCCN2CCCCC2)cc1,Cc1nc2ccc(-c3ccccn3)cc2c(=O)n1-c1ccc(OCCCN2CCCCC2)cc1
CCOC(=O)CCc1ccc(OC)cc1Br.Cc1noc(C)c1B(O)O,CCOC(=O)CCc1ccc(OC)cc1-c1c(C)noc1C
CN1CCC(N)CC1.O=C(N[C@H]1CC[C@@H](C(=O)O)C1)c1ccc(-c2cccc(F)c2)nc1,CN1CCC(NC(=O)[C@@H]2CC[C@H](NC(=O)c3ccc(-c4cccc(F)c4)nc3)C2)CC1
C1CC2(CCN1)OCCO2.Cc1ccc(F)cc1S(=O)(=O)Cl,Cc1ccc(F)cc1S(=O)(=O)N1CCC2(CC1)OCCO2
CC(C)(C)OC[C@H]1O[C@](n2cnc3c(N)ncnc32)([SiH](c2ccccc2)c2ccccc2)[C@H](OCCO)[C@@H]1O.O=C(Cl)c1ccccc1,CC(C)(C)OC[C@H]1O[C@](n2cnc3c(NC(=O)c4ccccc4)ncnc32)([SiH](c2ccccc2)c2ccccc2)[C@H](OCCO)[C@@H]1O
CNCc1sc2ccccc2c1C.O=C(O)/C=C/c1cnc2c(c1)CN1CCC[C@H]1C(=O)N2,Cc1c(CN(C)C(=O)/C=C/c2cnc3c(c2)CN2CCC[C@H]2C(=O)N3)sc2ccccc12
COC(=O)N1CC(=O)N2C(CCC2c2ncc(-c3ccc(Br)cc3)[nH]2)C1.COC(=O)NC(C(=O)N1CCCC1c1ncc(-c2ccc(B3OC(C)(C)C(C)(C)O3)cc2)[nH]1)C(C)C,COC(=O)NC(C(=O)N1CCCC1c1ncc(-c2ccc(-c3ccc(-c4cnc(C5CCC6CN(C(=O)OC)CC(=O)N65)[nH]4)cc3)cc2)[nH]1)C(C)C
CC(N)=S.CCOC(=O)C(Cl)C(=O)c1cccc(F)c1,CCOC(=O)c1sc(C)nc1-c1cccc(F)c1
N#Cc1c(Cl)nc(N)nc1OCc1ccccn1.OCc1ccccc1,N#Cc1c(OCc2ccccc2)nc(N)nc1OCc1ccccn1
CS(=O)(=O)Cl.OC1CCC(C(F)(F)F)CC1,CS(=O)(=O)OC1CCC(C(F)(F)F)CC1
Cn1c(N)c(NC(=O)Cc2ccc(NC(=O)OC(C)(C)C)cc2)c(=O)n(C)c1=O,Cn1c(N)c(NC(=O)Cc2ccc(N)cc2)c(=O)n(C)c1=O
CCC(CC)(c1ccc(CCC(O[Si](C)(C)C(C)(C)C)C(C)(C)C)c(C)c1)c1ccc(B2OC(C)(C)C(C)(C)O2)c(C)c1.COC(=O)Cc1cccc(Br)c1,CCC(CC)(c1ccc(CCC(O[Si](C)(C)C(C)(C)C)C(C)(C)C)c(C)c1)c1ccc(-c2cccc(CC(=O)OC)c2)c(C)c1
C[C@@H](COc1cc(-c2cnn(C)c2)cc([N+](=O)[O-])c1)NC(=O)OC(C)(C)C,C[C@@H](COc1cc(N)cc(-c2cnn(C)c2)c1)NC(=O)OC(C)(C)C
CC(C)(C)OC(=O)n1ccc2ncccc21,CC(C)(C)OC(=O)N1CCc2ncccc21
Cc1cc(CO)cc2c1nc(C)n2Cc1ccc(Cl)cc1Cl,Cc1cc(C=O)cc2c1nc(C)n2Cc1ccc(Cl)cc1Cl
CC(C)(C)CC1NC(C(=O)O)C(c2cccc(Cl)c2F)C1(C#N)c1ccc(Cl)cc1F.COC(=O)c1ccc(CN)cc1,COC(=O)c1ccc(CNC(=O)[C@@H]2N[C@@H](CC(C)(C)C)[C@](C#N)(c3ccc(Cl)cc3F)[C@H]2c2cccc(Cl)c2F)cc1
CCOC(=O)CCNC.Cc1c(C(Nc2ccc(C(=O)O)cn2)C(C)C)oc2ccc(OCC3CC3)cc12,CCOC(=O)CCN(C)C(=O)c1ccc(NC(c2oc3ccc(OCC4CC4)cc3c2C)C(C)C)nc1
CC(=O)Cl.Cc1ncc2n1C(=O)N(C1CCN(C(=O)[C@H](N)CS(=O)(=O)c3ccc4cc(Cl)ccc4c3)CC1)C2,CC(=O)N[C@H](CS(=O)(=O)c1ccc2cc(Cl)ccc2c1)C(=O)N1CCC(N2Cc3cnc(C)n3C2=O)CC1
COC(=O)c1ccc(OC2CCCCO2)c(C2=CCOCC2)c1,COC(=O)c1ccc(O)c(C2=CCOCC2)c1
COC(=O)c1ccc(CNC(=O)OC(C)(C)C)cc1[N+](=O)[O-],CC(C)(C)OC(=O)NCc1ccc(C(=O)O)c([N+](=O)[O-])c1
COC(=O)CC1(N)CCN(C(=O)OCc2ccccc2)CC1.O=Cc1ccc2c(c1)OCCO2,COC(=O)CC1(NCc2ccc3c(c2)OCCO3)CCN(C(=O)OCc2ccccc2)CC1
COC(=O)c1sc(-n2cnc3cnccc32)cc1O.FC(F)(F)c1ccc(CBr)cc1,COC(=O)c1sc(-n2cnc3cnccc32)cc1OCc1ccc(C(F)(F)F)cc1
Cc1ccc(N)cc1C.Nc1ccc(C(=O)O)cc1[N+](=O)[O-],Cc1ccc(NC(=O)c2ccc(N)c([N+](=O)[O-])c2)cc1C
C=CC(C)OC(C)=O.CCOc1cnc(-c2ccc(Br)cc2)nc1,CCOc1cnc(-c2ccc(C=CC(C)OC(C)=O)cc2)nc1
CCOC(=O)C1(c2ccc(-c3ccc(-c4onc(C)c4N)cc3)cc2)CC1.O=S(c1ccccc1)c1cccc(Br)n1,CCOC(=O)C1(c2ccc(-c3ccc(-c4onc(C)c4Nc4cccc(S(=O)c5ccccc5)n4)cc3)cc2)CC1
CC(=O)C(C)(C)c1c(O)cccc1F.Fc1ccc2cc(I)cnc2c1F,CC(=O)C(C)(C)c1c(F)cccc1Oc1cnc2c(F)c(F)ccc2c1
COC(=O)c1ccc(Cl)nn1.FC(F)(F)c1ccccc1O[C@H]1CCNC1,COC(=O)c1ccc(N2CC[C@H](Oc3ccccc3C(F)(F)F)C2)nn1
COC(=O)[C@@H](N)Cc1ccc(OCc2ccccc2)cc1.O=C(O)c1nc2ccc(-c3ccc(Cl)cc3)cn2c1Cl,COC(=O)[C@H](Cc1ccc(OCc2ccccc2)cc1)NC(=O)c1nc2ccc(-c3ccc(Cl)cc3)cn2c1Cl
CC(C)(C)c1cc(C=CC(=O)O)cc(C(C)(C)C)c1O.CCOC(=O)Cc1ccc(CCN2CCNCC2)cc1,CCOC(=O)Cc1ccc(CCN2CCN(C(=O)C=Cc3cc(C(C)(C)C)c(O)c(C(C)(C)C)c3)CC2)cc1
CC1(C)CC(CNc2ccc(Cl)c(-c3cc(F)ncc3Cl)n2)CCO1.[NH4+],CC1(C)CC(CNc2ccc(Cl)c(-c3cc(N)ncc3Cl)n2)CCO1
CC1(C)OB(c2ccoc2)OC1(C)C.O=C(O)NCc1cccc(Br)c1,O=C(O)NCc1cccc(-c2ccoc2)c1
C1CCNC1.N#Cc1ccc(Br)cc1,N#Cc1ccc(N2CCCC2)cc1
CCN(CC)CCOc1ccc([N+](=O)[O-])cc1,CCN(CC)CCOc1ccc(N)cc1
Cc1nc(-c2ccc(Cl)cc2)sc1C(=O)O.O=C1CCC(=O)N1Br,O=C(O)c1sc(-c2ccc(Cl)cc2)nc1CBr
CO[Si](OC)(OC)c1ccc(CCl)cc1.[N-]=[N+]=[N-],CO[Si](OC)(OC)c1ccc(CN=[N+]=[N-])cc1
CC(C)(C(N)=S)c1ccccc1.CCOC(=O)C(=O)CBr,CCOC(=O)c1csc(C(C)(C)c2ccccc2)n1
COc1ccccc1C=O.NCCCCNC(=O)c1ccc(CN(Cc2ncc[nH]2)Cc2ncc[nH]2)cc1,COc1ccccc1CNCCCCNC(=O)c1ccc(CN(Cc2ncc[nH]2)Cc2ncc[nH]2)cc1
Cc1cc(Cl)c(C(=O)c2ccccc2)c(Cl)c1.O=C1CCC(=O)N1Br,O=C(c1ccccc1)c1c(Cl)cc(CBr)cc1Cl
CC(C)(C)OC(=O)NC1CN(c2ccc(C(F)(F)F)cn2)C1,NC1CN(c2ccc(C(F)(F)F)cn2)C1
COC(=O)c1ccc(OCCCc2ccc(O)cc2)c(C(=O)NC2CCCC(C(=O)OC)C2)c1.ClCc1ccc(Oc2ccccc2)cc1,COC(=O)c1ccc(OCCCc2ccc(OCc3ccc(Oc4ccccc4)cc3)cc2)c(C(=O)NC2CCCC(C(=O)OC)C2)c1
N.O=C(O)c1cc(F)ccc1[N+](=O)[O-],NC(=O)c1cc(F)ccc1[N+](=O)[O-]
Cc1c(CO)cccc1-n1c([C@H]2CCCO2)nc2cc(OC(F)(F)F)ccc21,Cc1c(C=O)cccc1-n1c([C@H]2CCCO2)nc2cc(OC(F)(F)F)ccc21
CCc1ncnc(NC(C)c2ccc3ccccc3c2)c1Br.C[S-],CCc1ncnc(NC(C)c2ccc3ccccc3c2)c1SC
COC(OC)c1c(S(C)(=O)=O)ccc(C(=O)c2cnn(C)c2O)c1Cl,Cn1ncc(C(=O)c2ccc(S(C)(=O)=O)c(C=O)c2Cl)c1O
COC(=O)c1ccccc1Oc1ccccc1,OCc1ccccc1Oc1ccccc1
Nc1ncc(Cl)nc1Cl.O=S(=O)(Cl)c1cccc(Cl)c1Cl,O=S(=O)(Nc1ncc(Cl)nc1Cl)c1cccc(Cl)c1Cl
C#CC(O)c1ccc(F)cc1.C=O.OC1(c2ccc(Cl)cc2)CCNCC1,OC(C#CCN1CCC(O)(c2ccc(Cl)cc2)CC1)c1ccc(F)cc1
NCCNC(=O)c1ccc(Cl)cc1.O=C(O)c1ccc(O)cc1F,O=C(NCCNC(=O)c1ccc(O)cc1F)c1ccc(Cl)cc1
C[Si](C)(C)C#Cc1ccc(F)c(OCCC(F)F)c1,C#Cc1ccc(F)c(OCCC(F)F)c1
CC1=CC(=O)CO1.COc1cc(C=O)cc(OC)c1O,COc1cc(C=C2OC(C)=CC2=O)cc(OC)c1O
COc1cc2c(Oc3cccc(NC(=O)Nc4cc(C(C)(C)C)on4)c3)ncnc2cc1OCCCCl.O[C@@H]1CCNC1,COc1cc2c(Oc3cccc(NC(=O)Nc4cc(C(C)(C)C)on4)c3)ncnc2cc1OCCCN1CC[C@@H](O)C1
CCOC(=O)Cc1ccc(NC(=O)c2cccc(C#N)c2)c(NC(=O)c2ccc(C(C)C)cc2)c1,CC(C)c1ccc(C(=O)Nc2cc(CC(=O)O)ccc2NC(=O)c2cccc(C#N)c2)cc1
CCCCCCCCCCCCCCCCN.O=[N+]([O-])c1ccc(Cl)nc1,CCCCCCCCCCCCCCCCNc1ccc([N+](=O)[O-])cn1
CCOC(=O)N(C)NC(=O)[C@@H]1CCCN1C(=O)[C@H](C)N.C[C@H](NC(=O)OCc1ccccc1)C(=O)O,CCOC(=O)N(C)NC(=O)[C@@H]1CCCN1C(=O)[C@H](C)NC(=O)[C@H](C)NC(=O)OCc1ccccc1
CCO.N#Cc1c(F)cccc1Cl,CCOc1cccc(Cl)c1C#N
CCO.COc1ccc(O)c(C(=O)O)c1,CCOc1ccc(OC)cc1C(=O)O
FC(F)(F)CI.Nc1ncccc1O,Nc1ncccc1OCC(F)(F)F
CO.O=C(O)C1Cc2cscc2C1,COC(=O)C1Cc2cscc2C1
N=C(N)NN.O=Cc1cc(F)cc(C(F)(F)F)c1,N=C(N)NN=Cc1cc(F)cc(C(F)(F)F)c1
CC(C)C(NC(=O)Cn1c(-c2ccc(F)cc2)ncc(N(C)C(=O)C(F)(F)F)c1=O)C(=O)C(F)(F)F,CNc1cnc(-c2ccc(F)cc2)n(CC(=O)NC(C(=O)C(F)(F)F)C(C)C)c1=O
COC(=O)c1cc(F)c(O)c(F)c1.OCC(C1CCCCC1)n1c(-c2ccc(Cl)cc2)nc2cc(F)c(F)cc21,COC(=O)c1cc(F)c(OCC(C2CCCCC2)n2c(-c3ccc(Cl)cc3)nc3cc(F)c(F)cc32)c(F)c1
COC(=O)C[C@H](O)C[C@H](O)C=Cc1c(-c2ccc(F)cc2)c(-c2ccccc2)c(C(=O)NCc2ccc(F)cc2)n1C(C)C,COC(=O)C[C@H](O)C[C@H](O)CCc1c(-c2ccc(F)cc2)c(-c2ccccc2)c(C(=O)NCc2ccc(F)cc2)n1C(C)C
COC(=O)[C@@H]1CCCC[C@H]1c1oc(-c2ccc(F)cc2)nc1-c1ccc(Br)cc1,O=C(O)[C@@H]1CCCC[C@H]1c1oc(-c2ccc(F)cc2)nc1-c1ccc(Br)cc1
COCCOc1ncc(C(=O)O)cc1-c1ccc(Cl)c(C)c1.NCc1nc(C(F)(F)F)no1,COCCOc1ncc(C(=O)NCc2nc(C(F)(F)F)no2)cc1-c1ccc(Cl)c(C)c1
Brc1ccc2c(c1)CNC2.CCS(=O)(=O)N1CCC(c2c[nH]c3c(C(N)=O)cc(B4OC(C)(C)C(C)(C)O4)cc23)CC1,CCS(=O)(=O)N1CCC(c2c[nH]c3c(C(N)=O)cc(-c4ccc5c(c4)CNC5)cc23)CC1
CNC(=O)C(C)(C)C.Nc1ccccc1CN1CCOCC1,CNC(=Nc1ccccc1CN1CCOCC1)C(C)(C)C
CN1CCC(=O)CC1.NCc1ccc(Cl)cc1,CN1CCC(NCc2ccc(Cl)cc2)CC1
CCN.[N-]=[N+]=N[C@H]1C[C@H](n2cnc3c(Cl)nc(N)nc32)O[C@@H]1CO,CCNc1nc(N)nc2c1ncn2[C@H]1C[C@H](N=[N+]=[N-])[C@@H](CO)O1
COC(=O)C[C@@H]1COc2cc(O[C@@H]3CCc4c(B5OC(C)(C)C(C)(C)O5)ccc(F)c43)ccc21.COCC(C)(C)COc1cc(C)c(Br)c(C)c1,COCC(C)(C)COc1cc(C)c(-c2ccc(F)c3c2CC[C@H]3Oc2ccc3c(c2)OC[C@H]3CC(=O)OC)c(C)c1
CC(=O)c1ccc2c(c1)C(=C(NC1CCN(C)CC1)c1ccc([N+](=O)[O-])cc1)C(=O)N2C(C)=O,CC(=O)c1ccc2c(c1)C(=C(NC1CCN(C)CC1)c1ccc(N)cc1)C(=O)N2C(C)=O
Nc1cc(N2CCN(C(=O)c3ccccc3)CC2)ccc1[N+](=O)[O-],Nc1ccc(N2CCN(C(=O)c3ccccc3)CC2)cc1N
CC(C)(C)OC(=O)N1CCO[C@H](C(=O)O)C1,CC(C)(C)OC(=O)N1CCO[C@H](CO)C1
COC(=O)C/C=C/c1cccc2nc(NCc3ccc(C)o3)ccc12,COC(=O)CCCc1cccc2nc(NCc3ccc(C)o3)ccc12
COC(=O)C(Cl)CSCc1ccccc1.[N-]=[N+]=[N-],COC(=O)C(CSCc1ccccc1)N=[N+]=[N-]
O=Cc1ccc(Cl)cc1.OB(O)c1ccccc1,O=Cc1ccc(-c2ccccc2)cc1
CS(=O)(=O)Cl.[N-]=[N+]=NCCOCCO,CS(=O)(=O)OCCOCCN=[N+]=[N-]
CN(C)Cc1ccc(C(=O)Cl)cc1.Nc1nc2cc(C(F)(F)F)cc(NC3CC3)n2n1,CN(C)Cc1ccc(C(=O)Nc2nc3cc(C(F)(F)F)cc(NC4CC4)n3n2)cc1
COCCO.CS(=O)(=O)Cl,COCCOS(C)(=O)=O
COc1cccc(C(=O)NCCN2CCC(Oc3ccc(Cl)c(Cl)c3)CC2)c1,O=C(NCCN1CCC(Oc2ccc(Cl)c(Cl)c2)CC1)c1cccc(O)c1
COc1ccc(B(O)O)cn1.O=C(Nc1ccc(OC(F)(F)F)cc1)c1cnc(N2CC[C@@H](O)C2)c(Br)c1,COc1ccc(-c2cc(C(=O)Nc3ccc(OC(F)(F)F)cc3)cnc2N2CC[C@@H](O)C2)cn1
COc1cc(-c2cnc(F)c(-c3cc(-c4cnn(C)c4)ncc3N)c2)cc(OC)c1CN1CCCCC1,COc1cc(-c2cnc3[nH]c4cnc(-c5cnn(C)c5)cc4c3c2)cc(OC)c1CN1CCCCC1
C[C@@H]1CNCCO1.O=C(Nc1cnccn1)N1c2nc(Cl)ccc2N2CC[C@H]1C2,C[C@@H]1CN(c2ccc3c(n2)N(C(=O)Nc2cnccn2)[C@H]2CCN3C2)CCO1
COC(=O)c1cccc2nc(-c3ccc(CCN(C)C(=O)OCc4ccccc4)cc3)oc12.N,CN(CCc1ccc(-c2nc3cccc(C(N)=O)c3o2)cc1)C(=O)OCc1ccccc1
CC1Cc2cccc(S(N)(=O)=O)c2OS1(=O)=O.CN=C=O,CNC(=O)NS(=O)(=O)c1cccc2c1OS(=O)(=O)C(C)C2
Nc1cc(Oc2ccc3nc(NC(=O)C4CC4)sc3n2)ccc1F.O=C=Nc1ccc(Cl)c(C(F)(F)F)c1,O=C(Nc1ccc(Cl)c(C(F)(F)F)c1)Nc1cc(Oc2ccc3nc(NC(=O)C4CC4)sc3n2)ccc1F
CC(C)C(C)O.Clc1cc(Cl)ncn1,CC(C)C(C)Oc1cc(Cl)ncn1
C=CCBr.CCOC(=O)C(C)(C)OC(=O)c1cc(-n2c(=O)cc(C(F)(F)F)[nH]c2=O)ccc1Cl,C=CCn1c(C(F)(F)F)cc(=O)n(-c2ccc(Cl)c(C(=O)OC(C)(C)C(=O)OCC)c2)c1=O
CCC(C(N)=O)c1ccccc1CCc1nc(Nc2ccc(C3CCN(C(=O)OC(C)(C)C)CC3)cc2)ncc1C(F)(F)F,CCC(C(N)=O)c1ccccc1CCc1nc(Nc2ccc(C3CCNCC3)cc2)ncc1C(F)(F)F
CC(C)N(NC(=O)c1ccccc1)C(=O)CCc1ccccc1Br.Cc1cccc(B(O)O)c1,Cc1cccc(-c2ccccc2CCC(=O)N(NC(=O)c2ccccc2)C(C)C)c1
CC(Br)c1cc(C(=O)N(C)C)cc2c(=O)cc(N3CCO[C@H](C)C3)oc12.Nc1ccc(F)cc1,CC(Nc1ccc(F)cc1)c1cc(C(=O)N(C)C)cc2c(=O)cc(N3CCO[C@H](C)C3)oc12
Cn1ccc2ccccc21.O=C(Cl)Cc1ccccc1,Cn1cc(C(=O)Cc2ccccc2)c2ccccc21
CC(C)Cc1ccc(-c2cc(-c3csc(CO)c3)on2)cc1.CCOC(=O)C1CNC1,CCOC(=O)C1CN(Cc2cc(-c3cc(-c4ccc(CC(C)C)cc4)no3)cs2)C1
O=C(CBr)c1ccccc1.O=C(O[C@H]1CN2CCC1CC2)C(NS(=O)(=O)CC(F)(F)F)c1ccccc1,O=C(C[N+]12CCC(CC1)[C@@H](OC(=O)C(NS(=O)(=O)CC(F)(F)F)c1ccccc1)C2)c1ccccc1
CCOC(=O)Cn1nnc(-c2nnc(N3CC4CN(c5cc(F)ccc5Cl)CC4C3)s2)n1,O=C(O)Cn1nnc(-c2nnc(N3CC4CN(c5cc(F)ccc5Cl)CC4C3)s2)n1
CCOC(=O)c1cnc(N)c2c(COc3ccc(Br)cc3)csc12.NCCO,Nc1ncc(C(=O)NCCO)c2scc(COc3ccc(Br)cc3)c12
CCC(=O)Cl.COc1ccc([N+](=O)[O-])cc1N,CCC(=O)Nc1cc([N+](=O)[O-])ccc1OC
CC1(C)OB(c2ccc3c(N)c(C(=O)c4ccc(Cl)cc4Cl)oc3c2)OC1(C)C.Cc1ncccc1Br,Cc1ncccc1-c1ccc2c(N)c(C(=O)c3ccc(Cl)cc3Cl)oc2c1
Cn1c(=O)oc2cc3c(cc21)OCC31C(=O)Nc2ccccc21.FC(F)(F)c1ccc(CBr)o1,Cn1c(=O)oc2cc3c(cc21)OCC31C(=O)N(Cc2ccc(C(F)(F)F)o2)c2ccccc21
COC(=O)c1ccc(OCC(F)(F)C(F)(F)F)cn1,O=C(O)c1ccc(OCC(F)(F)C(F)(F)F)cn1
CC(C)COc1c(C#N)c(-c2ccc(Cl)cc2Cl)cn2c(Br)cnc12.OB(O)c1ccnc(F)c1,CC(C)COc1c(C#N)c(-c2ccc(Cl)cc2Cl)cn2c(-c3ccnc(F)c3)cnc12
CC1(C)OB(c2ccc(NC(=O)Nc3ccon3)cc2)OC1(C)C.C[C@H]1COCCN1c1cc(C(C)(C)O)nc(Cl)n1,C[C@H]1COCCN1c1cc(C(C)(C)O)nc(-c2ccc(NC(=O)Nc3ccon3)cc2)n1
FC(F)(F)Oc1ccc(CBr)cc1.O=c1[nH]c2ccccc2[nH]1,O=c1[nH]c2ccccc2n1Cc1ccc(OC(F)(F)F)cc1
CC(C)N.C[C@@H](NC(=O)c1cn(COCC[Si](C)(C)C)c2ncc(-c3cccc(C(=O)O)c3)nc12)C(=O)N1CC(C#N)C1,CC(C)NC(=O)c1cccc(-c2cnc3c(n2)c(C(=O)N[C@H](C)C(=O)N2CC(C#N)C2)cn3COCC[Si](C)(C)C)c1
CNc1ccccc1.Cc1cc(NC(=O)NCCN2CCC(C(=O)O)CC2)c2ccccc2n1,Cc1cc(NC(=O)NCCN2CCC(C(=O)N(C)c3ccccc3)CC2)c2ccccc2n1
CS(=O)(=O)Nc1ccc(CN)cc1F.O=C(O)C=Cc1ccc(C(F)(F)F)nc1OCc1ccccc1,CS(=O)(=O)Nc1ccc(CNC(=O)C=Cc2ccc(C(F)(F)F)nc2OCc2ccccc2)cc1F
CC(C)(C)CC(=O)c1ccc(CNC(=O)OC(C)(C)C)cn1,CC(C)(C)CC(=O)c1ccc(CN)cn1
O=C(Nc1ccc([N+](=O)[O-])cn1)C1CCCCC1,Nc1ccc(NC(=O)C2CCCCC2)nc1
N#Cc1c(F)cccc1F.Nc1ccccc1,N#Cc1c(F)cccc1Nc1ccccc1
COC(=O)c1cc(-n2c(C)ccc2-c2cc(Cl)ccc2OCc2c(F)cccc2F)cc(C(F)(F)F)c1,Cc1ccc(-c2cc(Cl)ccc2OCc2c(F)cccc2F)n1-c1cc(C(=O)O)cc(C(F)(F)F)c1
CCC(N)c1nnc(C2CCCC2)[nH]c1=O.O=C(Cl)CC1CC2CCC1C2,CCC(NC(=O)CC1CC2CCC1C2)c1nnc(C2CCCC2)[nH]c1=O
O=C(OO)c1cccc(Cl)c1.O=C([C@@H]1CSCN1C(=O)CC1Cc2ccccc2C1)N1CCCC1,O=C([C@@H]1CS(=O)CN1C(=O)CC1Cc2ccccc2C1)N1CCCC1
C[C@@H]1C[C@@](C)(c2cccc(Br)c2)N=C(NC(=O)OC(C)(C)C)S1.OB(O)c1cncnc1,C[C@@H]1C[C@@](C)(c2cccc(-c3cncnc3)c2)N=C(NC(=O)OC(C)(C)C)S1
O=[N+]([O-])c1cnc(Cl)c([N+](=O)[O-])c1.OCC(O)CO,O=[N+]([O-])c1cnc(OCC(O)CO)c([N+](=O)[O-])c1
COC(=O)CCCBr.Clc1ccc(Oc2ccc(O[C@@H]3CCNC3)cc2)cc1,COC(=O)CCCN1CC[C@@H](Oc2ccc(Oc3ccc(Cl)cc3)cc2)C1
N#Cc1ccc2c(c1)ncc(=O)n2CCN1CCC(N)CC1.O=Cc1ccc2c(n1)NC(=O)CO2,N#Cc1ccc2c(c1)ncc(=O)n2CCN1CCC(NCc2ccc3c(n2)NC(=O)CO3)CC1
C1COCCN1.O=C(Nc1nc(-c2ccco2)c(C(=O)c2ccccc2)s1)c1ccc(Cl)nc1,O=C(Nc1nc(-c2ccco2)c(C(=O)c2ccccc2)s1)c1ccc(N2CCOCC2)nc1
Nn1nc(N2CCOCC2)c2ccccc2c1=O.O=C(O)Cc1ccc(Oc2ccccc2)cc1,O=C(Cc1ccc(Oc2ccccc2)cc1)Nn1nc(N2CCOCC2)c2ccccc2c1=O
Cc1c(C)c2c(c(C)c1N)C(c1ccc(C(C)C)cc1)C(C)(C)O2.O=C(Cl)c1ccccc1,Cc1c(C)c2c(c(C)c1NC(=O)c1ccccc1)C(c1ccc(C(C)C)cc1)C(C)(C)O2
CCOC(=O)NC1(CN2CCNCC2=O)CCN(c2ccnc(C)c2)CC1.O=S(=O)(Cl)c1ccc(Br)cc1,CCOC(=O)NC1(CN2CCN(S(=O)(=O)c3ccc(Br)cc3)CC2=O)CCN(c2ccnc(C)c2)CC1
Brc1cscc1Br.CCC[CH2][Sn]([CH2]CCC)([CH2]CCC)[c]1cccnc1F,Fc1ncccc1-c1cscc1Br
CCN1CCC(NC(=O)c2cc(OC)c(N)cc2F)CC1.CN1C(=O)C2(CC2)CN(C2CCCCC2)c2nc(Cl)ncc21,CCN1CCC(NC(=O)c2cc(OC)c(Nc3ncc4c(n3)N(C3CCCCC3)CC3(CC3)C(=O)N4C)cc2F)CC1
CCCCCc1ccc(C(=O)Nc2ccc(-c3cnc(CCCC(=O)OC)s3)cc2)cc1,CCCCCc1ccc(C(=O)Nc2ccc(-c3cnc(CCCC(=O)O)s3)cc2)cc1
CCOC(=O)c1ccc(O)cc1.OCCC12CC3CC(CC(C3)C1)C2,CCOC(=O)c1ccc(OCCC23CC4CC(CC(C4)C2)C3)cc1
CCOC(=O)c1noc([C@H](CCCC2CCCCC2)CC(=O)OC(C)(C)C)n1,CCOC(=O)c1noc([C@H](CCCC2CCCCC2)CC(=O)O)n1
O=C(Nc1ccc2c(S(=O)(=O)O)cc(S(=O)(=O)O)cc2c1)c1cc(C(=O)Nc2ccc3c(S(=O)(=O)O)cc(S(=O)(=O)O)cc3c2)cc([N+](=O)[O-])c1,Nc1cc(C(=O)Nc2ccc3c(S(=O)(=O)O)cc(S(=O)(=O)O)cc3c2)cc(C(=O)Nc2ccc3c(S(=O)(=O)O)cc(S(=O)(=O)O)cc3c2)c1
COc1ccccc1C#Cc1ccc(OC(C)C)c(C(=O)O)c1.NC(CO)Cc1c[nH]c2ccncc12,COc1ccccc1C#Cc1ccc(OC(C)C)c(C(=O)NC(CO)Cc2c[nH]c3ccncc23)c1
CC(C)(C)OC(=O)N[C@H](C(=O)N1C[C@H]2CC(F)(F)CN2C[C@H]1C(=O)N[C@@H]1CCOc2ccccc21)c1ccccc1,N[C@H](C(=O)N1C[C@H]2CC(F)(F)CN2C[C@H]1C(=O)N[C@@H]1CCOc2ccccc21)c1ccccc1
CCOC(=O)C1(c2ccc(-c3ccc(-c4onc(C)c4CCC(=O)O)cc3)cc2)CC1.NCC1CC1,CCOC(=O)C1(c2ccc(-c3ccc(-c4onc(C)c4CCC(=O)NCC4CC4)cc3)cc2)CC1
CCC(=O)Nc1cccc(C2CCNCC2)c1.ClCCCCCSc1ccccc1,CCC(=O)Nc1cccc(C2CCN(CCCCCSc3ccccc3)CC2)c1
CC(C)[C@]1(C(=O)N2CCN(c3cccc(C(F)(F)F)c3)CC2)CC[C@@H](N)C1.COCC1COCCC1=O,COCC1COCCC1N[C@@H]1CC[C@@](C(=O)N2CCN(c3cccc(C(F)(F)F)c3)CC2)(C(C)C)C1
COC(CBr)(OC)c1ccc(Cl)cc1Cl.c1nc[nH]n1,COC(Cn1cncn1)(OC)c1ccc(Cl)cc1Cl
CCC[C@@H](O)[C@@H](Cl)C(=O)OC,CCC[C@H]1O[C@@H]1C(=O)OC
CCOC(=O)c1ncn2c1[C@@H](C)N(C1CCCC1)c1nc(Cl)ncc1-2.COc1cc(C(=O)O)ccc1N,CCOC(=O)c1ncn2c1[C@@H](C)N(C1CCCC1)c1nc(Nc3ccc(C(=O)O)cc3OC)ncc1-2
CCOC(=O)C1CCCCC1=O.Nc1ccc2[nH]ncc2c1,CCOC(=O)C1CCCCC1Nc1ccc2[nH]ncc2c1
Brc1ccc(Br)nc1.OCC(F)(F)F,FC(F)(F)COc1ccc(Br)cn1
COc1ccc2ncc(Cl)c(CCCC3(C(=O)OCc4ccccc4)CCNCC3)c2c1.Fc1cccc(F)c1OCCBr,COc1ccc2ncc(Cl)c(CCCC3(C(=O)OCc4ccccc4)CCN(CCOc4c(F)cccc4F)CC3)c2c1
CC(C)(C)OCCOc1cc(NC(=O)OC(C)(C)C)c([N+](=O)[O-])cc1I.OB(O)c1ccc(F)cc1,CC(C)(C)OCCOc1cc(NC(=O)OC(C)(C)C)c([N+](=O)[O-])cc1-c1ccc(F)cc1
CCOC(=O)c1nc(C#N)c2c(-c3cccs3)noc2c1O.NCC(=O)O,N#Cc1nc(C(=O)NCC(=O)O)c(O)c2onc(-c3cccs3)c12
C=CCCC1C(=O)CCc2ccccc21.NO,C=CCCC1C(=NO)CCc2ccccc21
CC(C)(C)OC(=O)c1cc2c(C=O)cncc2s1.[Mg+][c]1ccc(Cl)cc1,CC(C)(C)OC(=O)c1cc2c(C(O)c3ccc(Cl)cc3)cncc2s1
CCOC(=O)C1CCC(n2cc(-c3cnc(-c4cccc(-c5cnn(C)c5)c4)nc3)cn2)CC1,Cn1cc(-c2cccc(-c3ncc(-c4cnn(C5CCC(C(=O)O)CC5)c4)cn3)c2)cn1
CC(=O)Nc1nc2c(O)cccc2s1.CC(C)(C)OC(=O)Nc1cc(C(F)(F)F)ccc1-c1cc(Cl)ncn1,CC(=O)Nc1nc2c(Oc3cc(-c4ccc(C(F)(F)F)cc4NC(=O)OC(C)(C)C)ncn3)cccc2s1
CN(C)C1CCNC1.O=C(O)C[C@@H]1CSC(c2cc3cc(Cl)cc(NC4CCCC4)c3[nH]2)=N1,CN(C)C1CCN(C(=O)C[C@@H]2CSC(c3cc4cc(Cl)cc(NC5CCCC5)c4[nH]3)=N2)C1
CN(C)Cc1cc(/C=C/C(N)=O)ccc1Oc1ccc2c(c1)SCC2,CN(C)Cc1cc(CCC(N)=O)ccc1Oc1ccc2c(c1)SCC2
CC(C)(C)OC(=O)N1C[C@H](N=[N+]=[N-])[C@@H](O)C1.Cc1ccc(S(=O)(=O)Cl)cc1,Cc1ccc(S(=O)(=O)O[C@H]2CN(C(=O)OC(C)(C)C)C[C@@H]2N=[N+]=[N-])cc1
COc1cc(O)c2c(c1C(=O)NCc1c(C)cc(OC(C)=O)cc1C)OC1=CC(O)=C(C(C)=O)C(=O)[C@]12C,COc1cc(O)c2c(c1C(=O)NCc1c(C)cc(O)cc1C)OC1=CC(O)=C(C(C)=O)C(=O)[C@]12C
CC(C)(C)N=NC1(N=C=S)CCCCC1.NNC(N)=O,CC(C)(C)N=NC1(NC(=S)NNC(N)=O)CCCCC1
CCNc1ccc(C)cc1N.O=C(O)CCl,CCn1c(CCl)nc2cc(C)ccc21
CCOC(=O)C(CC(C)C)c1cc(-c2ccc(C(F)(F)F)cc2)cc(-c2ccccn2)c1,CCOC(=O)C(CC(C)C)c1cc(-c2ccc(C(F)(F)F)cc2)cc(C2CCCCN2)c1
NC(=O)COc1ccc(C=O)cc1.NC12CC3CC(CC(C3)C1)C2,NC(=O)COc1ccc(CNC23CC4CC(CC(C4)C2)C3)cc1
C#C[Si](C)(C)C.CC(C)(C)[SiH2]OC(C)(C)C1CC(=O)CCO1,CC(C)(C)[SiH2]OC(C)(C)C1CC(O)(C#C[Si](C)(C)C)CCO1
CCCCCCCCC(SCCCCCC)C(=O)Nc1c(NC(C)=O)ccc2ncccc12,CCCCCCCCC(SCCCCCC)C(=O)Nc1c(N)ccc2ncccc12
COCCOCn1nccc1[C@H]1CCC(F)(F)C[C@@H]1OC(=O)c1ccccc1,COCCOCn1nccc1[C@H]1CCC(F)(F)C[C@@H]1O
CCOC(=O)Cc1ccc(NC(=O)C(COS(C)(=O)=O)NS(=O)(=O)c2ccc(I)cc2)cc1.Oc1ccccc1Cl,CCOC(=O)Cc1ccc(NC(=O)C(COc2ccccc2Cl)NS(=O)(=O)c2ccc(I)cc2)cc1
BrCCC1CO1.Cc1cccc(N2CCNCC2)c1C,Cc1cccc(N2CCN(CCC3CO3)CC2)c1C
CC(C)(C)OC(=O)N(N)c1cnc2c(ccn2S(=O)(=O)c2ccc(C(C)(C)C)cc2)n1,CC(C)(C)c1ccc(S(=O)(=O)n2ccc3nc(NN)cnc32)cc1
CN(C)C(=O)Cl.N[C@H]1CC[C@H](CCN2CCN(c3cccc4c3CCC4)CC2)CC1,CN(C)C(=O)N[C@@H]1CC[C@@H](CCN2CCN(c3cccc4c3CCC4)CC2)CC1
Cc1cc(Cl)cc(Cl)c1N.S=C(Cl)Cl,Cc1cc(Cl)cc(Cl)c1N=C=S
C=CCCCCC(OC1CCCCC1)C(=O)OC.C=Cc1scnc1C,COC(=O)C(CCCC/C=C/c1scnc1C)OC1CCCCC1
CC(C)(C)NCC(=O)c1cc(F)c(N)c(C#N)c1,CC(C)(C)NCC(O)c1cc(F)c(N)c(C#N)c1
Nc1cccc(N2CCNC(C(=O)O)C2)c1,Nc1cccc(N2CCNC(CO)C2)c1
CS(=O)(=O)OCC(F)(F)F.Cc1cc(C#Cc2c[nH]c(C)n2)ccn1,Cc1cc(C#Cc2cn(CC(F)(F)F)c(C)n2)ccn1
CC(C)(C)OC(=O)NCCCBr.O=c1[nH]c(=O)n(Cc2ccccc2)cc1Br,CC(C)(C)OC(=O)NCCCn1c(=O)c(Br)cn(Cc2ccccc2)c1=O
C[C@H]1CC[C@H](N(C(=O)Nc2ncc(Cl)s2)C2CCNCC2)CC1.O=C(Cl)N1CCCCC1,C[C@@H]1CC[C@@H](N(C(=O)Nc2ncc(Cl)s2)C2CCN(C(=O)N3CCCCC3)CC2)CC1
CN.O=C=NC(F)(F)F,CNC(=O)NC(F)(F)F
Cc1cccc2c(=O)[nH]c(Cl)cc12.OC[C@@H]1CNCCN1,Cc1cccc2c(=O)[nH]c(N3CCN[C@H](CO)C3)cc12
CC(C)(C)c1cc(C#N)c(O)cn1,CC(C)(C)c1cc(CN)c(O)cn1
N[C@H](CO)C(C(F)(F)F)C(F)(F)F.O=S(=O)(Cl)c1ccsc1,O=S(=O)(N[C@H](CO)C(C(F)(F)F)C(F)(F)F)c1ccsc1
CN1CCNCC1.O=C(O)c1ccc(C(c2cc(F)ccc2F)S(=O)(=O)c2ccc(Cl)cc2)nc1,CN1CCN(C(=O)c2ccc(C(c3cc(F)ccc3F)S(=O)(=O)c3ccc(Cl)cc3)nc2)CC1
CCOC(=O)C[C@H]1CCN2C(=O)OC(C)(C)[C@H]2C1,CC1(C)OC(=O)N2CC[C@H](CC(=O)O)C[C@@H]21
CCOC(=O)CN1C(=O)C2(COc3cc4c(cc32)CCO4)c2ccccc21,O=C(O)CN1C(=O)C2(COc3cc4c(cc32)CCO4)c2ccccc21
C1CNC1.O=[N+]([O-])c1ccc(Cl)nc1,O=[N+]([O-])c1ccc(N2CCC2)nc1
CN(C)C=O.COc1c(C=Cc2cccs2)cc2c3c1CCCN3CCC2,COc1c(C=Cc2ccc(C=O)s2)cc2c3c1CCCN3CCC2
CC(Cl)OC(=O)C1CCCC1.CCCS(=O)(=O)Nc1ccc(F)c(C(=O)c2c[nH]c3ncc(-c4ccc(Cl)cc4)cc23)c1F,CCCS(=O)(=O)Nc1ccc(F)c(C(=O)c2cn(C(C)OC(=O)C3CCCC3)c3ncc(-c4ccc(Cl)cc4)cc23)c1F
Nc1ccc2[nH]cc(C[C@H]3CCCN3)c2c1.O=[N+]([O-])c1cccnc1Cl,O=[N+]([O-])c1cccnc1Nc1ccc2[nH]cc(C[C@H]3CCCN3)c2c1
Cc1ncc(N)cc1Br.O=C(O)C1(c2ccc3c(c2)OCO3)CC1,Cc1ncc(NC(=O)C2(c3ccc4c(c3)OCO4)CC2)cc1Br
CNc1c(N)cccc1N.O=C(O)Cc1c(Cl)cc(C(F)(F)F)cc1Cl,Cn1c(Cc2c(Cl)cc(C(F)(F)F)cc2Cl)nc2cccc(N)c21
CCC(C)c1c(Cl)nc(SC)nc1N(CC(F)(F)F)C(=O)OC(C)(C)C,CCC(C)c1c(Cl)nc(SC)nc1NCC(F)(F)F
CC1(C)OB(c2cccc(CN3CCOCC3)c2)OC1(C)C.O=C(Nc1ccc2[nH]nc(I)c2c1)C(c1ccsc1)N1CCCC1,O=C(Nc1ccc2[nH]nc(-c3cccc(CN4CCOCC4)c3)c2c1)C(c1ccsc1)N1CCCC1
CC(C)(N)c1nccs1.O=C(O)c1ccc(N2CC(F)(F)C2)c(OCC2CC2)n1,CC(C)(NC(=O)c1ccc(N2CC(F)(F)C2)c(OCC2CC2)n1)c1nccs1
C1CCNCC1.Cc1oc(-c2ccc(Br)cc2)nc1CCOS(C)(=O)=O,Cc1oc(-c2ccc(Br)cc2)nc1CCN1CCCCC1
CCCC(=O)Nc1cccc(-c2ccc(C)cc2)c1C,CCCCNc1cccc(-c2ccc(C)cc2)c1C
COc1ccccc1/C=C/c1ccc(C(=O)OC(C)(C)C)c(Nc2ccc(F)cc2)c1,COc1ccccc1CCc1ccc(C(=O)OC(C)(C)C)c(Nc2ccc(F)cc2)c1
COc1ccccc1NC(=O)Nc1ccc(CC(=O)OC(C)(C)C)cc1C,COc1ccccc1NC(=O)Nc1ccc(CC(=O)O)cc1C
CCc1oc2ccccc2c1C(=O)c1ccc(OC)c(F)c1,CCc1oc2ccccc2c1C(=O)c1ccc(O)c(F)c1
CC(C)=CC(=O)Cl.N[C@@H]1CCc2ccccc2N(Cc2ccc(-c3ccccc3-c3nnn[nH]3)cc2)C1=O,CC(C)=CC(=O)N[C@@H]1CCc2ccccc2N(Cc2ccc(-c3ccccc3-c3nnn[nH]3)cc2)C1=O
CCOC(=O)CSc1cnc(NC(=O)N(CC2CCCC2)c2ccc(S(N)(=O)=O)cc2)s1,NS(=O)(=O)c1ccc(N(CC2CCCC2)C(=O)Nc2ncc(SCC(=O)O)s2)cc1
COC(=O)C(C)(C)Oc1ccc(Cl)c2nc(OC(F)F)c(Cc3ccc(Cl)cc3)c(C)c12,Cc1c(Cc2ccc(Cl)cc2)c(OC(F)F)nc2c(Cl)ccc(OC(C)(C)C(=O)O)c12
COc1cc(SC)sc1C(=O)O.Nc1cccnc1N,COc1cc(SC)sc1-c1nc2ncccc2[nH]1
CCC(=O)Cl.Cc1[nH]c2c(-c3cc(C(F)F)ccc3OCC3CC3)ncnc2c1C(=O)N[C@H]1CC[C@H](N)[C@@H](F)C1,CCC(=O)N[C@H]1CC[C@H](NC(=O)c2c(C)[nH]c3c(-c4cc(C(F)F)ccc4OCC4CC4)ncnc23)C[C@@H]1F
CC(C)c1noc(N2CCC(CO)CC2)n1.Oc1ccc(Br)cc1,CC(C)c1noc(N2CCC(COc3ccc(Br)cc3)CC2)n1
Fc1ccccc1-c1ncco1,Fc1ccccc1C1=NCCO1
NC(CCC(O)CNC(=O)OCc1ccccc1)C(=O)N1CCC[C@H]1C(=O)O.O=C(O)C(=O)CCc1ccccc1,O=C(NCC(O)CCC(NC(CCc1ccccc1)C(=O)O)C(=O)N1CCC[C@H]1C(=O)O)OCc1ccccc1
CN(C)CCCN.NS(=O)(=O)c1cc(C(=O)O)cc([N+](=O)[O-])c1Cl,CN(C)CCCNc1c([N+](=O)[O-])cc(C(=O)O)cc1S(N)(=O)=O
CCNC(=O)c1c(Cl)cccc1[Si](C)(C)C.COCCl,CCN(COC)C(=O)c1c(Cl)cccc1[Si](C)(C)C
CI.Cc1cc2cccc(C(C)C)c2[nH]1,Cc1cc2cccc(C(C)C)c2n1C
N#Cc1cccc(N)c1.O=C(O)c1ccc(-c2ccccc2)o1,N#Cc1cccc(NC(=O)c2ccc(-c3ccccc3)o2)c1
CC[C@@H]1C(=O)N(C)c2cnc(Nc3ccc(C(=O)O)c4c3OCC4)nc2N1C(C)C.CO[C@@H](CN)CN1CCN(C)CC1,CC[C@@H]1C(=O)N(C)c2cnc(Nc3ccc(C(=O)NC[C@@H](CN4CCN(C)CC4)OC)c4c3OCC4)nc2N1C(C)C
CN(c1ncccc1CN)S(C)(=O)=O.Clc1ncc(Cl)c(Cl)n1,CN(c1ncccc1CNc1nc(Cl)ncc1Cl)S(C)(=O)=O
CC(C)(C)OC(=O)N1C[C@@H]2C[C@H](O)CN2[C@H](C(c2ccccc2)c2ccccc2)C1,O[C@H]1C[C@H]2CNC[C@@H](C(c3ccccc3)c3ccccc3)N2C1
CCNC(=O)Nc1cc(-c2nc(C(F)(F)F)cs2)c(-c2ccc3c(c2)c(=O)c(C(=O)OCC)cn3C[C@@H]2CCN(CCN3CCOCC3)C2)cn1,CCNC(=O)Nc1cc(-c2nc(C(F)(F)F)cs2)c(-c2ccc3c(c2)c(=O)c(C(=O)O)cn3C[C@@H]2CCN(CCN3CCOCC3)C2)cn1
CC(C)(C)OC(=O)NCc1cccc(CNc2ncc([N+](=O)[O-])c(NCC3CCC(N4CCCC4)CC3)n2)c1,NCc1cccc(CNc2ncc([N+](=O)[O-])c(NC[C@@H]3CC[C@@H](N4CCCC4)CC3)n2)c1
CCN(Cc1cc(C(F)(F)F)ccc1B1OC(C)(C)C(C)(C)O1)C(=O)OCc1ccccc1.CCOC(=O)Cc1ccc(OCC2CC2)c(Br)c1,CCOC(=O)Cc1ccc(OCC2CC2)c(-c2ccc(C(F)(F)F)cc2CN(CC)C(=O)OCc2ccccc2)c1
CCCC(=O)Cl.NCc1ccc(C2=NOC(c3cc(Br)cc(C(F)(F)F)c3)(C(F)(F)F)C2)cc1Cl,CCCC(=O)NCc1ccc(C2=NOC(c3cc(Br)cc(C(F)(F)F)c3)(C(F)(F)F)C2)cc1Cl
COC(=O)c1cc(F)c(-c2n[nH]c3cccc(F)c23)cc1OC.FC(F)(F)c1cccc(Br)c1CBr,COC(=O)c1cc(F)c(-c2nn(Cc3c(Br)cccc3C(F)(F)F)c3cccc(F)c23)cc1OC
CCc1nc2c([N+](=O)[O-])cccc2o1,CCc1nc2c(N)cccc2o1
C1CCNCC1.O=Cc1cc2nc(Cl)nc(N3CCOCC3)c2s1,Clc1nc(N2CCOCC2)c2sc(CN3CCCCC3)cc2n1
CCOC(=O)c1cccc(-c2ccnc(OCCc3ccc(OC)c(OC)c3)n2)c1,COc1ccc(CCOc2nccc(-c3cccc(C(=O)O)c3)n2)cc1OC
CC(C)CCn1nc(-c2cccs2)c(O)c(C2=Nc3ccc(N)cc3S(=O)(=O)N2)c1=O.COC(=O)Cl,COC(=O)Nc1ccc2c(c1)S(=O)(=O)NC(c1c(O)c(-c3cccs3)nn(CCC(C)C)c1=O)=N2
Cc1nc2c(nc1N(C)C(C)C)OCCN(C(=O)OC(C)(C)C)C2,Cc1nc2c(nc1N(C)C(C)C)OCCNC2
CC[C@@H](Nc1cnc(C)c(C(OC)OC)c1)c1ccc(Cl)c(C)c1,CC[C@@H](Nc1cnc(C)c(C=O)c1)c1ccc(Cl)c(C)c1
COC(=O)c1ccc(NC(=O)c2ccccc2F)cc1F.NN,NNC(=O)c1ccc(NC(=O)c2ccccc2F)cc1F
CC(C)(C#N)CNC(=O)c1nn(C2CCCCO2)cc1NC(=O)c1ccccn1,CC(C)(C#N)CNC(=O)c1n[nH]cc1NC(=O)c1ccccn1
Cc1ccncc1N1CCNC1=O.Clc1cc(I)ccn1,Cc1ccncc1N1CCN(c2ccnc(Cl)c2)C1=O
COC(=O)c1ccc(CBr)cc1.Oc1ccc(Oc2cccc(-c3c(Cc4ccccc4)cnc4c(C(F)(F)F)cccc34)c2)cc1,COC(=O)c1ccc(COc2ccc(Oc3cccc(-c4c(Cc5ccccc5)cnc5c(C(F)(F)F)cccc45)c3)cc2)cc1
Cc1ccc(C(=O)Nc2c(C)cnn2C)cc1B1OC(C)(C)C(C)(C)O1.Fc1ccc(-c2n[nH]c3cc(Br)ccc23)cc1,Cc1ccc(C(=O)Nc2c(C)cnn2C)cc1-c1ccc2c(-c3ccc(F)cc3)n[nH]c2c1
CCN1C(=O)C(C)(C)c2cc3[nH]c(-c4n[nH]cc4N)nc3cc21.O=C(Cl)COc1ccccc1,CCN1C(=O)C(C)(C)c2cc3[nH]c(-c4n[nH]cc4NC(=O)COc4ccccc4)nc3cc21
Cc1ncc2n1C(=O)N(C1CCNCC1)C2.O=C(O)CCS(=O)(=O)N1CCc2cc(Cl)ccc2C1,Cc1ncc2n1C(=O)N(C1CCN(C(=O)CCS(=O)(=O)N3CCc4cc(Cl)ccc4C3)CC1)C2
CC1(C)OB(c2cncc(C#N)c2)OC1(C)C.O=C(Nc1ccc(OC(F)(F)F)c(F)c1)c1cnc(N2CC[C@H](CO)C2)c(Br)c1,N#Cc1cncc(-c2cc(C(=O)Nc3ccc(OC(F)(F)F)c(F)c3)cnc2N2CC[C@H](CO)C2)c1
C1COCCN1.CN1CCC(c2ccc(Cl)cc2)c2cc(I)sc2C1=O,CN1CCC(c2ccc(Cl)cc2)c2cc(N3CCOCC3)sc2C1=O
COC[C@@H]1CCCN1C(=O)c1cc2nccc(Oc3ccc4c(C(=O)OC)c(C)sc4c3)c2s1,COC[C@@H]1CCCN1C(=O)c1cc2nccc(Oc3ccc4c(C(=O)O)c(C)sc4c3)c2s1
Nc1cc(N2CCCCC2)ccc1[N+](=O)[O-],Nc1ccc(N2CCCCC2)cc1N
CC(C)N.O=C(O)CN(Cc1cccc(Br)n1)C(=O)OCc1ccccc1,CC(C)NC(=O)CN(Cc1cccc(Br)n1)C(=O)OCc1ccccc1
CN(N)c1ccccc1.O=Cc1c2ccccc2cc2ccccc12,CN(N=Cc1c2ccccc2cc2ccccc12)c1ccccc1
Cc1ccc(N)cc1C.O=C(O)Cc1ccccc1Br,Cc1ccc(Nc2ccccc2CC(=O)O)cc1C
CC(C)(C)OC(=O)N1CCC(OS(C)(=O)=O)CC1.Oc1cc(F)ccc1Br,CC(C)(C)OC(=O)N1CCC(Oc2cc(F)ccc2Br)CC1
FC(F)(F)c1ccncc1,FC(F)(F)C1CCNCC1
C1CNCCN1.O=S1CCN(c2nc(Cl)nc3c(NCc4ccc(Cl)c(Cl)c4)ncnc23)CC1,O=S1CCN(c2nc(N3CCNCC3)nc3c(NCc4ccc(Cl)c(Cl)c4)ncnc23)CC1
CS(=O)(=O)Cl.N#Cc1ccc(N)c([N+](=O)[O-])c1,CS(=O)(=O)Nc1ccc(C#N)cc1[N+](=O)[O-]
CN(C)C1(c2ccccc2)CCC(=O)CC1.Cc1cnc([C@H](N)Cc2c[nH]c3ccccc23)o1,Cc1cnc([C@@H](Cc2c[nH]c3ccccc23)NC2CCC(c3ccccc3)(N(C)C)CC2)o1
CC1(C)OB(C2CC2)OC1(C)C.CN(C)CCCN(C)c1ccc(Br)cc1[N+](=O)[O-],CN(C)CCCN(C)c1ccc(C2CC2)cc1[N+](=O)[O-]
CCOC(=O)c1c(Br)n[nH]c1Br.COCCl,CCOC(=O)c1c(Br)nn(COC)c1Br
Brc1ccc(Br)nc1.OCc1ccccc1,Brc1ccc(OCc2ccccc2)nc1
CC(C)c1c(-c2ccccn2)nc2cc(F)ccc2c1Cl.Nc1cc(N2CCOCC2)cnc1N1CCOCC1,CC(C)c1c(-c2ccccn2)nc2cc(F)ccc2c1Nc1cc(N2CCOCC2)cnc1N1CCOCC1
CCS.O=[N+]([O-])c1ccc(Cl)cc1,CCSc1ccc([N+](=O)[O-])cc1
CCC1(C)C(=O)C(C(=O)NCC(=O)OC(C)(C)C)=C(O)c2cc(Cl)ccc21,CCC1(C)C(=O)C(C(=O)NCC(=O)O)=C(O)c2cc(Cl)ccc21
COc1ccc(C(=O)NNC(=O)c2occ(-c3ccccc3)c2-c2ccccc2)cc1N.CS(=O)(=O)Cl,COc1ccc(C(=O)NNC(=O)c2occ(-c3ccccc3)c2-c2ccccc2)cc1NS(C)(=O)=O
Cc1cc2nc(Cl)ccn2n1.N,Cc1cc2nc(N)ccn2n1
C1CCN(CCC2CCNCC2)CC1.O=C(NC1CC1)c1ccc(Cl)c([N+](=O)[O-])c1,O=C(NC1CC1)c1ccc(N2CCC(CCN3CCCCC3)CC2)c([N+](=O)[O-])c1
CCc1cc2c(N3CCN(C(=O)c4ccc(-c5ccccc5)cc4)CC3)nc(Cl)nc2s1.OCC(O)CS,CCc1cc2c(N3CCN(C(=O)c4ccc(-c5ccccc5)cc4)CC3)nc(SCC(O)CO)nc2s1
Cc1nc2cccc([N+](=O)[O-])c2c(=O)n1[C@@]1(C)CCC(=O)NC1=O,Cc1nc2cccc(N)c2c(=O)n1[C@@]1(C)CCC(=O)NC1=O
CCOC(=O)c1c(N)nn2c(-c3ccc(C(F)(F)F)cc3)c(-c3ccccc3Cl)cnc12.ClCCCCCl,CCOC(=O)c1c(N2CCCC2)nn2c(-c3ccc(C(F)(F)F)cc3)c(-c3ccccc3Cl)cnc12
CC(C)(C)OC(=O)CN.O=[N+]([O-])c1ccc(F)cc1,CC(C)(C)OC(=O)CNc1ccc([N+](=O)[O-])cc1
CN(C)CC1CN(Cc2ccccc2)c2ccccc2N1C=O,CN(C)CC1CNc2ccccc2N1C=O
COC(=O)N[C@H](C(=O)OCc1ccccc1)C1C[C@@H](C)O[C@H](C)C1,COC(=O)N[C@H](C(=O)O)C1C[C@@H](C)O[C@H](C)C1
COC(=O)c1csc(S(=O)(=O)Oc2ccc(-c3c4ccccc4c(Br)c4sc(C)c(C)c34)cc2C2CCCC2)c1OC,COc1c(C(=O)O)csc1S(=O)(=O)Oc1ccc(-c2c3ccccc3c(Br)c3sc(C)c(C)c23)cc1C1CCCC1
CCOC(=O)N1CCn2c(nc(-c3ccncn3)cc2=O)C(N)C1.COc1cc(Cl)ccc1C(=O)O,CCOC(=O)N1CCn2c(nc(-c3ccncn3)cc2=O)C(NC(=O)c2ccc(Cl)cc2OC)C1
CCOC(=O)CC1CCN(C(=O)CC2OC(c3cccc4ccccc34)c3cc(Cl)ccc3-n3cccc32)CC1,O=C(O)CC1CCN(C(=O)CC2OC(c3cccc4ccccc34)c3cc(Cl)ccc3-n3cccc32)CC1
CCOC(=O)c1cc(OCC(=O)OCc2ccccc2)n(-c2ccccc2)n1,CCOC(=O)c1cc(OCC(=O)O)n(-c2ccccc2)n1
BrCc1ccccc1.O=Cc1cc(F)ccc1O,O=Cc1cc(F)ccc1OCc1ccccc1
Cc1cc2c(cc1CCl)[C@]1(OC2)O[C@H](COCc2ccccc2)[C@H](OCc2ccccc2)[C@H](OCc2ccccc2)[C@H]1OCc1ccccc1.O=Cc1ccc(B(O)O)cc1,Cc1cc2c(cc1Cc1ccc(C=O)cc1)[C@]1(OC2)O[C@H](COCc2ccccc2)[C@H](OCc2ccccc2)[C@H](OCc2ccccc2)[C@H]1OCc1ccccc1
CC(=O)/C=C/C[C@H](C)CCC=C(C)C,CC(C)=CCC[C@@H](C)C/C=C/C(C)O
CNC.COC(=O)Nc1cc(C(C)(C)C)cc(NC(=O)Nc2ccc(Oc3ccnc(C(=O)O)c3)c3ccccc23)c1OC,COC(=O)Nc1cc(C(C)(C)C)cc(NC(=O)Nc2ccc(Oc3ccnc(C(=O)N(C)C)c3)c3ccccc23)c1OC
CC[C@]1(O)CCN[C@H]1C(C)C.N#Cc1ccc(F)cc1Cl,CC[C@]1(O)CCN(c2ccc(C#N)c(Cl)c2)[C@H]1C(C)C
COc1cccc(C)c1F.O=C(Cl)c1ccc(Br)cc1,COc1ccc(C(=O)c2ccc(Br)cc2)c(C)c1F
COC(=O)CCc1ccccc1OCCCc1oc(-n2ccnc2C)nc1-c1ccc(Cl)cc1,Cc1nccn1-c1nc(-c2ccc(Cl)cc2)c(CCCOc2ccccc2CCCO)o1
O=[N+]([O-])c1ccc(F)c([N+](=O)[O-])c1,Nc1cc([N+](=O)[O-])ccc1F
CC(C)N.CCCNc1ccc(C(=O)N2CCCC(CC(=O)O)c3ccccc32)c(Cl)c1,CCCNc1ccc(C(=O)N2CCCC(CC(=O)NC(C)C)c3ccccc32)c(Cl)c1
Cc1cc(Cl)cc(Cl)c1S(=O)(=O)Cl.Nc1nc(-c2cccnc2)cs1,Cc1cc(Cl)cc(Cl)c1S(=O)(=O)Nc1nc(-c2cccnc2)cs1
CCOC(=O)c1ccc(N)c(CN(Cc2ccccc2)C(C)(C)C)c1,CCOC(=O)c1ccc(N)c(CNC(C)(C)C)c1
COc1c(C(=O)O)nc(N2CCCCS2(=O)=O)n(C)c1=O.NCc1ccc(F)cc1,COc1c(C(=O)NCc2ccc(F)cc2)nc(N2CCCCS2(=O)=O)n(C)c1=O
C[C@]12CC[C@H](O)CC1=CC[C@@H]1[C@@H]2CC[C@]2(C)C(=NO)CC[C@@H]12.O=C(O)COc1ccccc1,C[C@]12CC[C@H](OC(=O)COc3ccccc3)CC1=CC[C@@H]1[C@@H]2CC[C@]2(C)C(=NO)CC[C@@H]12
CCOC(=O)C(Cc1ccc(OCCBr)cc1)OCC.CCc1nc(-c2ccccc2)cc(=O)[nH]1,CCOC(=O)C(Cc1ccc(OCCn2c(CC)nc(-c3ccccc3)cc2=O)cc1)OCC
CC(=O)COc1ccc(CC2SC(=O)NC2=O)cc1.CN(CC(O)CN)c1ccccc1,CC(COc1ccc(CC2SC(=O)NC2=O)cc1)NCC(O)CN(C)c1ccccc1
O=C1N(C(c2ccccc2)c2ccccc2)c2ccccc2C12COc1ccc3nonc3c12,O=C1Nc2ccccc2C12COc1ccc3nonc3c12
NCc1ccc(CO)cc1.O=C(O)c1ccc(N2CCCC2)cc1,O=C(NCc1ccc(CO)cc1)c1ccc(N2CCCC2)cc1
Cc1c(CN=[N+]=[N-])cnn1C(C)(C)C,Cc1c(CN)cnn1C(C)(C)C
C=CCBr.c1ccc2c(c1)[nH]c1ccccc12,C=CCn1c2ccccc2c2ccccc21
COC(=O)CO.O=C(Nc1ccc(F)cc1)c1ccc(Br)nc1,COC(=O)COc1ccc(C(=O)Nc2ccc(F)cc2)cn1
CC1(C)OB(B2OC(C)(C)C(C)(C)O2)OC1(C)C.Cc1c(N)cccc1Br,Cc1c(N)cccc1B1OC(C)(C)C(C)(C)O1
Cc1ccc(-c2ncc(C)o2)c(C(=O)O)n1.FC(F)(F)c1cnc(NC[C@@H]2C[C@H]3C[C@H]3CN2)nc1,Cc1ccc(-c2ncc(C)o2)c(C(=O)N2C[C@@H]3C[C@@H]3C[C@H]2CNc2ncc(C(F)(F)F)cn2)n1
CCOC(=O)c1cccc(O)c1.Cc1cccc(B(O)O)c1,CCOC(=O)c1cccc(Oc2cccc(C)c2)c1
NC(=O)c1ccc2cncc(Br)c2n1.OB(O)c1cc(F)c(F)c(F)c1,NC(=O)c1ccc2cncc(-c3cc(F)c(F)c(F)c3)c2n1
ClCc1cccnc1.O=c1c(Cc2cccnc2)cn2c3c(cc(O)cc13)Sc1cc(Br)ccc1-2,O=c1c(Cc2cccnc2)cn2c3c(cc(OCc4cccnc4)cc13)Sc1cc(Br)ccc1-2
CC1(C)OB(c2cc(F)c(N)c(F)c2)OC1(C)C.O=C=Nc1cc(C(F)(F)F)ccc1F,CC1(C)OB(c2cc(F)c(NC(=O)Nc3cc(C(F)(F)F)ccc3F)c(F)c2)OC1(C)C
O=c1cc(OCc2ccc(F)cc2)cnn1C1CCCCO1,O=c1cc(OCc2ccc(F)cc2)cn[nH]1
C=CC(=O)OC(C)(C)C.Oc1ccc(C(=C2CCSCC2)c2ccc(Br)cc2)cc1,CC(C)(C)OC(=O)/C=C/c1ccc(C(=C2CCSCC2)c2ccc(O)cc2)cc1
CC(=O)Cl.Oc1cccc(F)c1F,CC(=O)Oc1cccc(F)c1F
CN1CCC(c2c[nH]c3ccc(N)cc23)CC1.O=C(O)c1ccc(I)cc1,CN1CCC(c2c[nH]c3ccc(NC(=O)c4ccc(I)cc4)cc23)CC1
C[C@H](NC(=O)OC(C)(C)C)C(=O)O,C[C@@H](C=O)NC(=O)OC(C)(C)C
COc1cc(N)ccc1-n1cnc(C)n1.Clc1ccc2c(n1)O[C@H](c1ccccc1)CN(C1CC1)C2,COc1cc(Nc2ccc3c(n2)O[C@H](c2ccccc2)CN(C2CC2)C3)ccc1-n1cnc(C)n1
C#CCO.COc1nc(Br)ccc1Cl,COc1nc(C#CCO)ccc1Cl
CN1CCC(OC(c2cccc(C#CCCN)c2)c2nc3ccccc3[nH]2)CC1,CN1CCC(OC(c2cccc(CCCCN)c2)c2nc3ccccc3[nH]2)CC1
CNCCN1CCN(C(=O)OC(C)(C)C)CC1.O=C(NCc1cccc(C(F)(F)F)c1)c1ccnc(-c2cc(N3CCCCC3)ccc2NC(=O)c2cccc(CCl)c2)c1,CN(CCN1CCN(C(=O)OC(C)(C)C)CC1)Cc1cccc(C(=O)Nc2ccc(N3CCCCC3)cc2-c2cc(C(=O)NCc3cccc(C(F)(F)F)c3)ccn2)c1
C[Si](C)(C)c1cc2c(Br)ccnc2n1S(=O)(=O)c1ccccc1.Cn1cc(B2OC(C)(C)C(C)(C)O2)c(-c2ccc([N+](=O)[O-])cc2)n1,Cn1cc(-c2ccnc3c2cc([Si](C)(C)C)n3S(=O)(=O)c2ccccc2)c(-c2ccc([N+](=O)[O-])cc2)n1
CCc1ccc(N2Cc3cnc(Nc4ccc(F)cc4)nc3N([C@H]3CC[C@H](O[Si](C)(C)C(C)(C)C)C3)C2=O)cc1,CCc1ccc(N2Cc3cnc(Nc4ccc(F)cc4)nc3N([C@H]3CC[C@H](O)C3)C2=O)cc1
Cc1cccc(C)c1N=C=O.Nc1cc2ccccc2cc1C(=O)N(CC(=O)OCc1ccccc1)C1CCCC1,Cc1cccc(C)c1NC(=O)Nc1cc2ccccc2cc1C(=O)N(CC(=O)OCc1ccccc1)C1CCCC1
CCOC(=O)c1ccc(N2CCN(c3ccc(C(=O)Nc4cccc(C(C)(C)C)c4)cc3)CC2)cc1,CC(C)(C)c1cccc(NC(=O)c2ccc(N3CCN(c4ccc(C(=O)O)cc4)CC3)cc2)c1
Cn1cc2ccc(NC(=O)c3ccccc3NCc3ccnc(Br)c3)cc2n1.NC(=O)N1CCSCC1,Cn1cc2ccc(NC(=O)c3ccccc3NCc3ccnc(NC(=O)N4CCSCC4)c3)cc2n1
CC(=O)Nc1cc(Cl)c(O)cc1Cl.FC(F)=C(F)C(F)(F)F,CC(=O)Nc1cc(Cl)c(OC(F)(F)C(F)C(F)(F)F)cc1Cl
CCCCCCCC/C=C\CCCCCCCC(=O)Cl.Cc1ccc(C(=O)N(C)CCO)cc1,CCCCCCCC/C=C\CCCCCCCC(=O)OCCN(C)C(=O)c1ccc(C)cc1
CCN1CCC(=O)CC1.Fc1ccc(CC2CNc3ccccc32)cc1,CCN1CCC(N2CC(Cc3ccc(F)cc3)c3ccccc32)CC1
N#CCBr.O=Cc1cccc(O)c1,N#CCOc1cccc(C=O)c1
CC(C)(C)OC(=O)NCCOc1cccc(N)c1.O=S(=O)(Cl)C1CCCCC1,CC(C)(C)OC(=O)NCCOc1cccc(NS(=O)(=O)C2CCCCC2)c1
Cc1ccc(CBr)cc1.O=c1ccc(-c2nc(-c3ccc(OC(F)(F)F)cc3)no2)c[nH]1,Cc1ccc(Cn2cc(-c3nc(-c4ccc(OC(F)(F)F)cc4)no3)ccc2=O)cc1
CCCCC1CCC(c2ccc(B3OC(C)(C)C(C)(C)O3)c(F)c2)OC1.Fc1cc(OC(F)(F)c2c(F)cc(Br)cc2F)cc(F)c1C(F)(F)F,CCCCC1CCC(c2ccc(-c3cc(F)c(C(F)(F)Oc4cc(F)c(C(F)(F)F)c(F)c4)c(F)c3)c(F)c2)OC1
CNCC(OC)OC.O=C(Cl)Cc1ccccc1,COC(CN(C)C(=O)Cc1ccccc1)OC
CC(=O)Oc1ccc(C(=O)Cl)cc1.CCOC(=O)CCCc1ccc2ccccn12,CCOC(=O)CCCc1cc(C(=O)c2ccc(OC(C)=O)cc2)c2ccccn12
Fc1cc(F)nc(F)n1.NCc1ccccc1,Fc1cc(F)nc(NCc2ccccc2)n1
Cc1ccc2nc(CCN)[nH]c2c1.O=CC1CC1,Cc1ccc2nc(CCNCC3CC3)[nH]c2c1
CCCCCCCCc1ccc(-c2ncc(-c3ccc(O)cc3)s2)cc1.CCCCCCI,CCCCCCCCc1ccc(-c2ncc(-c3ccc(OCCCCCC)cc3)s2)cc1
COc1ccc([C@@H]2COc3c(ccc(OC(C)=O)c3C)[C@H]2O)cc1,COc1ccc([C@@H]2COc3c(ccc(O)c3C)[C@H]2O)cc1
CC(C)C[C@@H](COS(C)(=O)=O)NC(=O)OC(C)(C)C.[N-]=[N+]=[N-],CC(C)C[C@@H](CN=[N+]=[N-])NC(=O)OC(C)(C)C
COc1cccc(N)c1.O=Cc1ccc(-c2cncnc2)cc1,COc1cccc(N=Cc2ccc(-c3cncnc3)cc2)c1
Brc1ccc(Oc2ccccc2)nc1.CC(C)(C#N)c1ccc(Cc2c([N+](=O)[O-])cnc3ccc(B4OC(C)(C)C(C)(C)O4)cc23)cc1,CC(C)(C#N)c1ccc(Cc2c([N+](=O)[O-])cnc3ccc(-c4ccc(Oc5ccccc5)nc4)cc23)cc1
N#Cc1cccc(B(O)O)c1.Nc1ncc(Br)cc1C=O,N#Cc1cccc(-c2cnc(N)c(C=O)c2)c1
CC(C)(C)OC(=O)N1CCNCC1.COc1cc(Cl)c(I)cc1NCC(=O)O,COc1cc(Cl)c(I)cc1NCC(=O)N1CCN(C(=O)OC(C)(C)C)CC1
COC(=O)c1cc(C(OCCc2cncn2C)c2nccs2)ccc1CCc1ccc(F)cc1,Cn1cncc1CCOC(c1ccc(CCc2ccc(F)cc2)c(C(=O)O)c1)c1nccs1
COC(=O)c1ncc(Cl)nc1C,Cc1nc(Cl)cnc1C(=O)O
COc1ccc(C=O)c(OC)c1.Nc1ccc(F)cc1,COc1ccc(CNc2ccc(F)cc2)c(OC)c1
COc1ccnc(CCl)c1C.Fc1cc2nc(S)[nH]c2cc1F,COc1ccnc(CSc2nc3cc(F)c(F)cc3[nH]2)c1C
C[Si](C)(C)CCOCn1nc(C=Cc2ccccc2)c2ccc(N)cc21.O=[N+]([O-])c1cccc(I)c1,C[Si](C)(C)CCOCn1nc(C=Cc2ccccc2)c2ccc(Nc3cccc([N+](=O)[O-])c3)cc21
CCOC(=O)CP(=O)(OCC)OCC.COc1cc(COc2nn(-c3ccc(C(F)(F)F)cc3)cc2C=O)ccc1OCc1nc(-c2ccccc2)oc1C,CCOC(=O)/C=C/c1cn(-c2ccc(C(F)(F)F)cc2)nc1OCc1ccc(OCc2nc(-c3ccccc3)oc2C)c(OC)c1
CN.O=C(O)C1Cc2ccccc2N1C(=O)CCN1CCC2(CCc3ccccc32)CC1,CNC(=O)C1Cc2ccccc2N1C(=O)CCN1CCC2(CCc3ccccc32)CC1
CC(=O)c1cc2c(I)cccc2s1.CC(C)c1cc(B(O)O)c(OCC(F)(F)F)c(C(C)C)c1,CC(=O)c1cc2c(-c3cc(C(C)C)cc(C(C)C)c3OCC(F)(F)F)cccc2s1
Cc1ccc(Br)cc1C(F)(F)F.O=C1CCC(=O)N1Br,FC(F)(F)c1cc(Br)ccc1CBr
CCNc1nn(C(=O)OC(C)(C)C)c2ccc(C3C(C#N)=C(C)NC(C)=C3C#N)cc12,CCNc1n[nH]c2ccc(C3C(C#N)=C(C)NC(C)=C3C#N)cc12
NC1CCCCC1.O=S(=O)(Cl)c1ccc(Br)cc1,O=S(=O)(NC1CCCCC1)c1ccc(Br)cc1
Cc1ccc(C(=O)c2c[nH]c3ccccc3c2=O)cc1C.Fc1cccc(CBr)n1,Cc1ccc(C(=O)c2cn(Cc3cccc(F)n3)c3ccccc3c2=O)cc1C
C[C@@H](NC(=O)c1cc(C(=O)O)cc(N(C)S(C)(=O)=O)c1)c1ccccc1.N[C@@H](Cc1ccccc1)[C@@H](O)C(=O)Nc1ncc[nH]1,C[C@@H](NC(=O)c1cc(C(=O)N[C@@H](Cc2ccccc2)[C@@H](O)C(=O)Nc2ncc[nH]2)cc(N(C)S(C)(=O)=O)c1)c1ccccc1
CN1CCN(CCCl)CC1.COc1ccc2[nH]c(-c3c(C)noc3C)c(C=O)c2c1,COc1ccc2c(c1)c(C=O)c(-c1c(C)noc1C)n2CCN1CCN(C)CC1
O=C(CBr)CS(=O)(=O)C(c1ccc(Cl)cc1)c1ccc(Cl)cc1.SCc1ccccc1,O=C(CSCc1ccccc1)CS(=O)(=O)C(c1ccc(Cl)cc1)c1ccc(Cl)cc1
Cn1c(N(Cc2ccc(C(=O)O)cc2)C2CCC(C(C)(C)C)CC2)nc2ccccc21.NCc1nnn[nH]1,Cn1c(N(Cc2ccc(C(=O)NCc3nnn[nH]3)cc2)C2CCC(C(C)(C)C)CC2)nc2ccccc21
Cc1cccc(COc2cccc(O)c2)c1OCC#N.OCCc1ccccn1,Cc1cccc(COc2cccc(OCCc3ccccn3)c2)c1OCC#N
CCOC(=O)c1nn(Cc2ccccc2)cc1C,Cc1cn(Cc2ccccc2)nc1CO
CC(C)(C)OC(=O)n1ccc2cc(Br)ccc21.OB(O)c1ccncc1,CC(C)(C)OC(=O)n1ccc2cc(-c3ccncc3)ccc21
CCC(=C(c1ccccc1)c1ccc(O)cc1)C1CCCC1.OCC(O)CCl,CCC(=C(c1ccccc1)c1ccc(OCC(O)CO)cc1)C1CCCC1
CSc1cc(C(C)(C)C)c(O)c(C(=O)Nc2ccc(S(=O)(=O)C(F)(F)F)cc2Cl)c1C.O=C(OO)c1cccc(Cl)c1,Cc1c(S(C)=O)cc(C(C)(C)C)c(O)c1C(=O)Nc1ccc(S(=O)(=O)C(F)(F)F)cc1Cl
CCCC(C(=O)OC)c1c(C)nc(Cl)nc1-c1ccc(C)cc1.CN1CCNCC1,CCCC(C(=O)OC)c1c(C)nc(N2CCN(C)CC2)nc1-c1ccc(C)cc1
CCNC(=O)c1ccccc1Nc1nc(Cl)ncc1Cl.COc1cc2c(cc1N)CCN(CC(C)(F)F)CC2,CCNC(=O)c1ccccc1Nc1nc(Nc2cc3c(cc2OC)CCN(CC(C)(F)F)CC3)ncc1Cl
Cc1ccc(-n2nc(C(C)(C)C)cc2NC(=O)Nc2ccc(OCC(C)c3ccnc(NC(=O)OC(C)(C)C)c3)c3ccccc23)cc1,Cc1ccc(-n2nc(C(C)(C)C)cc2NC(=O)Nc2ccc(OCC(C)c3ccnc(N)c3)c3ccccc23)cc1
COCc1nnc(N)s1.O=[N+]([O-])c1ccc(S(=O)(=O)Cl)cc1,COCc1nnc(NS(=O)(=O)c2ccc([N+](=O)[O-])cc2)s1
CN1CC(=O)Nc2cc(CO)cnc21.Clc1ccc(C2=CCNCC2)cc1,CN1CC(=O)Nc2cc(CN3CC=C(c4ccc(Cl)cc4)CC3)cnc21
Cc1cc2c([N+](=O)[O-])cccc2cn1,Cc1cc2c(N)cccc2cn1
O=CNc1nc(C(=NOCCBr)C(=O)O)cs1.[N-]=[N+]=[N-],[N-]=[N+]=NCCON=C(C(=O)O)c1csc(NC=O)n1
CCCN.O=C(O)Cn1c(-c2ccc(Cl)cc2)nc2cccnc21,CCCNC(=O)Cn1c(-c2ccc(Cl)cc2)nc2cccnc21
CCOc1cc(Cl)c(S(C)(=O)=O)cc1C1=N[C@@](C)(c2ccc(Cl)cc2)[C@@](C)(c2ccc(Cl)cc2)N1C(=O)Cl.CN(C)CCCN(C)C1CCNC1,CCOc1cc(Cl)c(S(C)(=O)=O)cc1C1=N[C@@](C)(c2ccc(Cl)cc2)[C@@](C)(c2ccc(Cl)cc2)N1C(=O)N1CCC(N(C)CCCN(C)C)C1
Br.C=C(CCCN1C(=O)c2ccccc2C1=O)C(=O)O,O=C(O)C(CBr)CCCN1C(=O)c2ccccc2C1=O
COC(=O)c1cc(S(C)(=O)=O)c(N)cc1C.Cc1c(S(=O)(=O)Cl)sc2ccc(Cl)cc12,COC(=O)c1cc(S(C)(=O)=O)c(NS(=O)(=O)c2sc3ccc(Cl)cc3c2C)cc1C
O=C(Nc1ccc2cc1CCc1cccc(c1)Nc1ncc(Cl)c(n1)N2)[C@@H]1CCCN1.O=C=Nc1ccccc1,O=C(Nc1ccc2cc1CCc1cccc(c1)Nc1ncc(Cl)c(n1)N2)[C@@H]1CCCN1C(=O)Nc1ccccc1
CN.Fc1cncc(Br)c1,CNc1cncc(Br)c1
CCCCCCCCCCCCCCCCS(=O)[O-].O=C1Cc2ccccc2C1Br,CCCCCCCCCCCCCCCCS(=O)(=O)C1C(=O)Cc2ccccc21
O=[N+]([O-])c1cccc(CNc2nc(Cl)nc3sc([N+](=O)[O-])cc23)c1.c1c[nH]cn1,O=[N+]([O-])c1cccc(CNc2nc(-n3ccnc3)nc3sc([N+](=O)[O-])cc23)c1
CC(=O)N(C)C1CCN(c2ccc([N+](=O)[O-])cc2)C1,CC(=O)N(C)C1CCN(c2ccc(N)cc2)C1
CC(=O)OC(C)=O.COc1ccccc1CCN,COc1ccccc1CCNC(C)=O
CCOC1CNC1.CNC(=O)[C@@](C)(C(=O)NOC1CCCCO1)N(C)C(=O)c1ccc(C#Cc2ccc(C=O)cc2)cc1,CCOC1CN(Cc2ccc(C#Cc3ccc(C(=O)N(C)[C@@](C)(C(=O)NC)C(=O)NOC4CCCCO4)cc3)cc2)C1
COC(=O)c1cccc(-c2ccc(Cl)c(CNC(=O)OC(C)(C)C)c2)c1,COC(=O)c1cccc(-c2cccc(CNC(=O)OC(C)(C)C)c2)c1
CC1(C)CCC(C)(C)c2cc(C(N)C(=O)Nc3ccc(C(=O)OCc4ccccc4)cc3)ccc21,CC1(C)CCC(C)(C)c2cc(C(N)C(=O)Nc3ccc(C(=O)O)cc3)ccc21
Cn1cc2c([C@@H]3C[C@H]3CNC(=O)OC(C)(C)C)cccc2n1,Cn1cc2c([C@@H]3C[C@H]3CN)cccc2n1
CC(C)CCNCc1ccc(B(O)O)s1.CCS(=O)(=O)N1CCC(c2c[nH]c3c(C(N)=O)cc(Br)cc23)CC1,CCS(=O)(=O)N1CCC(c2c[nH]c3c(C(N)=O)cc(-c4ccc(CNCCC(C)C)s4)cc23)CC1
CC(=O)Nc1cccc(B(O)O)c1.Cc1c(Br)c2c(c(C)c1NC(=O)CC(C)(C)C)C(c1ccc(C(C)C)cc1)CO2,CC(=O)Nc1cccc(-c2c(C)c(NC(=O)CC(C)(C)C)c(C)c3c2OCC3c2ccc(C(C)C)cc2)c1
NCC(=O)Cc1cc([C@@H]2O[C@H](COCc3ccccc3)[C@@H](OCc3ccccc3)[C@H](OCc3ccccc3)[C@H]2OCc2ccccc2)ccc1Cl.O=C(O)c1ccccc1,O=C(CNC(=O)c1ccccc1)Cc1cc([C@@H]2O[C@H](COCc3ccccc3)[C@@H](OCc3ccccc3)[C@H](OCc3ccccc3)[C@H]2OCc2ccccc2)ccc1Cl
CN(C)C1CCc2[nH]c3ccc(N)cc3c2C1.COc1cccc(C(=O)Cl)c1,COc1cccc(C(=O)Nc2ccc3[nH]c4c(c3c2)CC(N(C)C)CC4)c1
CCOC(=O)Cc1ccc(OC)c(-c2ccc(C(F)(F)F)cc2COC(=O)N(CC)Cc2ccccc2)c1,CCN(Cc1ccccc1)C(=O)OCc1cc(C(F)(F)F)ccc1-c1cc(CC(=O)O)ccc1OC
O=c1ccc2ccncc2n1CC1OCCO1,O=CCn1c(=O)ccc2ccncc21
Brc1cccc2ncccc12.C=C[CH2][Sn]([CH2]CCC)([CH2]CCC)[CH2]CCC,C=CCc1cccc2ncccc12
CC/C(=C\C=C(Br)Br)c1cccc(CCc2ccc(C(O[SiH](C)C)C(C)(C)C)c(C(O[SiH](C)C)C(C)(C)C)c2)c1,C#C/C=C(\CC)c1cccc(CCc2ccc(C(O[SiH](C)C)C(C)(C)C)c(C(O[SiH](C)C)C(C)(C)C)c2)c1
CCOC(=O)C(C)(C)S(=O)(=O)c1cccnc1,CC(C)(C(=O)O)S(=O)(=O)c1cccnc1
Nc1cc(O)ccc1CCCl.O=C(O)c1cc2cc([N+](=O)[O-])ccc2[nH]1,O=C(Nc1cc(O)ccc1CCCl)c1cc2cc([N+](=O)[O-])ccc2[nH]1
CC(C)(C)[Si](C)(C)OCCNCc1ccccc1.O=C(O)c1nc(CC2(c3ccc(Cl)cc3)CCCC2)nc(O)c1OCc1ccccc1,CC(C)(C)[Si](C)(C)OCCN(Cc1ccccc1)C(=O)c1nc(CC2(c3ccc(Cl)cc3)CCCC2)nc(O)c1OCc1ccccc1
COC(=O)C1(N2Cc3ccc(-c4ccc(N)cc4)cc3C2=O)CCC1.Cc1ccc(C(=O)Cl)cc1,COC(=O)C1(N2Cc3ccc(-c4ccc(NC(=O)c5ccc(C)cc5)cc4)cc3C2=O)CCC1
CCCc1cc(C(OCOC)(C(F)(F)F)C(F)(F)F)ccc1Oc1ccc([N+](=O)[O-])c(CO)c1.O=C=Nc1ccccc1,CCCc1cc(C(OCOC)(C(F)(F)F)C(F)(F)F)ccc1Oc1ccc([N+](=O)[O-])c(COC(=O)Nc2ccccc2)c1
C1COCCN1.CCc1ccc(F)c(Br)c1,CCc1ccc(F)c(N2CCOCC2)c1
CC(C)(C)OC(=O)N1CCN(c2ccc3ncc(Br)n3n2)CC1,Brc1cnc2ccc(N3CCNCC3)nn12
CCOC(=O)C1C2CC3CCCC3C21,O=C(O)C1C2CC3CCCC3C21
Clc1cccc(OCc2ccsc2)n1.Oc1cccc(C(F)(F)F)c1,FC(F)(F)c1cccc(Oc2cccc(OCc3ccsc3)n2)c1
OC#CCCc1ccnc2cc(Cl)ccc12,OCCCCc1ccnc2cc(Cl)ccc12
Cc1ncc(-c2cccc(Nc3nnc(Cl)c4ccccc34)c2)n1C.Oc1ccccc1,Cc1ncc(-c2cccc(Nc3nnc(Oc4ccccc4)c4ccccc34)c2)n1C
COC(=O)c1ccc(OCCN(C(=O)C=CCBr)c2cc3ccccc3o2)cc1.OCCN1CCCC1,COC(=O)c1ccc(OCCN(C(=O)C=CCOCCN2CCCC2)c2cc3ccccc3o2)cc1
CCn1cc(C)c(C(=O)O)n1.Nc1cccc(Oc2ccc3nc(NC(=O)C4CC4)nn3c2)c1,CCn1cc(C)c(C(=O)Nc2cccc(Oc3ccc4nc(NC(=O)C5CC5)nn4c3)c2)n1
CC(C)(C)OC(=O)OC(=O)OC(C)(C)C.C[C@@]1(c2cc(Br)ccc2F)CS(=O)(=O)C2(CC2)C(N)=N1,CC(C)(C)OC(=O)NC1=N[C@](C)(c2cc(Br)ccc2F)CS(=O)(=O)C12CC2
COC(=O)c1sc(-c2ccc(Cl)cc2Cl)c(Br)c1OC.OB(O)c1ccc(Cl)cc1,COC(=O)c1sc(-c2ccc(Cl)cc2Cl)c(-c2ccc(Cl)cc2)c1OC
C=CCC(F)(F)C(=O)O.N[C@@H](CO)c1ccccc1,C=CCC(F)(F)C(=O)N[C@@H](CO)c1ccccc1
CCOC(=O)c1nc(-c2ccc(Cl)cc2)c(-c2ccc(Cl)cc2)s1.CCOCCN,CCOCCNC(=O)c1nc(-c2ccc(Cl)cc2)c(-c2ccc(Cl)cc2)s1
NC12CC3CC(CC(C3)C1)C2.O=Cc1ccc(-c2ccn[nH]2)o1,c1cc(-c2ccc(CNC34CC5CC(CC(C5)C3)C4)o2)[nH]n1
CI.CS(=O)(=O)c1ccc2c(C(=O)c3ccc(F)cc3)c(O)ccc2c1,COc1ccc2cc(S(C)(=O)=O)ccc2c1C(=O)c1ccc(F)cc1
CN(CCCN)C[C@H]1O[C@@H](n2cnc3c(N)ncnc32)[C@@H]2OC(C)(C)O[C@@H]21.O=C=Nc1cccc(Cl)c1,CN(CCCNC(=O)Nc1cccc(Cl)c1)C[C@H]1O[C@@H](n2cnc3c(N)ncnc32)[C@@H]2OC(C)(C)O[C@@H]21
CCOC(=O)c1ccc2c(Nc3ccc(Oc4ccccc4)cc3)c(C#N)cnn12,N#Cc1cnn2c(CO)ccc2c1Nc1ccc(Oc2ccccc2)cc1
CS(=O)(=O)Cl.Cc1ccc(S(=O)(=O)n2cc(-c3cc(N[C@H](CO)C(C)(C)C)c(F)cn3)c3cc(F)cnc32)cc1,Cc1ccc(S(=O)(=O)n2cc(-c3cc(N[C@H](COS(C)(=O)=O)C(C)(C)C)c(F)cn3)c3cc(F)cnc32)cc1
NCC1CC1.O=S(=O)(Nc1cccc2nc(N[C@@H]3CCc4ccccc43)ccc12)c1ccc(F)cc1,O=S(=O)(Nc1cccc2nc(N[C@@H]3CCc4ccccc43)ccc12)c1ccc(NCC2CC2)cc1
ClCc1ccncc1.O=C1Nc2cc(F)ccc2N2CCNCC12,O=C1Nc2cc(F)ccc2N2CCN(Cc3ccncc3)CC12
C=C(C)C(=O)Cl.Cc1cc(N)ccc1[N+](=O)[O-],C=C(C)C(=O)Nc1ccc([N+](=O)[O-])c(C)c1
C#CC1(S(=O)(=O)NC(=O)OC(C)(C)C)CC1,C#CC1(S(N)(=O)=O)CC1
COc1ccc2nccc(CCC3(O)CCN(C(=O)OC(C)(C)C)CC3)c2n1,COc1ccc2nccc(CCC3(O)CCNCC3)c2n1
Cc1ccc(C#N)c(C(F)(F)F)c1.O=C1CCC(=O)N1Br,N#Cc1ccc(CBr)cc1C(F)(F)F
CNC1CNC1.Nc1nc(-n2cc(C(=O)O)c(=O)c3cc(F)c(F)c(Cl)c32)c(Cl)cc1F,CNC1CN(c2c(F)cc3c(=O)c(C(=O)O)cn(-c4nc(N)c(F)cc4Cl)c3c2Cl)C1
N#Cc1ccc(Cn2cc(C=O)c3ccccc32)cc1.O=C1CC(=O)NC(=O)N1,N#Cc1ccc(Cn2cc(C=C3C(=O)NC(=O)NC3=O)c3ccccc32)cc1
COC(=O)[C@@]12C[C@H]1C=CCCCCC[C@H](NC(=O)OC(C)(C)C)C(=O)N1C[C@H](Oc3nc(-c4cc(C)nn4C)nc4ccsc34)C[C@H]1C(=O)N2,Cc1cc(-c2nc(O[C@@H]3C[C@H]4C(=O)N[C@]5(C(=O)O)C[C@H]5C=CCCCCC[C@H](NC(=O)OC(C)(C)C)C(=O)N4C3)c3sccc3n2)n(C)n1
CCN(CC)CCOc1ccc([N+](=O)[O-])c(Cl)c1,CCN(CC)CCOc1ccc(N)c(Cl)c1
CC1CN=C(c2ccc([N+](=O)[O-])cc2)N(C(=O)OC(C)(C)C)C1,CC1CN=C(c2ccc(N)cc2)N(C(=O)OC(C)(C)C)C1
CCOC(=O)C1CNCCC1C.O=C(Cl)Cc1cccs1,CCOC(=O)C1CN(C(=O)Cc2cccs2)CCC1C
CCCCCNCc1ccc(-c2ccccc2-c2nnnn2C(c2ccccc2)(c2ccccc2)c2ccccc2)cc1.O=C(Cl)N1CCCc2ccccc21,CCCCCN(Cc1ccc(-c2ccccc2-c2nnnn2C(c2ccccc2)(c2ccccc2)c2ccccc2)cc1)C(=O)N1CCCc2ccccc21
C#C[Si](C)(C)C.CC(C)(CC(=O)O)Cc1ccc(OCCCNc2ccccn2)c(Br)c1,C#Cc1cc(CC(C)(C)CC(=O)O)ccc1OCCCNc1ccccn1
CC(=O)Nc1cc(Br)c(C)cn1.CCOC(=O)c1c[nH]cc1-c1ccccc1Cl,CCOC(=O)c1cn(-c2cc(NC(C)=O)ncc2C)cc1-c1ccccc1Cl
O=C1CCc2cc(Nc3ncnc4c3CCC4)ccc21.O=CC1CCN(Cc2ccccc2)CC1,O=C1C(=CC2CCN(Cc3ccccc3)CC2)Cc2cc(Nc3ncnc4c3CCC4)ccc21
CN(C)S(=O)(=O)Oc1ccccc1S(=O)(=O)N=C=O.Cc1cc(C)nc(N)n1,Cc1cc(C)nc(NC(=O)NS(=O)(=O)c2ccccc2OS(=O)(=O)N(C)C)n1
COC(=O)c1sc(C#CC2(C)CC2)cc1NCC(=O)N1CCOCC1.C[C@H]1CC[C@H](C(=O)Cl)CC1,COC(=O)c1sc(C#CC2(C)CC2)cc1N(CC(=O)N1CCOCC1)C(=O)[C@@H]1CC[C@@H](C)CC1
COC(=O)c1ncsc1N.O=C(O)Cc1cccc2cnccc12,COC(=O)c1ncsc1NC(=O)Cc1cccc2cnccc12
COC(=O)[C@H](C)Oc1cc(Oc2c(C=C(C)C)c(C)nn2C)c(Cl)cc1Cl,CC(C)=Cc1c(C)nn(C)c1Oc1cc(O[C@@H](C)C(=O)O)c(Cl)cc1Cl
COC(=O)c1ccnc(Cl)c1.C[O-],COC(=O)c1ccnc(OC)c1
CC1(C)CCC(C)(C)C1OCC(C)(C)[N+](=O)[O-],CC(C)(N)COC1C(C)(C)CCC1(C)C
N[C@H](C(=O)O)c1ccc(F)cc1,N[C@H](CO)c1ccc(F)cc1
CC[C@@H](NC(=O)OC(C)(C)C)c1ccc(Cl)c(C(=O)c2ccc(C(=O)O)nc2)c1F,CC[C@@H](N)c1ccc(Cl)c(C(=O)c2ccc(C(=O)O)nc2)c1F
O=C(Nc1ccc(F)c(C(F)(F)F)c1)N1COc2cc(OCc3ccccc3)ccc21,O=C(Nc1ccc(F)c(C(F)(F)F)c1)N1COc2cc(O)ccc21
Cc1ncc(Br)c(C)c1Cl.O=C(OO)c1cccc(Cl)c1,Cc1c(Br)c[n+]([O-])c(C)c1Cl
COC(=O)c1cc(Br)cc(C)c1N(Cc1cccnc1)S(=O)(=O)c1ccc(OC)cc1.O=Cc1ccccc1B(O)O,COC(=O)c1cc(-c2ccccc2C=O)cc(C)c1N(Cc1cccnc1)S(=O)(=O)c1ccc(OC)cc1
CCOC(=O)c1cc(C#N)c(N2CCNCC2)nc1C(F)(F)F.O=C=Nc1ccc2ccccc2c1,CCOC(=O)c1cc(C#N)c(N2CCN(C(=O)Nc3ccc4ccccc4c3)CC2)nc1C(F)(F)F
CC(C)(C)OC(=O)NCCn1cc(I)nc1CC1CC1,NCCn1cc(I)nc1CC1CC1
CCC(=O)Cl.CCOc1ccc2c(c1-c1ncnc3c(C(=O)N[C@@H]4CCNC4)c[nH]c13)OCO2,CCOc1ccc2c(c1-c1ncnc3c(C(=O)N[C@@H]4CCN(C(=O)CC)C4)c[nH]c13)OCO2
CC(C)S(=O)(=O)c1ccccc1Nc1nc(Cl)ncc1Cl.COCCNC1CCCc2c(ccc(N)c2OC)C1,COCCNC1CCCc2c(ccc(Nc3ncc(Cl)c(Nc4ccccc4S(=O)(=O)C(C)C)n3)c2OC)C1
CC(=O)c1ccc[nH]1.O=C(Cl)C(Cl)(Cl)Cl,CC(=O)c1cc(C(=O)C(Cl)(Cl)Cl)c[nH]1
C=C(C)c1cc(CC#N)ccc1OC,COc1ccc(CC#N)cc1C(C)C
CCN(C(=O)C1CCCN(C2CCNCC2)C1)C(C)C.COc1cccc2c(C(=O)O)c(N)sc12,CCN(C(=O)C1CCCN(C2CCN(C(=O)c3c(N)sc4c(OC)cccc34)CC2)C1)C(C)C
COCCCOc1ccccc1C(=O)NC[C@@H](C[C@@H](CO)NC(=O)OC(C)(C)C)C(C)C,COCCCOc1ccccc1C(=O)NC[C@@H](C[C@@H](C=O)NC(=O)OC(C)(C)C)C(C)C
CC(=O)Nc1ccc(C(=O)O)cc1[N+](=O)[O-].CCCCS(N)(=O)=O,CCCCS(=O)(=O)NC(=O)c1ccc(NC(C)=O)c([N+](=O)[O-])c1
Cc1nc(C(N)=O)sc1-c1ccncc1,Cc1nc(C#N)sc1-c1ccncc1
CC(=O)C=P(c1ccccc1)(c1ccccc1)c1ccccc1.O=Cc1cc(C2CCCCO2)no1,CC(=O)C=Cc1cc(C2CCCCO2)no1
COC(=O)[C@@H]1C[C@@H](Oc2noc3cc(Cl)ccc23)CN1C(=O)OC(C)(C)C,CC(C)(C)OC(=O)N1C[C@H](Oc2noc3cc(Cl)ccc23)C[C@H]1C(=O)O
CN(C)C(=O)CCl.COC(=O)c1ccc(O)cc1,COC(=O)c1ccc(OCC(=O)N(C)C)cc1
C1CCC(N2CCNCC2)C1.CCOC(=O)C1CCC(Nc2ccccc2F)CC1,O=C(C1CCC(Nc2ccccc2F)CC1)N1CCN(C2CCCC2)CC1
CC(=O)CCC(C)=O.NCc1ccc(-c2ccccc2-c2nnn[nH]2)cc1,Cc1ccc(C)n1Cc1ccc(-c2ccccc2-c2nnn[nH]2)cc1
CC(C)(Cc1c[nH]c2c(O)cccc12)NC(=O)OC(C)(C)C.COC(=O)c1ccc(Cl)nc1,COC(=O)c1ccc(Oc2cccc3c(CC(C)(C)NC(=O)OC(C)(C)C)c[nH]c23)nc1
BrCc1ccccc1.CCCCn1c(=O)[nH]c(=O)c2[nH]cnc21,CCCCn1c(=O)[nH]c(=O)c2c1ncn2Cc1ccccc1
CC(=O)Cl.O=C(c1csc(C2CCNCC2)c1)N1CCC[C@@H]2CCCC[C@@H]21,CC(=O)N1CCC(c2cc(C(=O)N3CCC[C@@H]4CCCC[C@@H]43)cs2)CC1
C#CCBr.COc1cc(C(=O)NC(C)(C)C(C)C)ccc1O,C#CCOc1ccc(C(=O)NC(C)(C)C(C)C)cc1OC
CCN(CC)S(=O)(=O)c1ccc(Br)cc1.Cn1c(C#N)ccc1B(O)O,CCN(CC)S(=O)(=O)c1ccc(-c2ccc(C#N)n2C)cc1
CCOC(=O)/C(=N\OC(C)(C)[C@@H]1CC[C@@H](C)CC1)c1csc(N)n1,C[C@@H]1CC[C@@H](C(C)(C)O/N=C(\C(=O)O)c2csc(N)n2)CC1
Clc1cncc(N2CCNCC2)n1.OCc1ccsc1,c1cc(COc2cncc(N3CCNCC3)n2)cs1
CC(C)(C=O)NC(=O)c1ccc(F)cc1F.[CH3][Mg+],CC(O)C(C)(C)NC(=O)c1ccc(F)cc1F
CCCCCCCCC(=O)OC(=O)CCCCCCCC.Nc1ccn([C@@H]2O[C@H](CO)[C@@H](O)[C@@H]2O)c(=O)n1,CCCCCCCCC(=O)Nc1ccn([C@@H]2O[C@H](CO)[C@@H](O)[C@@H]2O)c(=O)n1
Br.C=CCCC(=O)C(C)(C)N1COC(C)=C(c2ccccc2)C1=O,CC1=C(c2ccccc2)C(=O)N(C(C)(C)C(=O)CCC(C)Br)CO1
BrCc1ccccc1.CSc1ccc(O)cc1C,CSc1ccc(OCc2ccccc2)cc1C
O=C(CBr)Nc1cnccn1.O=C(O[C@H]1CN2CCC1CC2)C1(c2ccccc2)CCCCCC1,O=C(C[N+]12CCC(CC1)[C@@H](OC(=O)C1(c3ccccc3)CCCCCC1)C2)Nc1cnccn1
CC(C)Oc1nc(NC(=O)C(C)(C)C)nc2ncc(Br)cc12.Cc1ccc(B(O)O)cc1C,Cc1ccc(-c2cnc3nc(NC(=O)C(C)(C)C)nc(OC(C)C)c3c2)cc1C
COc1ccc2c(Br)coc2c1OC1CCCC1.Nc1c(Cl)cncc1Cl,COc1ccc2c(Nc3c(Cl)cncc3Cl)coc2c1OC1CCCC1
COC(=O)c1ccc2c(c1)-c1cc3c(C4CCCCC4)cccc3n1C=C1N=C(C)CN12,CC1=NC2=Cn3c(cc4c(C5CCCCC5)cccc43)-c3cc(C(=O)O)ccc3N2C1
COC(=O)c1ccccc1CBr.N#Cc1ccc(O)c(F)c1,COC(=O)c1ccccc1COc1ccc(C#N)cc1F
CC(C)(C)OC(=O)N1CCCC(N)C1.O=[N+]([O-])c1ccccc1F,CC(C)(C)OC(=O)N1CCCC(Nc2ccccc2[N+](=O)[O-])C1
NN.Nc1ccc(C(F)(F)F)cc1C(=O)c1ccccc1,NN=C(c1ccccc1)c1cc(C(F)(F)F)ccc1N
COc1ccc(C2(CN)CCCC2)cc1OC.O=C(O)CSc1ccccc1,COc1ccc(C2(CNC(=O)CSc3ccccc3)CCCC2)cc1OC
Nc1ccc(N2C(=O)CC(=O)Nc3c2ccc2ccccc32)cc1.O=C(Cl)c1ccc(Cl)cc1Cl,O=C1CC(=O)N(c2ccc(NC(=O)c3ccc(Cl)cc3Cl)cc2)c2ccc3ccccc3c2N1
COC(=O)C1CNCC(c2ccc(C)c(C)c2)C1.O=C(Cl)Oc1ccc([N+](=O)[O-])cc1,COC(=O)C1CC(c2ccc(C)c(C)c2)CN(C(=O)Oc2ccc([N+](=O)[O-])cc2)C1
OC1CCNCC1.OC1c2ccccc2-c2ccccc21,c1ccc2c(c1)-c1ccccc1C2OC1CCNCC1
COC(=O)c1sc(Cl)nc1Cl.COc1cccc(B(O)O)c1,COC(=O)c1sc(-c2cccc(OC)c2)nc1Cl
CC(C=O)Cc1ccc(C(C)(C)C)cc1.CC1CNCC(C)C1,CC(Cc1ccc(C(C)(C)C)cc1)CN1CC(C)CC(C)C1
CN[C@H]1[C@H](O)C[C@H]2[C@@H]3CC=C4C[C@@H](OC(C)=O)CC[C@]4(C)[C@H]3CC[C@@]21C,CN[C@H]1[C@H](O)C[C@H]2[C@@H]3CC=C4C[C@@H](O)CC[C@]4(C)[C@H]3CC[C@@]21C
C=CC(N)=O.Oc1ccc(-c2cc3cc(O)cc(Br)c3o2)cc1,NC(=O)C=Cc1cc(O)cc2cc(-c3ccc(O)cc3)oc12
BrCc1ccccc1.Cn1c(C(O)C(F)(F)F)cc(=O)c(O)c1CO,Cn1c(C(O)C(F)(F)F)cc(=O)c(OCc2ccccc2)c1CO
COC(=O)C(Br)CC(C)C.OCc1ccc(Br)cc1,COC(=O)C(CC(C)C)OCc1ccc(Br)cc1
CN(C)C1=N[C@@H]2[C@@H](OCc3ccccc3)[C@H](OCc3ccccc3)[C@@H](COCc3ccccc3)C[C@@H]2S1,CN(C)C1=N[C@@H]2[C@@H](OCc3ccccc3)[C@H](OCc3ccccc3)[C@@H](CO)C[C@@H]2S1
CCOC(=O)c1ccc(CCCN(C)C(=O)Cc2ccc(NC(=O)Nc3ccccc3C)c(OC)c2)cc1,COc1cc(CC(=O)N(C)CCCc2ccc(C(=O)O)cc2)ccc1NC(=O)Nc1ccccc1C
COc1ccc(-c2nc(Cl)nc3ccc(Br)cc23)cc1OC.N,COc1ccc(-c2nc(N)nc3ccc(Br)cc23)cc1OC
CS(=O)(=O)CC(=O)O.FC(F)(F)C1(c2cc(Cl)cc(Cl)c2)CN=C(c2ccc3c(c2)COC32CNC2)C1,CS(=O)(=O)CC(=O)N1CC2(C1)OCc1cc(C3=NCC(c4cc(Cl)cc(Cl)c4)(C(F)(F)F)C3)ccc12
CCCO.CS(=O)(=O)Cc1cccc(Nc2ncnc(-c3ccc(F)cc3F)n2)c1,CCCOc1cc(F)ccc1-c1ncnc(Nc2cccc(CS(C)(=O)=O)c2)n1
CC(CO)NC(=O)c1c(O)c2ncc(Cc3ccc(F)cc3)cc2n(CCN)c1=O.O=C(Cl)N1CCOCC1,CC(CO)NC(=O)c1c(O)c2ncc(Cc3ccc(F)cc3)cc2n(CCNC(=O)N2CCOCC2)c1=O
O=C=Nc1ccc(Cl)cc1.O=[N+]([O-])c1cn2c(n1)OC(CCO)C2,O=C(Nc1ccc(Cl)cc1)OCCC1Cn2cc([N+](=O)[O-])nc2O1
NCc1ccccc1.O=[N+]([O-])c1cc(I)ccc1F,O=[N+]([O-])c1cc(I)ccc1NCc1ccccc1
Cc1cc(NC(=O)C(F)(F)F)cc2ccoc12,Cc1cc(N)cc2ccoc12
CC(=O)CC(N)=O.O=Cc1ccc(Cl)cc1Cl,CC(=O)C(=Cc1ccc(Cl)cc1Cl)C(N)=O
NC(N)=S.O=C(CBr)c1ccccc1,Nc1nc(-c2ccccc2)cs1
COC(=O)C1=C(C(=O)Nc2sc(C)c(C3CC3)c2-c2nc(C(F)(F)F)no2)CCC1,Cc1sc(NC(=O)C2=C(C(=O)O)CCC2)c(-c2nc(C(F)(F)F)no2)c1C1CC1
CC(C)(C)C(=O)CN1C(=O)N(CC(=O)O)C(=O)N(C2CCCCC2)c2ccccc21.CN(c1cccc(N)c1)c1nn[nH]n1,CN(c1cccc(NC(=O)CN2C(=O)N(CC(=O)C(C)(C)C)c3ccccc3N(C3CCCCC3)C2=O)c1)c1nn[nH]n1
C1COCCN1.Oc1cccc2ccc(Cl)nc12,Oc1cccc2ccc(N3CCOCC3)nc12
CC(C)(C)OC(=O)NC[C@@H](NC(=O)OCc1ccccc1)C(C)(C)C,CC(C)(C)OC(=O)NC[C@@H](N)C(C)(C)C
COc1ccccc1N1CCN(C(=O)[C@@H](CC2CCCCC2)NC(=O)OC(C)(C)C)CC1,COc1ccccc1N1CCN(C(=O)[C@H](N)CC2CCCCC2)CC1
CCS(=O)(=O)Cl.CCn1ncc(C(=O)c2cc(C)c3c(c2C)C(C)(C)CCS3(=O)=O)c1O,CCn1ncc(C(=O)c2cc(C)c3c(c2C)C(C)(C)CCS3(=O)=O)c1OS(=O)(=O)CC
CC(=O)c1cccc(C#N)c1,C[C@@H](O)c1cccc(C#N)c1
CC1(C)NC(C)(C)N(CCCCOCc2ccccc2)C1=O,CC1(C)NC(C)(C)N(CCCCO)C1=O
Cc1cc(C)c(N2CCN(C(=O)c3ccc(Br)cc3C#N)CC2)nc1C.O=C1CCCN1,Cc1cc(C)c(N2CCN(C(=O)c3ccc(N4CCCC4=O)cc3C#N)CC2)nc1C
CC(C)Nc1nc(Cl)c(C#N)c(NC2CC2)n1.C[O-],COc1nc(NC(C)C)nc(NC2CC2)c1C#N
C[C@H](CO)Nc1nc(SCc2cccc(F)c2F)nc2c1sc(=O)n2C1CCCCO1,C[C@H](CO)Nc1nc(SCc2cccc(F)c2F)nc2[nH]c(=O)sc12
CC(C)(C)OC(=O)N1CC(COc2nc(Cl)ncc2Br)C1.C[C@H]1CC[C@@H](N)CC1,C[C@H]1CC[C@@H](Nc2ncc(Br)c(OCC3CN(C(=O)OC(C)(C)C)C3)n2)CC1
N#Cc1cccc(S(=O)(=O)Nc2ccc3c(c2)B(O)OC3)c1,NCc1cccc(S(=O)(=O)Nc2ccc3c(c2)B(O)OC3)c1
COc1ccc(Cn2nc(C)c3c(Oc4ccc(-c5cnc(Nc6ccccc6)n(C)c5=O)cc4F)ccnc32)cc1,Cc1n[nH]c2nccc(Oc3ccc(-c4cnc(Nc5ccccc5)n(C)c4=O)cc3F)c12
CC(=O)CCc1ccc(F)cc1.[CH3][Mg+],CC(C)(O)CCc1ccc(F)cc1
Cc1cc(N)ccc1C(C)C.O=C(O)c1cccc(SCc2cnccn2)c1,Cc1cc(NC(=O)c2cccc(SCc3cnccn3)c2)ccc1C(C)C
C=C(C(=O)OC)c1ccc2c(c1)C(C)(C)CCC2(C)C,C=C(CO)c1ccc2c(c1)C(C)(C)CCC2(C)C
CCOC(=O)C(=O)Nc1cccc([N+](=O)[O-])c1C#N,CCOC(=O)C(=O)Nc1cccc(N)c1C#N
CC(C)(C)OC(=O)NN.O=C1CCOC1,CC(C)(C)OC(=O)NN=C1CCOC1
CC(C)Oc1ccc(-c2noc(-c3ccc4[nH]ccc4c3)n2)cc1Cl.COC(=O)C1CCC(Br)C1,COC(=O)C1CCC(n2ccc3cc(-c4nc(-c5ccc(OC(C)C)c(Cl)c5)no4)ccc32)C1
CCc1ccc(C(=O)O)cc1.N[C@H]1CC[C@H](CCN2CCCCC2c2coc3cccc-3c2)CC1,CCc1ccc(C(=O)N[C@@H]2CC[C@@H](CCN3CCCCC3c3coc4cccc-4c3)CC2)cc1
COc1cc(NC(=N)N)ccc1-n1cnc(C)c1.Cc1cc(C)n(C(C)C(=O)C2CN(C(=O)OC(C)(C)C)CCC2=O)n1,COc1cc(Nc2nc3c(c(C(C)n4nc(C)cc4C)n2)CN(C(=O)OC(C)(C)C)CC3)ccc1-n1cnc(C)c1
CC1(C)OC(=O)C(=CC(=O)Cl)O1.CONCc1ccc(Cl)cc1,CON(Cc1ccc(Cl)cc1)C(=O)C=C1OC(C)(C)OC1=O
CNCC1CCN(Cc2ccccc2)CC1.O=C(CCCI)c1ccc(F)cc1,CN(CCCC(=O)c1ccc(F)cc1)CC1CCN(Cc2ccccc2)CC1
CCOc1cc(C(F)(F)F)ccc1C(=O)O.CNOC,CCOc1cc(C(F)(F)F)ccc1C(=O)N(C)OC
COCCOCOc1cc2ccc(-c3ccc(CO)cc3)cc2cc1C12CC3CC(CC(C3)C1)C2,COCCOCOc1cc2ccc(-c3ccc(C=O)cc3)cc2cc1C12CC3CC(CC(C3)C1)C2
CC(=O)N1CCN(c2ccc(N)nc2)CC1.O=C(O)Cc1ccc(-c2ccnc(F)c2)nc1,CC(=O)N1CCN(c2ccc(NC(=O)Cc3ccc(-c4ccnc(F)c4)nc3)nc2)CC1
COc1ccc(C(=O)CBr)cc1.NC(N)=S,COc1ccc(-c2csc(N)n2)cc1
BrCCOCCOCCOCCBr.CCCc1c(OCCCC(=O)OCC)ccc(C(C)=O)c1O,CCCc1c(OCCCC(=O)OCC)ccc(C(C)=O)c1OCCOCCOCCOCCBr
CCOC(=O)C1(S(=O)(=O)c2ccc(OCCC(C)C)cc2)CCN(Cc2ccccc2)CC1,CC(C)CCOc1ccc(S(=O)(=O)C2(C(=O)O)CCN(Cc3ccccc3)CC2)cc1
CCOC(=O)C1CCNCC1.Cc1ccc(-c2cc(Br)ccc2Cl)nc1,CCOC(=O)C1CCN(c2ccc(Cl)c(-c3ccc(C)cn3)c2)CC1
COC(=O)c1cncc(Oc2ccc([N+](=O)[O-])cc2Cl)c1,O=C(O)c1cncc(Oc2ccc([N+](=O)[O-])cc2Cl)c1
COC(=O)c1ccc(CBr)cc1.COc1cc(C(=O)Cl)cc2c1C(C)(C)CCC2(C)C,COC(=O)c1ccc(CC(=O)c2cc(OC)c3c(c2)C(C)(C)CCC3(C)C)cc1
CC(C)(C)OC(=O)NCc1ccc(OCCCCN2CCN(c3cccc(Cl)c3Cl)CC2)nc1N,O=C1NCc2ccc(OCCCCN3CCN(c4cccc(Cl)c4Cl)CC3)nc2N1
COc1ccc(S(=O)(=O)Cl)c(OC(F)(F)F)c1.COc1ccccc1C1(N2CC(O)C(O)[C@H]2C(=O)N(C)C)C(=O)Nc2ccc(Cl)cc21,COc1ccc(S(=O)(=O)N2C(=O)C(c3ccccc3OC)(N3CC(O)C(O)[C@H]3C(=O)N(C)C)c3cc(Cl)ccc32)c(OC(F)(F)F)c1
CS(=O)(=O)Cl.OC[C@H]1CCc2sc3ncnc(OC4CCC(N5CC6(COC6)C5)CC4)c3c21,CS(=O)(=O)OC[C@H]1CCc2sc3ncnc(OC4CCC(N5CC6(COC6)C5)CC4)c3c21
CCOC(=O)C(C)=O.CCc1ccc(NN)cc1,CCOC(=O)C(C)=NNc1ccc(CC)cc1
CC(C)(C)OC(=O)N1CCCC[C@H]1CNC(=O)C(F)(F)F,CC(C)(C)OC(=O)N1CCCCC1CN
CC(C)(C)OC(=O)OC(=O)OC(C)(C)C.CC(C)(C)[Si](C)(C)N1C(=O)[C@H](Cc2cnc(N)s2)[C@H]1C(=O)OCc1ccccc1,CC(C)(C)OC(=O)Nc1ncc(C[C@H]2C(=O)N([Si](C)(C)C(C)(C)C)[C@@H]2C(=O)OCc2ccccc2)s1
C1CNCCN1.Fc1cncc(Cl)c1I,Fc1cncc(Cl)c1N1CCNCC1
CC(C)[C@@H]1CC[C@@H](C)C[C@H]1OCCN(C)CCCl.[N-]=[N+]=[N-],CC(C)[C@@H]1CC[C@@H](C)C[C@H]1OCCN(C)CCN=[N+]=[N-]
CCC(CC)(c1ccc(/C=C/C(O)(C(F)(F)F)C(F)(F)F)c(C)c1)c1ccc(-c2ccc(CC(=O)OC)c(F)c2)c(C)c1,CCC(CC)(c1ccc(/C=C/C(O)(C(F)(F)F)C(F)(F)F)c(C)c1)c1ccc(-c2ccc(CC(=O)O)c(F)c2)c(C)c1
CCN(CC)C(=O)c1oc2nc(-c3ccccc3Cl)c(-c3ccc(Cl)cc3)cc2c1NC(=O)C(F)(F)F,CCN(CC)C(=O)c1oc2nc(-c3ccccc3Cl)c(-c3ccc(Cl)cc3)cc2c1N
CCCCC(CC)CBr.Oc1ccc(Br)cc1,CCCCC(CC)COc1ccc(Br)cc1
C[C@@H](C(=O)N[C@@H]1C(=O)Nc2ccccc2N(C(=O)C2CCOCC2)[C@H]1C)N(C)C(=O)OC(C)(C)C.N#Cc1ccccc1-n1nc(CBr)c2ccccc21,C[C@@H](C(=O)N[C@@H]1C(=O)N(Cc2nn(-c3ccccc3C#N)c3ccccc23)c2ccccc2N(C(=O)C2CCOCC2)[C@H]1C)N(C)C(=O)OC(C)(C)C
CCOC(=O)/C=C/c1cc(OC)ncc1C(=O)OC,CCOC(=O)CCc1cc(OC)ncc1C(=O)OC
O=Cc1ccccc1C=C1c2ccccc2CCc2ccccc21,OCc1ccccc1C=C1c2ccccc2CCc2ccccc21
CC(C)(CO)CCCCN1C(=O)c2ccccc2C1=O,CC(C)(CO)CCCCN
CC(=O)O[C@@H]1[C@@H](OC(C)=O)[C@@H](Br)SC[C@H]1OC(C)=O.O=[N+]([O-])c1ccccc1S,CC(=O)O[C@@H]1[C@@H](OC(C)=O)[C@H](Sc2ccccc2[N+](=O)[O-])SC[C@H]1OC(C)=O
Cc1ccc(B(O)O)s1.Clc1ccnc(Cl)n1,Cc1ccc(-c2ccnc(Cl)n2)s1
COC(=O)CN(C)c1ccc(Br)c(C(F)(F)F)c1,CN(CCO)c1ccc(Br)c(C(F)(F)F)c1
COc1ccc(Oc2c(C)cc([N+](=O)[O-])cc2C)cc1C(=O)CC1CCCC1,COc1ccc(Oc2c(C)cc([N+](=O)[O-])cc2C)cc1CCC1CCCC1
CC(C)(C)n1c(-c2cc(O)ccc2-n2cncn2)nc2cc(-c3cnc(N)nc3)ccc21.CCI,CCOc1ccc(-n2cncn2)c(-c2nc3cc(-c4cnc(N)nc4)ccc3n2C(C)(C)C)c1
Brc1ccccc1.C=Cc1cc[c]([Mg+])cc1,C=Cc1ccc(-c2ccccc2)cc1
COc1ccc(S)cc1Cl,Oc1ccc(S)cc1Cl
COC(=O)[C@@H](C)O.Cc1ccc(S(=O)(=O)Cl)cc1,COC(=O)[C@@H](C)OS(=O)(=O)c1ccc(C)cc1
CC(C)(C)[Si](OCc1cccc(C(Cl)c2cccc(OCc3ccc4ccc(Cl)cc4n3)c2)c1)(c1ccccc1)c1ccccc1.CN(C)C(=O)CCS,CN(C)C(=O)CCSC(c1cccc(CO[Si](c2ccccc2)(c2ccccc2)C(C)(C)C)c1)c1cccc(OCc2ccc3ccc(Cl)cc3n2)c1
COc1cc(Nc2nc(-c3cccc(N)c3)nn3c(C)nc(C)c23)cc(OC)c1OC.CS(=O)(=O)Cl,COc1cc(Nc2nc(-c3cccc(NS(C)(=O)=O)c3)nn3c(C)nc(C)c23)cc(OC)c1OC
CC(O)c1cnc(Br)s1,CC(=O)c1cnc(Br)s1
COC(=O)Cc1cccc(OC[C@@H]2COC(C)(C)O2)c1[N+](=O)[O-],CC1(C)OC[C@@H](COc2cccc(CC(=O)O)c2[N+](=O)[O-])O1
C/C=C/C=O.Nc1ccccc1Cl,Cc1ccc2cccc(Cl)c2n1
CC(C)(C)OC(=O)N[C@@H](Cc1ccc(O)cc1)C(=O)O.CN,CNC(=O)[C@H](Cc1ccc(O)cc1)NC(=O)OC(C)(C)C
CC(C)(C)OC(=O)N1CCC(CCCCc2ccc(N)cc2)CC1.CS(=O)(=O)Cl,CC(C)(C)OC(=O)N1CCC(CCCCc2ccc(NS(C)(=O)=O)cc2)CC1
CC(C)(C)OC(=O)N[C@@H](CC1CCCCC1)[C@H](C=O)OCc1ccccc1.CC(C)C[NH3+],CC(C)CNC[C@@H](OCc1ccccc1)[C@H](CC1CCCCC1)NC(=O)OC(C)(C)C
CC(C)c1cccc(C(=O)O)c1.Cc1ccc(N)cc1-c1ccc2nc(N)ncc2c1,Cc1ccc(NC(=O)c2cccc(C(C)C)c2)cc1-c1ccc2nc(N)ncc2c1
CCc1oc(-c2ccc(C(F)(F)F)cc2)nc1COC[C@@H]1CCC[C@H](COC(C)(C)C(=O)OC(C)(C)C)C1,CCc1oc(-c2ccc(C(F)(F)F)cc2)nc1COC[C@@H]1CCC[C@H](COC(C)(C)C(=O)O)C1
Fc1ccccc1C(F)(F)F.OC1CN2CCC1CC2,FC(F)(F)c1ccccc1OC1CN2CCC1CC2
CCO.COc1c(C(C)(C)CC(=O)C(=O)O)ccc(Cl)c1F,CCOC(=O)C(=O)CC(C)(C)c1ccc(Cl)c(F)c1OC
CCC[CH2][Sn]([CH2]CCC)([CH2]CCC)[c]1ccc([N+](=O)[O-])cc1.COc1c(I)c(=O)c2ccc(Cl)cc2[nH]c1=O,COc1c(-c2ccc([N+](=O)[O-])cc2)c(=O)c2ccc(Cl)cc2[nH]c1=O
CC(=O)c1ccc(I)cc1.OCCO,CC1(c2ccc(I)cc2)OCCO1
CCOC(=O)C1CCC(Cc2nc3ccccc3c(=O)[nH]2)CC1,O=C(O)C1CCC(Cc2nc3ccccc3c(=O)[nH]2)CC1
CC(C)CC(O)CCc1cccs1.CS(=O)(=O)Cl,CC(C)CC(CCc1cccs1)OS(C)(=O)=O
CCOC(=O)c1c(-c2ccc(C(=O)O)cc2)c(C#N)c(CC)n1C.Nc1ccccc1,CCOC(=O)c1c(-c2ccc(C(=O)Nc3ccccc3)cc2)c(C#N)c(CC)n1C
Nc1cc(F)c(Cl)c(F)c1.O=[N+]([O-])c1cccnc1Cl,O=[N+]([O-])c1cccnc1Nc1cc(F)c(Cl)c(F)c1
CCC1(C)CN(Cc2ccccc2)CCC1=O.[NH4+],CCC1(C)CN(Cc2ccccc2)CCC1N
O=C(O)COc1cccc([N+](=O)[O-])c1,Nc1cccc(OCC(=O)O)c1
C[CH](C)[Mg+].O=Cc1ccc(Br)cc1,CC(C)C(O)c1ccc(Br)cc1
CC(C)c1cc(C(=O)Cl)c(OCc2ccccc2)cc1OCc1ccccc1.CN(C)CCN1CCNCC1,CC(C)c1cc(C(=O)N2CCN(CCN(C)C)CC2)c(OCc2ccccc2)cc1OCc1ccccc1
CN=C=O.Nc1cc(CCl)ccn1,CNC(=O)Nc1cc(CCl)ccn1
BrCc1ccccc1.OCC1C2CCC(O2)C1Cc1cc(F)ccc1O,OCC1C2CCC(O2)C1Cc1cc(F)ccc1OCc1ccccc1
COc1ccc(CN(C)C)cc1C=O.O=C1Cc2ccccc2N1,COc1ccc(CN(C)C)cc1C=C1C(=O)Nc2ccccc21
CC(C)(C)c1nc2nc(C(=O)O)ccn2c1CC1CCCCC1.Nc1ccccc1,CC(C)(C)c1nc2nc(C(=O)Nc3ccccc3)ccn2c1CC1CCCCC1
CCOP(=O)(CC(=O)OC(C)(C)C)OCC.COC(=O)c1ccc(C)c(C=O)c1,COC(=O)c1ccc(C)c(/C=C/C(=O)OC(C)(C)C)c1
C=O.Cc1nc(-c2cccc(F)c2O)n(CCc2ccccc2)c(=O)c1-c1ccc2c(c1)CCCN2,Cc1nc(-c2cccc(F)c2O)n(CCc2ccccc2)c(=O)c1-c1ccc2c(c1)CCCN2C
O=C(O)c1ccccc1-c1cccc(Cl)c1.c1ccc2nc(N3CC4CNCC4C3)cnc2c1,O=C(c1ccccc1-c1cccc(Cl)c1)N1CC2CN(c3cnc4ccccc4n3)CC2C1
C#CCNC.O=C1Nc2cccnc2N(C(=O)Cl)c2ccccc21,C#CCN(C)C(=O)N1c2ccccc2C(=O)Nc2cccnc21
C[C@H](NC(=O)OC(C)(C)C)c1cccc(Oc2cc(Cl)ccc2[N+](=O)[O-])c1,C[C@H](NC(=O)OC(C)(C)C)c1cccc(Oc2cc(Cl)ccc2N)c1
COc1cc2ncnc(Nc3ccc(Cl)cc3)c2cc1OC(C)=O,COc1cc2ncnc(Nc3ccc(Cl)cc3)c2cc1O
COCCCOc1cc(C[C@@H](C[C@H](N=[N+]=[N-])[C@@H](O)C[C@H](C(=O)N[C@@H]2CCN(C)C2)C(C)C)C(C)C)ccc1OC,COCCCOc1cc(C[C@@H](C[C@H](N)[C@@H](O)C[C@H](C(=O)N[C@@H]2CCN(C)C2)C(C)C)C(C)C)ccc1OC
COc1ccc(CN(c2nccs2)S(=O)(=O)c2ccc3c(c2)OCCN3c2ccccc2C(O)CO)cc1,O=S(=O)(Nc1nccs1)c1ccc2c(c1)OCCN2c1ccccc1C(O)CO
CC1(C)CNCCN1S(C)(=O)=O.O=Cc1cc2nc(Cl)nc(N3CCOCC3)c2s1,CC1(C)CN(Cc2cc3nc(Cl)nc(N4CCOCC4)c3s2)CCN1S(C)(=O)=O
CCCCCCN1CCCC(CO)C1.COc1ccc(-c2sc3cc(OC)ccc3c2C(=O)c2ccc(O)cc2)cc1,CCCCCCN1CCCC(COc2ccc(C(=O)c3c(-c4ccc(OC)cc4)sc4cc(OC)ccc34)cc2)C1
COC(=O)c1ccc(SCc2ccccc2)cc1Nc1ccc(F)cc1,O=C(O)c1ccc(SCc2ccccc2)cc1Nc1ccc(F)cc1
CC(=O)Nc1ccc(C(=O)C2CCN(Cc3ccc(C(O)(C(F)(F)F)C(F)(F)F)cc3)CC2)cc1.[CH3][Mg+],CC(=O)Nc1ccc(C(C)(O)C2CCN(Cc3ccc(C(O)(C(F)(F)F)C(F)(F)F)cc3)CC2)cc1
NC(=O)C(Nc1cncc(Br)c1)c1ccccc1.OB(O)c1cc(Cl)ccc1F,NC(=O)C(Nc1cncc(-c2cc(Cl)ccc2F)c1)c1ccccc1
CCOC(=O)c1cc2ccccc2[nH]1,CCOC(=O)C1Cc2ccccc2N1
CC(=O)NCC(=O)O.COc1ccc(-n2nnnc2C(F)(F)F)cc1CN[C@H]1CCNC[C@H]1c1ccccc1,COc1ccc(-n2nnnc2C(F)(F)F)cc1CN[C@H]1CCN(C(=O)CNC(C)=O)C[C@H]1c1ccccc1
CN(C(=O)OC(C)(C)C)c1cc(Cl)ccc1[N+](=O)[O-].Oc1ccc(Oc2ccccc2)cc1,CN(C(=O)OC(C)(C)C)c1cc(Oc2ccc(Oc3ccccc3)cc2)ccc1[N+](=O)[O-]
Clc1ccc2c(c1)CC(N1CCNCC1)c1ccccc1O2.O=C1OCCN1CCCl,O=C1OCCN1CCN1CCN(C2Cc3cc(Cl)ccc3Oc3ccccc32)CC1
COC(=O)C[C@@H]1COc2cc(O[C@@H]3CCc4c(Oc5ccc(O[Si](C)(C)C(C)(C)C)c(C#N)c5)ccc(F)c43)ccc21,COC(=O)C[C@@H]1COc2cc(O[C@@H]3CCc4c(Oc5ccc(O)c(C#N)c5)ccc(F)c43)ccc21
CSCCC(CO)NC(=O)OC(C)(C)C.O=C1NC(=O)c2ccccc21,CSCCC(CN1C(=O)c2ccccc2C1=O)NC(=O)OC(C)(C)C
Cc1ccc(Cl)cc1.O=C(Cl)c1ccccc1,Cc1ccc(C(=O)c2ccccc2)cc1
O=[N+]([O-])c1cccc2c(Cl)nccc12,Nc1cccc2c(Cl)nccc12
COC(=O)CN.C[C@@H](NC(=O)OC(C)(C)C)C(=O)O,COC(=O)CNC(=O)[C@@H](C)NC(=O)OC(C)(C)C
CCOC(=O)c1cc2sc(-c3ccccc3)cc2[nH]1,O=C(O)c1cc2sc(-c3ccccc3)cc2[nH]1
CC(C)(C)OC(=O)C1(Cc2ccccc2)CC1,OCC1(Cc2ccccc2)CC1
ClCc1ccc(Cl)cc1.NCCN,NCCNCc1ccc(Cl)cc1
CC(C)(C)OC(=O)OC(=O)OC(C)(C)C.NC1=N[C@@]2(c3ccc(F)cc3F)CO[C@@H](CO)C[C@H]2CS1,CC(C)(C)OC(=O)NC1=N[C@@]2(c3ccc(F)cc3F)CO[C@@H](CO)C[C@H]2CS1
CC(C)(C)OC(=O)c1cc(C2CC2)c(OCC23CC4CC(CC(C4)C2)C3)cc1F,O=C(O)c1cc(C2CC2)c(OCC23CC4CC(CC(C4)C2)C3)cc1F
O=C1C[C@H](CSc2ccccc2)N1.O=S([O-])OO,O=C1C[C@H](CS(=O)c2ccccc2)N1
CC(C)(C)OC(=O)[C@@H]1C[C@H](O)CN1C(=O)OC(C)(C)C.CS(=O)(=O)Cl,CC(C)(C)OC(=O)[C@@H]1C[C@H](OS(C)(=O)=O)CN1C(=O)OC(C)(C)C
CC(C)(C)OC(=O)NCCC1CN(C(=O)OCc2cc(Cl)cc(Cl)c2)CCO1.CI,CN(CCC1CN(C(=O)OCc2cc(Cl)cc(Cl)c2)CCO1)C(=O)OC(C)(C)C
C#CC(C)(C)O.C1=COCCC1,C#CC(C)(C)OC1CCCCO1
CS(=O)(=O)Cl.NCc1ccc([N+](=O)[O-])cc1F,CS(=O)(=O)NCc1ccc([N+](=O)[O-])cc1F
O=Cc1c(-c2ccccc2)[nH]c2ccccc12,OCc1c(-c2ccccc2)[nH]c2ccccc12
CC(=O)OC(C)=O.N[C@H]1C[C@H](n2ccc(=O)[nH]c2=O)O[C@@H]1COC(c1ccccc1)(c1ccccc1)c1ccccc1,CC(=O)N[C@H]1C[C@H](n2ccc(=O)[nH]c2=O)O[C@@H]1COC(c1ccccc1)(c1ccccc1)c1ccccc1
Nn1nc(-c2ccc(Cl)cc2)c2ccccc2c1=O.O=C(O)Cc1ccc(Cl)cc1,O=C(Cc1ccc(Cl)cc1)Nn1nc(-c2ccc(Cl)cc2)c2ccccc2c1=O
CC(C)COC(=O)Cl.NCc1nn(NC(=O)Cc2ccc(Cl)cc2)c(=O)c2ccccc12,CC(C)COC(=O)NCc1nn(NC(=O)Cc2ccc(Cl)cc2)c(=O)c2ccccc12
CO.Nc1nc(CC(=O)O)cs1,COC(=O)Cc1csc(N)n1
CC1(C(=O)O)CC1.Fc1cnc(-c2c[nH]c3ncc(Cl)cc23)nc1N[C@H]1CCCNC1,CC1(C(=O)N2CCC[C@H](Nc3nc(-c4c[nH]c5ncc(Cl)cc45)ncc3F)C2)CC1
COCCCn1cc(CN(C(=O)[C@H]2CN(C(=O)OC(C)(C)C)CC[C@]2(O)c2ccc(F)c(F)c2)C2CC2)c2ccccc21,COCCCn1cc(CN(C(=O)C2CNCCC2(O)c2ccc(F)c(F)c2)C2CC2)c2ccccc21
CI.CN(C)C=NC1=NC(C)(c2ccc(Cl)c(Cl)c2)CC(=O)N1,CN(C)C=NC1=NC(C)(c2ccc(Cl)c(Cl)c2)CC(=O)N1C
CC(C)CC(=O)Cl.Cc1ccc(Oc2ccc3nc(NC(=O)C4CC4)nn3c2)cc1N,Cc1ccc(Oc2ccc3nc(NC(=O)C4CC4)nn3c2)cc1NC(=O)CC(C)C
Nc1nc(-c2ccccc2)c(Cc2ccccc2)s1.O=C(O)CCC(=O)c1ccc2c(c1)OCCCO2,O=C(CCC(=O)c1ccc2c(c1)OCCCO2)Nc1nc(-c2ccccc2)c(Cc2ccccc2)s1
CC(=O)OC(C)=O.Nc1nc(CCCCCNC(=O)COCc2ccc(F)cc2)cs1,CC(=O)Nc1nc(CCCCCNC(=O)COCc2ccc(F)cc2)cs1
COc1cc(C(CN2C(=O)c3ccccc3C2=O)Nc2ccc(C#N)cc2)c([N+](=O)[O-])cc1OCc1ccccc1,COc1cc(C(CN)Nc2ccc(C#N)cc2)c([N+](=O)[O-])cc1OCc1ccccc1
CCOCCBr.Cc1ccc(-c2c(O)nn(C)c2N)cc1,CCOCCOc1nn(C)c(N)c1-c1ccc(C)cc1
COC(=O)c1cc(CSc2ccccc2)cnc1C1=NC(C)(C(C)C)C(=O)N1.O=C(OO)c1cccc(Cl)c1,COC(=O)c1cc(CS(=O)c2ccccc2)cnc1C1=NC(C)(C(C)C)C(=O)N1
[N-]=[N+]=NCCC[C@H]1O[C@H](COCc2ccccc2)[C@@H](OCc2ccccc2)[C@H](OCc2ccccc2)[C@H]1OCc1ccccc1,NCCC[C@H]1O[C@H](COCc2ccccc2)[C@@H](OCc2ccccc2)[C@H](OCc2ccccc2)[C@H]1OCc1ccccc1
Cc1cn[nH]c1.Fc1cnccc1-c1nc2cc(C(F)(F)F)ccc2o1,Cc1cnn(-c2cnccc2-c2nc3cc(C(F)(F)F)ccc3o2)c1
CCC(Br)c1nc2[nH]nc(Br)c2c(=O)n1Cc1ccccc1.CN(C)CCN,CCC(NCCN(C)C)c1nc2[nH]nc(Br)c2c(=O)n1Cc1ccccc1
CCOC(=O)c1cc(-c2cc(Cl)ccc2F)on1,OCc1cc(-c2cc(Cl)ccc2F)on1
C=[CH][Sn]([CH2]CCC)([CH2]CCC)[CH2]CCC.Cn1nc(-c2nc(Cl)c(Cl)cc2F)c(Cl)c1OC(F)F,C=Cc1nc(-c2nn(C)c(OC(F)F)c2Cl)c(F)cc1Cl
CC[C@@H](C)[C@@]1(NC(C)=O)CCN([C@@H](CCc2ccccc2)C(=O)N[C@@H](Cc2cc(F)cc(F)c2)[C@H](O)[C@H]2C[C@H](Oc3ccccn3)CN2C(c2ccccc2)c2ccccc2)C1=O,CC[C@@H](C)[C@@]1(NC(C)=O)CCN([C@@H](CCc2ccccc2)C(=O)N[C@@H](Cc2cc(F)cc(F)c2)[C@H](O)[C@H]2C[C@@H](Oc3ccccn3)CN2)C1=O
BrCc1ccc2ccccc2n1.COC(=O)C(C)(C)Cc1c(Cc2ccc(Cl)cc2)c2ccc(O)cc2n1C,COC(=O)C(C)(C)Cc1c(Cc2ccc(Cl)cc2)c2ccc(OCc3ccc4ccccc4n3)cc2n1C
CC(C)(c1ccc(S(=O)(=O)Cl)cc1)c1cocn1.Nc1ccc(Cl)cc1C(=O)c1ccncc1,CC(C)(c1ccc(S(=O)(=O)Nc2ccc(Cl)cc2C(=O)c2ccncc2)cc1)c1cocn1
BrCC1CC1.c1ccc(COC[C@H]2NC[C@@H](OCc3ccccc3)[C@@H]2OCc2ccccc2)cc1,c1ccc(COC[C@@H]2[C@@H](OCc3ccccc3)[C@H](OCc3ccccc3)CN2CC2CC2)cc1
Cc1cc(C2CC2)cnc1N1CCNCC1.O=C(O)c1ccc(Br)nc1,Cc1cc(C2CC2)cnc1N1CCN(C(=O)c2ccc(Br)nc2)CC1
CN1Cc2c(C3CCC(O)CC3)ccc(N)c2C1=O.O=P1(Cc2ccc(Nc3ncc(C(F)(F)F)c(Cl)n3)cc2)OCCCO1,CN1Cc2c([C@@H]3CC[C@@H](O)CC3)ccc(Nc3nc(Nc4ccc(CP5(=O)OCCCO5)cc4)ncc3C(F)(F)F)c2C1=O
Cc1cc(CNC2CCCCC2)ccc1OCC(=O)OC(C)(C)C.O=C(CBr)Nc1ccc(Cl)cc1Cl,Cc1cc(CN(CC(=O)Nc2ccc(Cl)cc2Cl)C2CCCCC2)ccc1OCC(=O)OC(C)(C)C
Cc1cc(C[C@@H](OC(=O)N2CCC(N3CCc4ccccc4NC3=O)CC2)C(=O)N2CCC(C3CCN(CC(=O)O)CC3)CC2)cc(C)c1O.O=C1CCCN1CCO,Cc1cc(C[C@@H](OC(=O)N2CCC(N3CCc4ccccc4NC3=O)CC2)C(=O)N2CCC(C3CCN(CC(=O)OCCN4CCCC4=O)CC3)CC2)cc(C)c1O
Nc1cncc(CCN2CCCC2)c1.O=C(c1cnc2ccc(Br)cc2c1Cl)C1CC1,O=C(c1cnc2ccc(Br)cc2c1Nc1cncc(CCN2CCCC2)c1)C1CC1
CC(C)(C)OC(=O)NC[C@H]1CC[C@H](CN)CC1.O=S(=O)(Cl)c1ccc2ccccc2c1,CC(C)(C)OC(=O)NC[C@@H]1CC[C@@H](CNS(=O)(=O)c2ccc3ccccc3c2)CC1
CC(C)(C)OC(=O)Nc1cccc(NC2CC2)c1.N#CSc1nc(Cl)ncc1[N+](=O)[O-],CC(C)(C)OC(=O)Nc1cccc(N(c2ncc([N+](=O)[O-])c(SC#N)n2)C2CC2)c1
CCN(C)S(=O)(=O)Nc1cccc(C(=O)OC)c1F,CCN(C)S(=O)(=O)Nc1cccc(CO)c1F
CCOC(=O)c1ccc(NS(C)(=O)=O)cc1,CS(=O)(=O)Nc1ccc(C(=O)O)cc1
CC(=O)Nc1nc(Cl)c(NC=O)c(Cl)n1.N[C@H]1C=C[C@@H](CO)C1,CC(=O)Nc1nc(Cl)c(NC=O)c(N[C@@H]2C=C[C@H](CO)C2)n1
CCCCCOC(=O)c1cc(C2CCC(=O)CC2)ccc1O,CCCCCOC(=O)c1cc([C@@H]2CC[C@@H](O)CC2)ccc1O
CC(C)(C)OC(=O)OC(=O)OC(C)(C)C.CC(C)(N)c1ccc([N+](=O)[O-])cc1,CC(C)(C)OC(=O)NC(C)(C)c1ccc([N+](=O)[O-])cc1
CC(C)(C)OC(=O)c1ccccc1I.CC1(C)OB(c2ccc(CCCO)cc2)OC1(C)C,CC(C)(C)OC(=O)c1ccccc1-c1ccc(CCCO)cc1
N[C@H]1CN2CCC1CC2.O=C(O)c1ccc(Sc2ccc(Cl)cc2)s1,O=C(N[C@H]1CN2CCC1CC2)c1ccc(Sc2ccc(Cl)cc2)s1
COC(=O)[C@](C)(NC(=O)c1cc2ccccc2cc1NC(=O)Nc1c(Cl)cc(OC(F)(F)F)cc1Cl)C1CCCCC1,C[C@](NC(=O)c1cc2ccccc2cc1NC(=O)Nc1c(Cl)cc(OC(F)(F)F)cc1Cl)(C(=O)O)C1CCCCC1
Ic1ccc(-n2c3ccccc3c3ccccc32)cc1.Nc1ccccc1,c1ccc(Nc2ccc(-n3c4ccccc4c4ccccc43)cc2)cc1
CCCCNC(=O)[C@H](C)C[C@H](O)[C@H](Cc1cccc(OCCCCCC(=O)O)c1)NC(=O)[C@H](C)[NH3+],CCCCNC(=O)[C@H](C)C[C@H](O)[C@@H]1Cc2cccc(c2)OCCCCCC(=O)N[C@@H](C)C(=O)N1
CC(C)(C)OC(=O)N1CC2Cn3c(cccc3=O)C2C1,O=c1cccc2n1CC1CNCC21
CC(C)(C)OC(=O)N1CCN(Cc2cccc(-c3cccc(CN)c3)c2)CC1.CCc1nc2c(cnn2CC)c(NC2CCOCC2)c1CNC(=O)c1ccc(C(=O)O)cc1,CCc1nc2c(cnn2CC)c(NC2CCOCC2)c1CNC(=O)c1ccc(C(=O)NCc2cccc(-c3cccc(CN4CCN(C(=O)OC(C)(C)C)CC4)c3)c2)cc1
Cc1ccc(Br)cc1.Cc1cccc(Cl)c1N,Cc1ccc(Nc2c(C)cccc2Cl)cc1
CC[O-].Clc1ccc2c(c1)c(-c1ccccc1)nn1c(Cl)nnc21,CCOc1nnc2c3ccc(Cl)cc3c(-c3ccccc3)nn12
N#Cc1ccnc(-n2nccc2O)c1.OCc1ccc(Cl)c(OCc2ccc(F)cc2)c1,N#Cc1ccnc(-n2nccc2OCc2ccc(Cl)c(OCc3ccc(F)cc3)c2)c1
O=C(NC(=S)Nc1cc(Br)c(F)cc1F)c1ccccc1,NC(=S)Nc1cc(Br)c(F)cc1F
COc1cccc(-c2nc(COc3ccc(F)c(C(N)=O)c3F)sc2Br)c1,COc1cccc(-c2csc(COc3ccc(F)c(C(N)=O)c3F)n2)c1
CN=C=O.Oc1ccc2onc(NCCN3CCOCC3)c2c1,CNC(=O)Oc1ccc2onc(NCCN3CCOCC3)c2c1
CCOC(=O)C(=O)N1CCN(C(=O)CC(O)C[C@H]2O[C@H](c3cccc(OC)c3OC)c3cc(Cl)ccc3-n3cccc32)CC1,COc1cccc([C@H]2O[C@H](CC(O)CC(=O)N3CCN(C(=O)C(=O)O)CC3)c3cccn3-c3ccc(Cl)cc32)c1OC
O=C1CCC2=C(CCc3cc(F)ccc32)N1,Fc1ccc2c(c1)CCC1=C2CCCN1
CC(C)(C)OC(=O)NC1CCNCC1.O=C(NCCBr)OCc1ccccc1,CC(C)(C)OC(=O)NC1CCN(CCNC(=O)OCc2ccccc2)CC1
CC1(NCc2ccc(C(F)(F)F)nc2)CCNCC1.O=CCn1c(=O)ccc2ncc(F)cc21,CC1(NCc2ccc(C(F)(F)F)nc2)CCN(CCn2c(=O)ccc3ncc(F)cc32)CC1
Cc1cccc(-c2cc(N)on2)c1.O=C(O)Cn1cnc2ccccc21,Cc1cccc(-c2cc(NC(=O)Cn3cnc4ccccc43)on2)c1
CC(C)(C)c1ccc(C(=O)Cl)cc1.CSc1nc(N)cc(N)n1,CSc1nc(N)cc(NC(=O)c2ccc(C(C)(C)C)cc2)n1
BrCCOc1ccccc1.Cc1ccc(N)c([N+](=O)[O-])c1,Cc1ccc(NCCOc2ccccc2)c([N+](=O)[O-])c1
COC(=O)c1c(O)ccc2cc(C(=N)N)ccc12.NN=CNc1ccc(C(=O)O)cc1,COC(=O)c1c(OC(=O)c2ccc(NC=NN)cc2)ccc2cc(C(=N)N)ccc12
C1CCNCC1.CC(C)(C)OC(=O)c1nc(-c2ccc(C(F)(F)F)cc2)oc1-c1cccnc1Cl,CC(C)(C)OC(=O)c1nc(-c2ccc(C(F)(F)F)cc2)oc1-c1cccnc1N1CCCCC1
CC(C)(C)OC(=O)N[C@@H]1CC=CCCC(=O)N[C@H](c2ccccc2)CCOC1=O,N[C@@H]1CC=CCCC(=O)N[C@H](c2ccccc2)CCOC1=O
CS(=O)(=O)OCC[C@@H]1OCCc2cc(N3CCNC3=O)ccc21.C[C@@H]1CN(c2csc3cc(C#N)ccc23)CCN1,C[C@@H]1CN(c2csc3cc(C#N)ccc23)CCN1CC[C@@H]1OCCc2cc(N3CCNC3=O)ccc21
CCc1ccc(-c2cnc(N)cn2)c(F)c1O.Nc1ccnc(Cl)n1,CCc1ccc(-c2cnc(N)cn2)c(F)c1Oc1nccc(N)n1
CCOC(=O)Cn1c(C)cccc1=O.NN,Cc1cccc(=O)n1CC(=O)NN
COC(=O)c1ccc2[nH]nc(-c3cccc(F)c3)c2c1.ClC(c1ccccc1)(c1ccccc1)c1ccccc1,COC(=O)c1ccc2c(c1)c(-c1cccc(F)c1)nn2C(c1ccccc1)(c1ccccc1)c1ccccc1
C[C@@H]1CC2=CC(=O)CC[C@]2(CO)[C@H]2CC[C@]3(C)[C@@H](O)CC[C@H]3[C@H]12,C[C@@H]1CC2=C[C@H](O)CC[C@]2(CO)[C@H]2CC[C@]3(C)[C@@H](O)CC[C@H]3[C@H]12
Cc1cc(OCCO)c(OCCO)cc1-c1cccc(CO)c1C,Cc1cc(OCCO)c(OCCO)cc1-c1cccc(C=O)c1C
CC(C)N.O=CCC1(O)CN(C(=O)c2ccc(F)c(F)c2Nc2ccc(I)cc2F)C1,CC(C)NCCC1(O)CN(C(=O)c2ccc(F)c(F)c2Nc2ccc(I)cc2F)C1
CCCC[C@]1(CC)CS(=O)(=O)c2cc(CBr)c(OC)cc2[C@H](c2ccccc2)N1.CCOP(OCC)OCC,CCCC[C@]1(CC)CS(=O)(=O)c2cc(CP(=O)(OCC)OCC)c(OC)cc2[C@H](c2ccccc2)N1
COc1ccccc1OCCBr.O=C(NC1CCNCC1)c1ccccc1,COc1ccccc1OCCN1CCC(NC(=O)c2ccccc2)CC1
CC(C)(C)OC(=O)N1CCNCC1.O=C(Cl)c1ccc([N+](=O)[O-])o1,CC(C)(C)OC(=O)N1CCN(C(=O)c2ccc([N+](=O)[O-])o2)CC1
CC(C)(C)OC(=O)CBr.Oc1cccc(Br)c1,CC(C)(C)OC(=O)COc1cccc(Br)c1
C=Cc1ccc(C(=O)OC(C)(C)C)c(Nc2ccc(F)cc2)c1.COc1cccc(I)c1,COc1cccc(/C=C/c2ccc(C(=O)OC(C)(C)C)c(Nc3ccc(F)cc3)c2)c1
C[C@]1(CN=[N+]=[N-])COc2cccc(-c3ccccc3Cl)c2O1,C[C@]1(CN)COc2cccc(-c3ccccc3Cl)c2O1
C1COCCN1.CC(C)(C)OC(=O)N[C@@H](Cc1ccc(F)cc1)C(=O)O,CC(C)(C)OC(=O)N[C@@H](Cc1ccc(F)cc1)C(=O)N1CCOCC1
O=C(O)C(CC1CCCCC1)c1ccc(OCc2ccc3ccccc3n2)cc1,OCC(CC1CCCCC1)c1ccc(OCc2ccc3ccccc3n2)cc1
CCC(C(=O)O)c1cccc2cnccc12.NCc1ccc(SC(F)(F)F)cc1,CCC(C(=O)NCc1ccc(SC(F)(F)F)cc1)c1cccc2cnccc12
Brc1ccc(I)cc1.CC1(C)OB(/C(=C\C2CCCC2)CO)OC1(C)C,OC/C(=C/C1CCCC1)c1ccc(Br)cc1
CCOC(CCn1c(-c2ccc(F)cc2)c(-c2ccccc2)c(C(=O)Nc2ccccc2)c1C(C)C)OCC,CC(C)c1c(C(=O)Nc2ccccc2)c(-c2ccccc2)c(-c2ccc(F)cc2)n1CCC=O
CC(O)C1=CCN(Cc2ccccc2)CC1,CC(=O)C1=CCN(Cc2ccccc2)CC1
CCCCC(=O)CC(=O)OC.CCCCN,CCCCNC(=O)CC(=O)CCCC
O=Cc1cc(OCc2ccccc2)ccc1OCc1ccccc1,O=Cc1cc(OCc2ccccc2)ccc1O
NCc1cccc2c1C(=O)N(C1CCC(=O)NC1=O)C2=O.O=C=Nc1ccccc1,O=C1CCC(N2C(=O)c3cccc(CNC(=O)Nc4ccccc4)c3C2=O)C(=O)N1
O=S(=O)(c1ccc(Cl)cc1)C(F)(F)F.Oc1ccc(Cl)c(Cl)c1,O=S(=O)(c1ccc(Oc2ccc(Cl)c(Cl)c2)cc1)C(F)(F)F
CC(C)(C)OC(=O)N1CC[C@@H](O)[C@H]1COCc1ccccc1.O=C(O)c1ccccc1,CC(C)(C)OC(=O)N1CC[C@H](OC(=O)c2ccccc2)[C@H]1COCc1ccccc1
COC(=O)[C@H]1CN(C(=O)OC(C)(C)C)CC[C@H]1CCC(=O)c1c(F)cnc2ccc(OC)cc12,COC(=O)[C@H]1CNCC[C@H]1CCC(=O)c1c(F)cnc2ccc(OC)cc12
CC(C)(C)OC(=O)Nc1cnc(CCC#N)cn1,N#CCCc1cnc(N)cn1
CCOc1ccsc1C1=N[C@@H](c2ccc(Cl)cc2)[C@@H](c2ccc(Cl)cc2)N1C(=O)Cl.Cc1noc(C)c1C(=O)N1CCNCC1,CCOc1ccsc1C1=N[C@@H](c2ccc(Cl)cc2)[C@@H](c2ccc(Cl)cc2)N1C(=O)N1CCN(C(=O)c2c(C)noc2C)CC1
CC(C)(C)c1ccc(CBr)cc1.[C-]#N,CC(C)(C)c1ccc(CC#N)cc1
CC(C)(C)OC(=O)NN.O=C(O)Cc1cc(=O)oc2cc(O)ccc12,CC(C)(C)OC(=O)NNC(=O)Cc1cc(=O)oc2cc(O)ccc12
Cc1cccc(N=C=S)c1.Nc1ccc(-c2cccc3c2CNC3=O)cc1,Cc1cccc(NC(=S)Nc2ccc(-c3cccc4c3CNC4=O)cc2)c1
CC(C)(C)OC(=O)NC1(C(=O)NC2(c3ncc(I)cn3)CC2)CC1,NC1(C(=O)NC2(c3ncc(I)cn3)CC2)CC1
COc1ccc(Cl)cc1C(=O)/N=c1\sc(C(C)(C)C)cn1C[C@@H]1CCN1C(=O)OC(C)(C)C,COc1ccc(Cl)cc1C(=O)/N=c1\sc(C(C)(C)C)cn1C[C@H]1CCN1
Cc1ccc(NC(=O)c2ccc([N+](=O)[O-])c(NCCO)c2)cc1C,Cc1ccc(NC(=O)c2ccc(N)c(NCCO)c2)cc1C
CCOC(=O)CCNC.Cc1c(C(Nc2ccc(C(=O)O)nc2)C2CCCCC2)oc2ccc(F)cc12,CCOC(=O)CCN(C)C(=O)c1ccc(NC(c2oc3ccc(F)cc3c2C)C2CCCCC2)cn1
CN(CCN1CCOCC1)C(=O)c1cccc(C(=O)Cl)c1.Nc1ccc(N2CCCCC2)cc1C(=O)Nc1nc(-c2cccc(C(F)(F)F)c2)cs1,CN(CCN1CCOCC1)C(=O)c1cccc(C(=O)Nc2ccc(N3CCCCC3)cc2C(=O)Nc2nc(-c3cccc(C(F)(F)F)c3)cs2)c1
O=C(O)c1ccc(F)c([N+](=O)[O-])c1,O=[N+]([O-])c1cc(CO)ccc1F
CS(=O)(=O)Cl.Cc1cc(CN(CCC(C)C)C(=O)OC(C)(C)C)ccc1-c1ccc(N)cc1,Cc1cc(CN(CCC(C)C)C(=O)OC(C)(C)C)ccc1-c1ccc(NS(C)(=O)=O)cc1
C[C@H]1[C@@H](c2ccccc2)OC(=O)CCC=CC[C@@H](CC(=O)OC(C)(C)C)C(=O)N1C,C[C@H]1[C@@H](c2ccccc2)OC(=O)CCC=CC[C@@H](CC(=O)O)C(=O)N1C
CNC(=O)c1c(C)[nH]c2cc(O)ccc12.O=C(c1cc2nccc(Cl)c2s1)N1CC[C@@H](O)C1,CNC(=O)c1c(C)[nH]c2cc(Oc3ccnc4cc(C(=O)N5CCC(O)C5)sc34)ccc12
COC(=O)c1ccc(F)c(-n2c(C)cc(O)cc2=O)c1.Fc1ccc(CBr)c(F)c1,COC(=O)c1ccc(F)c(-n2c(C)cc(OCc3ccc(F)cc3F)cc2=O)c1
CCCCC1CN(CCc2ccccc2)CCC1=O.NO,CCCCC1CN(CCc2ccccc2)CCC1=NO
O=C=Nc1ccccc1.c1cc(-c2ccc3c(c2)CCN3)ccn1,O=C(Nc1ccccc1)N1CCc2cc(-c3ccncc3)ccc21
CC(C)(C)OC(=O)N1CC[C@@H](O)C1.O=C(O)[C@](O)(c1ccccc1)C1CCCC1,CC(C)(C)OC(=O)N1CC[C@@H](OC(=O)[C@](O)(c2ccccc2)C2CCCC2)C1
CC(=O)Cl.Cc1ccc(-c2c(CNC(=O)OC(C)(C)C)c(CC(C)C)nc3ccc(N)cc23)cc1,CC(=O)Nc1ccc2nc(CC(C)C)c(CNC(=O)OC(C)(C)C)c(-c3ccc(C)cc3)c2c1
O=[N+]([O-])c1ccc(F)cc1.c1c[nH]cn1,O=[N+]([O-])c1ccc(-n2ccnc2)cc1
CI.Cc1c2ccc(Nc3ccnc(Cl)n3)cc2nn1C,Cc1c2ccc(N(C)c3ccnc(Cl)n3)cc2nn1C
CCOC(=O)/C=C/c1cn(C)c2ccccc12.C[S+](C)(C)=O,CCOC(=O)[C@@H]1C[C@H]1c1cn(C)c2ccccc12
C=C(C)c1cccc(C#N)c1,CC(C)c1cccc(C#N)c1
COc1ccc(CNc2nc(Cl)nc3sc(Cl)cc23)cc1Cl.Cc1ncc[nH]1,COc1ccc(CNc2nc(-n3ccnc3C)nc3sc(Cl)cc23)cc1Cl
COc1cc(C(=O)O)ccc1Nc1ncc2c(n1)N(C1CCCCC1)CC(F)(F)C(=O)N2C.CS(=O)(=O)N1CCC(N)CC1,COc1cc(C(=O)NC2CCN(S(C)(=O)=O)CC2)ccc1Nc1ncc2c(n1)N(C1CCCCC1)CC(F)(F)C(=O)N2C
Brc1cccc(Br)n1.CCC[CH2][Sn]([CH2]CCC)([CH2]CCC)[c]1ccccn1,Brc1cccc(-c2ccccn2)n1
CC(C)(C)OC(=O)Nc1nc2cc(OS(=O)(=O)c3c(Cl)cccc3Cl)ccc2[nH]1,Nc1nc2cc(OS(=O)(=O)c3c(Cl)cccc3Cl)ccc2[nH]1
CCCCC(=O)c1oc2cc(C(F)(F)F)ccc2c1C.CCOC(=O)CP(=O)(OCC)OCC,CCCCC(=CC(=O)OCC)c1oc2cc(C(F)(F)F)ccc2c1C
COCCOc1cccc(N)c1.Fc1ccc(Oc2ccc(Cl)nc2)cc1,COCCOc1cccc(Nc2ccc(Oc3ccc(F)cc3)cn2)c1
O=C1Nc2cccc(Br)c2C1(O)c1cc2c(cc1O)OCC2,O=C1Nc2cccc(Br)c2C1c1cc2c(cc1O)OCC2
Nc1cc(Cl)sc1S(N)(=O)=O.S=C=NCC1CCCCC1,Nc1cc(Cl)sc1S(=O)(=O)NC(=S)NCC1CCCCC1
CCOC(=O)CN1C[C@@H]2CCC[C@@H]2C1=O.N,NC(=O)CN1C[C@@H]2CCC[C@@H]2C1=O
Nc1ccc2c(c1)C1(OCCCO1)C1=NCCCN12.O=C(Cl)c1ccccc1,O=C(Nc1ccc2c(c1)C1(OCCCO1)C1=NCCCN12)c1ccccc1
Cc1nc(N)ccc1COCCF.O=S(=O)(Cl)c1cccc(C(F)(F)F)c1,Cc1nc(NS(=O)(=O)c2cccc(C(F)(F)F)c2)ccc1COCCF
CC(C)(C)OC(=O)NCCC=O.O=C(OCc1cc(Cl)cc(Cl)c1)N1CCNCC1,CC(C)(C)OC(=O)NCCCN1CCN(C(=O)OCc2cc(Cl)cc(Cl)c2)CC1
Oc1ccccc1-c1cnccc1Cl,c1ccc2c(c1)oc1ccncc12
CCOC(=O)CBr.CCOC(=O)N1CCN(C(=O)[C@H](CCO)NC(=O)c2cc(OC3CCCC3)nc(-c3ccccc3)n2)CC1,CCOC(=O)COCC[C@H](NC(=O)c1cc(OC2CCCC2)nc(-c2ccccc2)n1)C(=O)N1CCN(C(=O)OCC)CC1
COC(=O)c1cnc(Cl)c(N)c1.COCC(=O)Cl,COCC(=O)Nc1cc(C(=O)OC)cnc1Cl
CSc1ccc2ccc3ccccc3c(=O)c2c1,CSc1ccc2c(c1)C(O)c1ccccc1C=C2
CCOC(=O)CC1CCC(=O)CC1.O=C(CNc1ncnc2ccc(C(F)(F)F)cc12)NC1CNC1,CCOC(=O)CC1CCC(N2CC(NC(=O)CNc3ncnc4ccc(C(F)(F)F)cc34)C2)CC1
BrCc1cccc(CBr)c1.O=S1(=O)Nc2ccccc2N1c1ccccc1F,O=S1(=O)N(Cc2cccc(CBr)c2)c2ccccc2N1c1ccccc1F
C=CC(=O)N(C)C.CCc1nc2c(N)nc3cc(Br)ccc3c2n1CC1CCOCC1,CCc1nc2c(N)nc3cc(/C=C/C(=O)N(C)C)ccc3c2n1CC1CCOCC1
CN1CCNCC1.Clc1ccc2nc(Cl)c(Cl)nc2c1,CN1CCN(c2nc3ccc(Cl)cc3nc2Cl)CC1
CC(=O)c1ccccc1B(O)O.O=C(c1csc(Br)n1)N1CCCC2CCCCC21,CC(=O)c1ccccc1-c1nc(C(=O)N2CCCC3CCCCC32)cs1
Cc1cccc(CBr)c1C.Cc1nc2c(Br)cc(N3CCOCC3)cc2[nH]1,Cc1cccc(Cn2c(C)nc3c(Br)cc(N4CCOCC4)cc32)c1C
CC(C)I.CS(=O)(=O)c1cccc2c1Sc1ccc(O)cc1N2,CC(C)Oc1ccc2c(c1)Nc1cccc(S(C)(=O)=O)c1S2
CC(C)C[C@H](NC(=O)c1cc2ccccc2s1)C(=O)NCCC1CSCCN1C(=O)OC(C)(C)C,CC(C)C[C@H](NC(=O)c1cc2ccccc2s1)C(=O)NCCC1CSCCN1
CCOC(=O)c1cn([C@@H]2C[C@@H]2F)c2c(C)c(F)c(F)c([N+](=O)[O-])c2c1=O,CCOC(=O)c1cn([C@@H]2C[C@@H]2F)c2c(C)c(F)c(F)c(N)c2c1=O
COC(=O)C(C)(C)C(C)Nc1c(C(N)=O)cnn2cc(-c3ccccc3)cc12,CC(Nc1c(C(N)=O)cnn2cc(-c3ccccc3)cc12)C(C)(C)C(=O)O
COC[P+](c1ccccc1)(c1ccccc1)c1ccccc1.O=Cc1ccc(Cl)cc1C(=O)O,COC=Cc1ccc(Cl)cc1C(=O)O
CCOC(=O)C1CN(C(=O)OC(C)(C)C)CCC1C,CC1CCN(C(=O)OC(C)(C)C)CC1CO
CCOC(=O)c1ccc(N(CC)CCCc2ccc(Cl)cc2)cc1,CCN(CCCc1ccc(Cl)cc1)c1ccc(C(=O)O)cc1
CCN1C(=O)C(C)(C)C(=O)N(C)c2cc(CNCCc3cccnc3)ccc21.Cn1cc(CC(=O)O)c2ccccc21,CCN1C(=O)C(C)(C)C(=O)N(C)c2cc(CN(CCc3cccnc3)C(=O)Cc3cn(C)c4ccccc34)ccc21
CS(=O)(=O)c1ccc(C(CC2CCCO2)C(=O)CCC(=O)c2ccccn2)cc1.[NH4+],CS(=O)(=O)c1ccc(C(CC2CCCO2)c2ccc(-c3ccccn3)[nH]2)cc1
Cc1cc(F)c([N+](=O)[O-])cc1OCc1ccccc1,Cc1cc(F)c(N)cc1OCc1ccccc1
O=C(Cl)CCl.c1ccc2c(c1)CCO2,O=C(CCl)c1ccc2c(c1)CCO2
COC(=O)C1(NC(=O)c2sc(-c3ccc(OC)cc3)cc2NC(=O)Nc2c(C)cc(C)cc2C)CCC1,COc1ccc(-c2cc(NC(=O)Nc3c(C)cc(C)cc3C)c(C(=O)NC3(C(=O)O)CCC3)s2)cc1
CC(C)(C)OC(=O)c1ccc(-c2ccccc2)cc1N.O=C(O)c1ccc(-c2ccccc2)nc1,CC(C)(C)OC(=O)c1ccc(-c2ccccc2)cc1NC(=O)c1ccc(-c2ccccc2)nc1
COC(=O)c1ccc(-c2ccc(OC)c(B3OC(C)(C)C(C)(C)O3)c2)c(C)c1.C[C@H]1[C@@H](c2cc(C(F)(F)F)cc(C(F)(F)F)c2)OC(=O)N1Cc1cc(Cl)ccc1Br,COC(=O)c1ccc(-c2ccc(OC)c(-c3ccc(Cl)cc3CN3C(=O)O[C@H](c4cc(C(F)(F)F)cc(C(F)(F)F)c4)[C@@H]3C)c2)c(C)c1
Brc1ccc(Cn2ccnc2)cn1.Nc1cccc(B(O)O)c1,Nc1cccc(-c2ccc(Cn3ccnc3)cn2)c1
O=[N+]([O-])C1(C(O)c2cc(Cl)cc(Cl)c2)CCCCC1,NC1(C(O)c2cc(Cl)cc(Cl)c2)CCCCC1
Nc1ccn(CCCO)n1.O=C(O)[C@H](CC1CCCC1)N1Cc2ccccc2C1=O,O=C(Nc1ccn(CCCO)n1)[C@H](CC1CCCC1)N1Cc2ccccc2C1=O
CCCCNc1cccc(CO)c1.O=C(Br)CBr,CCCCN(C(=O)CBr)c1cccc(CO)c1
COc1cc2nccc(Oc3ccc(N)c([N+](=O)[O-])c3)c2cc1OC.Cc1cccc(C(=O)N=C=S)c1,COc1cc2nccc(Oc3ccc(NC(=S)NC(=O)c4cccc(C)c4)c([N+](=O)[O-])c3)c2cc1OC
C=CC(=O)Cl.COCCOc1c(F)cc(Nc2nc(Oc3cccc(N)c3)c3cc[nH]c3n2)cc1F,C=CC(=O)Nc1cccc(Oc2nc(Nc3cc(F)c(OCCOC)c(F)c3)nc3[nH]ccc23)c1
CC1(C)OCC(CO)O1.CCC[CH2][Sn](/[CH]=C/CBr)([CH2]CCC)[CH2]CCC,CCC[CH2][Sn](/[CH]=C/COCC1COC(C)(C)O1)([CH2]CCC)[CH2]CCC
CCOC(=O)[C@]12C[C@H]1CCN2.N,NC(=O)[C@]12C[C@H]1CCN2
Nc1c([N+](=O)[O-])cc(Cl)c(Cl)c1Cl,Nc1cc(Cl)c(Cl)c(Cl)c1N
C#CCN1CCOCC1.CCOC(=O)COc1ccc(Sc2cc(Br)cc(Oc3ccc(C(F)(F)F)cn3)c2)cc1C,CCOC(=O)COc1ccc(Sc2cc(C#CCN3CCOCC3)cc(Oc3ccc(C(F)(F)F)cn3)c2)cc1C
CCOC(=O)c1ccc2c(c1)CCC2NCCc1c[nH]c2ccccc12.CS(=O)(=O)Cl,CCOC(=O)c1ccc2c(c1)CCC2N(CCc1c[nH]c2ccccc12)S(C)(=O)=O
COC(=O)[C@@H](N)CO.O=C(O)[C@H]1CCCN1C(=O)OCc1ccccc1,COC(=O)[C@H](CO)NC(=O)[C@H]1CCCN1C(=O)OCc1ccccc1
N[C@H]1C[C@@H](n2cnc3c(NCC(c4ccccc4)c4ccccc4)nc(Cl)nc32)[C@H](O)[C@@H]1O.O=C(O)C1CCC1,O=C(N[C@H]1C[C@@H](n2cnc3c(NCC(c4ccccc4)c4ccccc4)nc(Cl)nc32)[C@H](O)[C@@H]1O)C1CCC1
Brc1cccnc1.CCOC(=O)c1cc2ccccc2[nH]1,CCOC(=O)c1cc2ccccc2n1-c1cccnc1
CNC.C[C@@H](Nc1ncnc2[nH]c(-c3cccc(CNC(=O)CCl)c3)cc12)c1ccccc1,C[C@@H](Nc1ncnc2[nH]c(-c3cccc(CNC(=O)CN(C)C)c3)cc12)c1ccccc1
C1COCCN1.O=C(Cl)c1ccc2c(c1)COC2=O,O=C1OCc2cc(C(=O)N3CCOCC3)ccc21
CCC(=O)Cl.O=C(NC1CCNCC1)c1c[nH]c2c(-c3c(OCC4CC4)ccc4c3OCO4)ncnc12,CCC(=O)N1CCC(NC(=O)c2c[nH]c3c(-c4c(OCC5CC5)ccc5c4OCO5)ncnc23)CC1
Cc1cc(C(=O)Cl)ccc1OC(C)C,Cc1cc(C=O)ccc1OC(C)C
CCOC(=O)COc1ccc(C2=NNC(=O)NC2C)cc1Cl.NN,CC1NC(=O)NN=C1c1ccc(OCC(=O)NN)c(Cl)c1
O=C1c2c(OCc3ccccc3)c(=O)nc(CC3(c4cccc5ccccc45)CCCC3)n2CCN1C1CCOCC1,O=C1c2c(O)c(=O)nc(CC3(c4cccc5ccccc45)CCCC3)n2CCN1C1CCOCC1
CCCI.CCOC(=O)c1nc(S)[nH]c1C(=O)OCC,CCCSc1nc(C(=O)OCC)c(C(=O)OCC)[nH]1
O=C(NCCCl)NCCNC(=O)c1nnn(-c2ccc(C(=O)NCC(F)(F)F)cc2)c1CCCCCF,O=C(NCC(F)(F)F)c1ccc(-n2nnc(C(=O)NCCN3CCNC3=O)c2CCCCCF)cc1
C1CCNC1.CN(C)c1ccc(-c2cc(=O)c3c(NCCCCCCBr)c(F)cc(F)c3o2)cc1F,CN(C)c1ccc(-c2cc(=O)c3c(NCCCCCCN4CCCC4)c(F)cc(F)c3o2)cc1F
CC(C)=NNC(=O)c1ccc(Cl)cc1.CN=C=O,CNC(=O)N(N=C(C)C)C(=O)c1ccc(Cl)cc1
Cc1csc2ncnc(Cl)c12.NC1Cc2ccccc2C1,Cc1csc2ncnc(NC3Cc4ccccc4C3)c12
CC(C)(C)OC(=O)NCC(=O)c1ccsc1,NCC(=O)c1ccsc1
O=[N+]([O-])c1ccc(COCCn2ccnn2)cc1,Nc1ccc(COCCn2ccnn2)cc1
CC(C)(C)OC(=O)NCc1cccc(CO)c1.O=C(Nc1cccc2c1C(=O)NC2=O)c1ccc(Cl)s1,CC(C)(C)OC(=O)NCc1cccc(CN2C(=O)c3cccc(NC(=O)c4ccc(Cl)s4)c3C2=O)c1
Clc1ccc(OCc2ccccc2)cc1CBr.O=C(Nc1cc[nH]n1)c1c(F)cccc1F,O=C(Nc1ccn(Cc2cc(OCc3ccccc3)ccc2Cl)n1)c1c(F)cccc1F
CCOCCCl.COC(=O)c1ccc(OCc2ccccc2)c(-c2ccc(O)cc2)c1,CCOCCOc1ccc(-c2cc(C(=O)OC)ccc2OCc2ccccc2)cc1
CCOC(=O)C1(C=O)CC1.CC[C@H](N)c1ccccc1.[C-]#N,CCOC(=O)C1(C(C#N)N[C@@H](CC)c2ccccc2)CC1
CC(C)(C)[Si](C)(C)OCCCBr.O=C1NCCN1,CC(C)(C)[Si](C)(C)OCCCN1CCNC1=O
N.NC(=O)c1ncn2c(=O)n(CCC(=O)O)nnc12,NC(=O)CCn1nnc2c(C(N)=O)ncn2c1=O
CC(=O)O.Nc1ccc(Sc2cnc(N)s2)cc1,CC(=O)Nc1ccc(Sc2cnc(N)s2)cc1
CCOC(=O)CP(=O)(OCC)OCC.COc1cc(C)c(C=O)c(C)c1C,CCOC(=O)C=Cc1c(C)cc(OC)c(C)c1C
C=CCN(CC(=O)O)NC(=O)N[C@@H](C)c1ccccc1.CCOC(OCC)[C@H](C)N(Cc1cccc2cccnc12)C(=O)[C@@H](N)Cc1ccc(OC(C)(C)C)cc1,C=CCN(CC(=O)N[C@@H](Cc1ccc(OC(C)(C)C)cc1)C(=O)N(Cc1cccc2cccnc12)[C@@H](C)C(OCC)OCC)NC(=O)N[C@@H](C)c1ccccc1
CC[C@@H](C)[C@@]1(NC(C)=O)CCN([C@@H](CCc2ccccc2)C(=O)N[C@@H](Cc2cc(F)cc(F)c2)[C@H](O)[C@H]2C[C@@H](Oc3cccnc3)CN2C(c2ccccc2)c2ccccc2)C1=O,CC[C@@H](C)[C@@]1(NC(C)=O)CCN([C@@H](CCc2ccccc2)C(=O)N[C@@H](Cc2cc(F)cc(F)c2)[C@H](O)[C@H]2C[C@@H](Oc3cccnc3)CN2)C1=O
CC(C)N1CCC(O)CC1.CCOC(=O)c1cc2cc(O)c(C)cc2[nH]1,CCOC(=O)c1cc2cc(OC3CCN(C(C)C)CC3)c(C)cc2[nH]1
CN(C)CCN.O=C(O)c1cccc(-c2cccc3cc(C(=O)N[C@@H]4CN5CCC4CC5)oc23)c1,CN(C)CCNC(=O)c1cccc(-c2cccc3cc(C(=O)N[C@@H]4CN5CCC4CC5)oc23)c1
O=C1OC(c2ccccc2)(c2ccccc2)C2CNCCN12.O=C=Nc1ccccc1,O=C(Nc1ccccc1)N1CCN2C(=O)OC(c3ccccc3)(c3ccccc3)C2C1
CCCC1CC(=O)N(Cc2cncn2CC(=O)O)C1.NCc1ccccc1,CCCC1CC(=O)N(Cc2cncn2CC(=O)NCc2ccccc2)C1
CC(C)(C)OC(=O)n1c(CN2CC[C@H](NS(=O)(=O)c3ccc(-c4ccc(Cl)s4)s3)C2=O)cc2cnccc21,O=C1[C@@H](NS(=O)(=O)c2ccc(-c3ccc(Cl)s3)s2)CCN1Cc1cc2cnccc2[nH]1
O=C(CBr)c1ccc2sccc2c1,O[C@@H](CBr)c1ccc2sccc2c1
Cc1ccc(B(O)O)o1.O=C(Nc1cccnc1)c1cc(Cl)nc2ccc(-c3ccccc3)cc12,Cc1ccc(-c2cc(C(=O)Nc3cccnc3)c3cc(-c4ccccc4)ccc3n2)o1
CCOC(=O)C1CCN(c2cnc(N(Cc3cc(C(F)(F)F)cc(C(F)(F)F)c3)Cc3cc(C(F)(F)F)ccc3N(CC)CCOC)nc2)CC1,CCN(CCOC)c1ccc(C(F)(F)F)cc1CN(Cc1cc(C(F)(F)F)cc(C(F)(F)F)c1)c1ncc(N2CCC(C(=O)O)CC2)cn1
COc1cc(C)c2[nH]c(=O)c3sccc3c2c1-c1ccc(N(C)CCNC(=O)OC(C)(C)C)cc1,COc1cc(C)c2[nH]c(=O)c3sccc3c2c1-c1ccc(N(C)CCN)cc1
Cc1ccc(C(=O)CN)s1.O=C(Cl)c1cc(C(F)(F)F)cc(C(F)(F)F)c1,Cc1ccc(C(=O)CNC(=O)c2cc(C(F)(F)F)cc(C(F)(F)F)c2)s1
COC(=O)c1ccc(C)c(N2C(=O)CCc3c(-c4ccccc4Cl)cc(OC)cc32)c1,COC(=O)c1ccc(C)c(N2C(=O)CCc3c(-c4ccccc4Cl)cc(O)cc32)c1
OCC1(c2cc(F)cc(OCc3ccccc3)c2)CCOCC1,O=CC1(c2cc(F)cc(OCc3ccccc3)c2)CCOCC1
O=c1cc(C(F)(F)F)cnn1-c1c(F)cc(Cl)c(O)c1[N+](=O)[O-],Nc1c(O)c(Cl)cc(F)c1-n1ncc(C(F)(F)F)cc1=O
CN(C(=O)Oc1ccc(F)cc1)[C@@H]1CNC[C@H]1c1ccc(Cl)cc1.O=C(O)C1CCCOC1,CN(C(=O)Oc1ccc(F)cc1)[C@@H]1CN(C(=O)C2CCCOC2)C[C@H]1c1ccc(Cl)cc1
C=O.O=C(NCCCCNCc1cccc2nccn12)C(F)(F)C(F)(F)F,O=C(NCCCCN1Cc2cccc3ncc(n23)C1)C(F)(F)C(F)(F)F
O=C(Cc1ccccc1Br)NCc1ccccc1,Brc1ccccc1CCNCc1ccccc1
CC(=NN)c1ccc(Br)cc1F,Cc1n[nH]c2cc(Br)ccc12
Nc1cnc(N)c(-c2cc(-c3cccnc3)ncc2Cl)c1,Nc1cnc2[nH]c3cnc(-c4cccnc4)cc3c2c1
CC(OCCN)(C(F)(F)F)C(F)(F)F.N#Cc1ccc2oc(-c3ccc(Br)cc3)nc2c1,CC(OCCNc1ccc(-c2nc3cc(C#N)ccc3o2)cc1)(C(F)(F)F)C(F)(F)F
Fc1cccc2c1[C@H]1CCCN[C@H]1CC2.O=C(O)c1ccc2[nH]cnc2c1,O=C(c1ccc2[nH]cnc2c1)N1CCC[C@@H]2c3c(F)cccc3CC[C@@H]21
CC(C)N=C=O.CCOCc1nc2c(N)nc3cc(OCCN)ccc3c2n1CC(C)(C)O,CCOCc1nc2c(N)nc3cc(OCCNC(=O)NC(C)C)ccc3c2n1CC(C)(C)O
CC1(C)CC(O)CC(C)(C)N1O.O=C(O)C1CC1,CC1(C)CC(OC(=O)C2CC2)CC(C)(C)N1O
COC(=O)C(C(=O)OC(C)(C)C)c1ccc([N+](=O)[O-])c(C(=O)N(C)C)c1,COC(=O)Cc1ccc([N+](=O)[O-])c(C(=O)N(C)C)c1
N#Cc1ccc(F)cc1.Oc1ccc(Br)cc1,N#Cc1ccc(Oc2ccc(Br)cc2)cc1
O=C(O)/C=C(\c1cc(F)cc(F)c1)C(F)(F)F.O=C1N[C@@H](Cc2ccccc2)CO1,O=C(/C=C(\c1cc(F)cc(F)c1)C(F)(F)F)N1C(=O)OC[C@@H]1Cc1ccccc1
CCOC(=O)c1cnn(Cc2nc(-c3cccc(N)c3)cs2)c1.COCC(=O)Cl,CCOC(=O)c1cnn(Cc2nc(-c3cccc(NC(=O)COC)c3)cs2)c1
CN(C)C=O.Nc1nc2c(nnn2[C@H]2C[C@H](O)[C@@H](CO)O2)c(=O)[nH]1,CN(C)C=Nc1nc2c(nnn2[C@H]2C[C@H](O)[C@@H](CO)O2)c(=O)[nH]1
CCOC(=O)CCCc1nc(Cl)c(C#N)cc1C(=O)OCC.O=C(NS(=O)(=O)Cc1ccccc1)C1CCNCC1,CCOC(=O)CCCc1nc(N2CCC(C(=O)NS(=O)(=O)Cc3ccccc3)CC2)c(C#N)cc1C(=O)OCC
Cc1ccc(CNc2ccc3c(N)cccc3n2)o1.O=S(=O)(Cl)c1ccccc1,Cc1ccc(CNc2ccc3c(NS(=O)(=O)c4ccccc4)cccc3n2)o1
CC(C)(C)OC(=O)NCCNCc1ccccc1.CI,CN(CCNC(=O)OC(C)(C)C)Cc1ccccc1
COC(=O)c1ccc(C(OCCN(C)C)c2ccccc2)cc1,CN(C)CCOC(c1ccccc1)c1ccc(C(=O)O)cc1
CS(=O)(=O)CCN1CCC(N)CC1.O=S(=O)(Cl)c1ccc(Nc2nccc(Nc3ccc(F)cc3)n2)cc1,CS(=O)(=O)CCN1CCC(NS(=O)(=O)c2ccc(Nc3nccc(Nc4ccc(F)cc4)n3)cc2)CC1
COc1cc(N2CCC(C(=O)OC(C)(C)C)CC2)ccc1Cl,COc1cc(N2CCC(C(=O)O)CC2)ccc1Cl
COC(=O)c1ccc(CN2CCOCC2)c(O)c1.CS(=O)(=O)Cl,COC(=O)c1ccc(CN2CCOCC2)c(OS(C)(=O)=O)c1
CCCN.CS(=O)(=O)OCC#Cc1cc2ncnc(Nc3ccc(OCc4cccc(F)c4)c(Cl)c3)c2s1,CCCNCC#Cc1cc2ncnc(Nc3ccc(OCc4cccc(F)c4)c(Cl)c3)c2s1
O=Cc1cnccc1-c1ccc(Cl)cc1F,OCc1cnccc1-c1ccc(Cl)cc1F
CCCCc1nc(C(C)=O)c(C#N)n1Cc1ccc(-c2ccccc2C(=O)OC(C)(C)C)cc1,CCCCc1nc(C(C)O)c(C#N)n1Cc1ccc(-c2ccccc2C(=O)OC(C)(C)C)cc1
c1ccc2nc(C3CCCC3)ccc2c1,c1ccc2c(c1)CCC(C1CCCC1)N2
CCOC(=O)C1(NC(=O)c2cccc(C)c2C=CC2CC2)Cc2ccccc2C1,Cc1cccc(C(=O)NC2(C(=O)O)Cc3ccccc3C2)c1C=CC1CC1
Nc1ccc(-c2c(N)nc(N)nc2CO)cc1.O=Cc1ccc(Cl)cc1,Nc1nc(N)c(-c2ccc(NCc3ccc(Cl)cc3)cc2)c(CO)n1
CC(C)CCN.O=C(O)c1ccccc1-c1ccccc1CN1C(=O)c2ccccc2C1=O,CC(C)CCNC(=O)c1ccccc1-c1ccccc1CN1C(=O)c2ccccc2C1=O
NC(=O)c1nn(-c2ccc3c(c2)OCO3)c2c1CCc1ccc(N)cc1-2.O=C(O)c1cc(Cl)ncc1Cl,NC(=O)c1nn(-c2ccc3c(c2)OCO3)c2c1CCc1ccc(NC(=O)c3cc(Cl)ncc3Cl)cc1-2
CN(C)CCCl.O=[N+]([O-])c1ccc(O)cn1,CN(C)CCOc1ccc([N+](=O)[O-])nc1
COC(=O)c1ccc(OC(C)C)c(Br)c1.[C-]#N,COC(=O)c1ccc(OC(C)C)c(C#N)c1
CC(C)(O)CCCC(C)(CCO[Si](C)(C)C(C)(C)C)C1CCC2C(O[Si](C)(C)C(C)(C)C)CCCC21C,CC(C)(O)CCCC(C)(CCO)[C@H]1CC[C@H]2[C@@H](O[Si](C)(C)C(C)(C)C)CCC[C@]12C
Nc1ccc2c(c1)COC2=O.O=C(CCl)OC(=O)CCl,O=C(CCl)Nc1ccc2c(c1)COC2=O
COc1cccc2c1nc(C(F)F)n2-c1nc(Cl)nc(N2CCOCC2)n1.Nc1cccnc1,COc1cccc2c1nc(C(F)F)n2-c1nc(Nc2cccnc2)nc(N2CCOCC2)n1
CC(=O)Cl.CSc1nccc(-c2cc(N)c(Cl)nc2-c2ccc(F)cc2)n1,CSc1nccc(-c2cc(NC(C)=O)c(Cl)nc2-c2ccc(F)cc2)n1
O=C1CCCc2c(Oc3ccc(-c4c5cccc(C(F)(F)F)c5nn4Cc4ccc(Cl)cc4F)cc3)cccc21,OC1CCCc2c(Oc3ccc(-c4c5cccc(C(F)(F)F)c5nn4Cc4ccc(Cl)cc4F)cc3)cccc21
ClC(c1ccccc1)(c1ccccc1)c1ccccc1.OCCNCCO,OCCN(CCO)C(c1ccccc1)(c1ccccc1)c1ccccc1
CCOC(=O)c1noc([C@H](CCCC2CCCCC2)CC(=O)OC(C)(C)C)n1.CN,CNC(=O)c1noc([C@H](CCCC2CCCCC2)CC(=O)OC(C)(C)C)n1
COC(=S)NCc1cn(-c2ccc(N3CCC(=O)CC3)c(F)c2)nn1.N#CCC#N,COC(=S)NCc1cn(-c2ccc(N3CCC(=C(C#N)C#N)CC3)c(F)c2)nn1
CC(C)(C)OC(=O)c1ccc(F)c(Cl)c1.COC(=O)CS,COC(=O)CSc1ccc(C(=O)OC(C)(C)C)cc1Cl
CCOC(=O)CN=C=O.Nc1ccc(CC2CCN(C3CCCCC3)C2=O)c(Cl)c1,CCOC(=O)CNC(=O)Nc1ccc(CC2CCN(C3CCCCC3)C2=O)c(Cl)c1
CC(C)CBr.CCOC(=O)c1ccccc1-c1ccccc1-c1cc(Cl)ccc1O,CCOC(=O)c1ccccc1-c1ccccc1-c1cc(Cl)ccc1OCC(C)C
COc1ccc(OC)c(CO)c1.FC(F)(F)c1cc(CO[C@H]2CCNC[C@H]2c2ccccc2)cc(C(F)(F)F)c1,COc1ccc(OC)c(CN2CC[C@H](OCc3cc(C(F)(F)F)cc(C(F)(F)F)c3)[C@H](c3ccccc3)C2)c1
COc1c2n(c3c(NC(=O)OC(C)(C)C)cn(Cc4ccc(F)c(Cl)c4)c(=O)c13)CCN(C)C2=O.CS(=O)(=O)Cl,COc1c2n(c3c(N(C(=O)OC(C)(C)C)S(C)(=O)=O)cn(Cc4ccc(F)c(Cl)c4)c(=O)c13)CCN(C)C2=O
COc1ccc2c(c1)C(=O)CO2.O=Cc1ccccc1,COc1ccc2c(c1)C(=O)C(=Cc1ccccc1)O2
CC(C)(C)OC(=O)OC(=O)OC(C)(C)C.Cn1ncc2cc(Oc3ccc(F)cc3CN)ccc21,Cn1ncc2cc(Oc3ccc(F)cc3CNC(=O)OC(C)(C)C)ccc21
CCCCC=O.COc1ccc(C2=CCC(C)(C)CC2)c(N2CCNCC2)c1,CCCCCN1CCN(c2cc(OC)ccc2C2=CCC(C)(C)CC2)CC1
CSc1ccccc1C1CCN(C(=O)OCc2ccccc2)CC1.O=C(OO)c1cccc(Cl)c1,CS(=O)c1ccccc1C1CCN(C(=O)OCc2ccccc2)CC1
CC(C)(C)OC(=O)N1CCNCC1.Clc1ccccc1-c1c[nH]c2ncnc(Cl)c12,CC(C)(C)OC(=O)N1CCN(c2ncnc3[nH]cc(-c4ccccc4Cl)c23)CC1
C[C@@H]1CNCCN1.Cc1ccc(S(=O)(=O)n2ccc3c(-c4c(-c5ccc(F)cc5)nc5ccc(Cl)nn45)ccnc32)cc1,Cc1ccc(S(=O)(=O)n2ccc3c(-c4c(-c5ccc(F)cc5)nc5ccc(N6CCN[C@H](C)C6)nn45)ccnc32)cc1
CCCc1cc(CO)cc(Cl)c1O.COC(=O)C(Br)c1ccc2c(c1)OCO2,CCCc1cc(CO)cc(Cl)c1OC(C(=O)OC)c1ccc2c(c1)OCO2
ClCC1CC1.Sc1nnc(-c2ccc3c(c2)CCO3)o1,c1cc2c(cc1-c1nnc(SCC3CC3)o1)CCO2
CC(C)(C)NN.O=C(Cl)c1ccccc1,CC(C)(C)NNC(=O)c1ccccc1
COc1cc(C(=O)O)ccc1C(C)(C)C,COc1cc(CO)ccc1C(C)(C)C
COc1cc(OC[C@H]2C[C@H](O)CN2)c2c(Nc3ccc(F)c(Cl)c3)ncnc2c1.O=C(O)CO,COc1cc(OC[C@H]2C[C@H](O)CN2C(=O)CO)c2c(Nc3ccc(F)c(Cl)c3)ncnc2c1
COC(=O)CC1Cc2ccc(O)cc2CN(C)C1=O.O=C(NCCCO)OCc1ccc([N+](=O)[O-])cc1,COC(=O)CC1Cc2ccc(OCCCNC(=O)OCc3ccc([N+](=O)[O-])cc3)cc2CN(C)C1=O
COc1ccc2c(c1)CN(c1cc(NCC3(N)COC3)c3cc(C)ccc3n1)CCS2(=O)=O,Cc1ccc2nc(N3CCS(=O)(=O)c4ccc(O)cc4C3)cc(NCC3(N)COC3)c2c1
O=C(NCc1ccccc1)NCC(C(=O)O)C(F)(F)F,O=C1NCC(C(F)(F)F)C(=O)N1Cc1ccccc1
C/C(=C\c1ccc(CO)cc1)c1ccc2c(c1)C(C)(C)CCO2,C/C(=C\c1ccc(C=O)cc1)c1ccc2c(c1)C(C)(C)CCO2
CC#CCOc1cc(Cl)ncn1.NCC(F)(F)C(F)(F)F,CC#CCOc1cc(NCC(F)(F)C(F)(F)F)ncn1
NC1CCCC(=C2c3ccccc3CCc3ccccc32)C1.O=S(=O)(Cl)c1ccc(OC(F)(F)F)cc1,O=S(=O)(NC1CCCC(=C2c3ccccc3CCc3ccccc32)C1)c1ccc(OC(F)(F)F)cc1
O=C(O)C1CCc2c(n(C(=O)c3ccccc3)c3ccc(Cl)cc23)C1,O=C(O)C1CCc2c([nH]c3ccc(Cl)cc23)C1
C[C@]12Cc3cnn(-c4ccc(F)cc4)c3C=C1CC[C@H]1C2=CC[C@@H](C(F)(F)F)[C@@H]1N.O=Cc1ccccc1,C[C@]12Cc3cnn(-c4ccc(F)cc4)c3C=C1CC[C@H]1C2=CC[C@@H](C(F)(F)F)[C@@H]1NCc1ccccc1
CC(C)(C)OC(=O)Cn1nnc2c(N3CCOCC3)nc(-c3cccc(CO)c3)nc21,O=C(O)Cn1nnc2c(N3CCOCC3)nc(-c3cccc(CO)c3)nc21
Brc1cncs1.Cc1cc(Nc2nccc(C(F)(F)F)n2)cc(B2OC(C)(C)C(C)(C)O2)c1,Cc1cc(Nc2nccc(C(F)(F)F)n2)cc(-c2cncs2)c1
O=C(c1cccc(C(F)(F)F)c1Cl)N1CCn2c(Br)nnc2C1.OB(O)c1ccccc1,O=C(c1cccc(C(F)(F)F)c1Cl)N1CCn2c(nnc2-c2ccccc2)C1
COC(=O)c1cc(O)ccc1NS(=O)(=O)c1ccc(C)cc1.O=[N+]([O-])c1ccc(F)cc1NCc1ccccc1,COC(=O)c1cc(Oc2ccc([N+](=O)[O-])c(NCc3ccccc3)c2)ccc1NS(=O)(=O)c1ccc(C)cc1
CCOC(=O)CC(=O)CCl.NC(=S)c1ccc(Cl)cc1,CCOC(=O)Cc1csc(-c2ccc(Cl)cc2)n1
CC(O)c1ccc(C(C)(C)C)cc1.Clc1ncnc2ccccc12,CC(Oc1ncnc2ccccc12)c1ccc(C(C)(C)C)cc1
NO.Nc1ccncc1C(=O)C1CCCCC1,Nc1ccncc1C(=NO)C1CCCCC1
Cc1cc2[nH]nc(-c3ccccc3)c2cc1[N+](=O)[O-],Cc1cc2[nH]nc(-c3ccccc3)c2cc1N
CCCC(=O)O.Cc1ccc(C2=NOC(c3cc(Cl)cc(Cl)c3)(C(F)(F)F)C2)cc1N,CCCC(=O)Nc1cc(C2=NOC(c3cc(Cl)cc(Cl)c3)(C(F)(F)F)C2)ccc1C
COCCn1c(-c2c[nH]c(-c3ccc4scnc4c3)n2)nc2cc(C(=O)OC)ccc21,COCCn1c(-c2c[nH]c(-c3ccc4scnc4c3)n2)nc2cc(C(=O)O)ccc21
Cc1ccc(I)cc1.O=[N+]([O-])c1ccccc1Br,Cc1ccc(-c2ccccc2[N+](=O)[O-])cc1
COc1ccc(-c2csc3c2-n2cccc2C3=O)cc1OC,COc1ccc(-c2csc3c2-n2cccc2C3=O)cc1O
CC(C)(C)OC(=O)OC(=O)OC(C)(C)C.Cc1c([C@@H]2CN3CCNC[C@H]3CO2)cc(I)c(F)c1C#N,Cc1c([C@@H]2CN3CCN(C(=O)OC(C)(C)C)C[C@H]3CO2)cc(I)c(F)c1C#N
CCCc1c(O)ccc(C(=O)c2ccccc2)c1O.NO,CCCc1c(O)ccc(C(=NO)c2ccccc2)c1O
Cn1ccc(N)n1.O=C(O)c1nc(Br)cnc1Sc1ccc(F)cc1,Cn1ccc(NC(=O)c2nc(Br)cnc2Sc2ccc(F)cc2)n1
CC(C)(C)OC(=O)CC(=O)c1ccnc(C#N)c1.CC(C)(C)OC(=O)Nc1ccc(-c2ccc(F)cc2F)cc1N,CC(C)(C)OC(=O)Nc1ccc(-c2ccc(F)cc2F)cc1NC(=O)CC(=O)c1ccnc(C#N)c1
COc1cccc(CC(=O)Cl)c1.Nc1cc(-n2cccn2)nc(-c2ccco2)n1,COc1cccc(CC(=O)Nc2cc(-n3cccn3)nc(-c3ccco3)n2)c1
CCOC(=O)N=C=S.CN(C)CC(=O)Nc1ccccc1N,CCOC(=O)NC(=S)Nc1ccccc1NC(=O)CN(C)C
C#CC1CNCCN1.CCn1cc(C(=O)O)c(=O)c2cc(F)c(F)cc21,C#CC1CN(c2cc3c(cc2F)c(=O)c(C(=O)O)cn3CC)CCN1
NNc1ccc(Br)cc1.O=C1CCCC(=O)C1,O=C1CCCC(=NNc2ccc(Br)cc2)C1
CC(=O)CO[C@@H]1[C@@H](NC(=O)Cc2ccccc2)C(=O)N1C(=O)C(=O)OC(c1ccccc1)c1ccccc1,CC(=O)CO[C@@H]1[C@@H](NC(=O)Cc2ccccc2)C(=O)N1C(O)C(=O)OC(c1ccccc1)c1ccccc1
Nc1ccc(-c2cc(F)cc(F)c2)cn1.O=C1CCCN1[C@H]1CC[C@@H](C(=O)O)CC1,O=C(Nc1ccc(-c2cc(F)cc(F)c2)cn1)[C@H]1CC[C@@H](N2CCCC2=O)CC1
CN(C(=O)OC(C)(C)C)c1cc(Cl)ccc1[N+](=O)[O-].C[S-],CSc1ccc([N+](=O)[O-])c(N(C)C(=O)OC(C)(C)C)c1
CC(C)(C)OC(=O)NC(=N)c1ccc(CN)cc1.O=C(Nc1cnc2n(c1=O)C(Cc1ccccc1)(C(=O)O)CC2)OCc1ccccc1,CC(C)(C)OC(=O)NC(=N)c1ccc(CNC(=O)C2(Cc3ccccc3)CCc3ncc(NC(=O)OCc4ccccc4)c(=O)n32)cc1
CC(C)(C(=O)Cl)c1cc(C(F)(F)F)cc(C(F)(F)F)c1.CNc1cnccc1-c1ccccc1Cl,CN(C(=O)C(C)(C)c1cc(C(F)(F)F)cc(C(F)(F)F)c1)c1cnccc1-c1ccccc1Cl
CCOC(=O)Cn1c(C(=O)O)cc2ccccc21.CCc1cc2c(s1)-n1c(CN)nnc1CN=C2c1ccccc1Cl,CCOC(=O)Cn1c(C(=O)NCc2nnc3n2-c2sc(CC)cc2C(c2ccccc2Cl)=NC3)cc2ccccc21
CN(C)C(=O)c1ccc(OCc2ccccc2)c(C(=O)O)c1.Nc1cccnc1,CN(C)C(=O)c1ccc(OCc2ccccc2)c(C(=O)Nc2cccnc2)c1
Cn1cc(C(=O)Nc2ccc(NCCO[Si](C)(C)C(C)(C)C)cc2)c(NC(=O)c2ccc(Cl)s2)n1.N#CBr,Cn1cc(C(=O)Nc2ccc(N(C#N)CCO[Si](C)(C)C(C)(C)C)cc2)c(NC(=O)c2ccc(Cl)s2)n1
CCNCCOc1ccccc1.O=C1CCC(N2Cc3c(OCc4ccc(CBr)cc4)cccc3C2=O)C(=O)N1,CCN(CCOc1ccccc1)Cc1ccc(COc2cccc3c2CN(C2CCC(=O)NC2=O)C3=O)cc1
CC(C)(C)OC(=O)N1CCNCC1.O=Cc1c[nH]c2c(C(=O)O)cccc12,CC(C)(C)OC(=O)N1CCN(C(=O)c2cccc3c(C=O)c[nH]c23)CC1
COC(=O)c1ccc2c(c1)SCCC2N.O=C(Cl)OCc1ccccc1,COC(=O)c1ccc2c(c1)SCCC2NC(=O)OCc1ccccc1
COc1cc2c(Cl)ncnc2cc1OCCCN1CCN(C)CC1.Oc1ccc2cccnc2c1,COc1cc2c(Oc3ccc4cccnc4c3)ncnc2cc1OCCCN1CCN(C)CC1
Cc1ccc(C(CC(=O)O)NC(=O)Nc2ccc(-c3ccccc3)cc2)cc1.NCCN1CCCC1,Cc1ccc([C@@H](CC(=O)NCCN2CCCC2)NC(=O)Nc2ccc(-c3ccccc3)cc2)cc1
COC(=O)COc1ccc(OCC#Cc2cc(C#CCN3CCCCC3)cc(C#Cc3ccc(C(F)(F)F)cc3)c2)cc1C,Cc1cc(OCC#Cc2cc(C#CCN3CCCCC3)cc(C#Cc3ccc(C(F)(F)F)cc3)c2)ccc1OCC(=O)O
CN1CCc2cc(Cl)c(O)cc2C(c2cccc3ccoc23)C1.COCCl,COCOc1cc2c(cc1Cl)CCN(C)CC2c1cccc2ccoc12
CC(=O)CCCCC[C@H]([NH3+])C(=O)NCCc1c(-c2ccccc2)[nH]c2ccccc12.O=CCc1c[nH]c2ccccc12,CC(=O)CCCCC[C@H](NCCc1c[nH]c2ccccc12)C(=O)NCCc1c(-c2ccccc2)[nH]c2ccccc12
Cn1c2c(ccc1=O)C(=O)CCC2.NCCc1ccc(Cl)cc1,Cn1c2c(ccc1=O)C(NCCc1ccc(Cl)cc1)CCC2
Clc1ccccc1-c1ncc(CBr)o1.O=c1[nH]nc(-c2ccc(Cl)cc2)n1C[C@H](O)C(F)(F)F,O=c1n(Cc2cnc(-c3ccccc3Cl)o2)nc(-c2ccc(Cl)cc2)n1C[C@H](O)C(F)(F)F
CCN=C=O.NC(=O)[C@@H]1[C@H](Nc2c(Cl)cnc3[nH]c(-c4cnn(C5CCNCC5)c4)nc23)[C@H]2C=C[C@@H]1C2,CCNC(=O)N1CCC(n2cc(-c3nc4c(N[C@H]5[C@@H](C(N)=O)[C@@H]6C=C[C@H]5C6)c(Cl)cnc4[nH]3)cn2)CC1
CCn1c(C(=O)N(C2CC2)C2CC2)cc2c3c(ncn3C)c(NC(=S)NC(=O)c3ccccc3)nc21,CCn1c(C(=O)N(C2CC2)C2CC2)cc2c3c(ncn3C)c(NC(N)=S)nc21
NCCc1ccccn1.O=C([O-])c1cc2nccc(Cl)c2s1,O=C(NCCc1ccccn1)c1cc2nccc(Cl)c2s1
BrC[P+](c1ccccc1)(c1ccccc1)c1ccccc1.CC(C)(C=O)c1ccc(C(F)(F)F)cc1,CC(C)(/C=C/Br)c1ccc(C(F)(F)F)cc1
Cc1c(N2CCC2=O)nc2cc(F)cc(F)c2c1Cl.Nc1cncc(N2CCOCC2)c1,Cc1c(N2CCC2=O)nc2cc(F)cc(F)c2c1Nc1cncc(N2CCOCC2)c1
COc1cc2nc[nH]c2cc1OC.N#Cc1sc(Cl)nc1-c1ccccc1,COc1cc2ncn(-c3nc(-c4ccccc4)c(C#N)s3)c2cc1OC
CC(=O)SCCCC(=O)N1CC(O)(c2ccc(C)cc2)C[C@H]1C(=O)O,Cc1ccc(C2(O)C[C@@H](C(=O)O)N(C(=O)CCCS)C2)cc1
CCOC(=O)c1cnc(C)nc1C(C)(C)C,Cc1ncc(C(=O)O)c(C(C)(C)C)n1
Cc1ccccc1I.Cc1n[nH]cc1CN1CCC2(CC1)OCC(F)(F)c1cc(Cl)sc12,Cc1ccccc1-n1cc(CN2CCC3(CC2)OCC(F)(F)c2cc(Cl)sc23)c(C)n1
CNCCN(C)C.COc1cc(F)c([N+](=O)[O-])cc1Nc1nccc(-c2cnn3ccccc23)n1,COc1cc(N(C)CCN(C)C)c([N+](=O)[O-])cc1Nc1nccc(-c2cnn3ccccc23)n1
CCOC(=O)C=P(c1ccccc1)(c1ccccc1)c1ccccc1.COCCCOc1cc(C=O)ccc1O,CCOC(=O)C=Cc1ccc(O)c(OCCCOC)c1
CC(C)(C)OC(=O)NCCCCCCNC(=O)n1cc(F)c(=O)[nH]c1=O,NCCCCCCNC(=O)n1cc(F)c(=O)[nH]c1=O
COc1ncc(C#CC2=CCN(C(=O)OC(C)(C)C)CC2)cn1,COc1ncc(C#CC2=CCNCC2)cn1
COC(=O)N[C@H]1CCN(c2c(C(C)=O)cc(Cl)c3cccnc23)C1.[NH4+],COC(=O)N[C@H]1CCN(c2c(C(C)N)cc(Cl)c3cccnc23)C1
CC(=O)N1CCc2ccc([N+](=O)[O-])cc2CC1,CC(=O)N1CCc2ccc(N)cc2CC1
CCC[S-].COc1cc(Br)cc(Br)c1,CCCSc1cc(Br)cc(OC)c1
COc1ccc(CN2C(=O)[C@@H](OCc3ccccc3)[C@H]2C(C)(C)C)cc1,CC(C)(C)[C@H]1NC(=O)[C@H]1OCc1ccccc1
Brc1ccc(Br)nc1.COc1ccc(CO)cc1,COc1ccc(COc2ccc(Br)cn2)cc1
N#CC1(c2cccc(C(=O)O)c2)CC1.N#Cc1c(Oc2ccc(F)c(N)c2)ccc2nc(NC(=O)C3CC3)sc12,N#Cc1c(Oc2ccc(F)c(NC(=O)c3cccc(C4(C#N)CC4)c3)c2)ccc2nc(NC(=O)C3CC3)sc12
CCOC(=O)c1cc(C)cc(CC(C)C)n1,Cc1cc(CC(C)C)nc(C(=O)O)c1
Cc1ccc2c([N+](=O)[O-])cccc2n1.O=C1CCC(=O)N1Br,O=[N+]([O-])c1cccc2nc(CBr)ccc12
C(=C1CCC(Cc2ccccc2)CC1)c1nc2ccccc2[nH]1.O,OC(c1nc2ccccc2[nH]1)C1CCC(Cc2ccccc2)CC1
C=C(C)CCl.Oc1ccc(OCc2ccccc2)cc1,C=C(C)COc1ccc(OCc2ccccc2)cc1
COC(=O)c1cc(OCc2c(-c3ccc(Cl)cc3)noc2CO)nn1C.NC1CC1,Cn1nc(OCc2c(-c3ccc(Cl)cc3)noc2CO)cc1C(=O)NC1CC1
Cc1ccc(NC(=O)[C@H](CC2CCC(=O)CC2)c2ccc(S(C)(=O)=O)c(Cl)c2)nc1.NO,Cc1ccc(NC(=O)[C@H](CC2CCC(=NO)CC2)c2ccc(S(C)(=O)=O)c(Cl)c2)nc1
CC(C)(C)OC(=O)N1CCN(c2cc(Cl)cc(C(=O)Nc3ccc(Cl)cn3)c2[N+](=O)[O-])CC1,CC(C)(C)OC(=O)N1CCN(c2cc(Cl)cc(C(=O)Nc3ccc(Cl)cn3)c2N)CC1
COc1cc(N(Cc2cncs2)c2ccc(C(=O)OC(C)(C)C)cc2)ccc1C(N)=O,COc1cc(N(Cc2cncs2)c2ccc(C(=O)O)cc2)ccc1C(N)=O
COc1ccc(N)cc1OC.Cn1c(-c2cnn(C(=O)OC(C)(C)C)c2)cc2cnc(Br)cc21,COc1ccc(Nc2cc3c(cn2)cc(-c2cnn(C(=O)OC(C)(C)C)c2)n3C)cc1OC
COC(OC)C1CCN(c2ccc(C(=O)N[C@@H](CC(=O)OCc3ccccc3)C(=O)OCc3ccccc3)cc2)CC1,O=CC1CCN(c2ccc(C(=O)N[C@@H](CC(=O)OCc3ccccc3)C(=O)OCc3ccccc3)cc2)CC1
COc1cc(C(=O)O)c([N+](=O)[O-])c(F)c1OC.N,COc1cc(C(N)=O)c([N+](=O)[O-])c(F)c1OC
CC1(C)OB(c2ccc([N+](=O)[O-])c(C=O)c2)OC1(C)C.O=S(=O)(NCCc1ccccc1Br)c1ccccc1,O=Cc1cc(-c2ccccc2CCNS(=O)(=O)c2ccccc2)ccc1[N+](=O)[O-]
Cc1cc(B(O)O)ccn1.O=C(Nc1ncnc2[nH]nnc12)N1c2nc(Cl)ccc2N2CC[C@H]1C2,Cc1cc(-c2ccc3c(n2)N(C(=O)Nc2ncnc4[nH]nnc24)[C@H]2CCN3C2)ccn1
Cn1n[n+](CCl)cc1-c1ccccc1.Oc1ccc2ccccc2c1,Cn1n[n+](COc2ccc3ccccc3c2)cc1-c1ccccc1
N#CCCCCN1CCC(=C(c2ccccc2)c2ccccc2)CC1,NCCCCCN1CCC(=C(c2ccccc2)c2ccccc2)CC1
COC(=O)CN1CCC(c2nnc(-c3ccc(F)cc3)o2)CC1,O=C(O)CN1CCC(c2nnc(-c3ccc(F)cc3)o2)CC1
COCCOc1cc2c(Br)cnnc2cc1OC.OB(O)c1cccc(Br)c1,COCCOc1cc2c(-c3cccc(Br)c3)cnnc2cc1OC
C=C[C@@H](CF)OCC(=O)c1ccccc1F.NO,C=C[C@@H](CF)OCC(=NO)c1ccccc1F
CC(C)C[C@@H]1NC[C@H](c2ccccc2)NC1=O.O=C(O)[C@@H]1C[C@H]1c1ccc(Cl)cc1,CC(C)C[C@H]1C(=O)N[C@@H](c2ccccc2)CN1C(=O)[C@@H]1C[C@H]1c1ccc(Cl)cc1
CCOC(=O)c1ccc(C#Cc2ccc3c(c2)C(c2ccc(C)cc2)=CCC3(C)C)cc1,Cc1ccc(C2=CCC(C)(C)c3ccc(C#Cc4ccc(C(=O)O)cc4)cc32)cc1
C=C(CO)COCCCCCCCCCCCCCCCC.CS(=O)(=O)OCCCCCOS(C)(=O)=O,C=C(COCCCCCCCCCCCCCCCC)COCCCCCOS(C)(=O)=O
C=CC1CC1(NC(=O)C1CC(Oc2cc(-c3ccccc3)nc3cc(OC)ccc23)CN1C(=O)NC(C(=O)NC1c2ccccc2CC1O)C(C)(C)C)C(=O)OCC,C=C[C@@H]1C[C@]1(NC(=O)[C@@H]1C[C@@H](Oc2cc(-c3ccccc3)nc3cc(OC)ccc23)CN1C(=O)N[C@H](C(=O)N[C@H]1c2ccccc2C[C@H]1O)C(C)(C)C)C(=O)O
CCOc1cc(N2CCC(N(C)C)CC2)ccc1[N+](=O)[O-],CCOc1cc(N2CCC(N(C)C)CC2)ccc1N
C=CCNC.C=O.O=C1CCCCc2ccccc21,C=CCN(C)CC1CCCc2ccccc2C1=O
O=C(NCCc1c[nH]c2ccc(Cl)cc12)c1ccc(I)cc1.OB(O)c1ccccc1Cl,O=C(NCCc1c[nH]c2ccc(Cl)cc12)c1ccc(-c2ccccc2Cl)cc1
BrCCCCBr.COC(=O)C1=C(C)NC(C)=C(C(=O)O)C1c1cccc([N+](=O)[O-])c1,COC(=O)C1=C(C)NC(C)=C(C(=O)OCCCCBr)C1c1cccc([N+](=O)[O-])c1
COC[C@H]1CN(c2ccc(Cl)c(OC)c2)CCN1.Cc1c(Cl)c(C(F)(F)F)nn1CC(=O)O,COC[C@H]1CN(c2ccc(Cl)c(OC)c2)CCN1C(=O)Cn1nc(C(F)(F)F)c(Cl)c1C
CC(C)(C)OC(=O)c1cccc(CN2CN(c3ccccc3)C3(CCN(CCCC(=O)c4ccccc4)CC3)C2=O)c1,CC(C)(C)OC(=O)c1cccc(CN2CN(c3ccccc3)C3(CCN(CCCC(O)c4ccccc4)CC3)C2=O)c1
CNc1ccncc1N.O=C(O)C(F)(F)F,Cn1c(C(F)(F)F)nc2cnccc21
CC(C)(C)c1cc(Br)c(O)c(C(C)(C)C)c1.COCCl,COCOc1c(Br)cc(C(C)(C)C)cc1C(C)(C)C
CCOC(=O)C(OCC)Oc1ccc2ncccc2c1,CCOC(Oc1ccc2ncccc2c1)C(=O)O
CCOC(=O)CSc1cnc(NC(=O)N(CC2CCCC2)c2cccc(OC(F)(F)F)c2)s1,O=C(O)CSc1cnc(NC(=O)N(CC2CCCC2)c2cccc(OC(F)(F)F)c2)s1
COC(=O)c1cc2c(Br)cncc2s1,COC(=O)c1cc2ccncc2s1
COc1ccc2ncc(F)c(C=O)c2n1,COc1ccc2ncc(F)c(CO)c2n1
CCOC(=O)c1cn(-c2ccc3c(c2)n(C)c(=O)n3C)c(=O)n(C2CCc3cc(OC)ccc32)c1=O,COc1ccc2c(c1)CCC2n1c(=O)c(C(=O)O)cn(-c2ccc3c(c2)n(C)c(=O)n3C)c1=O
CCOC(=O)CCN(C)C(=O)c1ccc(NC(c2oc3ccc(OC4CCSCC4)cc3c2C)C(C)C)cc1,Cc1c(C(Nc2ccc(C(=O)N(C)CCC(=O)O)cc2)C(C)C)oc2ccc(OC3CCSCC3)cc12
Cc1c(Nc2ccc(I)cc2F)c(N)c2n(c1=O)CCS2.O=S(=O)(Cl)C1(COCc2ccccc2)CC1,Cc1c(Nc2ccc(I)cc2F)c(NS(=O)(=O)C2(COCc3ccccc3)CC2)c2n(c1=O)CCS2
C=CCOC(=O)COc1c(C(=O)O)sc(-c2cccc(NC3CCN(S(=O)(=O)Cc4ccccc4)CC3)c2)c1Br.CC(C)O,C=CCOC(=O)COc1c(C(=O)OC(C)C)sc(-c2cccc(NC3CCN(S(=O)(=O)Cc4ccccc4)CC3)c2)c1Br
CCCCCC(C)C(C)c1cc(O)c2c(c1)OC(C)(C)C1=C2CCC1.O=C(O)CCCN1CCCC1,CCCCCC(C)C(C)c1cc(OC(=O)CCCN2CCCC2)c2c(c1)OC(C)(C)C1=C2CCC1
CCOc1cc(C(=O)O)ccc1[N+](=O)[O-].NN,CCOc1cc(C(=O)NN)ccc1[N+](=O)[O-]
CI.Cn1c(N)nc(-c2cccc(F)c2)c(-c2ccc(=O)[nH]c2)c1=O,Cn1cc(-c2c(-c3cccc(F)c3)nc(N)n(C)c2=O)ccc1=O
Fc1ccc(CBr)cc1.N#Cc1ccnc2c(C(=O)N[C@H]3CCCC[C@@H]3O)c[nH]c12,N#Cc1ccnc2c(C(=O)N[C@H]3CCCC[C@@H]3O)cn(Cc3ccc(F)cc3)c12
CCOC(=O)c1ccc(OCc2c(-c3ccncc3)noc2C)nn1.NC1CCOCC1,Cc1onc(-c2ccncc2)c1COc1ccc(C(=O)NC2CCOCC2)nn1
CN1CCC(N)CC1.Cc1c(C(=O)O)sc2ncnc(Nc3ccc(F)cc3O[C@@H]3CCCOC3)c12,Cc1c(C(=O)NC2CCN(C)CC2)sc2ncnc(Nc3ccc(F)cc3O[C@@H]3CCCOC3)c12
CCOC(=O)CN.O=S(=O)(Cl)c1cncc(Br)c1,CCOC(=O)CNS(=O)(=O)c1cncc(Br)c1
CC(C)(C)OC(=O)OC(=O)OC(C)(C)C.COC(=O)c1ccccc1S(N)(=O)=O,COC(=O)c1ccccc1S(=O)(=O)NC(=O)OC(C)(C)C
O=C(NCc1ccc(C#CCCCOc2ccc(F)cc2)cc1)C(F)(F)F,O=C(NCc1ccc(CCCCCOc2ccc(F)cc2)cc1)C(F)(F)F
COC(=O)c1ccc2cc(-c3ccc(OCCCc4c(-c5c(Cl)cccc5Cl)noc4C(C)C)cc3)ccc2n1,CC(C)c1onc(-c2c(Cl)cccc2Cl)c1CCCOc1ccc(-c2ccc3nc(C(=O)O)ccc3c2)cc1
CCc1ccc(Oc2cc(C#C[Si](C)(C)C)ccc2C(C)(C)C)cc1,C#Cc1ccc(C(C)(C)C)c(Oc2ccc(CC)cc2)c1
CC(C)=O.CC(CF)(CF)c1cc(NC(=O)Nc2ccc(NC(=O)c3ccc(OC4CCNCC4)cn3)cc2)no1,CC(C)N1CCC(Oc2ccc(C(=O)Nc3ccc(NC(=O)Nc4cc(C(C)(CF)CF)on4)cc3)nc2)CC1
FC(F)(F)c1cc(-c2ccc(Cl)cc2)nc(-c2cccc(Br)c2)n1.OB(O)c1cccnc1,FC(F)(F)c1cc(-c2ccc(Cl)cc2)nc(-c2cccc(-c3cccnc3)c2)n1
C#CC(F)(F)F.CN(c1ccc(C(=O)C(F)(F)F)cc1)S(=O)(=O)c1ccccc1,CN(c1ccc(C(O)(C#CC(F)(F)F)C(F)(F)F)cc1)S(=O)(=O)c1ccccc1
CCn1nnc2c(N3CCOCC3)nc(-c3ccc(NC(=O)Nc4ccc(C(=O)O)cc4)cc3)nc21.CN1CCNCC1,CCn1nnc2c(N3CCOCC3)nc(-c3ccc(NC(=O)Nc4ccc(C(=O)N5CCN(C)CC5)cc4)cc3)nc21
CN(C)CCOCC(=O)N[C@H]1CCNC1.O=S(=O)(Cl)c1cccc2cncc(Cl)c12,CN(C)CCOCC(=O)N[C@H]1CCN(S(=O)(=O)c2cccc3cncc(Cl)c23)C1
C=CB1OC(C)(C)C(C)(C)O1.Cc1nc(Br)ccc1[N+](=O)[O-],C=Cc1ccc([N+](=O)[O-])c(C)n1
CC(C)(C)OC(=O)NC1(C(=O)O)CCCC1.N,CC(C)(C)OC(=O)NC1(C(N)=O)CCCC1
CS(=O)(=O)c1ccc(Br)cn1.Cc1ncc(-c2nc(N)ncc2F)n1C1CCOCC1,Cc1ncc(-c2nc(Nc3ccc(S(C)(=O)=O)nc3)ncc2F)n1C1CCOCC1
CC(C)(C)OC(=O)N1CCN(Cc2ccccc2)C[C@H]1C=O.c1ccc([P+](CC2CC2)(c2ccccc2)c2ccccc2)cc1,CC(C)(C)OC(=O)N1CCN(Cc2ccccc2)C[C@H]1/C=C/C1CC1
COC(=O)C1C=CCN2C(=O)C(C)(CCO)C(=O)N12.CS(=O)(=O)Cl,COC(=O)C1C=CCN2C(=O)C(C)(CCOS(C)(=O)=O)C(=O)N12
Nc1cc(Br)c2[nH]cnc2c1.[CH3][Sn]([CH3])([CH3])[CH3],Cc1cc(N)cc2nc[nH]c12
Cc1nccn1-c1ccc(C(=O)O)cc1F.Clc1cnc(N2CCC(NC3CC3)CC2)nc1,Cc1nccn1-c1ccc(C(=O)N(C2CC2)C2CCN(c3ncc(Cl)cn3)CC2)cc1F
COC(=O)c1cc(N)ccc1Br.CS(=O)(=O)Cl,COC(=O)c1cc(NS(C)(=O)=O)ccc1Br
COC(=O)[C@@H](N)[C@@H](C)O.C[C@H](O)C#CC#Cc1ccc(C(=O)O)cc1,COC(=O)[C@@H](NC(=O)c1ccc(C#CC#C[C@H](C)O)cc1)[C@@H](C)O
CN(C)c1ccc(CN)cc1.O=C1OC(=O)C(c2ccccc2)=C1Cl,CN(C)c1ccc(CN2C(=O)C(Cl)=C(c3ccccc3)C2=O)cc1
CCCc1ccccc1OC.CN(C)C=O,CCCc1cc(C=O)ccc1OC
C#Cc1ccc(C2CC2C(=O)OC)cc1.Cc1cccc(I)c1,COC(=O)C1CC1c1ccc(C#Cc2cccc(C)c2)cc1
CCOC(=O)CP(=O)(OCC)OCC.O=CC1CCCCC1,CCOC(=O)C=CC1CCCCC1
CCC(=O)Cl.CCOC(=O)c1cc(N)cc(-c2ccccc2-c2cc(Cl)ccc2OCc2ccccc2)c1,CCOC(=O)c1cc(NC(=O)CC)cc(-c2ccccc2-c2cc(Cl)ccc2OCc2ccccc2)c1
CCOC(=O)C1CNCCN1Cc1ccccc1.O=C(Cl)C1CCN(c2ccncc2)CC1,CCOC(=O)C1CN(C(=O)C2CCN(c3ccncc3)CC2)CCN1Cc1ccccc1
C=C(C)C[C@@]1(c2cc(Cc3ccc(CC)cc3)c(Cl)cc2O)O[C@H](COCc2ccccc2)[C@@H](OCc2ccccc2)[C@H](OCc2ccccc2)[C@H]1OCc1ccccc1,CCc1ccc(Cc2cc3c(cc2Cl)OC(C)(C)C[C@]32O[C@H](COCc3ccccc3)[C@@H](OCc3ccccc3)[C@H](OCc3ccccc3)[C@H]2OCc2ccccc2)cc1
CC(=O)OCc1c(B2OC(C)(C)C(C)(C)O2)cccc1N1CCc2c(sc3c2CCCC3)C1=O.COCc1cc(Nc2cc(Br)cn(C)c2=O)nn1C,COCc1cc(Nc2cc(-c3cccc(N4CCc5c(sc6c5CCCC6)C4=O)c3COC(C)=O)cn(C)c2=O)nn1C
CC(C)[Si](OCCN1CCN(CC(F)(F)F)CC1)(C(C)C)C(C)C,OCCN1CCN(CC(F)(F)F)CC1
O=[N+]([O-])c1ccc2c(c1)C(F)(F)C(F)(F)O2,Nc1ccc2c(c1)C(F)(F)C(F)(F)O2
C=CC(N)=O.CN(C)CCO,CN(C)CCOCCC(N)=O
O=C(O)c1cc(-c2nnn[nH]2)c2ccn(C3CC3)c2c1.O=C1CC2(CCNCC2)Oc2ccc(-c3ccc(=O)[nH]c3)cc21,O=C1CC2(CCN(C(=O)c3cc(-c4nnn[nH]4)c4ccn(C5CC5)c4c3)CC2)Oc2ccc(-c3ccc(=O)[nH]c3)cc21
CC(C)Oc1ccc(S(C)(=O)=O)cc1C(=O)O.O=[N+]([O-])c1cccc2sc(N3CCNCC3)nc12,CC(C)Oc1ccc(S(C)(=O)=O)cc1C(=O)N1CCN(c2nc3c([N+](=O)[O-])cccc3s2)CC1
CC1(C)CNC(=O)O1.Cc1cc(C2CC2)cnc1N1CCN(C(=O)c2ccc(Br)cc2F)CC1,Cc1cc(C2CC2)cnc1N1CCN(C(=O)c2ccc(N3CC(C)(C)OC3=O)cc2F)CC1
COC(=O)Cn1c(=O)n(C)c(=O)c2c1nc(N1CCN(C(=O)OC(C)(C)C)CC1)n2-c1ccccc1Cl,Cn1c(=O)c2c(nc(N3CCN(C(=O)OC(C)(C)C)CC3)n2-c2ccccc2Cl)n(CC(=O)O)c1=O
CN(C)c1ccc(-c2cccc(C3Nc4c(cc(Cl)cc4C(=O)O)CC3(C)C)c2)cc1.NS(=O)(=O)C1CC1,CN(C)c1ccc(-c2cccc(C3Nc4c(cc(Cl)cc4C(=O)NS(=O)(=O)C4CC4)CC3(C)C)c2)cc1
Cc1c2n(c3c(Br)cc(C#N)cc13)CCCNC2=O.OB(O)c1cc(F)c(F)c(F)c1,Cc1c2n(c3c(-c4cc(F)c(F)c(F)c4)cc(C#N)cc13)CCCNC2=O
CCC(CC)c1cc(C)nn2c(-c3cc4ccc(Cl)cc4[nH]3)c(C)nc12.CI,CCC(CC)c1cc(C)nn2c(-c3cc4ccc(Cl)cc4n3C)c(C)nc12
CS(=O)(=O)c1ccc(-c2cnn(CC(F)(F)F)c(=O)c2Cl)cc1.OB(O)c1cc(Cl)cc(Cl)c1,CS(=O)(=O)c1ccc(-c2cnn(CC(F)(F)F)c(=O)c2-c2cc(Cl)cc(Cl)c2)cc1
O=[N+]([O-])c1ccccc1NCCCCl.O=c1[nH]c2cc(Cl)ccc2n1C1CCNCC1,O=c1[nH]c2cc(Cl)ccc2n1C1CCN(CCCNc2ccccc2[N+](=O)[O-])CC1
O=C(Cl)c1ccccc1C(F)(F)F.O=C(NCCC1CC1)c1ccc(NC2CCNC2)nn1,O=C(NCCC1CC1)c1ccc(NC2CCN(C(=O)c3ccccc3C(F)(F)F)C2)nn1
CN(C)C=O.N#Cc1cc(F)cc(Br)c1,N#Cc1cc(F)cc(C=O)c1
NNc1nc(C(Cl)(Cl)Cl)ns1.O=Cc1ccccc1O,Oc1ccccc1C=NNc1nc(C(Cl)(Cl)Cl)ns1
C=CC[C@H]1CN(C2CCCC2)c2nc(Nc3ccc(C(=O)O)cc3OC)ncc2N(C)C1=O.CN1CCC[C@H](N)C1,C=CC[C@H]1CN(C2CCCC2)c2nc(Nc3ccc(C(=O)N[C@H]4CCCN(C)C4)cc3OC)ncc2N(C)C1=O
CC(=O)Cl.Cc1c(Cl)ccc2c1N(C(=O)OC(C)C)CCCC2NCc1cc(C(F)(F)F)cc(C(F)(F)F)c1,CC(=O)N(Cc1cc(C(F)(F)F)cc(C(F)(F)F)c1)C1CCCN(C(=O)OC(C)C)c2c1ccc(Cl)c2C
COCOc1ccc(-c2cc(CN3CC(C)(C)N(Cc4ccccc4)CC3(C)C)c3c(C)nn(C4CCCCO4)c3n2)cc1,COCOc1ccc(-c2cc(CN3CC(C)(C)NCC3(C)C)c3c(C)nn(C4CCCCO4)c3n2)cc1
CCC(c1nn2cccc2c(=O)[nH]1)N(CCCNC(=O)OC(C)(C)C)C(=O)c1ccc(C)cc1.Fc1cccc(CBr)c1,CCC(c1nn2cccc2c(=O)n1Cc1cccc(F)c1)N(CCCNC(=O)OC(C)(C)C)C(=O)c1ccc(C)cc1
C=O.CNC.c1ccc(CCCCCCN2CCCc3ccoc3C2)cc1,CN(C)Cc1cc2c(o1)CN(CCCCCCc1ccccc1)CCC2
CC#CCOc1cc(Cl)ncn1.CC1CCCCN1,CC#CCOc1cc(N2CCCCC2C)ncn1
O=[N+]([O-])c1cccc(-c2ncsc2-c2ccnc(Cl)n2)c1,Nc1cccc(-c2ncsc2-c2ccnc(Cl)n2)c1
CCOc1cc(CN2CCC(=O)CC2)ccc1OC.CCc1ccc(N)cc1,CCOc1cc(CN2CCC(Nc3ccc(CC)cc3)CC2)ccc1OC
CCOC(=O)N(CC(=O)OC(C)(C)C)C(=O)c1c(Cl)ccc2c(C(F)(F)F)c(OC)ccc12,CCOC(=O)N(CC(=O)O)C(=O)c1c(Cl)ccc2c(C(F)(F)F)c(OC)ccc12
NC1C2CC3CC1CN(C3)C2.O=C(O)c1ccc2[nH]ccc2c1,O=C(NC1C2CC3CC1CN(C3)C2)c1ccc2[nH]ccc2c1
CCc1nc(I)c2n1CCN(C(=O)OC(C)(C)C)C2CCc1ccc(C(F)(F)F)cc1.C[S-],CCc1nc(SC)c2n1CCN(C(=O)OC(C)(C)C)C2CCc1ccc(C(F)(F)F)cc1
CCOC(=O)c1nc(-n2cnc3ccc(F)cc32)nc(NC2CCOCC2)c1[N+](=O)[O-],CCOC(=O)c1nc(-n2cnc3ccc(F)cc32)nc(NC2CCOCC2)c1N
N#Cc1ccc(C(=O)C=C2NC(Cc3ccncc3)(Cc3ccncc3)C(=O)N2CC2CCNCC2)cc1.O=S(=O)(Cl)c1cccs1,N#Cc1ccc(C(=O)C=C2NC(Cc3ccncc3)(Cc3ccncc3)C(=O)N2CC2CCN(S(=O)(=O)c3cccs3)CC2)cc1
CCOC(=O)C1CC1c1ccc(C(C)(C)C)cc1.NN,CC(C)(C)c1ccc(C2CC2C(=O)NN)cc1
CCc1cccc(-n2c(N)c(N=O)c(=O)[nH]c2=S)c1,CCc1cccc(-n2c(N)c(N)c(=O)[nH]c2=S)c1
C[C@H](C(=O)O)[C@H](O)CCCCc1ccccc1,C[C@@H]1C(=O)O[C@@H]1CCCCc1ccccc1
Cc1cc(C)c(CN)c(=O)[nH]1.Cc1nn(C2CCOCC2)c2nc(C3CC3)cc(C(=O)O)c12,Cc1cc(C)c(CNC(=O)c2cc(C3CC3)nc3c2c(C)nn3C2CCOCC2)c(=O)[nH]1
C1CNCCN1.ClCCN1CCC(=C(c2ccccc2)c2ccccc2)CC1,c1ccc(C(=C2CCN(CCN3CCNCC3)CC2)c2ccccc2)cc1
Cc1nccn1S(=O)(=O)c1cccc(Br)c1.OB(O)c1ccc(C(F)(F)F)cc1F,Cc1nccn1S(=O)(=O)c1cccc(-c2ccc(C(F)(F)F)cc2F)c1
COc1ccc(-c2ccc3c(c2)COC3=O)c(O)c1OC(F)F.CS(=O)(=O)c1ccc(CBr)cc1,COc1ccc(-c2ccc3c(c2)COC3=O)c(OCc2ccc(S(C)(=O)=O)cc2)c1OC(F)F
Fc1ccccc1CBr.Nc1cc(O)nc(S)n1,Nc1cc(O)nc(SCc2ccccc2F)n1
Cc1ccc(-c2cc(Br)cc(C(=O)O)c2)nc1.Cc1ccc(CN)cn1,Cc1ccc(-c2cc(Br)cc(C(=O)NCc3ccc(C)nc3)c2)nc1
COc1ccc2cc(C(=O)C(C)Br)ccc2c1.c1ccc(CN2CCNCC2)cc1,COc1ccc2cc(C(=O)C(C)N3CCN(Cc4ccccc4)CC3)ccc2c1
C1CC2CNC1CN2.CCn1cc(C(=O)O)c(=O)c2cc(F)c(F)c(F)c21,CCn1cc(C(=O)O)c(=O)c2cc(F)c(N3CC4CCC3CN4)c(F)c21
C1CCC(OCC2=NOC(CN3CCOCC3)C2)OC1,OCC1=NOC(CN2CCOCC2)C1
COC(=O)c1ccc(NC(=O)OC(C)(C)C)c([N+](=O)[O-])c1,COC(=O)c1ccc(NC(=O)OC(C)(C)C)c(N)c1
CC(C)(C)C(=O)Cl.O=C(NC1CNC1)c1cnc(-c2cccc(F)c2)nc1,CC(C)(C)C(=O)N1CC(NC(=O)c2cnc(-c3cccc(F)c3)nc2)C1
CC1(c2ccccc2)CC(=O)Nc2ccc(Cl)cc21.CI,CN1C(=O)CC(C)(c2ccccc2)c2cc(Cl)ccc21
O=Cc1cc(Br)cs1.OB(O)c1ccc(OC(F)(F)F)cc1,O=Cc1cc(-c2ccc(OC(F)(F)F)cc2)cs1
COc1ccccc1COc1cc(COC2CN(C(=O)OC(C)(C)C)CCC2c2ccc(OCCO)cc2)cc2ccccc12.O=C(Cl)c1ccccc1,COc1ccccc1COc1cc(COC2CN(C(=O)OC(C)(C)C)CCC2c2ccc(OCCOC(=O)c3ccccc3)cc2)cc2ccccc12
O=C1c2ccccc2C(=O)N1CC(=O)N(Cc1ccccc1)C1c2ccccc2OCC1Cc1ccccc1,NCC(=O)N(Cc1ccccc1)C1c2ccccc2OCC1Cc1ccccc1
CNC.Clc1ccc(C2CCc3c(Cl)nc(Cl)nc32)cc1,CN(C)c1nc(Cl)nc2c1CCC2c1ccc(Cl)cc1
CC(Oc1ccc(F)cc1F)c1ccc(C(=O)O)cc1.Cc1cc(C)c(CN)c(O)n1,Cc1cc(C)c(CNC(=O)c2ccc(C(C)Oc3ccc(F)cc3F)cc2)c(O)n1
COC(=O)c1c(Br)ccc(F)c1F.Cc1cc(N)n(-c2ccccn2)n1,COC(=O)c1c(Nc2cc(C)nn2-c2ccccn2)ccc(F)c1F
CC(C)(C)CO.O=C(O)Cc1cccc2c(=O)cc(C3=CCCCC3)oc12,CC(C)(C)COC(=O)Cc1cccc2c(=O)cc(C3=CCCCC3)oc12
CC(C)(C)N1CCNCC1.CCc1nc2ccccc2n1-c1nc(N2CCOCC2)c2nc(C(=O)O)n(C)c2n1,CCc1nc2ccccc2n1-c1nc(N2CCOCC2)c2nc(C(=O)N3CCN(C(C)(C)C)CC3)n(C)c2n1
COc1nnc(-c2cc(C(=O)O)c(C)cc2C2CCC2)[nH]1.N#Cc1ccc(C2(F)CNC2)cc1,COc1nnc(-c2cc(C(=O)N3CC(F)(c4ccc(C#N)cc4)C3)c(C)cc2C2CCC2)[nH]1
CCOc1cc(CNc2ncc(I)cc2[N+](=O)[O-])ccc1OCc1ccc(OC)nc1,CCOc1cc(CNc2ncc(I)cc2N)ccc1OCc1ccc(OC)nc1
NC1C(=O)NC1CCl.O=C(O)C(=NOC(c1ccccc1)(c1ccccc1)c1ccccc1)c1csc(NC(c2ccccc2)(c2ccccc2)c2ccccc2)n1,O=C(NC1C(=O)NC1CCl)C(=NOC(c1ccccc1)(c1ccccc1)c1ccccc1)c1csc(NC(c2ccccc2)(c2ccccc2)c2ccccc2)n1
NCC(=O)N1CCN(C(=O)c2cc(F)ccc2C(F)(F)F)CC1.O=C(O)c1cn2ccccc2n1,O=C(NCC(=O)N1CCN(C(=O)c2cc(F)ccc2C(F)(F)F)CC1)c1cn2ccccc2n1
CCOC(=O)c1cncn1Cc1c(Cl)cccc1Cl,OCc1cncn1Cc1c(Cl)cccc1Cl
Cc1nc2c(cc1C=O)C[C@@H]1CN(C(=O)OC(C)(C)C)C[C@@H](C)N21,Cc1nc2c(cc1CO)C[C@@H]1CN(C(=O)OC(C)(C)C)C[C@@H](C)N21
O=C(Cl)Cl.c1ccc2c(c1)CCCN2,O=C(Cl)N1CCCc2ccccc21
CCN(CC)C(=O)c1ccc2c(c1)Oc1ccccc1C2=C1CC2CCC(C1)N2.O=Cc1ccoc1,CCN(CC)C(=O)c1ccc2c(c1)Oc1ccccc1C2=C1CC2CCC(C1)N2Cc1ccoc1
C#Cc1cccc(Nc2ncnc3cc(OCC)c([N+](=O)[O-])cc23)c1,C#Cc1cccc(Nc2ncnc3cc(OCC)c(N)cc23)c1
CCOC(=O)CC(C)(c1ccccc1)c1ccccc1,CC(CC(=O)O)(c1ccccc1)c1ccccc1
CCOC(=O)[C@H](C)O.Oc1ccc(-c2ccccc2)cc1,CCOC(=O)[C@@H](C)Oc1ccc(-c2ccccc2)cc1
N.O=C(O)C1(c2ccc(Br)cc2)CC1,NC(=O)C1(c2ccc(Br)cc2)CC1
C[C@@](CO)(NC(=O)CCl)c1cc(Br)cc([N+](=O)[O-])c1,C[C@@]1(c2cc(Br)cc([N+](=O)[O-])c2)COCC(=O)N1
COc1ccc(-c2nc(-c3c(F)cccc3Cl)nn2C)cc1Cl,Cn1nc(-c2c(F)cccc2Cl)nc1-c1ccc(O)c(Cl)c1
CC1(C)OC(=O)Nc2ccc(-c3cccc(Br)c3)cc21.CI,CN1C(=O)OC(C)(C)c2cc(-c3cccc(Br)c3)ccc21
COC(=O)c1[nH]c2cc(Cl)cc3c2c1C(CC(=O)OC(C)(C)C)CC3,COC(=O)c1[nH]c2cc(Cl)cc3c2c1C(CC(=O)O)CC3
NC(=O)c1cc([N+](=O)[O-])ccc1Cl.OCc1cccc(F)c1,NC(=O)c1cc([N+](=O)[O-])ccc1OCc1cccc(F)c1
O=Cc1cccc([N+](=O)[O-])c1Cl.OB(O)c1ccccc1,O=Cc1cccc([N+](=O)[O-])c1-c1ccccc1
N[C@H]1CC[C@H](CCN2CCN(c3nccc4c3OCC4)CC2)CC1.O=C(OC(=O)C(F)(F)F)C(F)(F)F,O=C(N[C@@H]1CC[C@@H](CCN2CCN(c3nccc4c3OCC4)CC2)CC1)C(F)(F)F
